// 4.26.1 0x8ea653fe D2 AY R0 FL8_ARGB8888 U565 N0 SExtFlashSection EExtFlashSection CNO_COMPRESSION
// Generated by imageconverter. Please, do not edit!

#include <touchgfx/hal/Config.hpp>

LOCATION_PRAGMA_32("ExtFlashSection")
KEEP extern const unsigned char image_deco_sonar[] LOCATION_ATTRIBUTE_32("ExtFlashSection") = { // 280x190 L8_ARGB8888 pixels.
    0x00, 0x00, 0x00, 0x00, 0x00, 0x00, 0x00, 0x00, 0x00, 0x00, 0x00, 0x00,
    0x00, 0x00, 0x00, 0x00, 0x00, 0x00, 0x00, 0x00, 0x00, 0x00, 0x00, 0x00,
    0x00, 0x00, 0x00, 0x00, 0x00, 0x00, 0x00, 0x00, 0x00, 0x00, 0x00, 0x00,
    0x00, 0x00, 0x00, 0x00, 0x00, 0x00, 0x00, 0x00, 0x00, 0x00, 0x00, 0x00,
    0x00, 0x00, 0x00, 0x00, 0x00, 0x00, 0x00, 0x00, 0x00, 0x00, 0x00, 0x00,
    0x00, 0x00, 0x00, 0x00, 0x00, 0x00, 0x00, 0x00, 0x00, 0x00, 0x00, 0x00,
    0x00, 0x00, 0x00, 0x00, 0x00, 0x00, 0x00, 0x00, 0x00, 0x00, 0x00, 0x00,
    0x00, 0x00, 0x00, 0x00, 0x00, 0x00, 0x00, 0x00, 0x00, 0x00, 0x00, 0x00,
    0x00, 0x00, 0x00, 0x00, 0x00, 0x00, 0x00, 0x00, 0x00, 0x00, 0x00, 0x00,
    0x00, 0x00, 0x00, 0x00, 0x00, 0x00, 0x00, 0x00, 0x00, 0x00, 0x00, 0x00,
    0x00, 0x00, 0x00, 0x00, 0x00, 0x00, 0x00, 0x00, 0x00, 0x00, 0x00, 0x00,
    0x00, 0x00, 0x00, 0x00, 0x00, 0x00, 0x00, 0x00, 0x00, 0x00, 0x00, 0x00,
    0x00, 0x00, 0x00, 0x00, 0x00, 0x00, 0x00, 0x00, 0x00, 0x00, 0x00, 0x00,
    0x00, 0x00, 0x00, 0x00, 0x00, 0x00, 0x00, 0x00, 0x00, 0x00, 0x00, 0x00,
    0x00, 0x00, 0x00, 0x00, 0x00, 0x00, 0x00, 0x00, 0x00, 0x00, 0x00, 0x00,
    0x00, 0x00, 0x00, 0x00, 0x00, 0x00, 0x00, 0x00, 0x00, 0x00, 0x00, 0x00,
    0x00, 0x00, 0x00, 0x00, 0x00, 0x00, 0x00, 0x00, 0x00, 0x00, 0x00, 0x00,
    0x00, 0x00, 0x00, 0x00, 0x00, 0x00, 0x00, 0x00, 0x00, 0x00, 0x00, 0x00,
    0x00, 0x00, 0x00, 0x00, 0x00, 0x00, 0x00, 0x00, 0x00, 0x00, 0x00, 0x00,
    0x00, 0x00, 0x00, 0x00, 0x00, 0x00, 0x00, 0x00, 0x00, 0x00, 0x00, 0x00,
    0x00, 0x00, 0x00, 0x00, 0x00, 0x00, 0x00, 0x00, 0x00, 0x00, 0x00, 0x00,
    0x00, 0x00, 0x00, 0x00, 0x00, 0x00, 0x00, 0x00, 0x00, 0x00, 0x00, 0x00,
    0x00, 0x00, 0x00, 0x00, 0x00, 0x00, 0x00, 0x00, 0x00, 0x00, 0x00, 0x00,
    0x00, 0x00, 0x00, 0x00, 0x00, 0x00, 0x00, 0x00, 0x00, 0x00, 0x00, 0x00,
    0x00, 0x00, 0x00, 0x00, 0x00, 0x00, 0x00, 0x00, 0x00, 0x00, 0x00, 0x00,
    0x00, 0x00, 0x00, 0x00, 0x00, 0x00, 0x00, 0x00, 0x00, 0x00, 0x00, 0x00,
    0x00, 0x00, 0x00, 0x00, 0x00, 0x00, 0x00, 0x00, 0x00, 0x00, 0x00, 0x00,
    0x00, 0x00, 0x00, 0x00, 0x00, 0x00, 0x00, 0x01, 0x00, 0x00, 0x00, 0x00,
    0x00, 0x02, 0x00, 0x00, 0x00, 0x01, 0x01, 0x00, 0x00, 0x00, 0x00, 0x00,
    0x00, 0x00, 0x00, 0x00, 0x00, 0x00, 0x00, 0x00, 0x00, 0x00, 0x00, 0x00,
    0x00, 0x00, 0x00, 0x00, 0x00, 0x00, 0x00, 0x00, 0x00, 0x00, 0x00, 0x00,
    0x00, 0x00, 0x00, 0x00, 0x00, 0x00, 0x00, 0x00, 0x00, 0x00, 0x00, 0x00,
    0x00, 0x00, 0x00, 0x00, 0x00, 0x00, 0x00, 0x00, 0x00, 0x00, 0x00, 0x00,
    0x00, 0x00, 0x00, 0x00, 0x00, 0x00, 0x00, 0x00, 0x00, 0x00, 0x00, 0x00,
    0x00, 0x00, 0x00, 0x00, 0x00, 0x00, 0x00, 0x00, 0x00, 0x00, 0x00, 0x00,
    0x00, 0x00, 0x00, 0x00, 0x00, 0x00, 0x00, 0x00, 0x00, 0x00, 0x00, 0x00,
    0x00, 0x00, 0x00, 0x00, 0x00, 0x00, 0x00, 0x00, 0x00, 0x00, 0x00, 0x00,
    0x00, 0x00, 0x00, 0x00, 0x00, 0x00, 0x00, 0x00, 0x00, 0x00, 0x00, 0x00,
    0x00, 0x00, 0x00, 0x00, 0x00, 0x00, 0x00, 0x00, 0x00, 0x00, 0x00, 0x00,
    0x00, 0x00, 0x00, 0x00, 0x00, 0x00, 0x00, 0x00, 0x00, 0x00, 0x00, 0x00,
    0x00, 0x00, 0x00, 0x00, 0x00, 0x00, 0x00, 0x00, 0x00, 0x00, 0x00, 0x00,
    0x00, 0x00, 0x00, 0x00, 0x00, 0x00, 0x00, 0x00, 0x00, 0x00, 0x00, 0x00,
    0x00, 0x01, 0x00, 0x00, 0x00, 0x00, 0x01, 0x00, 0x00, 0x00, 0x00, 0x00,
    0x00, 0x00, 0x00, 0x00, 0x00, 0x00, 0x00, 0x00, 0x00, 0x00, 0x00, 0x00,
    0x00, 0x00, 0x00, 0x00, 0x00, 0x00, 0x00, 0x00, 0x00, 0x00, 0x00, 0x00,
    0x00, 0x00, 0x00, 0x00, 0x00, 0x00, 0x00, 0x00, 0x00, 0x00, 0x00, 0x00,
    0x00, 0x00, 0x00, 0x00, 0x00, 0x00, 0x00, 0x00, 0x00, 0x00, 0x00, 0x00,
    0x00, 0x00, 0x00, 0x00, 0x00, 0x00, 0x00, 0x00, 0x00, 0x00, 0x00, 0x00,
    0x00, 0x00, 0x00, 0x00, 0x00, 0x00, 0x00, 0x00, 0x00, 0x00, 0x00, 0x00,
    0x00, 0x00, 0x00, 0x00, 0x00, 0x00, 0x00, 0x00, 0x00, 0x00, 0x00, 0x00,
    0x00, 0x00, 0x00, 0x00, 0x00, 0x00, 0x00, 0x00, 0x00, 0x00, 0x00, 0x00,
    0x00, 0x00, 0x00, 0x01, 0x00, 0x00, 0x00, 0x00, 0x00, 0x00, 0x01, 0x01,
    0x00, 0x00, 0x00, 0x00, 0x00, 0x00, 0x00, 0x00, 0x00, 0x00, 0x00, 0x00,
    0x00, 0x00, 0x00, 0x00, 0x00, 0x00, 0x00, 0x00, 0x00, 0x00, 0x00, 0x00,
    0x00, 0x00, 0x00, 0x00, 0x00, 0x00, 0x00, 0x00, 0x00, 0x00, 0x00, 0x00,
    0x00, 0x00, 0x00, 0x00, 0x00, 0x00, 0x00, 0x00, 0x00, 0x00, 0x00, 0x00,
    0x00, 0x00, 0x00, 0x00, 0x00, 0x00, 0x00, 0x00, 0x00, 0x00, 0x00, 0x00,
    0x00, 0x00, 0x00, 0x00, 0x00, 0x00, 0x00, 0x00, 0x00, 0x00, 0x00, 0x00,
    0x00, 0x00, 0x00, 0x00, 0x00, 0x00, 0x00, 0x00, 0x00, 0x00, 0x00, 0x00,
    0x00, 0x00, 0x00, 0x00, 0x00, 0x00, 0x00, 0x00, 0x00, 0x00, 0x00, 0x00,
    0x00, 0x00, 0x00, 0x00, 0x00, 0x00, 0x00, 0x00, 0x00, 0x00, 0x00, 0x00,
    0x00, 0x00, 0x00, 0x00, 0x00, 0x00, 0x00, 0x00, 0x00, 0x00, 0x00, 0x00,
    0x00, 0x00, 0x00, 0x00, 0x00, 0x00, 0x00, 0x00, 0x00, 0x00, 0x00, 0x00,
    0x00, 0x00, 0x00, 0x00, 0x00, 0x00, 0x00, 0x00, 0x00, 0x00, 0x00, 0x00,
    0x00, 0x00, 0x00, 0x00, 0x00, 0x00, 0x00, 0x00, 0x00, 0x00, 0x00, 0x03,
    0x00, 0x00, 0x01, 0x00, 0x03, 0x03, 0x01, 0x00, 0x00, 0x00, 0x00, 0x00,
    0x00, 0x00, 0x00, 0x00, 0x00, 0x00, 0x00, 0x00, 0x00, 0x00, 0x00, 0x00,
    0x00, 0x00, 0x00, 0x00, 0x00, 0x00, 0x00, 0x00, 0x00, 0x00, 0x00, 0x00,
    0x00, 0x00, 0x00, 0x00, 0x00, 0x00, 0x00, 0x00, 0x00, 0x00, 0x00, 0x00,
    0x00, 0x00, 0x00, 0x00, 0x00, 0x00, 0x00, 0x00, 0x00, 0x00, 0x00, 0x00,
    0x00, 0x00, 0x00, 0x00, 0x00, 0x00, 0x00, 0x00, 0x00, 0x00, 0x00, 0x00,
    0x00, 0x00, 0x00, 0x00, 0x00, 0x00, 0x00, 0x00, 0x00, 0x00, 0x00, 0x00,
    0x00, 0x00, 0x00, 0x00, 0x00, 0x00, 0x00, 0x00, 0x00, 0x00, 0x00, 0x00,
    0x00, 0x00, 0x00, 0x00, 0x00, 0x00, 0x00, 0x00, 0x00, 0x00, 0x00, 0x00,
    0x03, 0x00, 0x00, 0x00, 0x00, 0x00, 0x00, 0x00, 0x00, 0x00, 0x00, 0x03,
    0x00, 0x00, 0x01, 0x01, 0x00, 0x01, 0x00, 0x00, 0x00, 0x00, 0x00, 0x00,
    0x00, 0x00, 0x00, 0x00, 0x00, 0x00, 0x00, 0x00, 0x00, 0x00, 0x00, 0x00,
    0x00, 0x00, 0x00, 0x00, 0x00, 0x00, 0x00, 0x00, 0x00, 0x00, 0x00, 0x00,
    0x00, 0x00, 0x00, 0x00, 0x00, 0x00, 0x00, 0x00, 0x00, 0x00, 0x00, 0x00,
    0x00, 0x00, 0x00, 0x00, 0x00, 0x00, 0x00, 0x00, 0x00, 0x00, 0x00, 0x00,
    0x00, 0x00, 0x00, 0x00, 0x00, 0x00, 0x00, 0x00, 0x00, 0x00, 0x00, 0x00,
    0x00, 0x00, 0x00, 0x00, 0x00, 0x00, 0x00, 0x00, 0x00, 0x00, 0x00, 0x00,
    0x00, 0x00, 0x00, 0x00, 0x00, 0x00, 0x00, 0x00, 0x00, 0x00, 0x00, 0x00,
    0x00, 0x00, 0x00, 0x00, 0x00, 0x00, 0x00, 0x00, 0x00, 0x00, 0x00, 0x00,
    0x00, 0x00, 0x00, 0x00, 0x00, 0x00, 0x00, 0x00, 0x00, 0x00, 0x00, 0x00,
    0x00, 0x00, 0x00, 0x00, 0x00, 0x00, 0x00, 0x00, 0x00, 0x00, 0x00, 0x00,
    0x00, 0x00, 0x00, 0x00, 0x00, 0x00, 0x00, 0x00, 0x00, 0x00, 0x00, 0x00,
    0x00, 0x00, 0x00, 0x00, 0x00, 0x00, 0x00, 0x00, 0x00, 0x00, 0x00, 0x00,
    0x00, 0x00, 0x00, 0x00, 0x00, 0x00, 0x00, 0x00, 0x03, 0x03, 0x00, 0x00,
    0x00, 0x00, 0x00, 0x00, 0x00, 0x00, 0x01, 0x00, 0x00, 0x00, 0x00, 0x00,
    0x00, 0x00, 0x00, 0x00, 0x00, 0x00, 0x00, 0x00, 0x00, 0x00, 0x00, 0x00,
    0x00, 0x00, 0x00, 0x00, 0x00, 0x00, 0x00, 0x00, 0x00, 0x00, 0x00, 0x00,
    0x00, 0x00, 0x00, 0x00, 0x00, 0x00, 0x00, 0x00, 0x00, 0x00, 0x00, 0x00,
    0x00, 0x00, 0x00, 0x00, 0x00, 0x00, 0x00, 0x00, 0x00, 0x00, 0x00, 0x00,
    0x00, 0x00, 0x00, 0x00, 0x00, 0x00, 0x00, 0x00, 0x00, 0x00, 0x00, 0x00,
    0x00, 0x00, 0x00, 0x00, 0x00, 0x00, 0x00, 0x00, 0x00, 0x00, 0x00, 0x00,
    0x00, 0x00, 0x00, 0x00, 0x00, 0x00, 0x00, 0x04, 0x00, 0x00, 0x04, 0x01,
    0x01, 0x00, 0x00, 0x00, 0x01, 0x00, 0x00, 0x03, 0x00, 0x03, 0x03, 0x03,
    0x00, 0x00, 0x01, 0x01, 0x00, 0x00, 0x00, 0x00, 0x00, 0x00, 0x00, 0x00,
    0x00, 0x00, 0x00, 0x00, 0x00, 0x00, 0x00, 0x00, 0x00, 0x00, 0x00, 0x00,
    0x00, 0x00, 0x00, 0x00, 0x00, 0x00, 0x00, 0x00, 0x00, 0x00, 0x00, 0x00,
    0x00, 0x00, 0x00, 0x00, 0x00, 0x00, 0x00, 0x00, 0x00, 0x00, 0x00, 0x00,
    0x00, 0x00, 0x00, 0x00, 0x00, 0x00, 0x00, 0x00, 0x00, 0x00, 0x00, 0x00,
    0x00, 0x00, 0x00, 0x00, 0x00, 0x00, 0x00, 0x00, 0x00, 0x00, 0x00, 0x00,
    0x00, 0x00, 0x00, 0x00, 0x00, 0x00, 0x00, 0x00, 0x00, 0x00, 0x00, 0x00,
    0x00, 0x00, 0x00, 0x00, 0x00, 0x00, 0x00, 0x00, 0x00, 0x00, 0x00, 0x00,
    0x00, 0x00, 0x00, 0x00, 0x00, 0x00, 0x00, 0x00, 0x00, 0x00, 0x00, 0x00,
    0x00, 0x00, 0x00, 0x00, 0x00, 0x00, 0x00, 0x00, 0x00, 0x00, 0x00, 0x00,
    0x00, 0x00, 0x00, 0x00, 0x00, 0x00, 0x00, 0x00, 0x00, 0x00, 0x00, 0x00,
    0x00, 0x00, 0x00, 0x00, 0x00, 0x00, 0x00, 0x00, 0x00, 0x00, 0x00, 0x00,
    0x00, 0x00, 0x00, 0x00, 0x00, 0x00, 0x00, 0x00, 0x00, 0x00, 0x00, 0x00,
    0x00, 0x00, 0x00, 0x00, 0x01, 0x00, 0x00, 0x03, 0x00, 0x00, 0x00, 0x00,
    0x00, 0x03, 0x00, 0x03, 0x00, 0x00, 0x00, 0x01, 0x01, 0x00, 0x00, 0x00,
    0x00, 0x00, 0x00, 0x00, 0x00, 0x05, 0x00, 0x00, 0x00, 0x00, 0x00, 0x00,
    0x00, 0x00, 0x00, 0x00, 0x00, 0x00, 0x00, 0x00, 0x00, 0x00, 0x00, 0x00,
    0x00, 0x00, 0x00, 0x00, 0x00, 0x00, 0x00, 0x00, 0x00, 0x00, 0x00, 0x00,
    0x00, 0x00, 0x00, 0x00, 0x00, 0x00, 0x00, 0x00, 0x00, 0x00, 0x00, 0x00,
    0x00, 0x00, 0x00, 0x00, 0x00, 0x00, 0x00, 0x00, 0x00, 0x00, 0x00, 0x00,
    0x00, 0x00, 0x00, 0x00, 0x00, 0x00, 0x00, 0x00, 0x00, 0x00, 0x00, 0x00,
    0x00, 0x00, 0x00, 0x00, 0x00, 0x00, 0x00, 0x00, 0x00, 0x00, 0x04, 0x04,
    0x00, 0x01, 0x00, 0x00, 0x00, 0x01, 0x00, 0x00, 0x00, 0x00, 0x00, 0x00,
    0x00, 0x00, 0x00, 0x00, 0x00, 0x03, 0x03, 0x03, 0x03, 0x03, 0x00, 0x00,
    0x01, 0x01, 0x00, 0x00, 0x00, 0x00, 0x00, 0x00, 0x00, 0x00, 0x00, 0x00,
    0x00, 0x00, 0x00, 0x00, 0x00, 0x00, 0x00, 0x00, 0x00, 0x00, 0x00, 0x00,
    0x00, 0x00, 0x00, 0x00, 0x00, 0x00, 0x00, 0x00, 0x00, 0x00, 0x00, 0x00,
    0x00, 0x00, 0x00, 0x00, 0x00, 0x00, 0x00, 0x00, 0x00, 0x00, 0x00, 0x00,
    0x00, 0x00, 0x00, 0x00, 0x00, 0x00, 0x00, 0x00, 0x00, 0x00, 0x00, 0x00,
    0x00, 0x00, 0x00, 0x00, 0x00, 0x00, 0x00, 0x00, 0x00, 0x00, 0x00, 0x00,
    0x00, 0x00, 0x00, 0x00, 0x00, 0x00, 0x00, 0x00, 0x00, 0x00, 0x00, 0x00,
    0x00, 0x00, 0x00, 0x00, 0x00, 0x00, 0x00, 0x00, 0x00, 0x00, 0x00, 0x00,
    0x00, 0x00, 0x00, 0x00, 0x00, 0x00, 0x00, 0x00, 0x00, 0x00, 0x00, 0x00,
    0x00, 0x00, 0x00, 0x00, 0x00, 0x00, 0x00, 0x00, 0x00, 0x00, 0x00, 0x00,
    0x00, 0x00, 0x00, 0x00, 0x00, 0x00, 0x00, 0x00, 0x00, 0x00, 0x00, 0x00,
    0x00, 0x00, 0x00, 0x00, 0x00, 0x00, 0x00, 0x00, 0x00, 0x00, 0x00, 0x00,
    0x00, 0x00, 0x00, 0x00, 0x00, 0x00, 0x00, 0x01, 0x00, 0x01, 0x01, 0x01,
    0x01, 0x01, 0x06, 0x01, 0x01, 0x01, 0x01, 0x01, 0x01, 0x01, 0x01, 0x03,
    0x01, 0x00, 0x00, 0x01, 0x00, 0x00, 0x00, 0x00, 0x00, 0x00, 0x00, 0x00,
    0x00, 0x00, 0x00, 0x00, 0x00, 0x00, 0x00, 0x00, 0x00, 0x00, 0x00, 0x00,
    0x00, 0x00, 0x00, 0x00, 0x00, 0x00, 0x00, 0x00, 0x00, 0x00, 0x00, 0x00,
    0x00, 0x00, 0x00, 0x00, 0x00, 0x00, 0x00, 0x00, 0x00, 0x00, 0x00, 0x00,
    0x00, 0x00, 0x00, 0x00, 0x00, 0x00, 0x00, 0x00, 0x00, 0x00, 0x00, 0x00,
    0x00, 0x00, 0x00, 0x00, 0x00, 0x00, 0x00, 0x00, 0x00, 0x00, 0x00, 0x00,
    0x00, 0x00, 0x00, 0x00, 0x00, 0x00, 0x00, 0x00, 0x00, 0x00, 0x00, 0x00,
    0x00, 0x00, 0x00, 0x00, 0x00, 0x00, 0x00, 0x00, 0x00, 0x01, 0x01, 0x01,
    0x01, 0x01, 0x01, 0x01, 0x01, 0x01, 0x01, 0x00, 0x01, 0x00, 0x00, 0x00,
    0x00, 0x00, 0x03, 0x00, 0x00, 0x00, 0x00, 0x00, 0x00, 0x00, 0x00, 0x00,
    0x00, 0x00, 0x00, 0x00, 0x00, 0x00, 0x00, 0x00, 0x00, 0x00, 0x00, 0x00,
    0x00, 0x00, 0x00, 0x00, 0x00, 0x00, 0x00, 0x00, 0x00, 0x00, 0x00, 0x00,
    0x00, 0x00, 0x00, 0x00, 0x00, 0x00, 0x00, 0x00, 0x00, 0x00, 0x00, 0x00,
    0x00, 0x00, 0x00, 0x00, 0x00, 0x00, 0x00, 0x00, 0x00, 0x00, 0x00, 0x00,
    0x00, 0x00, 0x00, 0x00, 0x00, 0x00, 0x00, 0x00, 0x00, 0x00, 0x00, 0x00,
    0x00, 0x00, 0x00, 0x00, 0x00, 0x00, 0x00, 0x00, 0x00, 0x00, 0x00, 0x00,
    0x00, 0x00, 0x00, 0x00, 0x00, 0x00, 0x00, 0x00, 0x00, 0x00, 0x00, 0x00,
    0x00, 0x00, 0x00, 0x00, 0x00, 0x00, 0x00, 0x00, 0x00, 0x00, 0x00, 0x00,
    0x00, 0x00, 0x00, 0x00, 0x00, 0x00, 0x00, 0x00, 0x00, 0x00, 0x00, 0x00,
    0x00, 0x00, 0x00, 0x00, 0x00, 0x00, 0x00, 0x00, 0x00, 0x00, 0x00, 0x00,
    0x00, 0x00, 0x00, 0x00, 0x00, 0x00, 0x00, 0x00, 0x00, 0x00, 0x00, 0x00,
    0x00, 0x00, 0x00, 0x00, 0x00, 0x00, 0x00, 0x00, 0x00, 0x00, 0x01, 0x01,
    0x04, 0x01, 0x01, 0x01, 0x00, 0x00, 0x01, 0x01, 0x01, 0x04, 0x04, 0x04,
    0x01, 0x01, 0x01, 0x00, 0x00, 0x00, 0x00, 0x00, 0x01, 0x00, 0x00, 0x00,
    0x00, 0x00, 0x00, 0x00, 0x00, 0x00, 0x00, 0x01, 0x00, 0x00, 0x00, 0x00,
    0x00, 0x00, 0x00, 0x00, 0x00, 0x00, 0x00, 0x00, 0x00, 0x00, 0x00, 0x00,
    0x00, 0x00, 0x00, 0x00, 0x00, 0x00, 0x00, 0x00, 0x00, 0x00, 0x00, 0x00,
    0x00, 0x00, 0x00, 0x00, 0x00, 0x00, 0x00, 0x00, 0x00, 0x00, 0x00, 0x00,
    0x00, 0x00, 0x00, 0x00, 0x00, 0x00, 0x00, 0x00, 0x00, 0x00, 0x00, 0x00,
    0x00, 0x00, 0x00, 0x00, 0x00, 0x00, 0x00, 0x00, 0x00, 0x00, 0x00, 0x00,
    0x00, 0x00, 0x00, 0x00, 0x00, 0x00, 0x00, 0x00, 0x00, 0x00, 0x00, 0x00,
    0x01, 0x01, 0x01, 0x01, 0x01, 0x01, 0x01, 0x01, 0x01, 0x01, 0x01, 0x01,
    0x01, 0x01, 0x01, 0x01, 0x01, 0x01, 0x03, 0x01, 0x01, 0x00, 0x00, 0x00,
    0x00, 0x00, 0x00, 0x00, 0x00, 0x00, 0x00, 0x00, 0x00, 0x00, 0x00, 0x00,
    0x00, 0x00, 0x00, 0x00, 0x00, 0x00, 0x00, 0x00, 0x00, 0x00, 0x00, 0x00,
    0x00, 0x00, 0x00, 0x00, 0x00, 0x00, 0x00, 0x00, 0x00, 0x00, 0x00, 0x00,
    0x00, 0x00, 0x00, 0x00, 0x00, 0x00, 0x00, 0x00, 0x00, 0x00, 0x00, 0x00,
    0x00, 0x00, 0x00, 0x00, 0x00, 0x00, 0x00, 0x00, 0x00, 0x00, 0x00, 0x00,
    0x00, 0x00, 0x00, 0x00, 0x00, 0x00, 0x00, 0x00, 0x00, 0x00, 0x00, 0x00,
    0x00, 0x00, 0x00, 0x00, 0x00, 0x00, 0x00, 0x00, 0x00, 0x00, 0x00, 0x00,
    0x00, 0x00, 0x00, 0x00, 0x00, 0x00, 0x00, 0x00, 0x00, 0x00, 0x00, 0x00,
    0x00, 0x00, 0x00, 0x00, 0x00, 0x00, 0x00, 0x00, 0x00, 0x00, 0x00, 0x00,
    0x00, 0x00, 0x00, 0x00, 0x00, 0x00, 0x00, 0x00, 0x00, 0x00, 0x00, 0x00,
    0x00, 0x00, 0x00, 0x00, 0x00, 0x00, 0x00, 0x00, 0x00, 0x00, 0x00, 0x00,
    0x00, 0x00, 0x00, 0x00, 0x00, 0x00, 0x00, 0x00, 0x00, 0x00, 0x00, 0x00,
    0x00, 0x01, 0x00, 0x04, 0x04, 0x04, 0x01, 0x01, 0x01, 0x01, 0x01, 0x01,
    0x01, 0x01, 0x04, 0x01, 0x01, 0x01, 0x01, 0x00, 0x00, 0x01, 0x00, 0x00,
    0x00, 0x01, 0x00, 0x00, 0x00, 0x00, 0x00, 0x00, 0x00, 0x00, 0x00, 0x00,
    0x00, 0x00, 0x00, 0x00, 0x00, 0x00, 0x00, 0x00, 0x00, 0x00, 0x00, 0x00,
    0x00, 0x00, 0x00, 0x00, 0x00, 0x00, 0x00, 0x00, 0x00, 0x00, 0x00, 0x00,
    0x00, 0x00, 0x00, 0x00, 0x00, 0x00, 0x00, 0x00, 0x00, 0x00, 0x00, 0x00,
    0x00, 0x00, 0x00, 0x00, 0x00, 0x00, 0x00, 0x00, 0x00, 0x00, 0x00, 0x00,
    0x00, 0x00, 0x00, 0x00, 0x00, 0x00, 0x00, 0x00, 0x00, 0x00, 0x00, 0x00,
    0x00, 0x00, 0x00, 0x00, 0x00, 0x00, 0x00, 0x00, 0x00, 0x00, 0x00, 0x00,
    0x03, 0x01, 0x01, 0x01, 0x01, 0x01, 0x01, 0x01, 0x01, 0x01, 0x01, 0x01,
    0x01, 0x01, 0x01, 0x00, 0x01, 0x01, 0x04, 0x06, 0x06, 0x06, 0x06, 0x04,
    0x04, 0x00, 0x04, 0x00, 0x00, 0x00, 0x04, 0x00, 0x00, 0x00, 0x00, 0x00,
    0x00, 0x00, 0x00, 0x00, 0x00, 0x00, 0x00, 0x00, 0x00, 0x00, 0x00, 0x00,
    0x00, 0x00, 0x00, 0x00, 0x00, 0x00, 0x00, 0x00, 0x00, 0x00, 0x00, 0x00,
    0x00, 0x00, 0x00, 0x00, 0x00, 0x00, 0x00, 0x00, 0x00, 0x00, 0x00, 0x00,
    0x00, 0x00, 0x00, 0x00, 0x00, 0x00, 0x00, 0x00, 0x00, 0x00, 0x00, 0x00,
    0x00, 0x00, 0x00, 0x00, 0x00, 0x00, 0x00, 0x00, 0x00, 0x00, 0x00, 0x00,
    0x00, 0x00, 0x00, 0x00, 0x00, 0x00, 0x00, 0x00, 0x00, 0x00, 0x00, 0x00,
    0x00, 0x00, 0x00, 0x00, 0x00, 0x00, 0x00, 0x00, 0x00, 0x00, 0x00, 0x00,
    0x00, 0x00, 0x00, 0x00, 0x00, 0x00, 0x00, 0x00, 0x00, 0x00, 0x00, 0x00,
    0x00, 0x00, 0x00, 0x00, 0x00, 0x00, 0x00, 0x00, 0x00, 0x00, 0x00, 0x00,
    0x00, 0x00, 0x00, 0x00, 0x00, 0x00, 0x00, 0x00, 0x00, 0x00, 0x00, 0x00,
    0x00, 0x00, 0x00, 0x00, 0x00, 0x00, 0x00, 0x00, 0x00, 0x00, 0x00, 0x00,
    0x04, 0x01, 0x00, 0x00, 0x00, 0x00, 0x00, 0x06, 0x01, 0x03, 0x00, 0x03,
    0x01, 0x01, 0x01, 0x01, 0x01, 0x01, 0x04, 0x01, 0x01, 0x01, 0x01, 0x01,
    0x01, 0x01, 0x01, 0x01, 0x00, 0x01, 0x00, 0x00, 0x00, 0x00, 0x00, 0x00,
    0x00, 0x00, 0x00, 0x00, 0x00, 0x00, 0x00, 0x00, 0x00, 0x00, 0x00, 0x00,
    0x00, 0x00, 0x00, 0x00, 0x00, 0x00, 0x00, 0x00, 0x00, 0x00, 0x00, 0x00,
    0x00, 0x00, 0x00, 0x00, 0x00, 0x00, 0x00, 0x00, 0x00, 0x00, 0x00, 0x00,
    0x00, 0x00, 0x00, 0x00, 0x00, 0x00, 0x00, 0x00, 0x00, 0x00, 0x00, 0x00,
    0x00, 0x00, 0x00, 0x00, 0x00, 0x00, 0x00, 0x00, 0x00, 0x00, 0x00, 0x00,
    0x00, 0x00, 0x00, 0x00, 0x00, 0x00, 0x00, 0x00, 0x00, 0x00, 0x00, 0x00,
    0x00, 0x00, 0x00, 0x04, 0x00, 0x01, 0x01, 0x01, 0x01, 0x01, 0x01, 0x01,
    0x01, 0x00, 0x01, 0x00, 0x01, 0x01, 0x01, 0x00, 0x01, 0x01, 0x01, 0x04,
    0x04, 0x04, 0x04, 0x06, 0x01, 0x00, 0x01, 0x00, 0x00, 0x00, 0x00, 0x00,
    0x00, 0x00, 0x00, 0x00, 0x00, 0x00, 0x00, 0x00, 0x00, 0x00, 0x00, 0x00,
    0x00, 0x00, 0x00, 0x00, 0x00, 0x00, 0x00, 0x00, 0x00, 0x00, 0x00, 0x00,
    0x00, 0x00, 0x00, 0x00, 0x00, 0x00, 0x00, 0x00, 0x00, 0x00, 0x00, 0x00,
    0x00, 0x00, 0x00, 0x00, 0x00, 0x00, 0x00, 0x00, 0x00, 0x00, 0x00, 0x00,
    0x00, 0x00, 0x00, 0x00, 0x00, 0x00, 0x00, 0x00, 0x00, 0x00, 0x00, 0x00,
    0x00, 0x00, 0x00, 0x00, 0x00, 0x00, 0x00, 0x00, 0x00, 0x00, 0x00, 0x00,
    0x00, 0x00, 0x00, 0x00, 0x00, 0x00, 0x00, 0x00, 0x00, 0x00, 0x00, 0x00,
    0x00, 0x00, 0x00, 0x00, 0x00, 0x00, 0x00, 0x00, 0x00, 0x00, 0x00, 0x00,
    0x00, 0x00, 0x00, 0x00, 0x00, 0x00, 0x00, 0x00, 0x00, 0x00, 0x00, 0x00,
    0x00, 0x00, 0x00, 0x00, 0x00, 0x00, 0x00, 0x00, 0x00, 0x00, 0x00, 0x00,
    0x00, 0x00, 0x00, 0x00, 0x00, 0x00, 0x00, 0x00, 0x00, 0x00, 0x00, 0x00,
    0x00, 0x00, 0x00, 0x00, 0x00, 0x01, 0x00, 0x00, 0x00, 0x00, 0x00, 0x03,
    0x01, 0x03, 0x03, 0x03, 0x01, 0x01, 0x01, 0x01, 0x01, 0x01, 0x04, 0x04,
    0x04, 0x01, 0x01, 0x01, 0x01, 0x01, 0x01, 0x01, 0x04, 0x01, 0x01, 0x01,
    0x01, 0x04, 0x06, 0x04, 0x00, 0x00, 0x00, 0x00, 0x00, 0x00, 0x00, 0x00,
    0x00, 0x00, 0x00, 0x00, 0x00, 0x00, 0x00, 0x00, 0x00, 0x00, 0x00, 0x00,
    0x00, 0x00, 0x00, 0x00, 0x00, 0x00, 0x00, 0x00, 0x00, 0x00, 0x00, 0x00,
    0x00, 0x00, 0x00, 0x00, 0x00, 0x00, 0x00, 0x00, 0x00, 0x00, 0x00, 0x00,
    0x00, 0x00, 0x00, 0x00, 0x00, 0x00, 0x00, 0x00, 0x00, 0x00, 0x00, 0x00,
    0x00, 0x00, 0x00, 0x00, 0x00, 0x00, 0x00, 0x00, 0x00, 0x00, 0x00, 0x00,
    0x00, 0x00, 0x00, 0x00, 0x00, 0x04, 0x04, 0x01, 0x01, 0x01, 0x01, 0x01,
    0x01, 0x00, 0x00, 0x00, 0x07, 0x08, 0x07, 0x08, 0x01, 0x00, 0x01, 0x07,
    0x07, 0x00, 0x01, 0x01, 0x01, 0x04, 0x04, 0x04, 0x01, 0x04, 0x00, 0x00,
    0x00, 0x00, 0x00, 0x00, 0x00, 0x00, 0x00, 0x00, 0x00, 0x00, 0x00, 0x00,
    0x00, 0x00, 0x00, 0x00, 0x00, 0x00, 0x00, 0x00, 0x00, 0x00, 0x00, 0x00,
    0x00, 0x00, 0x00, 0x00, 0x00, 0x00, 0x00, 0x00, 0x00, 0x00, 0x00, 0x00,
    0x00, 0x00, 0x00, 0x00, 0x00, 0x00, 0x00, 0x00, 0x00, 0x00, 0x00, 0x00,
    0x00, 0x00, 0x00, 0x00, 0x00, 0x00, 0x00, 0x00, 0x00, 0x00, 0x00, 0x00,
    0x00, 0x00, 0x00, 0x00, 0x00, 0x00, 0x00, 0x00, 0x00, 0x00, 0x00, 0x00,
    0x00, 0x00, 0x00, 0x00, 0x00, 0x00, 0x00, 0x00, 0x00, 0x00, 0x00, 0x00,
    0x00, 0x00, 0x00, 0x00, 0x00, 0x00, 0x00, 0x00, 0x00, 0x00, 0x00, 0x00,
    0x00, 0x00, 0x00, 0x00, 0x00, 0x00, 0x00, 0x00, 0x00, 0x00, 0x00, 0x00,
    0x00, 0x00, 0x00, 0x00, 0x00, 0x00, 0x00, 0x00, 0x00, 0x00, 0x00, 0x00,
    0x00, 0x00, 0x00, 0x00, 0x00, 0x00, 0x00, 0x00, 0x00, 0x00, 0x00, 0x00,
    0x00, 0x00, 0x00, 0x00, 0x00, 0x00, 0x00, 0x00, 0x00, 0x00, 0x00, 0x00,
    0x00, 0x00, 0x00, 0x01, 0x01, 0x01, 0x01, 0x01, 0x01, 0x08, 0x08, 0x08,
    0x08, 0x08, 0x07, 0x09, 0x07, 0x08, 0x08, 0x00, 0x00, 0x01, 0x01, 0x01,
    0x01, 0x01, 0x04, 0x04, 0x01, 0x01, 0x00, 0x00, 0x04, 0x00, 0x00, 0x00,
    0x00, 0x00, 0x00, 0x00, 0x00, 0x00, 0x00, 0x00, 0x00, 0x00, 0x00, 0x00,
    0x00, 0x00, 0x00, 0x00, 0x00, 0x00, 0x00, 0x00, 0x00, 0x00, 0x00, 0x00,
    0x00, 0x00, 0x00, 0x00, 0x00, 0x00, 0x00, 0x00, 0x00, 0x00, 0x00, 0x00,
    0x00, 0x00, 0x00, 0x00, 0x00, 0x00, 0x00, 0x00, 0x00, 0x00, 0x00, 0x00,
    0x00, 0x00, 0x00, 0x00, 0x00, 0x00, 0x00, 0x00, 0x00, 0x00, 0x00, 0x00,
    0x00, 0x00, 0x00, 0x00, 0x00, 0x00, 0x00, 0x00, 0x00, 0x00, 0x01, 0x00,
    0x01, 0x00, 0x01, 0x00, 0x01, 0x08, 0x07, 0x08, 0x07, 0x07, 0x07, 0x07,
    0x08, 0x08, 0x07, 0x07, 0x08, 0x08, 0x08, 0x01, 0x01, 0x04, 0x04, 0x00,
    0x01, 0x01, 0x01, 0x01, 0x00, 0x00, 0x01, 0x00, 0x00, 0x00, 0x00, 0x00,
    0x00, 0x00, 0x00, 0x00, 0x00, 0x00, 0x00, 0x00, 0x00, 0x00, 0x00, 0x00,
    0x00, 0x00, 0x00, 0x00, 0x00, 0x00, 0x00, 0x00, 0x00, 0x00, 0x00, 0x00,
    0x00, 0x00, 0x00, 0x00, 0x00, 0x00, 0x00, 0x00, 0x00, 0x00, 0x00, 0x00,
    0x00, 0x00, 0x00, 0x00, 0x00, 0x00, 0x00, 0x00, 0x00, 0x00, 0x00, 0x00,
    0x00, 0x00, 0x00, 0x00, 0x00, 0x00, 0x00, 0x00, 0x00, 0x00, 0x00, 0x00,
    0x00, 0x00, 0x00, 0x00, 0x00, 0x00, 0x00, 0x00, 0x00, 0x00, 0x00, 0x00,
    0x00, 0x00, 0x00, 0x00, 0x00, 0x00, 0x00, 0x00, 0x00, 0x00, 0x00, 0x00,
    0x00, 0x00, 0x00, 0x00, 0x00, 0x00, 0x00, 0x00, 0x00, 0x00, 0x00, 0x00,
    0x00, 0x00, 0x00, 0x00, 0x00, 0x00, 0x00, 0x00, 0x00, 0x00, 0x00, 0x00,
    0x00, 0x00, 0x00, 0x00, 0x00, 0x00, 0x00, 0x00, 0x00, 0x00, 0x00, 0x00,
    0x00, 0x00, 0x00, 0x00, 0x00, 0x00, 0x00, 0x00, 0x00, 0x00, 0x00, 0x00,
    0x00, 0x00, 0x00, 0x00, 0x00, 0x00, 0x00, 0x00, 0x01, 0x00, 0x01, 0x00,
    0x08, 0x08, 0x07, 0x08, 0x08, 0x07, 0x07, 0x07, 0x07, 0x07, 0x07, 0x08,
    0x08, 0x08, 0x08, 0x00, 0x01, 0x01, 0x01, 0x00, 0x01, 0x00, 0x01, 0x00,
    0x00, 0x00, 0x00, 0x00, 0x00, 0x00, 0x00, 0x00, 0x00, 0x00, 0x00, 0x00,
    0x00, 0x00, 0x00, 0x00, 0x00, 0x00, 0x00, 0x00, 0x00, 0x00, 0x00, 0x00,
    0x00, 0x00, 0x00, 0x00, 0x00, 0x00, 0x00, 0x00, 0x00, 0x00, 0x00, 0x00,
    0x00, 0x00, 0x00, 0x00, 0x00, 0x00, 0x00, 0x00, 0x00, 0x00, 0x00, 0x00,
    0x00, 0x00, 0x00, 0x00, 0x00, 0x00, 0x00, 0x00, 0x00, 0x00, 0x00, 0x00,
    0x00, 0x00, 0x00, 0x00, 0x00, 0x00, 0x00, 0x04, 0x00, 0x00, 0x04, 0x04,
    0x00, 0x04, 0x01, 0x01, 0x01, 0x00, 0x08, 0x08, 0x07, 0x07, 0x08, 0x07,
    0x07, 0x07, 0x07, 0x07, 0x08, 0x07, 0x08, 0x07, 0x08, 0x08, 0x07, 0x08,
    0x08, 0x01, 0x01, 0x04, 0x01, 0x01, 0x01, 0x04, 0x06, 0x00, 0x01, 0x00,
    0x01, 0x00, 0x00, 0x00, 0x00, 0x00, 0x00, 0x00, 0x00, 0x00, 0x00, 0x00,
    0x00, 0x00, 0x00, 0x00, 0x00, 0x00, 0x00, 0x00, 0x00, 0x00, 0x00, 0x00,
    0x00, 0x00, 0x00, 0x00, 0x00, 0x00, 0x00, 0x00, 0x00, 0x00, 0x00, 0x00,
    0x00, 0x00, 0x00, 0x00, 0x00, 0x00, 0x00, 0x00, 0x00, 0x00, 0x00, 0x00,
    0x00, 0x00, 0x00, 0x00, 0x00, 0x00, 0x00, 0x00, 0x00, 0x00, 0x00, 0x00,
    0x00, 0x00, 0x00, 0x00, 0x00, 0x00, 0x00, 0x00, 0x00, 0x00, 0x00, 0x00,
    0x00, 0x00, 0x00, 0x00, 0x00, 0x00, 0x00, 0x00, 0x00, 0x00, 0x00, 0x00,
    0x00, 0x00, 0x00, 0x00, 0x00, 0x00, 0x00, 0x00, 0x00, 0x00, 0x00, 0x00,
    0x00, 0x00, 0x00, 0x00, 0x00, 0x00, 0x00, 0x00, 0x00, 0x00, 0x00, 0x00,
    0x00, 0x00, 0x00, 0x00, 0x00, 0x00, 0x00, 0x00, 0x00, 0x00, 0x00, 0x00,
    0x00, 0x00, 0x00, 0x00, 0x00, 0x00, 0x00, 0x00, 0x00, 0x00, 0x00, 0x00,
    0x00, 0x00, 0x00, 0x00, 0x00, 0x00, 0x00, 0x00, 0x00, 0x00, 0x00, 0x01,
    0x01, 0x00, 0x01, 0x08, 0x07, 0x07, 0x07, 0x07, 0x07, 0x07, 0x07, 0x07,
    0x07, 0x07, 0x07, 0x07, 0x0a, 0x07, 0x0a, 0x09, 0x08, 0x00, 0x01, 0x01,
    0x01, 0x00, 0x01, 0x04, 0x00, 0x00, 0x00, 0x00, 0x00, 0x00, 0x00, 0x00,
    0x00, 0x00, 0x00, 0x00, 0x00, 0x00, 0x00, 0x00, 0x00, 0x00, 0x00, 0x00,
    0x00, 0x00, 0x00, 0x00, 0x00, 0x00, 0x00, 0x00, 0x00, 0x00, 0x00, 0x00,
    0x00, 0x00, 0x00, 0x00, 0x00, 0x00, 0x00, 0x00, 0x00, 0x00, 0x00, 0x00,
    0x00, 0x00, 0x00, 0x00, 0x00, 0x00, 0x00, 0x00, 0x00, 0x00, 0x00, 0x00,
    0x00, 0x00, 0x00, 0x00, 0x00, 0x00, 0x00, 0x00, 0x00, 0x00, 0x00, 0x00,
    0x00, 0x00, 0x00, 0x03, 0x01, 0x04, 0x04, 0x01, 0x00, 0x09, 0x07, 0x07,
    0x07, 0x07, 0x07, 0x07, 0x07, 0x07, 0x07, 0x07, 0x07, 0x07, 0x07, 0x07,
    0x07, 0x07, 0x07, 0x07, 0x0a, 0x0a, 0x04, 0x01, 0x01, 0x01, 0x01, 0x01,
    0x00, 0x00, 0x00, 0x00, 0x01, 0x00, 0x00, 0x00, 0x00, 0x00, 0x00, 0x00,
    0x00, 0x00, 0x00, 0x00, 0x00, 0x00, 0x00, 0x00, 0x00, 0x00, 0x00, 0x00,
    0x00, 0x00, 0x00, 0x00, 0x00, 0x00, 0x00, 0x00, 0x00, 0x00, 0x00, 0x00,
    0x00, 0x00, 0x00, 0x00, 0x00, 0x00, 0x00, 0x00, 0x00, 0x00, 0x00, 0x00,
    0x00, 0x00, 0x00, 0x00, 0x00, 0x00, 0x00, 0x00, 0x00, 0x00, 0x00, 0x00,
    0x00, 0x00, 0x00, 0x00, 0x00, 0x00, 0x00, 0x00, 0x00, 0x00, 0x00, 0x00,
    0x00, 0x00, 0x00, 0x00, 0x00, 0x00, 0x00, 0x00, 0x00, 0x00, 0x00, 0x00,
    0x00, 0x00, 0x00, 0x00, 0x00, 0x00, 0x00, 0x00, 0x00, 0x00, 0x00, 0x00,
    0x00, 0x00, 0x00, 0x00, 0x00, 0x00, 0x00, 0x00, 0x00, 0x00, 0x00, 0x00,
    0x00, 0x00, 0x00, 0x00, 0x00, 0x00, 0x00, 0x00, 0x00, 0x00, 0x00, 0x00,
    0x00, 0x00, 0x00, 0x00, 0x00, 0x00, 0x00, 0x00, 0x00, 0x00, 0x00, 0x00,
    0x00, 0x00, 0x00, 0x00, 0x00, 0x00, 0x01, 0x00, 0x00, 0x03, 0x00, 0x00,
    0x00, 0x00, 0x00, 0x01, 0x01, 0x01, 0x07, 0x07, 0x07, 0x07, 0x0a, 0x07,
    0x0a, 0x0a, 0x07, 0x07, 0x07, 0x07, 0x07, 0x07, 0x07, 0x07, 0x07, 0x07,
    0x07, 0x07, 0x08, 0x01, 0x00, 0x00, 0x01, 0x01, 0x04, 0x00, 0x04, 0x00,
    0x01, 0x00, 0x00, 0x00, 0x00, 0x00, 0x00, 0x00, 0x00, 0x00, 0x00, 0x00,
    0x00, 0x00, 0x00, 0x00, 0x00, 0x00, 0x00, 0x00, 0x00, 0x00, 0x00, 0x00,
    0x00, 0x00, 0x00, 0x00, 0x00, 0x00, 0x00, 0x00, 0x00, 0x00, 0x00, 0x00,
    0x00, 0x00, 0x00, 0x00, 0x00, 0x00, 0x00, 0x00, 0x00, 0x00, 0x00, 0x00,
    0x00, 0x00, 0x00, 0x00, 0x00, 0x00, 0x00, 0x00, 0x00, 0x00, 0x00, 0x00,
    0x00, 0x00, 0x00, 0x00, 0x00, 0x04, 0x04, 0x01, 0x00, 0x01, 0x00, 0x01,
    0x08, 0x0a, 0x07, 0x07, 0x07, 0x07, 0x07, 0x07, 0x07, 0x07, 0x07, 0x07,
    0x07, 0x07, 0x07, 0x07, 0x0b, 0x0c, 0x0d, 0x0a, 0x08, 0x08, 0x07, 0x01,
    0x01, 0x01, 0x04, 0x04, 0x04, 0x00, 0x01, 0x00, 0x00, 0x01, 0x00, 0x00,
    0x00, 0x00, 0x00, 0x00, 0x00, 0x00, 0x00, 0x00, 0x00, 0x00, 0x00, 0x00,
    0x00, 0x00, 0x00, 0x00, 0x00, 0x00, 0x00, 0x00, 0x00, 0x00, 0x00, 0x00,
    0x00, 0x00, 0x00, 0x00, 0x00, 0x00, 0x00, 0x00, 0x00, 0x00, 0x00, 0x00,
    0x00, 0x00, 0x00, 0x00, 0x00, 0x00, 0x00, 0x00, 0x00, 0x00, 0x00, 0x00,
    0x00, 0x00, 0x00, 0x00, 0x00, 0x00, 0x00, 0x00, 0x00, 0x00, 0x00, 0x00,
    0x00, 0x00, 0x00, 0x00, 0x00, 0x00, 0x00, 0x00, 0x00, 0x00, 0x00, 0x00,
    0x00, 0x00, 0x00, 0x00, 0x00, 0x00, 0x00, 0x00, 0x00, 0x00, 0x00, 0x00,
    0x00, 0x00, 0x00, 0x00, 0x00, 0x00, 0x00, 0x00, 0x00, 0x00, 0x00, 0x00,
    0x00, 0x00, 0x00, 0x00, 0x00, 0x00, 0x00, 0x00, 0x00, 0x00, 0x00, 0x00,
    0x00, 0x00, 0x00, 0x00, 0x00, 0x00, 0x00, 0x00, 0x00, 0x00, 0x00, 0x00,
    0x00, 0x00, 0x00, 0x00, 0x00, 0x00, 0x00, 0x00, 0x04, 0x00, 0x03, 0x00,
    0x00, 0x03, 0x00, 0x00, 0x00, 0x00, 0x01, 0x01, 0x01, 0x01, 0x07, 0x07,
    0x0a, 0x0c, 0x0d, 0x0b, 0x0a, 0x0a, 0x0a, 0x07, 0x07, 0x07, 0x07, 0x07,
    0x07, 0x07, 0x07, 0x07, 0x08, 0x07, 0x07, 0x08, 0x00, 0x01, 0x01, 0x01,
    0x01, 0x01, 0x01, 0x00, 0x00, 0x00, 0x00, 0x00, 0x00, 0x00, 0x00, 0x00,
    0x00, 0x00, 0x00, 0x00, 0x00, 0x00, 0x00, 0x00, 0x00, 0x00, 0x00, 0x00,
    0x00, 0x00, 0x00, 0x00, 0x00, 0x00, 0x00, 0x00, 0x00, 0x00, 0x00, 0x00,
    0x00, 0x00, 0x00, 0x00, 0x00, 0x00, 0x00, 0x00, 0x00, 0x00, 0x00, 0x00,
    0x00, 0x00, 0x00, 0x00, 0x00, 0x00, 0x00, 0x00, 0x00, 0x00, 0x00, 0x00,
    0x00, 0x00, 0x00, 0x00, 0x00, 0x00, 0x00, 0x00, 0x00, 0x01, 0x01, 0x01,
    0x01, 0x01, 0x00, 0x08, 0x09, 0x07, 0x07, 0x07, 0x07, 0x07, 0x07, 0x07,
    0x07, 0x0a, 0x07, 0x07, 0x07, 0x07, 0x0b, 0x0b, 0x0e, 0x0f, 0x10, 0x0c,
    0x07, 0x07, 0x07, 0x08, 0x01, 0x01, 0x04, 0x04, 0x04, 0x04, 0x04, 0x04,
    0x01, 0x00, 0x00, 0x00, 0x00, 0x00, 0x00, 0x00, 0x00, 0x00, 0x00, 0x00,
    0x00, 0x00, 0x00, 0x00, 0x00, 0x00, 0x00, 0x00, 0x00, 0x00, 0x00, 0x00,
    0x00, 0x00, 0x00, 0x00, 0x00, 0x00, 0x00, 0x00, 0x00, 0x00, 0x00, 0x00,
    0x00, 0x00, 0x00, 0x00, 0x00, 0x00, 0x00, 0x00, 0x00, 0x00, 0x00, 0x00,
    0x00, 0x00, 0x00, 0x00, 0x00, 0x00, 0x00, 0x00, 0x00, 0x00, 0x00, 0x00,
    0x00, 0x00, 0x00, 0x00, 0x00, 0x00, 0x00, 0x00, 0x00, 0x00, 0x00, 0x00,
    0x00, 0x00, 0x00, 0x00, 0x00, 0x00, 0x00, 0x00, 0x00, 0x00, 0x00, 0x00,
    0x00, 0x00, 0x00, 0x00, 0x00, 0x00, 0x00, 0x00, 0x00, 0x00, 0x00, 0x00,
    0x00, 0x00, 0x00, 0x00, 0x00, 0x00, 0x00, 0x00, 0x00, 0x00, 0x00, 0x00,
    0x00, 0x00, 0x00, 0x00, 0x00, 0x00, 0x00, 0x00, 0x00, 0x00, 0x00, 0x00,
    0x00, 0x00, 0x00, 0x00, 0x00, 0x00, 0x00, 0x00, 0x00, 0x00, 0x00, 0x00,
    0x01, 0x06, 0x00, 0x00, 0x00, 0x00, 0x00, 0x01, 0x01, 0x00, 0x01, 0x01,
    0x01, 0x07, 0x07, 0x07, 0x0d, 0x10, 0x11, 0x12, 0x0c, 0x0b, 0x0a, 0x0a,
    0x0a, 0x0a, 0x07, 0x07, 0x07, 0x07, 0x07, 0x07, 0x07, 0x07, 0x08, 0x07,
    0x08, 0x01, 0x01, 0x01, 0x01, 0x01, 0x03, 0x00, 0x00, 0x00, 0x01, 0x00,
    0x00, 0x00, 0x00, 0x00, 0x00, 0x00, 0x00, 0x00, 0x00, 0x00, 0x00, 0x00,
    0x00, 0x00, 0x00, 0x00, 0x00, 0x00, 0x00, 0x00, 0x00, 0x00, 0x00, 0x00,
    0x00, 0x00, 0x00, 0x00, 0x00, 0x00, 0x00, 0x00, 0x00, 0x00, 0x00, 0x00,
    0x00, 0x00, 0x00, 0x00, 0x00, 0x00, 0x00, 0x00, 0x00, 0x00, 0x00, 0x00,
    0x00, 0x00, 0x00, 0x00, 0x00, 0x00, 0x00, 0x00, 0x00, 0x00, 0x00, 0x00,
    0x04, 0x04, 0x01, 0x04, 0x04, 0x01, 0x08, 0x08, 0x07, 0x07, 0x07, 0x07,
    0x07, 0x07, 0x07, 0x07, 0x07, 0x07, 0x0a, 0x0a, 0x0b, 0x0b, 0x0c, 0x13,
    0x14, 0x15, 0x0f, 0x0c, 0x07, 0x07, 0x07, 0x07, 0x01, 0x00, 0x01, 0x04,
    0x04, 0x04, 0x04, 0x00, 0x01, 0x00, 0x00, 0x00, 0x00, 0x00, 0x00, 0x00,
    0x00, 0x00, 0x00, 0x00, 0x00, 0x00, 0x00, 0x00, 0x00, 0x00, 0x00, 0x00,
    0x00, 0x00, 0x00, 0x00, 0x00, 0x00, 0x00, 0x00, 0x00, 0x00, 0x00, 0x00,
    0x00, 0x00, 0x00, 0x00, 0x00, 0x00, 0x00, 0x00, 0x00, 0x00, 0x00, 0x00,
    0x00, 0x00, 0x00, 0x00, 0x00, 0x00, 0x00, 0x00, 0x00, 0x00, 0x00, 0x00,
    0x00, 0x00, 0x00, 0x00, 0x00, 0x00, 0x00, 0x00, 0x00, 0x00, 0x00, 0x00,
    0x00, 0x00, 0x00, 0x00, 0x00, 0x00, 0x00, 0x00, 0x00, 0x00, 0x00, 0x00,
    0x00, 0x00, 0x00, 0x00, 0x00, 0x00, 0x00, 0x00, 0x00, 0x00, 0x00, 0x00,
    0x00, 0x00, 0x00, 0x00, 0x00, 0x00, 0x00, 0x00, 0x00, 0x00, 0x00, 0x00,
    0x00, 0x00, 0x00, 0x00, 0x00, 0x00, 0x00, 0x00, 0x00, 0x00, 0x00, 0x00,
    0x00, 0x00, 0x00, 0x00, 0x00, 0x00, 0x00, 0x00, 0x00, 0x00, 0x00, 0x00,
    0x00, 0x00, 0x00, 0x00, 0x00, 0x00, 0x00, 0x00, 0x00, 0x01, 0x00, 0x01,
    0x01, 0x01, 0x01, 0x01, 0x08, 0x07, 0x07, 0x07, 0x0d, 0x0f, 0x16, 0x14,
    0x13, 0x0c, 0x0b, 0x07, 0x07, 0x07, 0x07, 0x07, 0x07, 0x07, 0x07, 0x07,
    0x07, 0x07, 0x07, 0x07, 0x07, 0x07, 0x00, 0x01, 0x01, 0x01, 0x01, 0x00,
    0x03, 0x01, 0x00, 0x00, 0x00, 0x00, 0x00, 0x00, 0x00, 0x00, 0x00, 0x00,
    0x00, 0x00, 0x00, 0x00, 0x00, 0x00, 0x00, 0x00, 0x00, 0x00, 0x00, 0x00,
    0x00, 0x00, 0x00, 0x00, 0x00, 0x00, 0x00, 0x00, 0x00, 0x00, 0x00, 0x00,
    0x00, 0x00, 0x00, 0x00, 0x00, 0x00, 0x00, 0x00, 0x00, 0x00, 0x00, 0x00,
    0x00, 0x00, 0x00, 0x00, 0x00, 0x00, 0x00, 0x00, 0x00, 0x00, 0x00, 0x00,
    0x00, 0x00, 0x00, 0x00, 0x04, 0x04, 0x01, 0x04, 0x00, 0x00, 0x09, 0x07,
    0x07, 0x07, 0x07, 0x07, 0x07, 0x07, 0x07, 0x07, 0x07, 0x07, 0x17, 0x0b,
    0x18, 0x19, 0x1a, 0x14, 0x14, 0x1b, 0x19, 0x0b, 0x07, 0x07, 0x07, 0x07,
    0x08, 0x01, 0x01, 0x04, 0x01, 0x01, 0x04, 0x00, 0x01, 0x00, 0x00, 0x00,
    0x00, 0x00, 0x00, 0x00, 0x00, 0x00, 0x00, 0x00, 0x00, 0x00, 0x00, 0x00,
    0x00, 0x00, 0x00, 0x00, 0x00, 0x00, 0x00, 0x00, 0x00, 0x00, 0x00, 0x00,
    0x00, 0x00, 0x00, 0x00, 0x00, 0x00, 0x00, 0x00, 0x00, 0x00, 0x00, 0x00,
    0x00, 0x00, 0x00, 0x00, 0x00, 0x00, 0x00, 0x00, 0x00, 0x00, 0x00, 0x00,
    0x00, 0x00, 0x00, 0x00, 0x00, 0x00, 0x00, 0x00, 0x00, 0x00, 0x00, 0x00,
    0x00, 0x00, 0x00, 0x00, 0x00, 0x00, 0x00, 0x00, 0x00, 0x00, 0x00, 0x00,
    0x00, 0x00, 0x00, 0x00, 0x00, 0x00, 0x00, 0x00, 0x00, 0x00, 0x00, 0x00,
    0x00, 0x00, 0x00, 0x00, 0x00, 0x00, 0x00, 0x00, 0x00, 0x00, 0x00, 0x00,
    0x00, 0x00, 0x00, 0x00, 0x00, 0x00, 0x00, 0x00, 0x00, 0x00, 0x00, 0x00,
    0x00, 0x00, 0x00, 0x00, 0x00, 0x00, 0x00, 0x00, 0x00, 0x00, 0x00, 0x00,
    0x00, 0x00, 0x00, 0x00, 0x00, 0x00, 0x00, 0x00, 0x00, 0x00, 0x00, 0x00,
    0x00, 0x00, 0x01, 0x01, 0x01, 0x01, 0x00, 0x08, 0x08, 0x07, 0x07, 0x07,
    0x0b, 0x19, 0x1b, 0x14, 0x14, 0x13, 0x19, 0x0b, 0x17, 0x17, 0x07, 0x07,
    0x0a, 0x0a, 0x07, 0x07, 0x07, 0x07, 0x07, 0x07, 0x07, 0x07, 0x08, 0x01,
    0x00, 0x01, 0x01, 0x00, 0x03, 0x00, 0x00, 0x00, 0x00, 0x00, 0x00, 0x00,
    0x00, 0x00, 0x00, 0x00, 0x00, 0x00, 0x00, 0x00, 0x00, 0x00, 0x00, 0x00,
    0x00, 0x00, 0x00, 0x00, 0x00, 0x00, 0x00, 0x00, 0x00, 0x00, 0x00, 0x00,
    0x00, 0x00, 0x00, 0x00, 0x00, 0x00, 0x00, 0x00, 0x00, 0x00, 0x00, 0x00,
    0x00, 0x00, 0x00, 0x00, 0x00, 0x00, 0x00, 0x00, 0x00, 0x00, 0x00, 0x00,
    0x00, 0x00, 0x00, 0x00, 0x01, 0x00, 0x00, 0x04, 0x01, 0x01, 0x04, 0x01,
    0x04, 0x0a, 0x09, 0x08, 0x07, 0x07, 0x07, 0x07, 0x07, 0x0a, 0x0a, 0x07,
    0x17, 0x0b, 0x0b, 0x18, 0x1c, 0x1a, 0x14, 0x14, 0x1d, 0x19, 0x0b, 0x0a,
    0x07, 0x07, 0x07, 0x07, 0x07, 0x07, 0x00, 0x06, 0x04, 0x06, 0x01, 0x00,
    0x00, 0x00, 0x00, 0x00, 0x00, 0x00, 0x00, 0x00, 0x00, 0x00, 0x00, 0x00,
    0x00, 0x00, 0x00, 0x00, 0x00, 0x00, 0x00, 0x00, 0x00, 0x00, 0x00, 0x00,
    0x00, 0x00, 0x00, 0x00, 0x00, 0x00, 0x00, 0x00, 0x00, 0x00, 0x00, 0x00,
    0x00, 0x00, 0x00, 0x00, 0x00, 0x00, 0x00, 0x00, 0x00, 0x00, 0x00, 0x00,
    0x00, 0x00, 0x00, 0x00, 0x00, 0x00, 0x00, 0x00, 0x00, 0x00, 0x00, 0x00,
    0x00, 0x00, 0x00, 0x00, 0x00, 0x00, 0x00, 0x00, 0x00, 0x00, 0x00, 0x00,
    0x00, 0x00, 0x00, 0x00, 0x00, 0x00, 0x00, 0x00, 0x00, 0x00, 0x00, 0x00,
    0x00, 0x00, 0x00, 0x00, 0x00, 0x00, 0x00, 0x00, 0x00, 0x00, 0x00, 0x00,
    0x00, 0x00, 0x00, 0x00, 0x00, 0x00, 0x00, 0x00, 0x00, 0x00, 0x00, 0x00,
    0x00, 0x00, 0x00, 0x00, 0x00, 0x00, 0x00, 0x00, 0x00, 0x00, 0x00, 0x00,
    0x00, 0x00, 0x00, 0x00, 0x00, 0x00, 0x00, 0x00, 0x00, 0x00, 0x00, 0x00,
    0x00, 0x00, 0x00, 0x03, 0x03, 0x01, 0x01, 0x01, 0x01, 0x00, 0x00, 0x07,
    0x07, 0x07, 0x07, 0x0a, 0x07, 0x0b, 0x19, 0x13, 0x14, 0x14, 0x1e, 0x1c,
    0x18, 0x17, 0x17, 0x17, 0x0a, 0x07, 0x07, 0x07, 0x07, 0x07, 0x07, 0x07,
    0x07, 0x07, 0x08, 0x04, 0x04, 0x01, 0x01, 0x00, 0x03, 0x03, 0x00, 0x00,
    0x00, 0x00, 0x00, 0x00, 0x00, 0x00, 0x00, 0x00, 0x00, 0x00, 0x00, 0x00,
    0x00, 0x00, 0x00, 0x00, 0x00, 0x00, 0x00, 0x00, 0x00, 0x00, 0x00, 0x00,
    0x00, 0x00, 0x00, 0x00, 0x00, 0x00, 0x00, 0x00, 0x00, 0x00, 0x00, 0x00,
    0x00, 0x00, 0x00, 0x00, 0x00, 0x00, 0x00, 0x00, 0x00, 0x00, 0x00, 0x00,
    0x00, 0x00, 0x00, 0x00, 0x00, 0x00, 0x00, 0x00, 0x00, 0x04, 0x00, 0x01,
    0x01, 0x04, 0x00, 0x01, 0x08, 0x09, 0x0a, 0x07, 0x07, 0x07, 0x07, 0x07,
    0x17, 0x0b, 0x0b, 0x17, 0x17, 0x18, 0x0b, 0x1c, 0x1a, 0x14, 0x14, 0x1d,
    0x19, 0x18, 0x0a, 0x07, 0x07, 0x07, 0x07, 0x08, 0x08, 0x08, 0x08, 0x01,
    0x04, 0x04, 0x06, 0x00, 0x01, 0x00, 0x00, 0x00, 0x00, 0x00, 0x00, 0x00,
    0x00, 0x00, 0x00, 0x00, 0x00, 0x00, 0x01, 0x01, 0x00, 0x00, 0x00, 0x00,
    0x00, 0x00, 0x00, 0x00, 0x00, 0x00, 0x00, 0x00, 0x00, 0x00, 0x00, 0x00,
    0x00, 0x00, 0x00, 0x00, 0x00, 0x00, 0x00, 0x00, 0x00, 0x00, 0x00, 0x00,
    0x00, 0x00, 0x00, 0x00, 0x00, 0x00, 0x00, 0x00, 0x00, 0x00, 0x00, 0x00,
    0x00, 0x00, 0x00, 0x00, 0x00, 0x00, 0x00, 0x00, 0x00, 0x00, 0x00, 0x00,
    0x00, 0x00, 0x00, 0x00, 0x00, 0x00, 0x00, 0x00, 0x00, 0x00, 0x00, 0x00,
    0x00, 0x00, 0x00, 0x00, 0x00, 0x00, 0x00, 0x00, 0x00, 0x00, 0x00, 0x00,
    0x00, 0x00, 0x00, 0x00, 0x00, 0x00, 0x00, 0x00, 0x00, 0x00, 0x00, 0x00,
    0x00, 0x00, 0x00, 0x00, 0x00, 0x00, 0x00, 0x00, 0x00, 0x00, 0x00, 0x00,
    0x00, 0x00, 0x00, 0x00, 0x00, 0x00, 0x00, 0x00, 0x00, 0x00, 0x00, 0x00,
    0x00, 0x00, 0x05, 0x00, 0x06, 0x00, 0x04, 0x03, 0x01, 0x01, 0x01, 0x01,
    0x00, 0x01, 0x07, 0x07, 0x08, 0x0a, 0x07, 0x0a, 0x0a, 0x0a, 0x0b, 0x19,
    0x1d, 0x14, 0x14, 0x1f, 0x12, 0x0b, 0x18, 0x0b, 0x17, 0x18, 0x17, 0x07,
    0x07, 0x07, 0x07, 0x07, 0x07, 0x07, 0x07, 0x08, 0x08, 0x01, 0x01, 0x00,
    0x00, 0x00, 0x03, 0x00, 0x00, 0x00, 0x00, 0x00, 0x00, 0x00, 0x00, 0x00,
    0x00, 0x00, 0x00, 0x00, 0x00, 0x00, 0x00, 0x00, 0x00, 0x00, 0x00, 0x00,
    0x00, 0x00, 0x00, 0x00, 0x00, 0x00, 0x00, 0x00, 0x00, 0x00, 0x00, 0x00,
    0x00, 0x00, 0x00, 0x00, 0x00, 0x00, 0x00, 0x00, 0x00, 0x00, 0x00, 0x00,
    0x00, 0x00, 0x00, 0x00, 0x00, 0x00, 0x00, 0x00, 0x00, 0x00, 0x00, 0x01,
    0x01, 0x04, 0x01, 0x01, 0x01, 0x04, 0x00, 0x08, 0x0a, 0x08, 0x07, 0x07,
    0x07, 0x0a, 0x0a, 0x0a, 0x17, 0x18, 0x0b, 0x17, 0x18, 0x20, 0x21, 0x22,
    0x14, 0x23, 0x24, 0x0b, 0x0b, 0x0b, 0x0a, 0x07, 0x07, 0x07, 0x07, 0x0a,
    0x07, 0x08, 0x07, 0x01, 0x01, 0x01, 0x01, 0x01, 0x04, 0x03, 0x04, 0x00,
    0x04, 0x00, 0x00, 0x00, 0x00, 0x00, 0x00, 0x00, 0x00, 0x00, 0x00, 0x00,
    0x00, 0x00, 0x00, 0x00, 0x00, 0x00, 0x00, 0x00, 0x00, 0x00, 0x00, 0x00,
    0x00, 0x00, 0x00, 0x00, 0x00, 0x00, 0x00, 0x00, 0x00, 0x00, 0x00, 0x00,
    0x00, 0x00, 0x00, 0x00, 0x00, 0x00, 0x00, 0x00, 0x00, 0x00, 0x00, 0x00,
    0x00, 0x00, 0x00, 0x00, 0x00, 0x00, 0x00, 0x00, 0x00, 0x00, 0x00, 0x00,
    0x00, 0x00, 0x00, 0x00, 0x00, 0x00, 0x00, 0x00, 0x00, 0x00, 0x00, 0x00,
    0x00, 0x00, 0x00, 0x00, 0x00, 0x00, 0x00, 0x00, 0x00, 0x00, 0x00, 0x00,
    0x00, 0x00, 0x00, 0x00, 0x00, 0x00, 0x00, 0x00, 0x00, 0x00, 0x00, 0x00,
    0x00, 0x00, 0x00, 0x00, 0x00, 0x00, 0x00, 0x00, 0x00, 0x00, 0x00, 0x00,
    0x00, 0x00, 0x00, 0x00, 0x00, 0x00, 0x00, 0x00, 0x00, 0x00, 0x00, 0x00,
    0x00, 0x00, 0x00, 0x03, 0x00, 0x00, 0x00, 0x00, 0x00, 0x04, 0x00, 0x04,
    0x01, 0x01, 0x04, 0x04, 0x01, 0x04, 0x07, 0x08, 0x0a, 0x0a, 0x0a, 0x0a,
    0x0a, 0x0a, 0x17, 0x0b, 0x0b, 0x24, 0x23, 0x14, 0x1e, 0x21, 0x0b, 0x0b,
    0x0b, 0x0b, 0x0b, 0x17, 0x0a, 0x0a, 0x0a, 0x07, 0x07, 0x07, 0x07, 0x0a,
    0x07, 0x09, 0x04, 0x00, 0x01, 0x01, 0x03, 0x01, 0x01, 0x00, 0x00, 0x00,
    0x00, 0x00, 0x00, 0x00, 0x00, 0x00, 0x00, 0x00, 0x00, 0x00, 0x00, 0x00,
    0x00, 0x00, 0x00, 0x00, 0x00, 0x00, 0x00, 0x00, 0x00, 0x00, 0x00, 0x00,
    0x00, 0x00, 0x00, 0x00, 0x00, 0x00, 0x00, 0x00, 0x00, 0x00, 0x00, 0x00,
    0x00, 0x00, 0x00, 0x00, 0x00, 0x00, 0x00, 0x00, 0x00, 0x00, 0x00, 0x00,
    0x00, 0x00, 0x00, 0x01, 0x01, 0x01, 0x01, 0x04, 0x00, 0x00, 0x0a, 0x07,
    0x07, 0x07, 0x07, 0x07, 0x07, 0x07, 0x0a, 0x17, 0x17, 0x17, 0x18, 0x0b,
    0x20, 0x21, 0x25, 0x14, 0x1b, 0x1d, 0x0b, 0x18, 0x0b, 0x17, 0x17, 0x0a,
    0x0a, 0x07, 0x07, 0x07, 0x07, 0x07, 0x0a, 0x08, 0x01, 0x01, 0x04, 0x04,
    0x01, 0x04, 0x04, 0x00, 0x00, 0x00, 0x00, 0x00, 0x06, 0x00, 0x00, 0x00,
    0x00, 0x00, 0x00, 0x00, 0x00, 0x00, 0x00, 0x00, 0x00, 0x00, 0x00, 0x00,
    0x00, 0x00, 0x00, 0x00, 0x00, 0x00, 0x00, 0x00, 0x00, 0x00, 0x00, 0x00,
    0x00, 0x00, 0x00, 0x00, 0x00, 0x00, 0x00, 0x00, 0x00, 0x00, 0x00, 0x00,
    0x00, 0x00, 0x00, 0x00, 0x00, 0x00, 0x00, 0x00, 0x00, 0x00, 0x00, 0x00,
    0x00, 0x00, 0x00, 0x00, 0x00, 0x00, 0x00, 0x00, 0x00, 0x00, 0x00, 0x00,
    0x00, 0x00, 0x00, 0x00, 0x00, 0x00, 0x00, 0x00, 0x00, 0x00, 0x00, 0x00,
    0x00, 0x00, 0x00, 0x00, 0x00, 0x00, 0x00, 0x00, 0x00, 0x00, 0x00, 0x00,
    0x00, 0x00, 0x00, 0x00, 0x00, 0x00, 0x00, 0x00, 0x00, 0x00, 0x00, 0x00,
    0x00, 0x00, 0x00, 0x00, 0x00, 0x00, 0x00, 0x00, 0x00, 0x00, 0x00, 0x00,
    0x00, 0x00, 0x00, 0x00, 0x00, 0x00, 0x00, 0x00, 0x00, 0x00, 0x06, 0x00,
    0x00, 0x01, 0x01, 0x01, 0x01, 0x01, 0x04, 0x00, 0x08, 0x08, 0x0a, 0x09,
    0x07, 0x07, 0x0a, 0x0a, 0x07, 0x17, 0x17, 0x17, 0x18, 0x0b, 0x1c, 0x1f,
    0x14, 0x14, 0x1d, 0x0b, 0x18, 0x0b, 0x18, 0x0b, 0x0b, 0x17, 0x07, 0x07,
    0x07, 0x07, 0x07, 0x08, 0x08, 0x07, 0x0a, 0x04, 0x01, 0x00, 0x01, 0x03,
    0x00, 0x00, 0x00, 0x00, 0x00, 0x00, 0x00, 0x00, 0x00, 0x00, 0x00, 0x00,
    0x00, 0x00, 0x00, 0x00, 0x00, 0x00, 0x00, 0x00, 0x00, 0x00, 0x00, 0x00,
    0x00, 0x00, 0x00, 0x00, 0x00, 0x00, 0x00, 0x00, 0x00, 0x00, 0x00, 0x00,
    0x00, 0x00, 0x00, 0x00, 0x00, 0x00, 0x00, 0x00, 0x00, 0x00, 0x00, 0x00,
    0x00, 0x00, 0x04, 0x04, 0x00, 0x00, 0x00, 0x00, 0x01, 0x04, 0x04, 0x00,
    0x00, 0x08, 0x07, 0x07, 0x07, 0x07, 0x07, 0x07, 0x07, 0x17, 0x17, 0x17,
    0x17, 0x18, 0x0b, 0x0b, 0x21, 0x22, 0x14, 0x1b, 0x1c, 0x0b, 0x18, 0x17,
    0x17, 0x17, 0x17, 0x07, 0x0a, 0x07, 0x07, 0x07, 0x07, 0x07, 0x07, 0x07,
    0x00, 0x01, 0x04, 0x04, 0x00, 0x01, 0x04, 0x01, 0x04, 0x00, 0x04, 0x00,
    0x00, 0x00, 0x00, 0x00, 0x00, 0x00, 0x00, 0x00, 0x00, 0x00, 0x00, 0x00,
    0x00, 0x00, 0x00, 0x00, 0x00, 0x00, 0x00, 0x00, 0x00, 0x00, 0x00, 0x00,
    0x00, 0x00, 0x00, 0x00, 0x00, 0x00, 0x00, 0x00, 0x00, 0x00, 0x00, 0x00,
    0x00, 0x00, 0x00, 0x00, 0x00, 0x00, 0x00, 0x00, 0x00, 0x00, 0x00, 0x00,
    0x00, 0x00, 0x00, 0x00, 0x00, 0x00, 0x00, 0x00, 0x00, 0x00, 0x00, 0x00,
    0x00, 0x00, 0x00, 0x00, 0x00, 0x00, 0x00, 0x00, 0x00, 0x00, 0x00, 0x00,
    0x00, 0x00, 0x00, 0x00, 0x00, 0x00, 0x00, 0x00, 0x00, 0x00, 0x00, 0x00,
    0x00, 0x00, 0x00, 0x00, 0x00, 0x00, 0x00, 0x00, 0x00, 0x00, 0x00, 0x00,
    0x00, 0x00, 0x00, 0x00, 0x00, 0x00, 0x00, 0x00, 0x00, 0x00, 0x00, 0x00,
    0x00, 0x00, 0x00, 0x00, 0x00, 0x00, 0x00, 0x00, 0x01, 0x00, 0x00, 0x00,
    0x00, 0x00, 0x00, 0x01, 0x01, 0x01, 0x01, 0x00, 0x01, 0x01, 0x01, 0x08,
    0x07, 0x0a, 0x09, 0x09, 0x07, 0x07, 0x0a, 0x0a, 0x07, 0x17, 0x17, 0x17,
    0x17, 0x18, 0x0b, 0x24, 0x1b, 0x14, 0x22, 0x24, 0x20, 0x18, 0x0b, 0x0b,
    0x17, 0x17, 0x17, 0x17, 0x07, 0x07, 0x07, 0x07, 0x07, 0x07, 0x07, 0x00,
    0x04, 0x04, 0x04, 0x06, 0x03, 0x00, 0x00, 0x00, 0x00, 0x00, 0x00, 0x00,
    0x00, 0x00, 0x00, 0x00, 0x00, 0x00, 0x00, 0x00, 0x00, 0x00, 0x00, 0x00,
    0x00, 0x00, 0x00, 0x00, 0x00, 0x00, 0x00, 0x00, 0x00, 0x00, 0x00, 0x00,
    0x00, 0x00, 0x00, 0x00, 0x00, 0x00, 0x00, 0x00, 0x00, 0x00, 0x00, 0x00,
    0x00, 0x00, 0x00, 0x00, 0x00, 0x00, 0x00, 0x00, 0x00, 0x00, 0x00, 0x01,
    0x00, 0x01, 0x01, 0x01, 0x08, 0x07, 0x07, 0x07, 0x07, 0x07, 0x07, 0x07,
    0x17, 0x17, 0x17, 0x17, 0x18, 0x0b, 0x19, 0x21, 0x22, 0x14, 0x1b, 0x24,
    0x18, 0x0b, 0x17, 0x17, 0x18, 0x17, 0x17, 0x07, 0x07, 0x07, 0x07, 0x07,
    0x07, 0x07, 0x07, 0x07, 0x08, 0x08, 0x00, 0x01, 0x01, 0x01, 0x01, 0x01,
    0x04, 0x04, 0x00, 0x04, 0x04, 0x04, 0x04, 0x00, 0x00, 0x00, 0x01, 0x00,
    0x00, 0x00, 0x00, 0x00, 0x00, 0x00, 0x00, 0x00, 0x00, 0x00, 0x00, 0x00,
    0x00, 0x00, 0x00, 0x00, 0x00, 0x00, 0x00, 0x00, 0x00, 0x00, 0x00, 0x00,
    0x00, 0x00, 0x00, 0x00, 0x00, 0x00, 0x00, 0x00, 0x00, 0x00, 0x00, 0x00,
    0x00, 0x00, 0x00, 0x00, 0x00, 0x00, 0x00, 0x00, 0x00, 0x00, 0x00, 0x00,
    0x00, 0x00, 0x00, 0x00, 0x00, 0x00, 0x00, 0x00, 0x00, 0x00, 0x00, 0x00,
    0x00, 0x00, 0x00, 0x00, 0x00, 0x00, 0x00, 0x00, 0x00, 0x00, 0x00, 0x00,
    0x00, 0x00, 0x00, 0x00, 0x00, 0x00, 0x00, 0x00, 0x00, 0x00, 0x00, 0x00,
    0x00, 0x00, 0x00, 0x00, 0x00, 0x00, 0x00, 0x00, 0x00, 0x00, 0x00, 0x00,
    0x00, 0x00, 0x00, 0x00, 0x00, 0x00, 0x00, 0x00, 0x00, 0x00, 0x00, 0x00,
    0x01, 0x00, 0x00, 0x04, 0x04, 0x04, 0x00, 0x06, 0x01, 0x03, 0x01, 0x01,
    0x00, 0x01, 0x08, 0x07, 0x07, 0x07, 0x07, 0x07, 0x0a, 0x07, 0x07, 0x07,
    0x17, 0x17, 0x26, 0x17, 0x17, 0x18, 0x0b, 0x20, 0x1c, 0x1a, 0x27, 0x14,
    0x21, 0x20, 0x0b, 0x18, 0x17, 0x18, 0x18, 0x17, 0x17, 0x07, 0x07, 0x07,
    0x07, 0x08, 0x07, 0x0a, 0x00, 0x00, 0x00, 0x01, 0x00, 0x00, 0x00, 0x00,
    0x00, 0x00, 0x00, 0x00, 0x00, 0x00, 0x00, 0x00, 0x00, 0x00, 0x00, 0x00,
    0x00, 0x00, 0x00, 0x00, 0x00, 0x00, 0x00, 0x00, 0x00, 0x00, 0x00, 0x00,
    0x00, 0x00, 0x00, 0x00, 0x00, 0x00, 0x00, 0x00, 0x00, 0x00, 0x00, 0x00,
    0x00, 0x00, 0x00, 0x00, 0x00, 0x00, 0x00, 0x00, 0x00, 0x00, 0x00, 0x00,
    0x00, 0x01, 0x01, 0x01, 0x01, 0x04, 0x08, 0x07, 0x0a, 0x07, 0x07, 0x07,
    0x07, 0x07, 0x17, 0x17, 0x17, 0x17, 0x26, 0x18, 0x0b, 0x20, 0x21, 0x25,
    0x14, 0x1b, 0x24, 0x0b, 0x18, 0x17, 0x17, 0x18, 0x0b, 0x17, 0x17, 0x28,
    0x07, 0x07, 0x07, 0x07, 0x07, 0x07, 0x07, 0x07, 0x08, 0x08, 0x01, 0x01,
    0x01, 0x04, 0x01, 0x01, 0x04, 0x00, 0x04, 0x04, 0x04, 0x00, 0x00, 0x00,
    0x00, 0x00, 0x00, 0x00, 0x00, 0x00, 0x00, 0x00, 0x00, 0x00, 0x00, 0x00,
    0x00, 0x00, 0x00, 0x00, 0x00, 0x00, 0x00, 0x00, 0x00, 0x00, 0x00, 0x00,
    0x00, 0x00, 0x00, 0x00, 0x00, 0x00, 0x00, 0x00, 0x00, 0x00, 0x00, 0x00,
    0x00, 0x00, 0x00, 0x00, 0x00, 0x00, 0x00, 0x00, 0x00, 0x00, 0x00, 0x00,
    0x00, 0x00, 0x00, 0x00, 0x00, 0x00, 0x00, 0x00, 0x00, 0x00, 0x00, 0x00,
    0x00, 0x00, 0x00, 0x00, 0x00, 0x00, 0x00, 0x00, 0x00, 0x00, 0x00, 0x00,
    0x00, 0x00, 0x00, 0x00, 0x00, 0x00, 0x00, 0x00, 0x00, 0x00, 0x00, 0x00,
    0x00, 0x00, 0x00, 0x00, 0x00, 0x00, 0x00, 0x00, 0x00, 0x00, 0x00, 0x00,
    0x00, 0x00, 0x00, 0x00, 0x00, 0x00, 0x00, 0x00, 0x00, 0x00, 0x00, 0x00,
    0x00, 0x00, 0x00, 0x00, 0x00, 0x04, 0x04, 0x00, 0x01, 0x01, 0x01, 0x01,
    0x01, 0x01, 0x01, 0x01, 0x08, 0x07, 0x08, 0x08, 0x07, 0x07, 0x07, 0x07,
    0x07, 0x07, 0x07, 0x07, 0x17, 0x17, 0x18, 0x18, 0x0b, 0x0b, 0x0b, 0x0b,
    0x0b, 0x1c, 0x1b, 0x27, 0x14, 0x1d, 0x20, 0x18, 0x17, 0x17, 0x17, 0x17,
    0x17, 0x17, 0x07, 0x07, 0x07, 0x07, 0x07, 0x09, 0x08, 0x00, 0x00, 0x04,
    0x04, 0x06, 0x00, 0x00, 0x00, 0x00, 0x00, 0x00, 0x00, 0x00, 0x00, 0x00,
    0x00, 0x00, 0x00, 0x00, 0x00, 0x00, 0x00, 0x00, 0x00, 0x00, 0x00, 0x00,
    0x00, 0x00, 0x00, 0x00, 0x00, 0x00, 0x00, 0x00, 0x00, 0x00, 0x00, 0x00,
    0x00, 0x00, 0x00, 0x00, 0x00, 0x00, 0x00, 0x00, 0x00, 0x00, 0x00, 0x00,
    0x00, 0x00, 0x00, 0x03, 0x00, 0x01, 0x01, 0x00, 0x01, 0x01, 0x07, 0x08,
    0x07, 0x07, 0x07, 0x07, 0x07, 0x07, 0x17, 0x17, 0x17, 0x17, 0x17, 0x18,
    0x20, 0x21, 0x22, 0x27, 0x1b, 0x24, 0x29, 0x17, 0x17, 0x17, 0x0b, 0x18,
    0x0b, 0x17, 0x17, 0x07, 0x07, 0x07, 0x07, 0x07, 0x07, 0x07, 0x07, 0x07,
    0x08, 0x08, 0x04, 0x04, 0x04, 0x00, 0x04, 0x01, 0x04, 0x04, 0x04, 0x04,
    0x01, 0x00, 0x00, 0x00, 0x00, 0x00, 0x00, 0x00, 0x00, 0x00, 0x00, 0x00,
    0x00, 0x00, 0x00, 0x00, 0x00, 0x00, 0x00, 0x00, 0x00, 0x00, 0x00, 0x00,
    0x00, 0x00, 0x00, 0x00, 0x00, 0x00, 0x00, 0x00, 0x00, 0x00, 0x00, 0x00,
    0x00, 0x00, 0x00, 0x00, 0x00, 0x00, 0x00, 0x00, 0x00, 0x00, 0x00, 0x00,
    0x00, 0x00, 0x00, 0x00, 0x00, 0x00, 0x00, 0x00, 0x00, 0x00, 0x00, 0x00,
    0x00, 0x00, 0x00, 0x00, 0x00, 0x00, 0x00, 0x00, 0x00, 0x00, 0x00, 0x00,
    0x00, 0x00, 0x00, 0x00, 0x00, 0x00, 0x00, 0x00, 0x00, 0x00, 0x00, 0x00,
    0x00, 0x00, 0x00, 0x00, 0x00, 0x00, 0x00, 0x00, 0x00, 0x00, 0x00, 0x00,
    0x00, 0x00, 0x00, 0x00, 0x00, 0x00, 0x00, 0x00, 0x00, 0x00, 0x00, 0x00,
    0x00, 0x00, 0x00, 0x00, 0x00, 0x00, 0x00, 0x00, 0x00, 0x00, 0x00, 0x01,
    0x06, 0x01, 0x01, 0x01, 0x01, 0x00, 0x00, 0x07, 0x07, 0x0a, 0x07, 0x07,
    0x07, 0x07, 0x07, 0x07, 0x07, 0x07, 0x07, 0x07, 0x17, 0x17, 0x18, 0x0b,
    0x0b, 0x17, 0x18, 0x18, 0x0b, 0x20, 0x24, 0x1a, 0x14, 0x14, 0x21, 0x20,
    0x0b, 0x17, 0x17, 0x17, 0x26, 0x17, 0x17, 0x07, 0x07, 0x07, 0x07, 0x08,
    0x08, 0x0a, 0x04, 0x00, 0x04, 0x04, 0x06, 0x03, 0x00, 0x00, 0x00, 0x00,
    0x00, 0x00, 0x00, 0x00, 0x00, 0x00, 0x00, 0x00, 0x00, 0x00, 0x00, 0x00,
    0x00, 0x00, 0x00, 0x00, 0x00, 0x00, 0x00, 0x00, 0x00, 0x00, 0x00, 0x00,
    0x00, 0x00, 0x00, 0x00, 0x00, 0x00, 0x00, 0x00, 0x00, 0x00, 0x00, 0x00,
    0x00, 0x00, 0x00, 0x00, 0x00, 0x00, 0x01, 0x04, 0x01, 0x04, 0x04, 0x01,
    0x01, 0x08, 0x08, 0x08, 0x07, 0x07, 0x07, 0x07, 0x07, 0x17, 0x17, 0x26,
    0x17, 0x17, 0x17, 0x20, 0x21, 0x25, 0x14, 0x1a, 0x24, 0x20, 0x18, 0x17,
    0x17, 0x17, 0x18, 0x0b, 0x0b, 0x17, 0x17, 0x07, 0x0a, 0x07, 0x07, 0x07,
    0x07, 0x07, 0x07, 0x07, 0x07, 0x07, 0x0a, 0x0a, 0x04, 0x04, 0x00, 0x04,
    0x04, 0x04, 0x04, 0x04, 0x04, 0x04, 0x00, 0x00, 0x04, 0x00, 0x00, 0x00,
    0x00, 0x00, 0x00, 0x00, 0x00, 0x00, 0x00, 0x00, 0x00, 0x00, 0x00, 0x00,
    0x00, 0x00, 0x00, 0x00, 0x00, 0x00, 0x00, 0x00, 0x00, 0x00, 0x00, 0x00,
    0x00, 0x00, 0x00, 0x00, 0x00, 0x00, 0x00, 0x00, 0x00, 0x00, 0x00, 0x00,
    0x00, 0x00, 0x00, 0x00, 0x00, 0x00, 0x00, 0x00, 0x00, 0x00, 0x00, 0x00,
    0x00, 0x00, 0x00, 0x00, 0x00, 0x00, 0x00, 0x00, 0x00, 0x00, 0x00, 0x00,
    0x00, 0x00, 0x00, 0x00, 0x00, 0x00, 0x00, 0x00, 0x00, 0x00, 0x00, 0x00,
    0x00, 0x00, 0x00, 0x00, 0x00, 0x00, 0x00, 0x00, 0x00, 0x00, 0x00, 0x00,
    0x00, 0x00, 0x00, 0x00, 0x00, 0x00, 0x00, 0x00, 0x00, 0x00, 0x00, 0x00,
    0x00, 0x00, 0x00, 0x00, 0x00, 0x00, 0x00, 0x00, 0x00, 0x00, 0x00, 0x00,
    0x04, 0x01, 0x04, 0x00, 0x01, 0x01, 0x01, 0x01, 0x00, 0x00, 0x08, 0x07,
    0x07, 0x07, 0x0a, 0x07, 0x07, 0x07, 0x07, 0x07, 0x07, 0x07, 0x07, 0x07,
    0x17, 0x17, 0x0b, 0x0b, 0x0b, 0x18, 0x0b, 0x0b, 0x18, 0x0b, 0x20, 0x1c,
    0x1a, 0x27, 0x14, 0x1d, 0x20, 0x18, 0x17, 0x17, 0x17, 0x17, 0x17, 0x07,
    0x07, 0x07, 0x07, 0x07, 0x0a, 0x09, 0x09, 0x00, 0x00, 0x04, 0x04, 0x00,
    0x00, 0x00, 0x00, 0x00, 0x00, 0x00, 0x00, 0x00, 0x00, 0x00, 0x00, 0x00,
    0x00, 0x00, 0x00, 0x00, 0x00, 0x00, 0x00, 0x00, 0x00, 0x00, 0x00, 0x00,
    0x00, 0x00, 0x00, 0x00, 0x00, 0x00, 0x00, 0x00, 0x00, 0x00, 0x00, 0x00,
    0x00, 0x00, 0x00, 0x00, 0x00, 0x00, 0x00, 0x00, 0x00, 0x04, 0x04, 0x01,
    0x01, 0x01, 0x01, 0x01, 0x01, 0x07, 0x07, 0x07, 0x07, 0x07, 0x07, 0x07,
    0x17, 0x17, 0x17, 0x17, 0x26, 0x18, 0x20, 0x21, 0x2a, 0x14, 0x1b, 0x24,
    0x20, 0x18, 0x17, 0x17, 0x17, 0x18, 0x0b, 0x0b, 0x18, 0x17, 0x17, 0x2b,
    0x07, 0x07, 0x07, 0x07, 0x07, 0x07, 0x07, 0x07, 0x07, 0x07, 0x07, 0x09,
    0x07, 0x07, 0x08, 0x01, 0x04, 0x01, 0x00, 0x01, 0x00, 0x01, 0x01, 0x00,
    0x04, 0x04, 0x04, 0x04, 0x06, 0x00, 0x00, 0x00, 0x00, 0x00, 0x00, 0x00,
    0x00, 0x00, 0x00, 0x00, 0x00, 0x00, 0x00, 0x00, 0x00, 0x00, 0x00, 0x00,
    0x00, 0x00, 0x00, 0x00, 0x00, 0x00, 0x00, 0x00, 0x00, 0x00, 0x00, 0x00,
    0x00, 0x00, 0x00, 0x00, 0x00, 0x00, 0x00, 0x00, 0x00, 0x00, 0x00, 0x00,
    0x00, 0x00, 0x00, 0x00, 0x00, 0x00, 0x00, 0x00, 0x00, 0x00, 0x00, 0x00,
    0x00, 0x00, 0x00, 0x00, 0x00, 0x00, 0x00, 0x00, 0x00, 0x00, 0x00, 0x00,
    0x00, 0x00, 0x00, 0x00, 0x00, 0x00, 0x00, 0x00, 0x00, 0x00, 0x00, 0x00,
    0x00, 0x00, 0x00, 0x00, 0x00, 0x00, 0x00, 0x00, 0x00, 0x00, 0x00, 0x00,
    0x00, 0x00, 0x00, 0x00, 0x00, 0x00, 0x00, 0x00, 0x00, 0x00, 0x00, 0x00,
    0x00, 0x00, 0x00, 0x04, 0x04, 0x01, 0x01, 0x01, 0x00, 0x01, 0x01, 0x00,
    0x01, 0x00, 0x08, 0x07, 0x07, 0x08, 0x07, 0x07, 0x07, 0x07, 0x07, 0x07,
    0x07, 0x07, 0x07, 0x07, 0x17, 0x17, 0x17, 0x18, 0x0b, 0x0b, 0x0b, 0x0b,
    0x17, 0x18, 0x0b, 0x20, 0x24, 0x1b, 0x14, 0x22, 0x24, 0x29, 0x17, 0x18,
    0x17, 0x18, 0x18, 0x0b, 0x17, 0x07, 0x07, 0x07, 0x07, 0x0a, 0x09, 0x09,
    0x04, 0x04, 0x01, 0x04, 0x03, 0x00, 0x00, 0x00, 0x00, 0x00, 0x00, 0x00,
    0x00, 0x00, 0x00, 0x00, 0x00, 0x00, 0x00, 0x00, 0x00, 0x00, 0x00, 0x00,
    0x00, 0x00, 0x00, 0x00, 0x00, 0x00, 0x00, 0x00, 0x00, 0x00, 0x00, 0x00,
    0x00, 0x00, 0x00, 0x00, 0x00, 0x00, 0x00, 0x00, 0x00, 0x00, 0x00, 0x00,
    0x00, 0x00, 0x04, 0x00, 0x04, 0x01, 0x04, 0x00, 0x07, 0x0a, 0x07, 0x07,
    0x07, 0x07, 0x07, 0x17, 0x17, 0x17, 0x17, 0x18, 0x0b, 0x0b, 0x24, 0x22,
    0x27, 0x2c, 0x24, 0x29, 0x0b, 0x17, 0x17, 0x17, 0x17, 0x18, 0x0b, 0x0b,
    0x18, 0x17, 0x17, 0x17, 0x07, 0x07, 0x07, 0x07, 0x07, 0x07, 0x07, 0x07,
    0x08, 0x07, 0x07, 0x07, 0x07, 0x07, 0x08, 0x07, 0x09, 0x04, 0x01, 0x01,
    0x01, 0x01, 0x01, 0x01, 0x00, 0x00, 0x01, 0x01, 0x00, 0x01, 0x00, 0x00,
    0x00, 0x00, 0x00, 0x00, 0x00, 0x00, 0x00, 0x00, 0x00, 0x00, 0x00, 0x00,
    0x00, 0x00, 0x00, 0x00, 0x00, 0x00, 0x00, 0x00, 0x00, 0x00, 0x00, 0x00,
    0x00, 0x00, 0x00, 0x00, 0x00, 0x00, 0x00, 0x00, 0x00, 0x00, 0x00, 0x00,
    0x00, 0x00, 0x00, 0x00, 0x00, 0x00, 0x00, 0x00, 0x00, 0x00, 0x00, 0x00,
    0x00, 0x00, 0x00, 0x00, 0x00, 0x00, 0x00, 0x00, 0x00, 0x00, 0x00, 0x00,
    0x00, 0x00, 0x00, 0x00, 0x00, 0x00, 0x00, 0x00, 0x00, 0x00, 0x00, 0x00,
    0x00, 0x00, 0x00, 0x00, 0x00, 0x00, 0x00, 0x00, 0x00, 0x00, 0x00, 0x00,
    0x00, 0x00, 0x00, 0x00, 0x00, 0x00, 0x00, 0x00, 0x00, 0x00, 0x00, 0x00,
    0x03, 0x03, 0x00, 0x00, 0x03, 0x01, 0x00, 0x04, 0x06, 0x01, 0x01, 0x01,
    0x00, 0x01, 0x01, 0x08, 0x08, 0x08, 0x07, 0x07, 0x07, 0x07, 0x07, 0x07,
    0x07, 0x07, 0x08, 0x07, 0x07, 0x07, 0x07, 0x07, 0x17, 0x26, 0x17, 0x18,
    0x0b, 0x0b, 0x18, 0x0b, 0x17, 0x17, 0x18, 0x0b, 0x20, 0x24, 0x2a, 0x27,
    0x2c, 0x24, 0x18, 0x0b, 0x0b, 0x18, 0x0b, 0x0b, 0x17, 0x07, 0x07, 0x08,
    0x07, 0x07, 0x07, 0x09, 0x04, 0x04, 0x01, 0x04, 0x00, 0x00, 0x00, 0x00,
    0x00, 0x00, 0x00, 0x00, 0x00, 0x00, 0x00, 0x00, 0x00, 0x00, 0x00, 0x00,
    0x00, 0x00, 0x00, 0x00, 0x00, 0x00, 0x00, 0x00, 0x00, 0x00, 0x00, 0x00,
    0x00, 0x00, 0x00, 0x00, 0x00, 0x00, 0x00, 0x00, 0x00, 0x00, 0x00, 0x00,
    0x00, 0x00, 0x00, 0x00, 0x00, 0x00, 0x01, 0x01, 0x04, 0x01, 0x04, 0x01,
    0x07, 0x09, 0x07, 0x07, 0x07, 0x07, 0x07, 0x17, 0x17, 0x26, 0x18, 0x0b,
    0x0b, 0x1c, 0x1a, 0x14, 0x25, 0x24, 0x29, 0x0b, 0x17, 0x17, 0x17, 0x17,
    0x18, 0x0b, 0x0b, 0x17, 0x17, 0x17, 0x18, 0x17, 0x07, 0x07, 0x07, 0x07,
    0x07, 0x07, 0x08, 0x07, 0x07, 0x07, 0x08, 0x07, 0x07, 0x0a, 0x0a, 0x07,
    0x0a, 0x09, 0x01, 0x01, 0x01, 0x01, 0x00, 0x01, 0x00, 0x00, 0x01, 0x03,
    0x00, 0x00, 0x00, 0x00, 0x01, 0x00, 0x00, 0x00, 0x04, 0x00, 0x00, 0x00,
    0x00, 0x00, 0x00, 0x00, 0x00, 0x00, 0x00, 0x00, 0x00, 0x00, 0x00, 0x00,
    0x00, 0x00, 0x00, 0x00, 0x00, 0x00, 0x00, 0x00, 0x00, 0x00, 0x00, 0x00,
    0x00, 0x00, 0x00, 0x00, 0x00, 0x00, 0x00, 0x00, 0x00, 0x00, 0x00, 0x00,
    0x00, 0x00, 0x00, 0x00, 0x00, 0x00, 0x00, 0x00, 0x00, 0x00, 0x00, 0x00,
    0x00, 0x00, 0x00, 0x00, 0x00, 0x00, 0x00, 0x00, 0x00, 0x00, 0x00, 0x00,
    0x00, 0x00, 0x00, 0x00, 0x00, 0x00, 0x00, 0x00, 0x00, 0x00, 0x00, 0x00,
    0x00, 0x00, 0x00, 0x00, 0x00, 0x00, 0x00, 0x00, 0x00, 0x00, 0x00, 0x00,
    0x00, 0x00, 0x00, 0x00, 0x01, 0x00, 0x03, 0x00, 0x01, 0x00, 0x01, 0x01,
    0x01, 0x01, 0x01, 0x01, 0x01, 0x00, 0x08, 0x0a, 0x0a, 0x07, 0x07, 0x07,
    0x07, 0x07, 0x07, 0x07, 0x07, 0x07, 0x07, 0x07, 0x07, 0x0a, 0x0a, 0x17,
    0x17, 0x18, 0x17, 0x17, 0x0b, 0x18, 0x0b, 0x0b, 0x17, 0x17, 0x0b, 0x17,
    0x29, 0x20, 0x24, 0x22, 0x14, 0x1a, 0x19, 0x0b, 0x0b, 0x0b, 0x17, 0x17,
    0x17, 0x07, 0x07, 0x07, 0x07, 0x07, 0x08, 0x08, 0x07, 0x04, 0x00, 0x04,
    0x00, 0x00, 0x01, 0x00, 0x00, 0x00, 0x00, 0x00, 0x00, 0x00, 0x00, 0x00,
    0x00, 0x00, 0x00, 0x00, 0x00, 0x00, 0x00, 0x00, 0x00, 0x00, 0x00, 0x00,
    0x00, 0x00, 0x00, 0x00, 0x00, 0x00, 0x00, 0x00, 0x00, 0x00, 0x00, 0x00,
    0x00, 0x00, 0x00, 0x00, 0x00, 0x00, 0x00, 0x01, 0x00, 0x01, 0x01, 0x01,
    0x00, 0x00, 0x08, 0x07, 0x0a, 0x07, 0x07, 0x07, 0x07, 0x07, 0x17, 0x18,
    0x18, 0x0b, 0x17, 0x0b, 0x29, 0x1a, 0x14, 0x22, 0x21, 0x20, 0x20, 0x17,
    0x17, 0x17, 0x26, 0x18, 0x0b, 0x0b, 0x18, 0x0b, 0x0b, 0x17, 0x18, 0x17,
    0x07, 0x07, 0x07, 0x07, 0x07, 0x07, 0x07, 0x0a, 0x07, 0x07, 0x07, 0x07,
    0x07, 0x0a, 0x0a, 0x0a, 0x0a, 0x07, 0x08, 0x01, 0x01, 0x01, 0x00, 0x01,
    0x01, 0x00, 0x01, 0x04, 0x04, 0x01, 0x04, 0x01, 0x00, 0x00, 0x00, 0x01,
    0x00, 0x00, 0x00, 0x00, 0x00, 0x00, 0x00, 0x00, 0x00, 0x00, 0x00, 0x00,
    0x00, 0x00, 0x00, 0x00, 0x00, 0x00, 0x00, 0x00, 0x00, 0x00, 0x00, 0x00,
    0x00, 0x00, 0x00, 0x00, 0x00, 0x00, 0x00, 0x00, 0x00, 0x00, 0x00, 0x00,
    0x00, 0x00, 0x00, 0x00, 0x00, 0x00, 0x00, 0x00, 0x00, 0x00, 0x00, 0x00,
    0x00, 0x00, 0x00, 0x00, 0x00, 0x00, 0x00, 0x00, 0x00, 0x00, 0x00, 0x00,
    0x00, 0x00, 0x00, 0x00, 0x00, 0x00, 0x00, 0x00, 0x00, 0x00, 0x00, 0x00,
    0x00, 0x00, 0x00, 0x00, 0x00, 0x00, 0x00, 0x00, 0x00, 0x00, 0x00, 0x00,
    0x00, 0x00, 0x00, 0x00, 0x00, 0x00, 0x00, 0x00, 0x00, 0x02, 0x00, 0x04,
    0x04, 0x01, 0x01, 0x04, 0x01, 0x01, 0x01, 0x01, 0x00, 0x0a, 0x0a, 0x0a,
    0x0a, 0x0a, 0x07, 0x07, 0x07, 0x0a, 0x07, 0x07, 0x07, 0x07, 0x07, 0x07,
    0x07, 0x0a, 0x0a, 0x17, 0x17, 0x17, 0x17, 0x17, 0x17, 0x18, 0x0b, 0x0b,
    0x18, 0x18, 0x17, 0x17, 0x18, 0x20, 0x20, 0x24, 0x22, 0x14, 0x1a, 0x20,
    0x0b, 0x18, 0x18, 0x17, 0x17, 0x17, 0x07, 0x07, 0x07, 0x07, 0x07, 0x07,
    0x0a, 0x09, 0x01, 0x04, 0x04, 0x00, 0x00, 0x00, 0x00, 0x00, 0x00, 0x00,
    0x00, 0x00, 0x00, 0x00, 0x00, 0x00, 0x00, 0x00, 0x00, 0x00, 0x00, 0x00,
    0x00, 0x00, 0x00, 0x00, 0x00, 0x00, 0x00, 0x00, 0x00, 0x00, 0x00, 0x00,
    0x00, 0x00, 0x00, 0x00, 0x00, 0x00, 0x00, 0x00, 0x00, 0x00, 0x00, 0x00,
    0x00, 0x01, 0x00, 0x01, 0x01, 0x01, 0x07, 0x07, 0x07, 0x07, 0x07, 0x07,
    0x07, 0x07, 0x17, 0x0b, 0x17, 0x17, 0x0b, 0x20, 0x13, 0x14, 0x2d, 0x1d,
    0x19, 0x20, 0x18, 0x18, 0x0b, 0x18, 0x0b, 0x0b, 0x0b, 0x0b, 0x18, 0x0b,
    0x17, 0x17, 0x18, 0x17, 0x17, 0x07, 0x07, 0x07, 0x07, 0x07, 0x07, 0x07,
    0x07, 0x07, 0x07, 0x07, 0x0a, 0x0a, 0x0a, 0x0b, 0x0a, 0x07, 0x07, 0x07,
    0x08, 0x08, 0x01, 0x01, 0x01, 0x01, 0x01, 0x01, 0x00, 0x01, 0x01, 0x00,
    0x01, 0x00, 0x00, 0x00, 0x00, 0x00, 0x00, 0x04, 0x00, 0x00, 0x00, 0x00,
    0x00, 0x00, 0x00, 0x00, 0x00, 0x00, 0x00, 0x00, 0x00, 0x00, 0x00, 0x00,
    0x00, 0x00, 0x00, 0x00, 0x00, 0x00, 0x00, 0x00, 0x00, 0x00, 0x00, 0x00,
    0x00, 0x00, 0x00, 0x00, 0x00, 0x00, 0x00, 0x00, 0x00, 0x00, 0x00, 0x00,
    0x00, 0x00, 0x00, 0x00, 0x00, 0x00, 0x00, 0x00, 0x00, 0x00, 0x00, 0x00,
    0x00, 0x00, 0x00, 0x00, 0x00, 0x00, 0x00, 0x00, 0x00, 0x00, 0x00, 0x00,
    0x00, 0x00, 0x00, 0x00, 0x00, 0x00, 0x00, 0x00, 0x00, 0x00, 0x00, 0x00,
    0x00, 0x00, 0x00, 0x00, 0x00, 0x00, 0x00, 0x00, 0x00, 0x00, 0x00, 0x00,
    0x00, 0x06, 0x04, 0x04, 0x00, 0x01, 0x01, 0x01, 0x01, 0x01, 0x01, 0x00,
    0x07, 0x0a, 0x07, 0x0a, 0x0c, 0x0a, 0x07, 0x07, 0x07, 0x0a, 0x07, 0x07,
    0x07, 0x07, 0x07, 0x07, 0x07, 0x0a, 0x07, 0x17, 0x17, 0x17, 0x26, 0x17,
    0x17, 0x0b, 0x0b, 0x0b, 0x18, 0x0b, 0x17, 0x17, 0x17, 0x17, 0x29, 0x2e,
    0x2f, 0x22, 0x14, 0x13, 0x20, 0x0b, 0x0b, 0x18, 0x17, 0x17, 0x28, 0x07,
    0x07, 0x07, 0x07, 0x07, 0x0a, 0x0a, 0x01, 0x01, 0x01, 0x04, 0x01, 0x00,
    0x00, 0x00, 0x00, 0x00, 0x00, 0x00, 0x00, 0x00, 0x00, 0x00, 0x00, 0x00,
    0x00, 0x00, 0x00, 0x00, 0x00, 0x00, 0x00, 0x00, 0x00, 0x00, 0x00, 0x00,
    0x00, 0x00, 0x00, 0x00, 0x00, 0x00, 0x00, 0x00, 0x00, 0x00, 0x00, 0x00,
    0x00, 0x00, 0x04, 0x00, 0x00, 0x04, 0x04, 0x04, 0x04, 0x09, 0x0a, 0x07,
    0x08, 0x07, 0x07, 0x07, 0x07, 0x17, 0x17, 0x18, 0x17, 0x17, 0x29, 0x21,
    0x14, 0x14, 0x1b, 0x20, 0x20, 0x0b, 0x0b, 0x0b, 0x0b, 0x0b, 0x0b, 0x0b,
    0x18, 0x0b, 0x0b, 0x18, 0x0b, 0x17, 0x17, 0x17, 0x17, 0x07, 0x07, 0x07,
    0x07, 0x07, 0x07, 0x07, 0x07, 0x07, 0x07, 0x07, 0x0a, 0x0b, 0x30, 0x10,
    0x31, 0x0a, 0x07, 0x07, 0x07, 0x08, 0x07, 0x00, 0x00, 0x01, 0x00, 0x01,
    0x01, 0x01, 0x01, 0x01, 0x00, 0x00, 0x00, 0x00, 0x00, 0x01, 0x00, 0x00,
    0x04, 0x00, 0x00, 0x00, 0x00, 0x00, 0x00, 0x00, 0x00, 0x00, 0x00, 0x00,
    0x00, 0x00, 0x00, 0x00, 0x00, 0x00, 0x00, 0x00, 0x00, 0x00, 0x00, 0x00,
    0x00, 0x00, 0x00, 0x00, 0x00, 0x00, 0x00, 0x00, 0x00, 0x00, 0x00, 0x00,
    0x00, 0x00, 0x00, 0x00, 0x00, 0x00, 0x00, 0x00, 0x00, 0x00, 0x00, 0x00,
    0x00, 0x00, 0x00, 0x00, 0x00, 0x00, 0x00, 0x00, 0x00, 0x00, 0x00, 0x00,
    0x00, 0x00, 0x00, 0x00, 0x00, 0x00, 0x00, 0x00, 0x00, 0x00, 0x00, 0x00,
    0x00, 0x00, 0x00, 0x00, 0x00, 0x00, 0x00, 0x00, 0x00, 0x00, 0x00, 0x00,
    0x00, 0x00, 0x00, 0x00, 0x00, 0x06, 0x04, 0x01, 0x00, 0x01, 0x00, 0x00,
    0x01, 0x00, 0x01, 0x01, 0x09, 0x07, 0x0b, 0x32, 0x33, 0x34, 0x0b, 0x07,
    0x07, 0x07, 0x07, 0x07, 0x07, 0x07, 0x07, 0x07, 0x07, 0x0a, 0x0a, 0x17,
    0x26, 0x17, 0x18, 0x17, 0x17, 0x18, 0x0b, 0x0b, 0x0b, 0x0b, 0x18, 0x0b,
    0x0b, 0x17, 0x17, 0x29, 0x1c, 0x2f, 0x14, 0x25, 0x21, 0x20, 0x0b, 0x18,
    0x17, 0x17, 0x17, 0x0a, 0x07, 0x07, 0x07, 0x07, 0x07, 0x08, 0x04, 0x00,
    0x04, 0x01, 0x01, 0x01, 0x03, 0x00, 0x00, 0x01, 0x00, 0x00, 0x00, 0x00,
    0x00, 0x00, 0x00, 0x00, 0x00, 0x00, 0x00, 0x00, 0x00, 0x00, 0x00, 0x00,
    0x00, 0x00, 0x00, 0x00, 0x00, 0x00, 0x00, 0x00, 0x00, 0x00, 0x00, 0x00,
    0x00, 0x00, 0x00, 0x00, 0x00, 0x00, 0x01, 0x00, 0x01, 0x01, 0x01, 0x01,
    0x0a, 0x07, 0x07, 0x07, 0x07, 0x07, 0x07, 0x07, 0x17, 0x17, 0x17, 0x18,
    0x0b, 0x0b, 0x1c, 0x1a, 0x14, 0x1b, 0x24, 0x29, 0x17, 0x17, 0x18, 0x0b,
    0x0b, 0x18, 0x0b, 0x0b, 0x18, 0x0b, 0x0b, 0x17, 0x17, 0x17, 0x17, 0x26,
    0x17, 0x07, 0x07, 0x07, 0x07, 0x07, 0x0a, 0x0a, 0x07, 0x07, 0x07, 0x17,
    0x0b, 0x35, 0x1e, 0x36, 0x10, 0x0c, 0x0a, 0x37, 0x09, 0x0a, 0x0a, 0x07,
    0x01, 0x00, 0x00, 0x00, 0x01, 0x01, 0x01, 0x00, 0x00, 0x00, 0x00, 0x01,
    0x00, 0x00, 0x00, 0x00, 0x00, 0x00, 0x00, 0x00, 0x00, 0x00, 0x00, 0x00,
    0x00, 0x00, 0x00, 0x00, 0x00, 0x00, 0x00, 0x00, 0x00, 0x00, 0x00, 0x00,
    0x00, 0x00, 0x00, 0x00, 0x00, 0x00, 0x00, 0x00, 0x00, 0x00, 0x00, 0x00,
    0x00, 0x00, 0x00, 0x00, 0x00, 0x00, 0x00, 0x00, 0x00, 0x00, 0x00, 0x00,
    0x00, 0x00, 0x00, 0x00, 0x00, 0x00, 0x00, 0x00, 0x00, 0x00, 0x00, 0x00,
    0x00, 0x00, 0x00, 0x00, 0x00, 0x00, 0x00, 0x00, 0x00, 0x00, 0x00, 0x00,
    0x00, 0x00, 0x00, 0x00, 0x00, 0x00, 0x00, 0x00, 0x00, 0x00, 0x00, 0x00,
    0x00, 0x00, 0x00, 0x00, 0x00, 0x00, 0x03, 0x06, 0x06, 0x00, 0x01, 0x01,
    0x03, 0x01, 0x01, 0x01, 0x01, 0x08, 0x08, 0x08, 0x08, 0x0a, 0x0b, 0x38,
    0x16, 0x11, 0x12, 0x0b, 0x0b, 0x17, 0x07, 0x07, 0x07, 0x07, 0x07, 0x07,
    0x07, 0x07, 0x18, 0x17, 0x17, 0x18, 0x0b, 0x17, 0x17, 0x18, 0x18, 0x0b,
    0x0b, 0x18, 0x0b, 0x18, 0x0b, 0x17, 0x17, 0x0b, 0x20, 0x1c, 0x1a, 0x14,
    0x22, 0x24, 0x20, 0x18, 0x17, 0x17, 0x17, 0x17, 0x07, 0x07, 0x07, 0x07,
    0x07, 0x0a, 0x0a, 0x00, 0x00, 0x01, 0x01, 0x01, 0x00, 0x03, 0x00, 0x00,
    0x00, 0x00, 0x00, 0x00, 0x00, 0x00, 0x00, 0x00, 0x00, 0x00, 0x00, 0x00,
    0x00, 0x00, 0x00, 0x00, 0x00, 0x00, 0x00, 0x00, 0x00, 0x00, 0x00, 0x00,
    0x00, 0x00, 0x00, 0x00, 0x00, 0x00, 0x00, 0x00, 0x00, 0x00, 0x00, 0x01,
    0x01, 0x01, 0x01, 0x07, 0x09, 0x07, 0x07, 0x07, 0x07, 0x07, 0x07, 0x07,
    0x17, 0x17, 0x18, 0x0b, 0x0b, 0x19, 0x1a, 0x14, 0x2c, 0x24, 0x29, 0x0b,
    0x17, 0x17, 0x17, 0x17, 0x18, 0x0b, 0x0b, 0x0b, 0x0b, 0x0b, 0x18, 0x17,
    0x17, 0x17, 0x26, 0x17, 0x17, 0x17, 0x17, 0x17, 0x17, 0x17, 0x18, 0x0a,
    0x07, 0x07, 0x0b, 0x0b, 0x13, 0x14, 0x15, 0x39, 0x0c, 0x0a, 0x0a, 0x07,
    0x07, 0x07, 0x07, 0x07, 0x07, 0x01, 0x01, 0x01, 0x04, 0x01, 0x00, 0x01,
    0x00, 0x00, 0x03, 0x00, 0x00, 0x00, 0x03, 0x00, 0x00, 0x00, 0x00, 0x00,
    0x00, 0x00, 0x00, 0x00, 0x00, 0x00, 0x00, 0x00, 0x00, 0x00, 0x00, 0x00,
    0x00, 0x00, 0x00, 0x00, 0x00, 0x00, 0x00, 0x00, 0x00, 0x00, 0x00, 0x00,
    0x00, 0x00, 0x00, 0x00, 0x00, 0x00, 0x00, 0x00, 0x00, 0x00, 0x00, 0x00,
    0x00, 0x00, 0x00, 0x00, 0x00, 0x00, 0x00, 0x00, 0x00, 0x00, 0x00, 0x00,
    0x00, 0x00, 0x00, 0x00, 0x00, 0x00, 0x00, 0x00, 0x00, 0x00, 0x00, 0x00,
    0x00, 0x00, 0x00, 0x00, 0x00, 0x00, 0x00, 0x00, 0x00, 0x00, 0x00, 0x00,
    0x00, 0x00, 0x00, 0x00, 0x00, 0x00, 0x00, 0x00, 0x00, 0x00, 0x00, 0x06,
    0x04, 0x04, 0x00, 0x00, 0x01, 0x01, 0x01, 0x01, 0x04, 0x07, 0x07, 0x07,
    0x07, 0x0a, 0x0a, 0x0c, 0x13, 0x14, 0x14, 0x13, 0x0c, 0x0b, 0x18, 0x17,
    0x07, 0x07, 0x07, 0x07, 0x0a, 0x0a, 0x0b, 0x17, 0x17, 0x17, 0x18, 0x0b,
    0x17, 0x17, 0x0b, 0x0b, 0x0b, 0x0b, 0x0b, 0x0b, 0x18, 0x17, 0x17, 0x29,
    0x20, 0x20, 0x24, 0x2a, 0x27, 0x1b, 0x1c, 0x20, 0x17, 0x17, 0x26, 0x17,
    0x17, 0x07, 0x07, 0x07, 0x07, 0x08, 0x08, 0x01, 0x01, 0x01, 0x01, 0x01,
    0x01, 0x00, 0x00, 0x00, 0x00, 0x04, 0x00, 0x00, 0x00, 0x00, 0x00, 0x00,
    0x00, 0x00, 0x00, 0x00, 0x00, 0x00, 0x00, 0x00, 0x00, 0x00, 0x00, 0x00,
    0x00, 0x00, 0x00, 0x00, 0x00, 0x00, 0x00, 0x00, 0x00, 0x00, 0x00, 0x00,
    0x00, 0x00, 0x00, 0x00, 0x01, 0x04, 0x01, 0x07, 0x0a, 0x07, 0x07, 0x07,
    0x07, 0x07, 0x07, 0x17, 0x17, 0x17, 0x18, 0x0b, 0x20, 0x13, 0x14, 0x14,
    0x24, 0x20, 0x29, 0x17, 0x17, 0x17, 0x17, 0x17, 0x18, 0x0b, 0x0b, 0x18,
    0x0b, 0x0b, 0x18, 0x18, 0x17, 0x17, 0x17, 0x17, 0x17, 0x26, 0x17, 0x17,
    0x17, 0x17, 0x17, 0x17, 0x17, 0x17, 0x3a, 0x13, 0x16, 0x15, 0x13, 0x0c,
    0x0b, 0x0a, 0x07, 0x07, 0x07, 0x07, 0x07, 0x09, 0x0a, 0x0a, 0x01, 0x00,
    0x01, 0x04, 0x04, 0x01, 0x01, 0x01, 0x00, 0x00, 0x00, 0x00, 0x00, 0x00,
    0x00, 0x00, 0x00, 0x00, 0x00, 0x00, 0x00, 0x00, 0x00, 0x00, 0x00, 0x00,
    0x00, 0x00, 0x00, 0x00, 0x00, 0x00, 0x00, 0x00, 0x00, 0x00, 0x00, 0x00,
    0x00, 0x00, 0x00, 0x00, 0x00, 0x00, 0x00, 0x00, 0x00, 0x00, 0x00, 0x00,
    0x00, 0x00, 0x00, 0x00, 0x00, 0x00, 0x00, 0x00, 0x00, 0x00, 0x00, 0x00,
    0x00, 0x00, 0x00, 0x00, 0x00, 0x00, 0x00, 0x00, 0x00, 0x00, 0x00, 0x00,
    0x00, 0x00, 0x00, 0x00, 0x00, 0x00, 0x00, 0x00, 0x00, 0x00, 0x00, 0x00,
    0x00, 0x00, 0x00, 0x00, 0x00, 0x00, 0x00, 0x00, 0x00, 0x00, 0x00, 0x00,
    0x00, 0x04, 0x00, 0x04, 0x01, 0x00, 0x01, 0x01, 0x01, 0x01, 0x01, 0x07,
    0x08, 0x07, 0x07, 0x07, 0x0a, 0x0a, 0x0a, 0x0b, 0x0b, 0x1d, 0x14, 0x14,
    0x38, 0x19, 0x0b, 0x0b, 0x17, 0x17, 0x07, 0x07, 0x0a, 0x0a, 0x0b, 0x17,
    0x17, 0x17, 0x18, 0x0b, 0x17, 0x17, 0x17, 0x18, 0x0b, 0x17, 0x18, 0x17,
    0x17, 0x18, 0x17, 0x18, 0x20, 0x20, 0x20, 0x24, 0x22, 0x14, 0x13, 0x19,
    0x18, 0x17, 0x17, 0x17, 0x17, 0x07, 0x07, 0x07, 0x07, 0x07, 0x07, 0x07,
    0x01, 0x01, 0x01, 0x00, 0x01, 0x01, 0x00, 0x00, 0x00, 0x00, 0x00, 0x00,
    0x00, 0x00, 0x00, 0x00, 0x00, 0x00, 0x00, 0x00, 0x00, 0x00, 0x00, 0x00,
    0x00, 0x00, 0x00, 0x00, 0x00, 0x00, 0x00, 0x00, 0x00, 0x00, 0x00, 0x00,
    0x00, 0x00, 0x00, 0x00, 0x00, 0x00, 0x01, 0x01, 0x01, 0x01, 0x08, 0x07,
    0x07, 0x07, 0x07, 0x07, 0x07, 0x07, 0x17, 0x17, 0x17, 0x17, 0x18, 0x20,
    0x21, 0x14, 0x14, 0x2f, 0x2e, 0x20, 0x17, 0x17, 0x17, 0x26, 0x18, 0x0b,
    0x0b, 0x18, 0x0b, 0x0b, 0x18, 0x17, 0x17, 0x17, 0x17, 0x17, 0x26, 0x17,
    0x17, 0x17, 0x26, 0x17, 0x26, 0x17, 0x17, 0x17, 0x18, 0x19, 0x1a, 0x14,
    0x23, 0x13, 0x0c, 0x0b, 0x0a, 0x07, 0x07, 0x07, 0x07, 0x08, 0x07, 0x07,
    0x09, 0x0a, 0x0a, 0x08, 0x00, 0x00, 0x04, 0x01, 0x01, 0x01, 0x03, 0x03,
    0x00, 0x00, 0x00, 0x00, 0x00, 0x00, 0x00, 0x00, 0x00, 0x00, 0x00, 0x00,
    0x00, 0x00, 0x00, 0x00, 0x00, 0x00, 0x00, 0x00, 0x00, 0x00, 0x00, 0x00,
    0x00, 0x00, 0x00, 0x00, 0x00, 0x00, 0x00, 0x00, 0x00, 0x00, 0x00, 0x00,
    0x00, 0x00, 0x00, 0x00, 0x00, 0x00, 0x00, 0x00, 0x00, 0x00, 0x00, 0x00,
    0x00, 0x00, 0x00, 0x00, 0x00, 0x00, 0x00, 0x00, 0x00, 0x00, 0x00, 0x00,
    0x00, 0x00, 0x00, 0x00, 0x00, 0x00, 0x00, 0x00, 0x00, 0x00, 0x00, 0x00,
    0x00, 0x00, 0x00, 0x00, 0x00, 0x00, 0x00, 0x00, 0x00, 0x00, 0x00, 0x00,
    0x00, 0x00, 0x00, 0x00, 0x04, 0x00, 0x00, 0x01, 0x01, 0x01, 0x01, 0x01,
    0x00, 0x08, 0x08, 0x0a, 0x07, 0x07, 0x08, 0x07, 0x07, 0x07, 0x07, 0x07,
    0x0b, 0x0b, 0x24, 0x1e, 0x15, 0x3b, 0x19, 0x18, 0x17, 0x17, 0x17, 0x17,
    0x17, 0x18, 0x18, 0x17, 0x17, 0x17, 0x18, 0x0b, 0x17, 0x17, 0x17, 0x17,
    0x17, 0x17, 0x17, 0x17, 0x17, 0x17, 0x17, 0x17, 0x3c, 0x3d, 0x29, 0x2e,
    0x2f, 0x14, 0x22, 0x21, 0x20, 0x17, 0x17, 0x26, 0x17, 0x17, 0x17, 0x07,
    0x07, 0x07, 0x07, 0x07, 0x07, 0x00, 0x01, 0x01, 0x01, 0x01, 0x00, 0x00,
    0x01, 0x00, 0x00, 0x00, 0x00, 0x00, 0x00, 0x00, 0x00, 0x00, 0x00, 0x00,
    0x00, 0x00, 0x00, 0x00, 0x00, 0x00, 0x00, 0x00, 0x00, 0x00, 0x00, 0x00,
    0x00, 0x00, 0x00, 0x00, 0x00, 0x00, 0x00, 0x00, 0x01, 0x00, 0x01, 0x00,
    0x01, 0x01, 0x07, 0x07, 0x07, 0x07, 0x07, 0x07, 0x07, 0x17, 0x18, 0x18,
    0x18, 0x17, 0x0b, 0x1c, 0x1a, 0x27, 0x1b, 0x24, 0x29, 0x3d, 0x17, 0x17,
    0x17, 0x18, 0x0b, 0x0b, 0x0b, 0x0b, 0x0b, 0x17, 0x17, 0x17, 0x17, 0x17,
    0x17, 0x17, 0x17, 0x26, 0x17, 0x17, 0x17, 0x17, 0x17, 0x26, 0x17, 0x18,
    0x19, 0x1a, 0x15, 0x23, 0x1c, 0x0b, 0x0b, 0x17, 0x07, 0x07, 0x0a, 0x0a,
    0x0a, 0x0a, 0x0a, 0x0a, 0x0a, 0x09, 0x09, 0x07, 0x07, 0x04, 0x01, 0x01,
    0x01, 0x01, 0x00, 0x00, 0x00, 0x03, 0x00, 0x00, 0x00, 0x00, 0x03, 0x00,
    0x00, 0x00, 0x00, 0x00, 0x00, 0x00, 0x00, 0x00, 0x00, 0x00, 0x00, 0x00,
    0x00, 0x00, 0x00, 0x00, 0x00, 0x00, 0x00, 0x00, 0x00, 0x00, 0x00, 0x00,
    0x00, 0x00, 0x00, 0x00, 0x00, 0x00, 0x00, 0x00, 0x00, 0x00, 0x00, 0x00,
    0x00, 0x00, 0x00, 0x00, 0x00, 0x00, 0x00, 0x00, 0x00, 0x00, 0x00, 0x00,
    0x00, 0x00, 0x00, 0x00, 0x00, 0x00, 0x00, 0x00, 0x00, 0x00, 0x00, 0x00,
    0x00, 0x00, 0x00, 0x00, 0x00, 0x00, 0x00, 0x00, 0x00, 0x00, 0x00, 0x00,
    0x00, 0x00, 0x00, 0x00, 0x00, 0x00, 0x00, 0x00, 0x06, 0x00, 0x01, 0x00,
    0x01, 0x01, 0x01, 0x01, 0x07, 0x08, 0x07, 0x07, 0x07, 0x07, 0x07, 0x07,
    0x07, 0x07, 0x07, 0x07, 0x17, 0x0b, 0x0b, 0x1c, 0x3b, 0x16, 0x1a, 0x19,
    0x0b, 0x17, 0x17, 0x17, 0x18, 0x0b, 0x0b, 0x17, 0x17, 0x18, 0x0b, 0x0b,
    0x18, 0x18, 0x17, 0x17, 0x26, 0x17, 0x18, 0x18, 0x0b, 0x17, 0x17, 0x17,
    0x17, 0x17, 0x3d, 0x29, 0x1c, 0x1b, 0x14, 0x1b, 0x1c, 0x18, 0x18, 0x17,
    0x17, 0x17, 0x26, 0x0a, 0x07, 0x07, 0x07, 0x07, 0x07, 0x00, 0x01, 0x01,
    0x01, 0x01, 0x04, 0x01, 0x01, 0x00, 0x00, 0x00, 0x00, 0x00, 0x00, 0x00,
    0x00, 0x00, 0x00, 0x00, 0x00, 0x00, 0x00, 0x00, 0x00, 0x00, 0x00, 0x00,
    0x00, 0x00, 0x00, 0x00, 0x00, 0x00, 0x00, 0x00, 0x00, 0x00, 0x00, 0x00,
    0x00, 0x00, 0x01, 0x00, 0x04, 0x04, 0x0a, 0x07, 0x07, 0x07, 0x07, 0x07,
    0x0a, 0x17, 0x0b, 0x0b, 0x17, 0x18, 0x19, 0x1a, 0x14, 0x2c, 0x24, 0x29,
    0x20, 0x17, 0x17, 0x18, 0x18, 0x0b, 0x0b, 0x18, 0x0b, 0x18, 0x18, 0x17,
    0x17, 0x17, 0x17, 0x26, 0x17, 0x17, 0x17, 0x17, 0x17, 0x17, 0x26, 0x17,
    0x17, 0x17, 0x18, 0x19, 0x1a, 0x16, 0x3b, 0x1c, 0x0b, 0x18, 0x0b, 0x17,
    0x17, 0x17, 0x0a, 0x0a, 0x0a, 0x0a, 0x0a, 0x0a, 0x0a, 0x0a, 0x07, 0x08,
    0x0a, 0x00, 0x01, 0x01, 0x04, 0x01, 0x01, 0x01, 0x03, 0x00, 0x00, 0x00,
    0x00, 0x04, 0x00, 0x00, 0x00, 0x00, 0x00, 0x00, 0x00, 0x00, 0x00, 0x00,
    0x00, 0x00, 0x00, 0x00, 0x00, 0x00, 0x00, 0x00, 0x00, 0x00, 0x00, 0x00,
    0x00, 0x00, 0x00, 0x00, 0x00, 0x00, 0x00, 0x00, 0x00, 0x00, 0x00, 0x00,
    0x00, 0x00, 0x00, 0x00, 0x00, 0x00, 0x00, 0x00, 0x00, 0x00, 0x00, 0x00,
    0x00, 0x00, 0x00, 0x00, 0x00, 0x00, 0x00, 0x00, 0x00, 0x00, 0x00, 0x00,
    0x00, 0x00, 0x00, 0x00, 0x00, 0x00, 0x00, 0x00, 0x00, 0x00, 0x00, 0x00,
    0x00, 0x00, 0x00, 0x00, 0x00, 0x00, 0x00, 0x00, 0x00, 0x04, 0x00, 0x04,
    0x01, 0x01, 0x01, 0x01, 0x01, 0x00, 0x01, 0x07, 0x07, 0x07, 0x07, 0x07,
    0x07, 0x07, 0x07, 0x07, 0x07, 0x07, 0x17, 0x17, 0x17, 0x18, 0x18, 0x0b,
    0x1c, 0x1b, 0x14, 0x1a, 0x19, 0x18, 0x18, 0x0b, 0x0b, 0x0b, 0x17, 0x18,
    0x18, 0x0b, 0x0b, 0x0b, 0x18, 0x0b, 0x17, 0x17, 0x17, 0x17, 0x17, 0x18,
    0x0b, 0x17, 0x17, 0x17, 0x18, 0x17, 0x3d, 0x20, 0x20, 0x24, 0x22, 0x14,
    0x1b, 0x19, 0x0b, 0x18, 0x0b, 0x18, 0x17, 0x17, 0x07, 0x07, 0x07, 0x07,
    0x08, 0x07, 0x03, 0x01, 0x01, 0x04, 0x01, 0x00, 0x00, 0x00, 0x00, 0x00,
    0x00, 0x00, 0x00, 0x00, 0x00, 0x00, 0x00, 0x00, 0x00, 0x00, 0x00, 0x00,
    0x00, 0x00, 0x00, 0x00, 0x00, 0x00, 0x00, 0x00, 0x00, 0x00, 0x00, 0x00,
    0x00, 0x00, 0x00, 0x00, 0x00, 0x06, 0x04, 0x00, 0x01, 0x08, 0x09, 0x0a,
    0x07, 0x07, 0x07, 0x07, 0x17, 0x17, 0x0b, 0x0b, 0x17, 0x20, 0x21, 0x25,
    0x22, 0x3e, 0x20, 0x20, 0x17, 0x17, 0x17, 0x18, 0x0b, 0x0b, 0x0b, 0x0b,
    0x0b, 0x0b, 0x17, 0x17, 0x17, 0x26, 0x17, 0x17, 0x26, 0x17, 0x17, 0x26,
    0x17, 0x18, 0x18, 0x17, 0x17, 0x18, 0x19, 0x1b, 0x14, 0x1b, 0x1c, 0x0b,
    0x0b, 0x18, 0x0b, 0x17, 0x17, 0x17, 0x07, 0x0a, 0x0a, 0x0a, 0x0a, 0x07,
    0x0a, 0x0a, 0x08, 0x07, 0x09, 0x01, 0x01, 0x01, 0x01, 0x00, 0x00, 0x01,
    0x04, 0x04, 0x04, 0x00, 0x04, 0x00, 0x00, 0x00, 0x00, 0x00, 0x00, 0x00,
    0x00, 0x00, 0x00, 0x00, 0x00, 0x00, 0x00, 0x00, 0x00, 0x00, 0x00, 0x00,
    0x00, 0x00, 0x00, 0x00, 0x00, 0x00, 0x00, 0x00, 0x00, 0x00, 0x00, 0x00,
    0x00, 0x00, 0x00, 0x00, 0x00, 0x00, 0x00, 0x00, 0x00, 0x00, 0x00, 0x00,
    0x00, 0x00, 0x00, 0x00, 0x00, 0x00, 0x00, 0x00, 0x00, 0x00, 0x00, 0x00,
    0x00, 0x00, 0x00, 0x00, 0x00, 0x00, 0x00, 0x00, 0x00, 0x00, 0x00, 0x00,
    0x00, 0x00, 0x00, 0x00, 0x00, 0x00, 0x00, 0x01, 0x00, 0x00, 0x00, 0x00,
    0x04, 0x00, 0x01, 0x01, 0x01, 0x01, 0x00, 0x01, 0x01, 0x00, 0x08, 0x07,
    0x08, 0x07, 0x07, 0x07, 0x07, 0x07, 0x07, 0x07, 0x07, 0x07, 0x17, 0x17,
    0x17, 0x17, 0x0b, 0x0b, 0x0b, 0x19, 0x3b, 0x14, 0x3f, 0x19, 0x18, 0x0b,
    0x0b, 0x18, 0x0b, 0x0b, 0x0b, 0x0b, 0x18, 0x17, 0x0b, 0x0b, 0x17, 0x17,
    0x17, 0x17, 0x17, 0x17, 0x17, 0x18, 0x18, 0x18, 0x0b, 0x17, 0x17, 0x17,
    0x18, 0x20, 0x1a, 0x14, 0x14, 0x24, 0x0b, 0x0b, 0x18, 0x0b, 0x17, 0x17,
    0x07, 0x07, 0x07, 0x07, 0x07, 0x09, 0x01, 0x01, 0x01, 0x01, 0x01, 0x04,
    0x04, 0x00, 0x00, 0x00, 0x00, 0x00, 0x00, 0x00, 0x00, 0x00, 0x00, 0x00,
    0x00, 0x00, 0x00, 0x00, 0x00, 0x00, 0x00, 0x00, 0x00, 0x00, 0x00, 0x00,
    0x00, 0x00, 0x00, 0x00, 0x00, 0x00, 0x00, 0x06, 0x06, 0x06, 0x04, 0x04,
    0x00, 0x0a, 0x0a, 0x07, 0x07, 0x07, 0x07, 0x17, 0x17, 0x17, 0x18, 0x18,
    0x0b, 0x1c, 0x1a, 0x14, 0x1b, 0x1c, 0x20, 0x3c, 0x17, 0x17, 0x17, 0x18,
    0x0b, 0x0b, 0x18, 0x0b, 0x0b, 0x18, 0x0b, 0x17, 0x17, 0x17, 0x17, 0x17,
    0x17, 0x17, 0x17, 0x17, 0x17, 0x0b, 0x0b, 0x17, 0x18, 0x19, 0x1a, 0x14,
    0x3f, 0x1c, 0x0b, 0x0b, 0x18, 0x0b, 0x17, 0x17, 0x26, 0x17, 0x17, 0x0a,
    0x0a, 0x07, 0x07, 0x07, 0x0a, 0x0a, 0x0a, 0x07, 0x08, 0x07, 0x08, 0x01,
    0x04, 0x01, 0x00, 0x01, 0x04, 0x00, 0x01, 0x04, 0x04, 0x00, 0x04, 0x00,
    0x00, 0x00, 0x00, 0x00, 0x00, 0x00, 0x00, 0x00, 0x00, 0x00, 0x00, 0x00,
    0x00, 0x00, 0x00, 0x00, 0x00, 0x00, 0x00, 0x00, 0x00, 0x00, 0x00, 0x00,
    0x00, 0x00, 0x00, 0x00, 0x00, 0x00, 0x00, 0x00, 0x00, 0x00, 0x00, 0x00,
    0x00, 0x00, 0x00, 0x00, 0x00, 0x00, 0x00, 0x00, 0x00, 0x00, 0x00, 0x00,
    0x00, 0x00, 0x00, 0x00, 0x00, 0x00, 0x00, 0x00, 0x00, 0x00, 0x00, 0x00,
    0x00, 0x00, 0x00, 0x00, 0x00, 0x00, 0x00, 0x00, 0x00, 0x00, 0x00, 0x00,
    0x00, 0x00, 0x00, 0x01, 0x00, 0x04, 0x01, 0x01, 0x04, 0x01, 0x01, 0x08,
    0x08, 0x07, 0x08, 0x07, 0x07, 0x07, 0x07, 0x07, 0x07, 0x07, 0x07, 0x07,
    0x07, 0x17, 0x17, 0x26, 0x18, 0x0b, 0x17, 0x18, 0x0b, 0x0b, 0x1c, 0x3b,
    0x15, 0x1a, 0x19, 0x0b, 0x18, 0x0b, 0x17, 0x17, 0x0b, 0x18, 0x0b, 0x17,
    0x18, 0x18, 0x17, 0x26, 0x17, 0x17, 0x26, 0x17, 0x17, 0x17, 0x17, 0x17,
    0x17, 0x17, 0x17, 0x17, 0x17, 0x29, 0x1c, 0x1b, 0x14, 0x1a, 0x1c, 0x0b,
    0x0b, 0x0b, 0x17, 0x17, 0x17, 0x07, 0x07, 0x07, 0x07, 0x07, 0x04, 0x03,
    0x01, 0x01, 0x01, 0x00, 0x04, 0x00, 0x00, 0x00, 0x00, 0x00, 0x00, 0x00,
    0x00, 0x00, 0x00, 0x00, 0x00, 0x00, 0x00, 0x00, 0x00, 0x00, 0x00, 0x00,
    0x00, 0x00, 0x00, 0x00, 0x00, 0x00, 0x00, 0x04, 0x00, 0x00, 0x04, 0x06,
    0x01, 0x04, 0x04, 0x04, 0x09, 0x08, 0x07, 0x0a, 0x07, 0x07, 0x07, 0x18,
    0x17, 0x17, 0x17, 0x17, 0x19, 0x3e, 0x14, 0x2c, 0x24, 0x20, 0x29, 0x17,
    0x17, 0x17, 0x17, 0x18, 0x0b, 0x0b, 0x18, 0x0b, 0x0b, 0x18, 0x18, 0x17,
    0x17, 0x18, 0x17, 0x17, 0x26, 0x17, 0x17, 0x26, 0x17, 0x17, 0x18, 0x0b,
    0x19, 0x1a, 0x14, 0x1b, 0x1c, 0x18, 0x0b, 0x0b, 0x18, 0x17, 0x17, 0x17,
    0x17, 0x26, 0x17, 0x0a, 0x0a, 0x0a, 0x07, 0x07, 0x07, 0x0a, 0x07, 0x07,
    0x07, 0x07, 0x0a, 0x0a, 0x09, 0x0a, 0x01, 0x00, 0x04, 0x04, 0x04, 0x04,
    0x00, 0x01, 0x01, 0x04, 0x00, 0x01, 0x00, 0x00, 0x00, 0x00, 0x00, 0x00,
    0x00, 0x00, 0x00, 0x00, 0x00, 0x00, 0x00, 0x00, 0x00, 0x00, 0x00, 0x00,
    0x00, 0x00, 0x00, 0x00, 0x00, 0x00, 0x00, 0x00, 0x00, 0x00, 0x00, 0x00,
    0x00, 0x00, 0x00, 0x00, 0x00, 0x00, 0x00, 0x00, 0x00, 0x00, 0x00, 0x00,
    0x00, 0x00, 0x00, 0x00, 0x00, 0x00, 0x00, 0x00, 0x00, 0x00, 0x00, 0x00,
    0x00, 0x00, 0x00, 0x00, 0x00, 0x00, 0x00, 0x00, 0x00, 0x00, 0x00, 0x00,
    0x00, 0x00, 0x00, 0x00, 0x00, 0x00, 0x01, 0x01, 0x00, 0x01, 0x01, 0x00,
    0x01, 0x01, 0x07, 0x07, 0x0a, 0x0a, 0x07, 0x07, 0x07, 0x07, 0x07, 0x07,
    0x07, 0x07, 0x07, 0x07, 0x07, 0x17, 0x17, 0x18, 0x0b, 0x0b, 0x18, 0x0b,
    0x0b, 0x0b, 0x0b, 0x1c, 0x3b, 0x14, 0x1a, 0x1c, 0x0b, 0x17, 0x17, 0x17,
    0x18, 0x0b, 0x0b, 0x17, 0x0b, 0x0b, 0x17, 0x17, 0x17, 0x17, 0x17, 0x17,
    0x18, 0x17, 0x17, 0x17, 0x17, 0x26, 0x17, 0x18, 0x17, 0x20, 0x20, 0x24,
    0x22, 0x14, 0x1a, 0x20, 0x0b, 0x18, 0x17, 0x17, 0x26, 0x17, 0x07, 0x07,
    0x07, 0x07, 0x08, 0x01, 0x01, 0x01, 0x01, 0x01, 0x00, 0x01, 0x00, 0x00,
    0x00, 0x00, 0x00, 0x00, 0x00, 0x00, 0x00, 0x00, 0x00, 0x00, 0x00, 0x00,
    0x00, 0x00, 0x00, 0x00, 0x00, 0x00, 0x00, 0x00, 0x00, 0x00, 0x00, 0x00,
    0x00, 0x00, 0x00, 0x04, 0x01, 0x01, 0x01, 0x00, 0x0a, 0x0a, 0x07, 0x07,
    0x07, 0x07, 0x17, 0x17, 0x17, 0x17, 0x18, 0x0b, 0x24, 0x22, 0x14, 0x3e,
    0x20, 0x20, 0x18, 0x17, 0x17, 0x18, 0x18, 0x0b, 0x0b, 0x0b, 0x0b, 0x0b,
    0x0b, 0x0b, 0x0b, 0x17, 0x17, 0x26, 0x17, 0x17, 0x17, 0x17, 0x26, 0x17,
    0x17, 0x17, 0x18, 0x19, 0x1a, 0x14, 0x3f, 0x24, 0x18, 0x0b, 0x0b, 0x0b,
    0x0b, 0x17, 0x18, 0x17, 0x17, 0x17, 0x17, 0x17, 0x07, 0x07, 0x07, 0x07,
    0x07, 0x07, 0x07, 0x07, 0x07, 0x07, 0x07, 0x0a, 0x07, 0x09, 0x04, 0x04,
    0x00, 0x04, 0x00, 0x04, 0x04, 0x01, 0x01, 0x04, 0x04, 0x04, 0x00, 0x00,
    0x01, 0x00, 0x00, 0x00, 0x00, 0x00, 0x00, 0x00, 0x00, 0x00, 0x00, 0x00,
    0x00, 0x00, 0x00, 0x00, 0x00, 0x00, 0x00, 0x00, 0x00, 0x00, 0x00, 0x00,
    0x00, 0x00, 0x00, 0x00, 0x00, 0x00, 0x00, 0x00, 0x00, 0x00, 0x00, 0x00,
    0x00, 0x00, 0x00, 0x00, 0x00, 0x00, 0x00, 0x00, 0x00, 0x00, 0x00, 0x00,
    0x00, 0x00, 0x00, 0x00, 0x00, 0x00, 0x00, 0x00, 0x00, 0x00, 0x00, 0x00,
    0x00, 0x00, 0x00, 0x00, 0x00, 0x00, 0x03, 0x00, 0x01, 0x01, 0x01, 0x04,
    0x01, 0x01, 0x01, 0x01, 0x07, 0x0a, 0x08, 0x07, 0x07, 0x07, 0x07, 0x07,
    0x07, 0x07, 0x07, 0x07, 0x07, 0x07, 0x07, 0x0a, 0x17, 0x18, 0x17, 0x17,
    0x17, 0x0b, 0x0b, 0x18, 0x0b, 0x18, 0x0b, 0x0b, 0x1c, 0x3b, 0x14, 0x1b,
    0x2e, 0x18, 0x18, 0x17, 0x0b, 0x18, 0x0b, 0x0b, 0x17, 0x17, 0x17, 0x17,
    0x26, 0x17, 0x17, 0x17, 0x17, 0x17, 0x26, 0x17, 0x17, 0x17, 0x17, 0x18,
    0x17, 0x17, 0x29, 0x20, 0x1a, 0x14, 0x25, 0x24, 0x18, 0x17, 0x17, 0x17,
    0x17, 0x17, 0x07, 0x07, 0x07, 0x07, 0x07, 0x08, 0x01, 0x01, 0x01, 0x01,
    0x01, 0x01, 0x01, 0x01, 0x00, 0x00, 0x00, 0x00, 0x00, 0x00, 0x00, 0x00,
    0x00, 0x00, 0x00, 0x00, 0x00, 0x00, 0x00, 0x00, 0x00, 0x00, 0x00, 0x00,
    0x00, 0x00, 0x00, 0x01, 0x00, 0x04, 0x04, 0x01, 0x01, 0x04, 0x04, 0x0a,
    0x0a, 0x07, 0x07, 0x07, 0x07, 0x07, 0x17, 0x18, 0x17, 0x17, 0x18, 0x40,
    0x1a, 0x27, 0x1b, 0x24, 0x29, 0x20, 0x17, 0x17, 0x18, 0x17, 0x0b, 0x0b,
    0x18, 0x0b, 0x0b, 0x18, 0x0b, 0x17, 0x17, 0x17, 0x17, 0x17, 0x17, 0x26,
    0x17, 0x17, 0x17, 0x17, 0x18, 0x0b, 0x20, 0x13, 0x14, 0x41, 0x24, 0x18,
    0x0b, 0x17, 0x18, 0x0b, 0x0b, 0x17, 0x18, 0x17, 0x17, 0x26, 0x17, 0x18,
    0x17, 0x07, 0x0a, 0x07, 0x07, 0x07, 0x07, 0x07, 0x07, 0x07, 0x0a, 0x0a,
    0x07, 0x0a, 0x09, 0x0a, 0x04, 0x00, 0x04, 0x04, 0x04, 0x01, 0x01, 0x01,
    0x04, 0x04, 0x00, 0x01, 0x00, 0x00, 0x00, 0x00, 0x00, 0x00, 0x00, 0x00,
    0x00, 0x00, 0x00, 0x00, 0x00, 0x00, 0x00, 0x00, 0x00, 0x00, 0x00, 0x00,
    0x00, 0x00, 0x00, 0x00, 0x00, 0x00, 0x00, 0x00, 0x00, 0x00, 0x00, 0x00,
    0x00, 0x00, 0x00, 0x00, 0x00, 0x00, 0x00, 0x00, 0x00, 0x00, 0x00, 0x00,
    0x00, 0x00, 0x00, 0x00, 0x00, 0x00, 0x00, 0x00, 0x00, 0x00, 0x00, 0x00,
    0x00, 0x00, 0x00, 0x00, 0x00, 0x00, 0x00, 0x00, 0x00, 0x00, 0x00, 0x01,
    0x01, 0x01, 0x04, 0x01, 0x01, 0x01, 0x01, 0x08, 0x07, 0x0a, 0x0a, 0x0a,
    0x07, 0x07, 0x07, 0x08, 0x0a, 0x07, 0x07, 0x07, 0x07, 0x07, 0x07, 0x0a,
    0x17, 0x17, 0x17, 0x17, 0x18, 0x0b, 0x0b, 0x0b, 0x0b, 0x18, 0x0b, 0x0b,
    0x20, 0x24, 0x42, 0x14, 0x21, 0x20, 0x0b, 0x0b, 0x0b, 0x0b, 0x18, 0x17,
    0x18, 0x18, 0x17, 0x17, 0x26, 0x17, 0x17, 0x26, 0x17, 0x17, 0x17, 0x17,
    0x26, 0x17, 0x17, 0x18, 0x17, 0x17, 0x0b, 0x20, 0x1c, 0x2a, 0x14, 0x1a,
    0x20, 0x17, 0x17, 0x26, 0x17, 0x17, 0x17, 0x07, 0x07, 0x07, 0x0a, 0x0a,
    0x01, 0x00, 0x01, 0x01, 0x01, 0x01, 0x00, 0x01, 0x00, 0x00, 0x00, 0x00,
    0x00, 0x00, 0x00, 0x00, 0x00, 0x00, 0x00, 0x00, 0x00, 0x00, 0x00, 0x00,
    0x00, 0x00, 0x00, 0x00, 0x00, 0x00, 0x00, 0x00, 0x00, 0x03, 0x01, 0x04,
    0x01, 0x00, 0x08, 0x09, 0x0a, 0x07, 0x07, 0x07, 0x07, 0x17, 0x18, 0x0b,
    0x18, 0x0b, 0x20, 0x21, 0x14, 0x14, 0x24, 0x20, 0x20, 0x17, 0x17, 0x17,
    0x0b, 0x0b, 0x0b, 0x0b, 0x18, 0x0b, 0x0b, 0x18, 0x17, 0x17, 0x26, 0x17,
    0x17, 0x07, 0x17, 0x17, 0x26, 0x17, 0x18, 0x18, 0x0b, 0x0b, 0x24, 0x14,
    0x14, 0x21, 0x20, 0x0b, 0x17, 0x17, 0x17, 0x18, 0x17, 0x17, 0x17, 0x17,
    0x17, 0x17, 0x17, 0x17, 0x17, 0x0a, 0x07, 0x0a, 0x07, 0x07, 0x0a, 0x07,
    0x07, 0x0a, 0x0a, 0x0c, 0x43, 0x0a, 0x0a, 0x37, 0x08, 0x01, 0x00, 0x01,
    0x01, 0x01, 0x01, 0x01, 0x01, 0x01, 0x00, 0x00, 0x00, 0x00, 0x00, 0x00,
    0x00, 0x00, 0x00, 0x00, 0x00, 0x00, 0x00, 0x00, 0x00, 0x00, 0x00, 0x00,
    0x00, 0x00, 0x00, 0x00, 0x00, 0x00, 0x00, 0x00, 0x00, 0x00, 0x00, 0x00,
    0x00, 0x00, 0x00, 0x00, 0x00, 0x00, 0x00, 0x00, 0x00, 0x00, 0x00, 0x00,
    0x00, 0x00, 0x00, 0x00, 0x00, 0x00, 0x00, 0x00, 0x00, 0x00, 0x00, 0x00,
    0x00, 0x00, 0x00, 0x00, 0x00, 0x00, 0x00, 0x00, 0x00, 0x00, 0x00, 0x00,
    0x00, 0x01, 0x01, 0x01, 0x04, 0x01, 0x01, 0x01, 0x01, 0x01, 0x08, 0x07,
    0x0a, 0x09, 0x0a, 0x0d, 0x0c, 0x0a, 0x0a, 0x0a, 0x0a, 0x0a, 0x0a, 0x0a,
    0x0a, 0x07, 0x07, 0x0b, 0x17, 0x17, 0x18, 0x17, 0x17, 0x18, 0x0b, 0x0b,
    0x17, 0x0b, 0x17, 0x17, 0x18, 0x20, 0x24, 0x42, 0x14, 0x1d, 0x20, 0x18,
    0x0b, 0x0b, 0x0b, 0x17, 0x0b, 0x18, 0x17, 0x17, 0x17, 0x17, 0x17, 0x26,
    0x17, 0x17, 0x17, 0x17, 0x18, 0x18, 0x0b, 0x0b, 0x17, 0x17, 0x17, 0x3c,
    0x20, 0x1d, 0x22, 0x14, 0x21, 0x20, 0x18, 0x17, 0x17, 0x26, 0x17, 0x07,
    0x07, 0x07, 0x07, 0x07, 0x08, 0x00, 0x00, 0x01, 0x04, 0x01, 0x01, 0x01,
    0x00, 0x00, 0x00, 0x00, 0x00, 0x00, 0x00, 0x00, 0x00, 0x00, 0x00, 0x00,
    0x00, 0x00, 0x00, 0x00, 0x00, 0x00, 0x00, 0x00, 0x00, 0x00, 0x00, 0x00,
    0x06, 0x03, 0x01, 0x01, 0x01, 0x08, 0x0a, 0x07, 0x07, 0x07, 0x07, 0x07,
    0x07, 0x17, 0x0b, 0x0b, 0x0b, 0x0b, 0x1c, 0x1b, 0x14, 0x1b, 0x2e, 0x29,
    0x0b, 0x17, 0x17, 0x17, 0x18, 0x18, 0x0b, 0x0b, 0x0b, 0x0b, 0x0b, 0x0b,
    0x18, 0x17, 0x17, 0x17, 0x26, 0x17, 0x17, 0x17, 0x18, 0x17, 0x0b, 0x0b,
    0x0b, 0x44, 0x1a, 0x14, 0x39, 0x20, 0x0b, 0x17, 0x17, 0x17, 0x17, 0x17,
    0x17, 0x17, 0x26, 0x17, 0x17, 0x26, 0x17, 0x17, 0x18, 0x17, 0x07, 0x0a,
    0x0a, 0x07, 0x07, 0x07, 0x07, 0x0b, 0x19, 0x10, 0x45, 0x0c, 0x07, 0x07,
    0x08, 0x08, 0x01, 0x00, 0x00, 0x01, 0x01, 0x01, 0x01, 0x01, 0x01, 0x00,
    0x00, 0x00, 0x00, 0x00, 0x00, 0x00, 0x00, 0x00, 0x00, 0x00, 0x00, 0x00,
    0x00, 0x00, 0x00, 0x00, 0x00, 0x00, 0x00, 0x00, 0x00, 0x00, 0x00, 0x00,
    0x00, 0x00, 0x00, 0x00, 0x00, 0x00, 0x00, 0x00, 0x00, 0x00, 0x00, 0x00,
    0x00, 0x00, 0x00, 0x00, 0x00, 0x00, 0x00, 0x00, 0x00, 0x00, 0x00, 0x00,
    0x00, 0x00, 0x00, 0x00, 0x00, 0x00, 0x00, 0x00, 0x00, 0x00, 0x00, 0x01,
    0x00, 0x00, 0x00, 0x00, 0x00, 0x00, 0x01, 0x04, 0x04, 0x01, 0x04, 0x01,
    0x00, 0x08, 0x08, 0x07, 0x07, 0x07, 0x0b, 0x46, 0x10, 0x47, 0x0b, 0x0a,
    0x0a, 0x0a, 0x0a, 0x0a, 0x0a, 0x07, 0x17, 0x17, 0x17, 0x17, 0x17, 0x17,
    0x17, 0x18, 0x0b, 0x18, 0x17, 0x18, 0x17, 0x17, 0x17, 0x29, 0x20, 0x24,
    0x14, 0x14, 0x24, 0x18, 0x0b, 0x0b, 0x18, 0x17, 0x0b, 0x0b, 0x17, 0x17,
    0x17, 0x18, 0x18, 0x17, 0x17, 0x26, 0x17, 0x17, 0x18, 0x0b, 0x0b, 0x18,
    0x18, 0x17, 0x17, 0x29, 0x20, 0x24, 0x1a, 0x27, 0x1b, 0x1c, 0x0b, 0x18,
    0x17, 0x17, 0x17, 0x17, 0x07, 0x07, 0x07, 0x0a, 0x08, 0x01, 0x01, 0x01,
    0x01, 0x01, 0x01, 0x00, 0x00, 0x00, 0x00, 0x00, 0x00, 0x00, 0x00, 0x00,
    0x00, 0x00, 0x00, 0x00, 0x00, 0x00, 0x00, 0x00, 0x00, 0x00, 0x00, 0x00,
    0x00, 0x00, 0x00, 0x00, 0x00, 0x01, 0x04, 0x01, 0x01, 0x08, 0x0a, 0x0a,
    0x07, 0x0a, 0x07, 0x07, 0x17, 0x18, 0x0b, 0x0b, 0x18, 0x20, 0x1a, 0x14,
    0x2c, 0x24, 0x29, 0x3d, 0x17, 0x17, 0x26, 0x17, 0x0b, 0x18, 0x0b, 0x0b,
    0x18, 0x0b, 0x17, 0x17, 0x17, 0x17, 0x18, 0x17, 0x17, 0x26, 0x17, 0x17,
    0x17, 0x17, 0x17, 0x0b, 0x1c, 0x1a, 0x14, 0x1b, 0x20, 0x0b, 0x18, 0x17,
    0x17, 0x26, 0x17, 0x18, 0x18, 0x17, 0x17, 0x17, 0x17, 0x17, 0x17, 0x17,
    0x18, 0x17, 0x07, 0x07, 0x07, 0x07, 0x07, 0x17, 0x0b, 0x0e, 0x11, 0x11,
    0x48, 0x0b, 0x0a, 0x07, 0x07, 0x08, 0x07, 0x08, 0x01, 0x01, 0x01, 0x00,
    0x04, 0x01, 0x01, 0x00, 0x01, 0x01, 0x01, 0x00, 0x00, 0x00, 0x00, 0x00,
    0x00, 0x00, 0x00, 0x00, 0x00, 0x00, 0x00, 0x00, 0x00, 0x00, 0x00, 0x00,
    0x00, 0x00, 0x00, 0x00, 0x00, 0x00, 0x00, 0x00, 0x00, 0x00, 0x00, 0x00,
    0x00, 0x00, 0x00, 0x00, 0x00, 0x00, 0x00, 0x00, 0x00, 0x00, 0x00, 0x00,
    0x00, 0x00, 0x00, 0x00, 0x00, 0x00, 0x00, 0x00, 0x00, 0x00, 0x00, 0x00,
    0x01, 0x00, 0x00, 0x00, 0x00, 0x00, 0x00, 0x00, 0x00, 0x00, 0x01, 0x04,
    0x01, 0x01, 0x00, 0x01, 0x08, 0x07, 0x07, 0x07, 0x07, 0x07, 0x0b, 0x48,
    0x11, 0x11, 0x48, 0x0b, 0x0b, 0x07, 0x07, 0x07, 0x0a, 0x0b, 0x18, 0x17,
    0x17, 0x18, 0x17, 0x18, 0x17, 0x0b, 0x0b, 0x0b, 0x18, 0x17, 0x17, 0x17,
    0x17, 0x17, 0x20, 0x20, 0x1a, 0x14, 0x1a, 0x19, 0x0b, 0x17, 0x18, 0x17,
    0x0b, 0x18, 0x17, 0x17, 0x17, 0x17, 0x17, 0x0b, 0x17, 0x17, 0x17, 0x17,
    0x18, 0x17, 0x17, 0x0b, 0x0b, 0x17, 0x17, 0x17, 0x20, 0x20, 0x24, 0x14,
    0x22, 0x21, 0x20, 0x0b, 0x18, 0x0b, 0x17, 0x26, 0x07, 0x07, 0x07, 0x07,
    0x0a, 0x07, 0x01, 0x01, 0x01, 0x01, 0x01, 0x01, 0x00, 0x01, 0x00, 0x00,
    0x00, 0x00, 0x00, 0x00, 0x00, 0x00, 0x00, 0x00, 0x00, 0x00, 0x00, 0x00,
    0x00, 0x00, 0x00, 0x00, 0x00, 0x00, 0x49, 0x00, 0x00, 0x01, 0x00, 0x01,
    0x07, 0x07, 0x07, 0x07, 0x07, 0x07, 0x07, 0x17, 0x0b, 0x17, 0x18, 0x0b,
    0x0b, 0x1c, 0x22, 0x14, 0x1a, 0x20, 0x20, 0x17, 0x17, 0x17, 0x17, 0x17,
    0x0b, 0x0b, 0x0b, 0x18, 0x0b, 0x17, 0x17, 0x17, 0x18, 0x18, 0x17, 0x17,
    0x17, 0x17, 0x17, 0x17, 0x17, 0x17, 0x18, 0x40, 0x1a, 0x14, 0x1b, 0x1c,
    0x20, 0x18, 0x17, 0x17, 0x17, 0x18, 0x0b, 0x0b, 0x17, 0x17, 0x18, 0x17,
    0x17, 0x26, 0x17, 0x17, 0x17, 0x17, 0x17, 0x07, 0x07, 0x07, 0x18, 0x0b,
    0x13, 0x11, 0x4a, 0x12, 0x0b, 0x0a, 0x0a, 0x07, 0x07, 0x07, 0x07, 0x08,
    0x07, 0x00, 0x01, 0x01, 0x00, 0x01, 0x01, 0x01, 0x01, 0x01, 0x04, 0x00,
    0x00, 0x00, 0x00, 0x00, 0x00, 0x00, 0x00, 0x00, 0x00, 0x00, 0x00, 0x00,
    0x00, 0x00, 0x00, 0x00, 0x00, 0x00, 0x00, 0x00, 0x00, 0x00, 0x00, 0x00,
    0x00, 0x00, 0x00, 0x00, 0x00, 0x00, 0x00, 0x00, 0x00, 0x00, 0x00, 0x00,
    0x00, 0x00, 0x00, 0x00, 0x00, 0x00, 0x00, 0x00, 0x00, 0x00, 0x00, 0x00,
    0x00, 0x00, 0x00, 0x00, 0x00, 0x00, 0x00, 0x00, 0x00, 0x00, 0x00, 0x00,
    0x00, 0x01, 0x01, 0x01, 0x01, 0x01, 0x08, 0x08, 0x07, 0x07, 0x07, 0x07,
    0x07, 0x07, 0x0a, 0x0b, 0x34, 0x1e, 0x11, 0x13, 0x0b, 0x0b, 0x0b, 0x17,
    0x17, 0x18, 0x0b, 0x18, 0x18, 0x0b, 0x18, 0x0b, 0x18, 0x0b, 0x0b, 0x0b,
    0x17, 0x17, 0x18, 0x17, 0x17, 0x17, 0x18, 0x20, 0x1c, 0x1a, 0x14, 0x1b,
    0x20, 0x17, 0x17, 0x17, 0x17, 0x18, 0x17, 0x17, 0x26, 0x17, 0x17, 0x17,
    0x18, 0x17, 0x17, 0x17, 0x17, 0x17, 0x17, 0x17, 0x18, 0x17, 0x17, 0x17,
    0x18, 0x20, 0x20, 0x1a, 0x14, 0x2c, 0x1c, 0x0b, 0x18, 0x17, 0x17, 0x17,
    0x17, 0x07, 0x07, 0x07, 0x07, 0x0a, 0x01, 0x00, 0x01, 0x01, 0x01, 0x01,
    0x01, 0x01, 0x00, 0x00, 0x00, 0x00, 0x00, 0x00, 0x00, 0x00, 0x00, 0x00,
    0x00, 0x00, 0x00, 0x00, 0x00, 0x00, 0x00, 0x00, 0x00, 0x00, 0x00, 0x00,
    0x01, 0x00, 0x00, 0x08, 0x08, 0x07, 0x07, 0x07, 0x0a, 0x07, 0x07, 0x0b,
    0x18, 0x0b, 0x0b, 0x0b, 0x19, 0x3e, 0x14, 0x25, 0x24, 0x29, 0x0b, 0x17,
    0x26, 0x17, 0x17, 0x18, 0x18, 0x0b, 0x0b, 0x0b, 0x17, 0x17, 0x26, 0x17,
    0x17, 0x17, 0x17, 0x17, 0x17, 0x17, 0x26, 0x17, 0x18, 0x18, 0x20, 0x21,
    0x14, 0x1b, 0x24, 0x20, 0x18, 0x17, 0x17, 0x17, 0x18, 0x0b, 0x0b, 0x18,
    0x0b, 0x17, 0x17, 0x17, 0x26, 0x17, 0x17, 0x26, 0x18, 0x18, 0x17, 0x18,
    0x17, 0x0b, 0x0b, 0x13, 0x4a, 0x3f, 0x1c, 0x0b, 0x0b, 0x07, 0x07, 0x07,
    0x07, 0x07, 0x07, 0x08, 0x07, 0x08, 0x08, 0x01, 0x00, 0x01, 0x01, 0x01,
    0x01, 0x01, 0x04, 0x04, 0x00, 0x00, 0x00, 0x00, 0x00, 0x00, 0x00, 0x00,
    0x00, 0x00, 0x00, 0x00, 0x00, 0x00, 0x00, 0x00, 0x00, 0x00, 0x00, 0x00,
    0x00, 0x00, 0x00, 0x00, 0x00, 0x00, 0x00, 0x00, 0x00, 0x00, 0x00, 0x00,
    0x00, 0x00, 0x00, 0x00, 0x00, 0x00, 0x00, 0x00, 0x00, 0x00, 0x00, 0x00,
    0x00, 0x00, 0x00, 0x00, 0x00, 0x00, 0x00, 0x00, 0x04, 0x00, 0x00, 0x00,
    0x00, 0x01, 0x06, 0x01, 0x01, 0x01, 0x01, 0x01, 0x01, 0x08, 0x07, 0x07,
    0x07, 0x07, 0x07, 0x07, 0x07, 0x07, 0x07, 0x0b, 0x0b, 0x19, 0x3b, 0x4a,
    0x13, 0x19, 0x18, 0x17, 0x17, 0x17, 0x17, 0x0b, 0x0b, 0x0b, 0x0b, 0x0b,
    0x0b, 0x18, 0x0b, 0x17, 0x17, 0x17, 0x18, 0x17, 0x17, 0x17, 0x17, 0x18,
    0x20, 0x24, 0x3b, 0x14, 0x21, 0x0b, 0x17, 0x17, 0x17, 0x18, 0x17, 0x17,
    0x17, 0x26, 0x17, 0x17, 0x18, 0x17, 0x17, 0x26, 0x17, 0x17, 0x18, 0x17,
    0x18, 0x17, 0x17, 0x17, 0x18, 0x0b, 0x20, 0x24, 0x22, 0x14, 0x21, 0x20,
    0x0b, 0x18, 0x0b, 0x18, 0x17, 0x17, 0x07, 0x07, 0x07, 0x07, 0x08, 0x00,
    0x01, 0x01, 0x01, 0x04, 0x00, 0x00, 0x00, 0x00, 0x00, 0x00, 0x00, 0x00,
    0x00, 0x00, 0x00, 0x00, 0x00, 0x00, 0x00, 0x00, 0x00, 0x00, 0x00, 0x00,
    0x02, 0x00, 0x00, 0x01, 0x04, 0x01, 0x01, 0x07, 0x08, 0x07, 0x07, 0x07,
    0x07, 0x07, 0x17, 0x17, 0x18, 0x0b, 0x0b, 0x18, 0x24, 0x22, 0x14, 0x1d,
    0x20, 0x18, 0x0b, 0x17, 0x17, 0x17, 0x18, 0x0b, 0x0b, 0x18, 0x0b, 0x18,
    0x17, 0x17, 0x17, 0x17, 0x17, 0x17, 0x17, 0x26, 0x17, 0x17, 0x17, 0x18,
    0x17, 0x0b, 0x24, 0x41, 0x14, 0x24, 0x20, 0x18, 0x17, 0x17, 0x17, 0x18,
    0x0b, 0x0b, 0x0b, 0x18, 0x0b, 0x18, 0x17, 0x18, 0x17, 0x0b, 0x17, 0x17,
    0x17, 0x17, 0x0b, 0x18, 0x0b, 0x0b, 0x13, 0x11, 0x23, 0x19, 0x18, 0x0b,
    0x0b, 0x07, 0x07, 0x0a, 0x07, 0x07, 0x07, 0x07, 0x07, 0x08, 0x08, 0x08,
    0x01, 0x01, 0x01, 0x01, 0x01, 0x01, 0x00, 0x04, 0x00, 0x00, 0x00, 0x00,
    0x00, 0x00, 0x00, 0x00, 0x00, 0x00, 0x00, 0x00, 0x00, 0x00, 0x00, 0x00,
    0x00, 0x00, 0x00, 0x00, 0x00, 0x00, 0x00, 0x00, 0x00, 0x00, 0x00, 0x00,
    0x00, 0x00, 0x00, 0x00, 0x00, 0x00, 0x00, 0x00, 0x00, 0x00, 0x00, 0x00,
    0x00, 0x00, 0x00, 0x00, 0x00, 0x00, 0x00, 0x00, 0x00, 0x00, 0x00, 0x00,
    0x00, 0x00, 0x04, 0x00, 0x04, 0x01, 0x01, 0x01, 0x00, 0x01, 0x01, 0x00,
    0x01, 0x07, 0x07, 0x07, 0x08, 0x07, 0x07, 0x07, 0x07, 0x0a, 0x07, 0x07,
    0x0b, 0x0b, 0x19, 0x3b, 0x16, 0x13, 0x20, 0x0b, 0x17, 0x17, 0x17, 0x18,
    0x17, 0x0b, 0x18, 0x0b, 0x0b, 0x18, 0x0b, 0x17, 0x17, 0x17, 0x18, 0x18,
    0x17, 0x18, 0x0b, 0x0b, 0x0b, 0x20, 0x21, 0x14, 0x3b, 0x24, 0x18, 0x17,
    0x17, 0x18, 0x18, 0x17, 0x17, 0x17, 0x17, 0x17, 0x17, 0x17, 0x17, 0x17,
    0x17, 0x17, 0x17, 0x17, 0x17, 0x18, 0x17, 0x17, 0x17, 0x18, 0x20, 0x19,
    0x3e, 0x14, 0x2c, 0x1c, 0x0b, 0x0b, 0x0b, 0x18, 0x18, 0x17, 0x07, 0x07,
    0x07, 0x07, 0x08, 0x01, 0x01, 0x01, 0x01, 0x01, 0x00, 0x00, 0x00, 0x00,
    0x00, 0x00, 0x00, 0x00, 0x00, 0x00, 0x00, 0x00, 0x00, 0x00, 0x00, 0x00,
    0x00, 0x00, 0x00, 0x00, 0x00, 0x00, 0x01, 0x04, 0x04, 0x00, 0x01, 0x0a,
    0x07, 0x07, 0x07, 0x07, 0x07, 0x07, 0x17, 0x17, 0x0b, 0x0b, 0x18, 0x20,
    0x1a, 0x14, 0x2c, 0x24, 0x29, 0x0b, 0x0b, 0x17, 0x17, 0x17, 0x18, 0x0b,
    0x0b, 0x0b, 0x17, 0x17, 0x17, 0x17, 0x26, 0x17, 0x17, 0x26, 0x17, 0x17,
    0x26, 0x17, 0x18, 0x17, 0x0b, 0x19, 0x3b, 0x14, 0x1a, 0x19, 0x0b, 0x18,
    0x0b, 0x0b, 0x18, 0x0b, 0x0b, 0x18, 0x0b, 0x0b, 0x17, 0x17, 0x17, 0x18,
    0x0b, 0x18, 0x18, 0x0b, 0x17, 0x0b, 0x0b, 0x0b, 0x19, 0x13, 0x11, 0x3f,
    0x19, 0x18, 0x17, 0x17, 0x17, 0x07, 0x07, 0x0a, 0x07, 0x07, 0x07, 0x07,
    0x07, 0x07, 0x08, 0x07, 0x08, 0x01, 0x00, 0x01, 0x01, 0x00, 0x01, 0x01,
    0x01, 0x00, 0x00, 0x01, 0x00, 0x00, 0x00, 0x00, 0x00, 0x00, 0x00, 0x00,
    0x00, 0x00, 0x00, 0x00, 0x00, 0x00, 0x00, 0x00, 0x00, 0x00, 0x00, 0x00,
    0x00, 0x00, 0x00, 0x00, 0x00, 0x00, 0x00, 0x00, 0x00, 0x00, 0x00, 0x00,
    0x00, 0x00, 0x00, 0x00, 0x00, 0x00, 0x00, 0x00, 0x00, 0x00, 0x00, 0x00,
    0x00, 0x00, 0x00, 0x00, 0x00, 0x00, 0x00, 0x00, 0x04, 0x00, 0x01, 0x01,
    0x01, 0x01, 0x01, 0x00, 0x07, 0x07, 0x07, 0x07, 0x07, 0x07, 0x07, 0x07,
    0x0a, 0x07, 0x07, 0x07, 0x17, 0x18, 0x0b, 0x19, 0x3f, 0x16, 0x13, 0x19,
    0x18, 0x17, 0x17, 0x17, 0x17, 0x18, 0x0b, 0x0b, 0x0b, 0x17, 0x17, 0x17,
    0x26, 0x17, 0x17, 0x17, 0x17, 0x17, 0x17, 0x17, 0x18, 0x20, 0x20, 0x1b,
    0x14, 0x1a, 0x19, 0x18, 0x17, 0x0b, 0x0b, 0x18, 0x17, 0x17, 0x26, 0x17,
    0x17, 0x26, 0x17, 0x17, 0x26, 0x17, 0x17, 0x17, 0x17, 0x18, 0x17, 0x17,
    0x17, 0x17, 0x29, 0x20, 0x24, 0x2a, 0x14, 0x21, 0x20, 0x0b, 0x0b, 0x0b,
    0x0b, 0x17, 0x07, 0x07, 0x07, 0x07, 0x07, 0x08, 0x01, 0x00, 0x01, 0x01,
    0x01, 0x03, 0x00, 0x00, 0x00, 0x00, 0x00, 0x00, 0x00, 0x00, 0x00, 0x00,
    0x00, 0x00, 0x00, 0x00, 0x00, 0x00, 0x00, 0x00, 0x00, 0x00, 0x00, 0x01,
    0x04, 0x01, 0x01, 0x0a, 0x07, 0x07, 0x07, 0x07, 0x07, 0x07, 0x17, 0x17,
    0x17, 0x18, 0x0b, 0x24, 0x2a, 0x14, 0x1a, 0x2e, 0x0b, 0x18, 0x0b, 0x17,
    0x26, 0x17, 0x0b, 0x18, 0x0b, 0x17, 0x17, 0x17, 0x17, 0x17, 0x17, 0x17,
    0x17, 0x17, 0x17, 0x17, 0x17, 0x18, 0x0b, 0x0b, 0x29, 0x21, 0x14, 0x1a,
    0x1c, 0x20, 0x0b, 0x0b, 0x0b, 0x0b, 0x18, 0x0b, 0x0b, 0x0b, 0x18, 0x0b,
    0x0b, 0x17, 0x17, 0x0b, 0x0b, 0x0b, 0x0b, 0x17, 0x17, 0x18, 0x18, 0x20,
    0x13, 0x16, 0x3f, 0x19, 0x0b, 0x17, 0x17, 0x17, 0x17, 0x07, 0x07, 0x0a,
    0x07, 0x07, 0x07, 0x07, 0x07, 0x07, 0x07, 0x07, 0x08, 0x08, 0x01, 0x00,
    0x01, 0x01, 0x01, 0x00, 0x01, 0x00, 0x03, 0x00, 0x00, 0x00, 0x00, 0x00,
    0x00, 0x00, 0x00, 0x00, 0x00, 0x00, 0x00, 0x00, 0x00, 0x00, 0x00, 0x00,
    0x00, 0x00, 0x00, 0x00, 0x00, 0x00, 0x00, 0x00, 0x00, 0x00, 0x00, 0x00,
    0x00, 0x00, 0x00, 0x00, 0x00, 0x00, 0x00, 0x00, 0x00, 0x00, 0x00, 0x00,
    0x00, 0x00, 0x00, 0x00, 0x00, 0x00, 0x00, 0x04, 0x00, 0x00, 0x04, 0x00,
    0x01, 0x01, 0x01, 0x01, 0x01, 0x01, 0x01, 0x07, 0x07, 0x07, 0x07, 0x07,
    0x07, 0x07, 0x07, 0x07, 0x07, 0x07, 0x07, 0x17, 0x17, 0x18, 0x0b, 0x0b,
    0x19, 0x3f, 0x16, 0x13, 0x20, 0x18, 0x18, 0x17, 0x0b, 0x18, 0x0b, 0x0b,
    0x18, 0x18, 0x17, 0x17, 0x17, 0x17, 0x17, 0x17, 0x17, 0x17, 0x17, 0x17,
    0x17, 0x18, 0x0b, 0x1c, 0x1a, 0x14, 0x39, 0x20, 0x0b, 0x0b, 0x0b, 0x0b,
    0x17, 0x17, 0x17, 0x17, 0x26, 0x17, 0x18, 0x17, 0x17, 0x26, 0x17, 0x17,
    0x17, 0x18, 0x17, 0x17, 0x17, 0x17, 0x29, 0x20, 0x20, 0x1a, 0x27, 0x1b,
    0x1c, 0x18, 0x0b, 0x0b, 0x17, 0x18, 0x17, 0x07, 0x07, 0x07, 0x07, 0x07,
    0x08, 0x01, 0x01, 0x00, 0x01, 0x00, 0x00, 0x00, 0x00, 0x00, 0x00, 0x00,
    0x00, 0x00, 0x00, 0x00, 0x00, 0x00, 0x00, 0x00, 0x00, 0x00, 0x00, 0x00,
    0x00, 0x00, 0x00, 0x01, 0x00, 0x01, 0x08, 0x08, 0x07, 0x07, 0x07, 0x07,
    0x07, 0x07, 0x17, 0x17, 0x17, 0x18, 0x20, 0x21, 0x14, 0x2c, 0x24, 0x0b,
    0x0b, 0x18, 0x0b, 0x17, 0x18, 0x0b, 0x0b, 0x18, 0x0b, 0x17, 0x26, 0x17,
    0x26, 0x17, 0x17, 0x26, 0x17, 0x17, 0x26, 0x17, 0x17, 0x18, 0x0b, 0x0b,
    0x1c, 0x14, 0x14, 0x24, 0x20, 0x0b, 0x17, 0x18, 0x0b, 0x0b, 0x0b, 0x0b,
    0x0b, 0x0b, 0x0b, 0x18, 0x18, 0x17, 0x17, 0x17, 0x17, 0x18, 0x0b, 0x0b,
    0x18, 0x0b, 0x20, 0x13, 0x15, 0x3b, 0x19, 0x0b, 0x17, 0x17, 0x17, 0x26,
    0x17, 0x07, 0x07, 0x0a, 0x07, 0x07, 0x07, 0x07, 0x07, 0x07, 0x07, 0x07,
    0x07, 0x0a, 0x07, 0x08, 0x01, 0x01, 0x01, 0x01, 0x01, 0x00, 0x00, 0x00,
    0x00, 0x00, 0x00, 0x00, 0x00, 0x00, 0x01, 0x00, 0x00, 0x00, 0x00, 0x00,
    0x00, 0x00, 0x00, 0x00, 0x00, 0x00, 0x00, 0x00, 0x00, 0x00, 0x00, 0x00,
    0x00, 0x00, 0x00, 0x00, 0x00, 0x00, 0x00, 0x00, 0x00, 0x00, 0x00, 0x00,
    0x00, 0x00, 0x00, 0x00, 0x00, 0x00, 0x00, 0x00, 0x00, 0x00, 0x04, 0x00,
    0x04, 0x01, 0x01, 0x04, 0x00, 0x01, 0x01, 0x01, 0x01, 0x00, 0x08, 0x07,
    0x07, 0x07, 0x07, 0x07, 0x07, 0x07, 0x07, 0x07, 0x07, 0x0a, 0x17, 0x17,
    0x17, 0x17, 0x0b, 0x0b, 0x0b, 0x19, 0x1a, 0x15, 0x39, 0x20, 0x0b, 0x0b,
    0x18, 0x0b, 0x0b, 0x0b, 0x0b, 0x17, 0x17, 0x17, 0x26, 0x17, 0x17, 0x26,
    0x17, 0x26, 0x17, 0x17, 0x17, 0x17, 0x3d, 0x20, 0x24, 0x14, 0x14, 0x1c,
    0x18, 0x17, 0x18, 0x17, 0x18, 0x17, 0x17, 0x17, 0x18, 0x17, 0x17, 0x17,
    0x17, 0x17, 0x17, 0x17, 0x18, 0x17, 0x18, 0x18, 0x17, 0x17, 0x17, 0x20,
    0x20, 0x24, 0x22, 0x14, 0x3e, 0x20, 0x18, 0x0b, 0x18, 0x0b, 0x17, 0x07,
    0x07, 0x07, 0x07, 0x07, 0x08, 0x01, 0x00, 0x01, 0x01, 0x01, 0x04, 0x00,
    0x00, 0x00, 0x00, 0x00, 0x00, 0x00, 0x00, 0x00, 0x00, 0x00, 0x00, 0x00,
    0x00, 0x00, 0x00, 0x00, 0x00, 0x00, 0x00, 0x01, 0x01, 0x01, 0x07, 0x07,
    0x07, 0x07, 0x07, 0x07, 0x07, 0x07, 0x17, 0x17, 0x18, 0x0b, 0x1c, 0x1a,
    0x14, 0x1b, 0x20, 0x18, 0x0b, 0x0b, 0x17, 0x17, 0x18, 0x0b, 0x0b, 0x0b,
    0x17, 0x17, 0x17, 0x17, 0x17, 0x26, 0x17, 0x17, 0x26, 0x17, 0x17, 0x17,
    0x17, 0x18, 0x0b, 0x20, 0x1a, 0x14, 0x1b, 0x20, 0x0b, 0x17, 0x17, 0x18,
    0x0b, 0x18, 0x0b, 0x18, 0x18, 0x0b, 0x17, 0x0b, 0x17, 0x17, 0x17, 0x26,
    0x17, 0x18, 0x0b, 0x17, 0x18, 0x20, 0x13, 0x15, 0x3b, 0x1c, 0x0b, 0x18,
    0x17, 0x17, 0x17, 0x18, 0x18, 0x17, 0x07, 0x07, 0x0a, 0x07, 0x07, 0x07,
    0x07, 0x07, 0x07, 0x07, 0x07, 0x07, 0x09, 0x0a, 0x04, 0x00, 0x01, 0x01,
    0x01, 0x01, 0x01, 0x00, 0x00, 0x00, 0x00, 0x00, 0x00, 0x00, 0x00, 0x00,
    0x00, 0x00, 0x00, 0x00, 0x00, 0x00, 0x00, 0x00, 0x00, 0x00, 0x00, 0x00,
    0x00, 0x00, 0x00, 0x00, 0x00, 0x00, 0x00, 0x00, 0x00, 0x00, 0x00, 0x00,
    0x00, 0x00, 0x00, 0x00, 0x00, 0x00, 0x00, 0x00, 0x00, 0x00, 0x00, 0x00,
    0x00, 0x04, 0x04, 0x00, 0x00, 0x01, 0x01, 0x04, 0x01, 0x01, 0x01, 0x00,
    0x03, 0x07, 0x08, 0x07, 0x07, 0x07, 0x07, 0x07, 0x07, 0x07, 0x0a, 0x0a,
    0x0a, 0x17, 0x17, 0x17, 0x17, 0x17, 0x17, 0x18, 0x18, 0x0b, 0x19, 0x3b,
    0x4b, 0x21, 0x20, 0x0b, 0x0b, 0x0b, 0x18, 0x0b, 0x17, 0x17, 0x17, 0x17,
    0x18, 0x18, 0x0b, 0x18, 0x17, 0x17, 0x26, 0x17, 0x18, 0x17, 0x17, 0x29,
    0x19, 0x1a, 0x14, 0x1a, 0x19, 0x0b, 0x17, 0x18, 0x0b, 0x18, 0x17, 0x17,
    0x17, 0x17, 0x18, 0x18, 0x17, 0x17, 0x26, 0x17, 0x17, 0x17, 0x17, 0x18,
    0x17, 0x17, 0x17, 0x18, 0x20, 0x20, 0x3e, 0x27, 0x2c, 0x1c, 0x0b, 0x0b,
    0x0b, 0x0b, 0x18, 0x17, 0x07, 0x07, 0x07, 0x07, 0x07, 0x01, 0x01, 0x01,
    0x01, 0x01, 0x04, 0x00, 0x00, 0x00, 0x00, 0x00, 0x00, 0x00, 0x00, 0x00,
    0x00, 0x00, 0x00, 0x00, 0x00, 0x00, 0x00, 0x00, 0x00, 0x00, 0x00, 0x01,
    0x01, 0x01, 0x07, 0x07, 0x07, 0x07, 0x07, 0x07, 0x0a, 0x17, 0x18, 0x18,
    0x17, 0x20, 0x21, 0x14, 0x25, 0x24, 0x29, 0x17, 0x0b, 0x17, 0x17, 0x18,
    0x0b, 0x0b, 0x18, 0x0b, 0x17, 0x17, 0x17, 0x17, 0x17, 0x17, 0x17, 0x17,
    0x17, 0x17, 0x17, 0x18, 0x0b, 0x0b, 0x0b, 0x24, 0x14, 0x42, 0x24, 0x20,
    0x18, 0x17, 0x17, 0x0b, 0x0b, 0x0b, 0x0b, 0x0b, 0x0b, 0x18, 0x17, 0x17,
    0x17, 0x18, 0x18, 0x17, 0x17, 0x0b, 0x0b, 0x0b, 0x0b, 0x24, 0x14, 0x3b,
    0x1c, 0x0b, 0x0b, 0x18, 0x18, 0x0b, 0x18, 0x0b, 0x0b, 0x18, 0x17, 0x17,
    0x0a, 0x0a, 0x07, 0x07, 0x07, 0x07, 0x07, 0x0a, 0x0a, 0x0a, 0x07, 0x07,
    0x07, 0x08, 0x08, 0x01, 0x01, 0x00, 0x01, 0x01, 0x00, 0x01, 0x01, 0x01,
    0x00, 0x00, 0x00, 0x00, 0x00, 0x00, 0x00, 0x00, 0x00, 0x00, 0x00, 0x00,
    0x00, 0x00, 0x00, 0x00, 0x00, 0x00, 0x00, 0x00, 0x00, 0x00, 0x00, 0x00,
    0x00, 0x00, 0x00, 0x00, 0x00, 0x00, 0x00, 0x00, 0x00, 0x00, 0x00, 0x00,
    0x00, 0x00, 0x00, 0x00, 0x00, 0x00, 0x04, 0x00, 0x01, 0x01, 0x01, 0x00,
    0x01, 0x01, 0x00, 0x08, 0x09, 0x0a, 0x07, 0x07, 0x07, 0x07, 0x07, 0x07,
    0x07, 0x07, 0x07, 0x0a, 0x0b, 0x17, 0x26, 0x17, 0x26, 0x17, 0x17, 0x18,
    0x0b, 0x17, 0x0b, 0x1c, 0x3b, 0x3b, 0x24, 0x0b, 0x18, 0x17, 0x0b, 0x17,
    0x17, 0x26, 0x17, 0x17, 0x17, 0x0b, 0x0b, 0x0b, 0x17, 0x17, 0x17, 0x17,
    0x18, 0x17, 0x17, 0x0b, 0x0b, 0x19, 0x25, 0x14, 0x21, 0x0b, 0x0b, 0x17,
    0x17, 0x17, 0x17, 0x17, 0x17, 0x17, 0x17, 0x17, 0x17, 0x17, 0x17, 0x17,
    0x17, 0x17, 0x17, 0x0b, 0x18, 0x17, 0x17, 0x17, 0x29, 0x20, 0x24, 0x22,
    0x14, 0x21, 0x20, 0x0b, 0x18, 0x0b, 0x0b, 0x18, 0x07, 0x07, 0x07, 0x07,
    0x0a, 0x0a, 0x01, 0x01, 0x01, 0x00, 0x01, 0x00, 0x00, 0x00, 0x00, 0x00,
    0x00, 0x00, 0x00, 0x00, 0x00, 0x00, 0x00, 0x00, 0x00, 0x00, 0x00, 0x00,
    0x00, 0x00, 0x00, 0x01, 0x01, 0x08, 0x07, 0x07, 0x08, 0x07, 0x07, 0x0b,
    0x0b, 0x18, 0x0b, 0x17, 0x17, 0x1c, 0x1a, 0x14, 0x1b, 0x20, 0x29, 0x17,
    0x17, 0x17, 0x17, 0x17, 0x17, 0x0b, 0x18, 0x17, 0x17, 0x26, 0x26, 0x17,
    0x17, 0x26, 0x17, 0x17, 0x26, 0x17, 0x17, 0x18, 0x18, 0x0b, 0x19, 0x3b,
    0x14, 0x1d, 0x20, 0x18, 0x0b, 0x18, 0x18, 0x17, 0x18, 0x0b, 0x17, 0x17,
    0x17, 0x0b, 0x18, 0x17, 0x17, 0x17, 0x0b, 0x17, 0x17, 0x18, 0x0b, 0x18,
    0x1c, 0x3b, 0x3b, 0x24, 0x0b, 0x0b, 0x0b, 0x0b, 0x17, 0x17, 0x17, 0x0b,
    0x17, 0x0b, 0x17, 0x18, 0x0a, 0x0a, 0x07, 0x07, 0x07, 0x07, 0x0a, 0x0a,
    0x0a, 0x0a, 0x0a, 0x07, 0x07, 0x08, 0x07, 0x01, 0x01, 0x01, 0x01, 0x01,
    0x01, 0x01, 0x01, 0x04, 0x00, 0x01, 0x00, 0x00, 0x00, 0x00, 0x00, 0x00,
    0x00, 0x00, 0x00, 0x00, 0x00, 0x00, 0x00, 0x00, 0x00, 0x00, 0x00, 0x00,
    0x00, 0x00, 0x00, 0x00, 0x00, 0x00, 0x00, 0x00, 0x00, 0x00, 0x00, 0x00,
    0x00, 0x00, 0x00, 0x00, 0x00, 0x00, 0x04, 0x00, 0x04, 0x01, 0x01, 0x01,
    0x01, 0x00, 0x04, 0x01, 0x01, 0x07, 0x07, 0x08, 0x07, 0x07, 0x0a, 0x0a,
    0x07, 0x07, 0x07, 0x07, 0x0a, 0x0a, 0x0a, 0x17, 0x18, 0x17, 0x18, 0x17,
    0x18, 0x18, 0x0b, 0x0b, 0x17, 0x0b, 0x0b, 0x0b, 0x1c, 0x3b, 0x3b, 0x1c,
    0x0b, 0x18, 0x17, 0x17, 0x17, 0x17, 0x26, 0x17, 0x17, 0x17, 0x17, 0x17,
    0x17, 0x17, 0x18, 0x17, 0x0b, 0x18, 0x17, 0x0b, 0x18, 0x20, 0x21, 0x14,
    0x3f, 0x1c, 0x18, 0x17, 0x17, 0x17, 0x26, 0x18, 0x17, 0x17, 0x17, 0x17,
    0x26, 0x17, 0x17, 0x26, 0x17, 0x17, 0x17, 0x17, 0x18, 0x17, 0x17, 0x17,
    0x18, 0x20, 0x1c, 0x1a, 0x14, 0x1b, 0x19, 0x18, 0x17, 0x17, 0x0b, 0x0b,
    0x07, 0x07, 0x07, 0x07, 0x07, 0x09, 0x01, 0x01, 0x01, 0x00, 0x01, 0x01,
    0x00, 0x00, 0x00, 0x00, 0x00, 0x00, 0x00, 0x00, 0x00, 0x00, 0x00, 0x00,
    0x00, 0x00, 0x00, 0x00, 0x00, 0x00, 0x00, 0x00, 0x01, 0x07, 0x08, 0x07,
    0x07, 0x07, 0x07, 0x17, 0x18, 0x17, 0x17, 0x0b, 0x29, 0x24, 0x22, 0x22,
    0x1d, 0x20, 0x18, 0x17, 0x17, 0x26, 0x17, 0x17, 0x18, 0x0b, 0x0b, 0x17,
    0x17, 0x17, 0x17, 0x17, 0x17, 0x26, 0x17, 0x17, 0x17, 0x17, 0x18, 0x0b,
    0x0b, 0x20, 0x13, 0x14, 0x1a, 0x1c, 0x0b, 0x0b, 0x17, 0x0b, 0x0b, 0x17,
    0x17, 0x17, 0x17, 0x17, 0x17, 0x17, 0x17, 0x17, 0x17, 0x17, 0x17, 0x17,
    0x17, 0x18, 0x0b, 0x19, 0x3b, 0x14, 0x1d, 0x20, 0x18, 0x0b, 0x17, 0x17,
    0x17, 0x18, 0x0b, 0x18, 0x17, 0x17, 0x17, 0x18, 0x0b, 0x0a, 0x07, 0x0a,
    0x0a, 0x0a, 0x0a, 0x0a, 0x0c, 0x4c, 0x4d, 0x07, 0x07, 0x08, 0x07, 0x07,
    0x00, 0x01, 0x01, 0x01, 0x01, 0x01, 0x01, 0x01, 0x01, 0x00, 0x00, 0x00,
    0x00, 0x00, 0x00, 0x00, 0x00, 0x00, 0x00, 0x00, 0x00, 0x00, 0x00, 0x00,
    0x00, 0x00, 0x00, 0x00, 0x00, 0x00, 0x00, 0x00, 0x00, 0x00, 0x00, 0x00,
    0x00, 0x00, 0x00, 0x00, 0x00, 0x00, 0x00, 0x00, 0x00, 0x00, 0x00, 0x04,
    0x01, 0x04, 0x00, 0x01, 0x01, 0x04, 0x01, 0x01, 0x08, 0x09, 0x0a, 0x07,
    0x07, 0x4d, 0x32, 0x0c, 0x0b, 0x0a, 0x07, 0x07, 0x07, 0x0a, 0x17, 0x17,
    0x17, 0x17, 0x0b, 0x17, 0x0b, 0x0b, 0x0b, 0x18, 0x0b, 0x18, 0x18, 0x0b,
    0x20, 0x1d, 0x3b, 0x3b, 0x19, 0x0b, 0x18, 0x17, 0x18, 0x18, 0x0b, 0x18,
    0x18, 0x18, 0x18, 0x18, 0x18, 0x0b, 0x18, 0x17, 0x0b, 0x18, 0x0b, 0x0b,
    0x18, 0x0b, 0x19, 0x1a, 0x14, 0x13, 0x20, 0x0b, 0x17, 0x17, 0x17, 0x18,
    0x17, 0x17, 0x26, 0x17, 0x17, 0x18, 0x17, 0x17, 0x26, 0x17, 0x17, 0x17,
    0x18, 0x17, 0x17, 0x17, 0x17, 0x20, 0x20, 0x21, 0x14, 0x14, 0x24, 0x0b,
    0x17, 0x17, 0x18, 0x0b, 0x0b, 0x07, 0x07, 0x07, 0x07, 0x0a, 0x04, 0x00,
    0x01, 0x01, 0x01, 0x01, 0x00, 0x00, 0x00, 0x00, 0x00, 0x00, 0x00, 0x00,
    0x00, 0x00, 0x00, 0x00, 0x00, 0x00, 0x00, 0x00, 0x00, 0x00, 0x00, 0x01,
    0x00, 0x08, 0x07, 0x07, 0x07, 0x07, 0x17, 0x0b, 0x0b, 0x17, 0x18, 0x0b,
    0x20, 0x1a, 0x14, 0x1b, 0x19, 0x20, 0x17, 0x17, 0x17, 0x17, 0x17, 0x17,
    0x17, 0x17, 0x17, 0x17, 0x17, 0x17, 0x17, 0x17, 0x17, 0x17, 0x17, 0x17,
    0x17, 0x17, 0x18, 0x0b, 0x0b, 0x1c, 0x1e, 0x14, 0x24, 0x20, 0x0b, 0x17,
    0x17, 0x17, 0x18, 0x17, 0x18, 0x17, 0x17, 0x26, 0x17, 0x17, 0x18, 0x18,
    0x18, 0x18, 0x17, 0x17, 0x17, 0x18, 0x20, 0x13, 0x15, 0x13, 0x20, 0x0b,
    0x0b, 0x18, 0x17, 0x17, 0x17, 0x18, 0x0b, 0x0b, 0x17, 0x17, 0x18, 0x17,
    0x0b, 0x17, 0x07, 0x0a, 0x0a, 0x0a, 0x0b, 0x19, 0x10, 0x4e, 0x43, 0x07,
    0x07, 0x07, 0x08, 0x08, 0x00, 0x01, 0x01, 0x01, 0x01, 0x01, 0x01, 0x01,
    0x01, 0x01, 0x00, 0x00, 0x00, 0x04, 0x00, 0x00, 0x04, 0x00, 0x00, 0x00,
    0x00, 0x00, 0x00, 0x00, 0x00, 0x00, 0x00, 0x00, 0x00, 0x00, 0x00, 0x00,
    0x00, 0x00, 0x00, 0x00, 0x00, 0x00, 0x00, 0x00, 0x00, 0x00, 0x00, 0x00,
    0x00, 0x00, 0x00, 0x01, 0x01, 0x01, 0x01, 0x01, 0x01, 0x01, 0x01, 0x01,
    0x07, 0x09, 0x09, 0x0a, 0x07, 0x43, 0x46, 0x10, 0x19, 0x0b, 0x0a, 0x07,
    0x0a, 0x07, 0x17, 0x17, 0x17, 0x17, 0x17, 0x18, 0x0b, 0x0b, 0x0b, 0x0b,
    0x0b, 0x0b, 0x0b, 0x0b, 0x0b, 0x19, 0x13, 0x14, 0x1b, 0x20, 0x0b, 0x0b,
    0x0b, 0x0b, 0x0b, 0x0b, 0x0b, 0x0b, 0x0b, 0x0b, 0x0b, 0x0b, 0x0b, 0x0b,
    0x0b, 0x0b, 0x0b, 0x0b, 0x0b, 0x0b, 0x20, 0x24, 0x14, 0x1b, 0x1c, 0x18,
    0x17, 0x17, 0x18, 0x0b, 0x0b, 0x17, 0x17, 0x17, 0x17, 0x17, 0x17, 0x17,
    0x17, 0x26, 0x17, 0x17, 0x17, 0x17, 0x17, 0x18, 0x17, 0x18, 0x20, 0x24,
    0x2c, 0x14, 0x21, 0x20, 0x17, 0x17, 0x18, 0x0b, 0x17, 0x17, 0x07, 0x07,
    0x07, 0x07, 0x0a, 0x04, 0x01, 0x04, 0x01, 0x00, 0x01, 0x04, 0x00, 0x00,
    0x00, 0x00, 0x00, 0x00, 0x00, 0x00, 0x00, 0x00, 0x00, 0x00, 0x00, 0x00,
    0x00, 0x01, 0x00, 0x01, 0x01, 0x07, 0x07, 0x07, 0x07, 0x07, 0x17, 0x18,
    0x0b, 0x0b, 0x18, 0x0b, 0x1c, 0x2a, 0x14, 0x1d, 0x20, 0x18, 0x17, 0x17,
    0x18, 0x18, 0x17, 0x17, 0x26, 0x18, 0x17, 0x26, 0x17, 0x26, 0x26, 0x17,
    0x17, 0x26, 0x17, 0x26, 0x17, 0x17, 0x17, 0x18, 0x20, 0x13, 0x15, 0x1a,
    0x20, 0x0b, 0x18, 0x18, 0x0b, 0x18, 0x0b, 0x0b, 0x18, 0x17, 0x17, 0x17,
    0x26, 0x17, 0x0b, 0x17, 0x0b, 0x17, 0x18, 0x17, 0x17, 0x0b, 0x13, 0x16,
    0x1b, 0x20, 0x0b, 0x0b, 0x18, 0x17, 0x17, 0x17, 0x17, 0x18, 0x0b, 0x0b,
    0x18, 0x0b, 0x17, 0x18, 0x0b, 0x0b, 0x0a, 0x0a, 0x0a, 0x18, 0x19, 0x11,
    0x11, 0x19, 0x0b, 0x07, 0x07, 0x07, 0x08, 0x00, 0x01, 0x00, 0x01, 0x01,
    0x01, 0x00, 0x01, 0x01, 0x01, 0x04, 0x01, 0x00, 0x01, 0x00, 0x00, 0x00,
    0x00, 0x00, 0x00, 0x00, 0x00, 0x00, 0x00, 0x00, 0x00, 0x00, 0x00, 0x00,
    0x00, 0x00, 0x00, 0x00, 0x00, 0x00, 0x00, 0x00, 0x00, 0x00, 0x00, 0x00,
    0x00, 0x04, 0x06, 0x00, 0x00, 0x00, 0x01, 0x01, 0x01, 0x01, 0x01, 0x01,
    0x01, 0x00, 0x00, 0x07, 0x08, 0x08, 0x07, 0x07, 0x07, 0x0b, 0x19, 0x10,
    0x4e, 0x4f, 0x0b, 0x18, 0x07, 0x17, 0x17, 0x26, 0x17, 0x18, 0x17, 0x0b,
    0x18, 0x0b, 0x18, 0x0b, 0x17, 0x18, 0x0b, 0x0b, 0x18, 0x0b, 0x19, 0x1a,
    0x16, 0x24, 0x0b, 0x18, 0x17, 0x0b, 0x0b, 0x0b, 0x17, 0x17, 0x17, 0x17,
    0x17, 0x17, 0x18, 0x18, 0x0b, 0x18, 0x0b, 0x18, 0x0b, 0x0b, 0x29, 0x19,
    0x1a, 0x14, 0x1a, 0x20, 0x17, 0x17, 0x17, 0x18, 0x18, 0x17, 0x18, 0x17,
    0x17, 0x26, 0x17, 0x17, 0x17, 0x17, 0x18, 0x18, 0x17, 0x18, 0x18, 0x17,
    0x17, 0x17, 0x29, 0x20, 0x21, 0x22, 0x3f, 0x1c, 0x18, 0x17, 0x17, 0x18,
    0x0b, 0x18, 0x07, 0x07, 0x07, 0x07, 0x0a, 0x09, 0x04, 0x01, 0x01, 0x01,
    0x00, 0x04, 0x00, 0x00, 0x00, 0x00, 0x00, 0x00, 0x00, 0x00, 0x00, 0x00,
    0x00, 0x00, 0x00, 0x00, 0x01, 0x01, 0x01, 0x01, 0x08, 0x08, 0x07, 0x07,
    0x07, 0x07, 0x0b, 0x18, 0x17, 0x0b, 0x0b, 0x20, 0x24, 0x14, 0x22, 0x24,
    0x20, 0x18, 0x17, 0x17, 0x18, 0x0b, 0x18, 0x17, 0x17, 0x18, 0x17, 0x17,
    0x17, 0x17, 0x17, 0x17, 0x17, 0x17, 0x17, 0x17, 0x26, 0x17, 0x17, 0x18,
    0x1c, 0x1e, 0x14, 0x24, 0x20, 0x0b, 0x0b, 0x0b, 0x0b, 0x0b, 0x0b, 0x0b,
    0x0b, 0x18, 0x17, 0x18, 0x0b, 0x0b, 0x18, 0x0b, 0x0b, 0x17, 0x17, 0x17,
    0x18, 0x19, 0x3b, 0x50, 0x24, 0x18, 0x0b, 0x17, 0x17, 0x17, 0x17, 0x18,
    0x17, 0x0b, 0x18, 0x0b, 0x17, 0x17, 0x17, 0x18, 0x17, 0x17, 0x18, 0x17,
    0x0b, 0x19, 0x0f, 0x3f, 0x19, 0x0b, 0x07, 0x07, 0x07, 0x07, 0x07, 0x08,
    0x01, 0x01, 0x00, 0x01, 0x01, 0x01, 0x01, 0x01, 0x00, 0x04, 0x03, 0x00,
    0x01, 0x00, 0x00, 0x00, 0x00, 0x04, 0x00, 0x00, 0x00, 0x00, 0x00, 0x00,
    0x00, 0x00, 0x00, 0x00, 0x00, 0x00, 0x00, 0x00, 0x00, 0x00, 0x00, 0x00,
    0x00, 0x00, 0x00, 0x00, 0x00, 0x00, 0x00, 0x00, 0x01, 0x01, 0x01, 0x04,
    0x06, 0x04, 0x04, 0x00, 0x00, 0x01, 0x07, 0x07, 0x07, 0x51, 0x07, 0x07,
    0x07, 0x0a, 0x0b, 0x19, 0x10, 0x0f, 0x48, 0x0b, 0x17, 0x17, 0x17, 0x17,
    0x18, 0x0b, 0x0b, 0x0b, 0x0b, 0x0b, 0x18, 0x0b, 0x0b, 0x18, 0x17, 0x0b,
    0x18, 0x17, 0x20, 0x1c, 0x3b, 0x3b, 0x1c, 0x0b, 0x18, 0x18, 0x17, 0x17,
    0x17, 0x17, 0x17, 0x17, 0x17, 0x17, 0x17, 0x17, 0x0b, 0x0b, 0x18, 0x0b,
    0x17, 0x17, 0x17, 0x20, 0x21, 0x14, 0x14, 0x1c, 0x17, 0x17, 0x17, 0x17,
    0x17, 0x17, 0x17, 0x17, 0x17, 0x26, 0x17, 0x17, 0x26, 0x17, 0x17, 0x0b,
    0x17, 0x0b, 0x18, 0x17, 0x17, 0x17, 0x0b, 0x20, 0x1c, 0x22, 0x14, 0x21,
    0x20, 0x17, 0x17, 0x0b, 0x0b, 0x17, 0x17, 0x07, 0x07, 0x07, 0x07, 0x0a,
    0x00, 0x01, 0x01, 0x04, 0x01, 0x04, 0x00, 0x00, 0x00, 0x00, 0x00, 0x00,
    0x00, 0x00, 0x00, 0x00, 0x00, 0x00, 0x01, 0x00, 0x01, 0x01, 0x00, 0x09,
    0x07, 0x07, 0x07, 0x07, 0x07, 0x07, 0x0b, 0x17, 0x17, 0x18, 0x0b, 0x19,
    0x1a, 0x14, 0x2f, 0x1c, 0x20, 0x17, 0x17, 0x18, 0x0b, 0x0b, 0x0b, 0x0b,
    0x0b, 0x0b, 0x0b, 0x17, 0x17, 0x17, 0x17, 0x26, 0x17, 0x17, 0x17, 0x17,
    0x18, 0x0b, 0x0b, 0x20, 0x13, 0x14, 0x1b, 0x20, 0x18, 0x0b, 0x0b, 0x18,
    0x0b, 0x17, 0x17, 0x18, 0x17, 0x17, 0x17, 0x17, 0x0b, 0x18, 0x0b, 0x17,
    0x17, 0x17, 0x17, 0x18, 0x20, 0x13, 0x14, 0x39, 0x20, 0x17, 0x17, 0x17,
    0x17, 0x18, 0x18, 0x0b, 0x0b, 0x0b, 0x0b, 0x18, 0x0b, 0x0b, 0x18, 0x0b,
    0x0b, 0x17, 0x18, 0x0b, 0x1c, 0x0f, 0x0f, 0x19, 0x0b, 0x0a, 0x07, 0x07,
    0x07, 0x07, 0x07, 0x07, 0x07, 0x08, 0x01, 0x01, 0x01, 0x01, 0x01, 0x01,
    0x01, 0x04, 0x04, 0x01, 0x00, 0x03, 0x00, 0x00, 0x00, 0x00, 0x00, 0x00,
    0x00, 0x00, 0x00, 0x00, 0x00, 0x00, 0x00, 0x00, 0x00, 0x00, 0x00, 0x00,
    0x00, 0x00, 0x00, 0x01, 0x00, 0x00, 0x00, 0x00, 0x00, 0x00, 0x00, 0x00,
    0x00, 0x00, 0x01, 0x06, 0x06, 0x04, 0x00, 0x01, 0x08, 0x08, 0x07, 0x07,
    0x07, 0x07, 0x07, 0x07, 0x07, 0x07, 0x0b, 0x0b, 0x19, 0x38, 0x0f, 0x47,
    0x0b, 0x18, 0x17, 0x17, 0x18, 0x0b, 0x18, 0x18, 0x0b, 0x0b, 0x0b, 0x0b,
    0x0b, 0x17, 0x17, 0x17, 0x0b, 0x17, 0x17, 0x20, 0x24, 0x42, 0x1a, 0x20,
    0x0b, 0x17, 0x17, 0x17, 0x18, 0x18, 0x17, 0x26, 0x17, 0x17, 0x17, 0x17,
    0x18, 0x0b, 0x17, 0x0b, 0x18, 0x17, 0x17, 0x0b, 0x19, 0x1b, 0x14, 0x13,
    0x20, 0x17, 0x17, 0x17, 0x17, 0x17, 0x26, 0x17, 0x17, 0x17, 0x17, 0x17,
    0x17, 0x17, 0x17, 0x17, 0x17, 0x0b, 0x0b, 0x18, 0x17, 0x17, 0x17, 0x29,
    0x19, 0x1b, 0x14, 0x1a, 0x20, 0x17, 0x17, 0x17, 0x17, 0x18, 0x17, 0x07,
    0x07, 0x07, 0x07, 0x09, 0x08, 0x01, 0x01, 0x01, 0x01, 0x04, 0x04, 0x04,
    0x00, 0x00, 0x00, 0x00, 0x00, 0x00, 0x00, 0x00, 0x00, 0x00, 0x01, 0x01,
    0x01, 0x00, 0x04, 0x08, 0x07, 0x07, 0x07, 0x07, 0x07, 0x0b, 0x18, 0x17,
    0x17, 0x18, 0x0b, 0x24, 0x14, 0x22, 0x24, 0x20, 0x29, 0x17, 0x17, 0x0b,
    0x0b, 0x0b, 0x18, 0x0b, 0x18, 0x0b, 0x17, 0x26, 0x17, 0x17, 0x26, 0x17,
    0x17, 0x26, 0x17, 0x17, 0x18, 0x0b, 0x0b, 0x1c, 0x42, 0x14, 0x24, 0x0b,
    0x18, 0x0b, 0x0b, 0x18, 0x0b, 0x18, 0x0b, 0x0b, 0x17, 0x17, 0x18, 0x0b,
    0x0b, 0x0b, 0x18, 0x0b, 0x17, 0x18, 0x18, 0x0b, 0x24, 0x16, 0x3b, 0x19,
    0x18, 0x17, 0x17, 0x17, 0x18, 0x0b, 0x0b, 0x18, 0x0b, 0x0b, 0x18, 0x17,
    0x0b, 0x18, 0x0b, 0x0b, 0x0b, 0x18, 0x0b, 0x19, 0x0f, 0x0f, 0x19, 0x0b,
    0x0a, 0x0a, 0x07, 0x07, 0x07, 0x07, 0x07, 0x07, 0x07, 0x07, 0x08, 0x08,
    0x00, 0x00, 0x01, 0x01, 0x01, 0x01, 0x00, 0x01, 0x01, 0x03, 0x00, 0x00,
    0x00, 0x01, 0x00, 0x00, 0x00, 0x00, 0x00, 0x00, 0x00, 0x00, 0x00, 0x00,
    0x00, 0x00, 0x00, 0x00, 0x00, 0x00, 0x00, 0x00, 0x00, 0x00, 0x00, 0x00,
    0x00, 0x00, 0x00, 0x00, 0x00, 0x01, 0x01, 0x06, 0x06, 0x01, 0x01, 0x08,
    0x07, 0x07, 0x07, 0x07, 0x07, 0x07, 0x07, 0x07, 0x07, 0x07, 0x17, 0x17,
    0x0b, 0x0c, 0x38, 0x0f, 0x13, 0x0b, 0x17, 0x18, 0x0b, 0x0b, 0x0b, 0x0b,
    0x0b, 0x18, 0x0b, 0x18, 0x0b, 0x17, 0x18, 0x0b, 0x17, 0x17, 0x17, 0x18,
    0x20, 0x1b, 0x42, 0x21, 0x0b, 0x0b, 0x18, 0x18, 0x0b, 0x17, 0x17, 0x17,
    0x26, 0x17, 0x17, 0x17, 0x18, 0x0b, 0x0b, 0x18, 0x0b, 0x18, 0x17, 0x17,
    0x20, 0x24, 0x14, 0x3b, 0x1c, 0x18, 0x17, 0x26, 0x18, 0x17, 0x17, 0x17,
    0x26, 0x17, 0x17, 0x26, 0x17, 0x17, 0x26, 0x17, 0x18, 0x18, 0x17, 0x0b,
    0x17, 0x17, 0x17, 0x18, 0x20, 0x1d, 0x14, 0x25, 0x24, 0x18, 0x17, 0x17,
    0x18, 0x18, 0x0a, 0x07, 0x07, 0x07, 0x07, 0x07, 0x07, 0x00, 0x01, 0x01,
    0x01, 0x01, 0x04, 0x00, 0x00, 0x00, 0x00, 0x00, 0x00, 0x00, 0x00, 0x00,
    0x00, 0x01, 0x01, 0x00, 0x01, 0x04, 0x00, 0x04, 0x0a, 0x07, 0x07, 0x07,
    0x07, 0x0b, 0x0b, 0x17, 0x17, 0x0b, 0x29, 0x21, 0x14, 0x2a, 0x24, 0x20,
    0x18, 0x17, 0x17, 0x18, 0x0b, 0x0b, 0x18, 0x0b, 0x0b, 0x18, 0x17, 0x17,
    0x17, 0x17, 0x17, 0x17, 0x17, 0x17, 0x17, 0x17, 0x18, 0x0b, 0x20, 0x21,
    0x14, 0x1b, 0x20, 0x0b, 0x0b, 0x0b, 0x0b, 0x0b, 0x0b, 0x0b, 0x18, 0x0b,
    0x17, 0x17, 0x18, 0x18, 0x0b, 0x17, 0x0b, 0x17, 0x17, 0x18, 0x0b, 0x19,
    0x3b, 0x3f, 0x1c, 0x20, 0x0b, 0x17, 0x17, 0x26, 0x18, 0x0b, 0x0b, 0x0b,
    0x18, 0x0b, 0x0b, 0x0b, 0x0b, 0x0b, 0x0b, 0x18, 0x0b, 0x0b, 0x1c, 0x0f,
    0x3f, 0x19, 0x0b, 0x0b, 0x0a, 0x07, 0x07, 0x07, 0x07, 0x07, 0x07, 0x07,
    0x07, 0x07, 0x08, 0x08, 0x07, 0x01, 0x00, 0x01, 0x01, 0x01, 0x00, 0x01,
    0x00, 0x00, 0x00, 0x00, 0x00, 0x00, 0x00, 0x00, 0x00, 0x00, 0x00, 0x00,
    0x00, 0x00, 0x00, 0x00, 0x00, 0x00, 0x00, 0x00, 0x00, 0x00, 0x00, 0x00,
    0x00, 0x00, 0x00, 0x00, 0x00, 0x00, 0x00, 0x00, 0x01, 0x01, 0x06, 0x04,
    0x01, 0x01, 0x01, 0x07, 0x08, 0x07, 0x07, 0x07, 0x07, 0x07, 0x07, 0x07,
    0x07, 0x07, 0x17, 0x17, 0x17, 0x0b, 0x19, 0x52, 0x0f, 0x4f, 0x0b, 0x0b,
    0x0b, 0x0b, 0x0b, 0x0b, 0x18, 0x0b, 0x0b, 0x18, 0x17, 0x17, 0x18, 0x18,
    0x17, 0x17, 0x18, 0x0b, 0x20, 0x24, 0x42, 0x3f, 0x19, 0x0b, 0x0b, 0x0b,
    0x17, 0x17, 0x17, 0x17, 0x17, 0x26, 0x17, 0x17, 0x17, 0x18, 0x0b, 0x0b,
    0x0b, 0x0b, 0x17, 0x17, 0x18, 0x1c, 0x1a, 0x14, 0x21, 0x20, 0x17, 0x17,
    0x17, 0x18, 0x17, 0x17, 0x17, 0x17, 0x17, 0x26, 0x17, 0x17, 0x17, 0x17,
    0x18, 0x0b, 0x0b, 0x18, 0x17, 0x17, 0x17, 0x18, 0x20, 0x24, 0x22, 0x22,
    0x21, 0x20, 0x17, 0x17, 0x17, 0x0b, 0x0b, 0x07, 0x07, 0x07, 0x07, 0x0a,
    0x09, 0x01, 0x01, 0x01, 0x01, 0x01, 0x04, 0x00, 0x00, 0x00, 0x00, 0x00,
    0x00, 0x00, 0x00, 0x00, 0x00, 0x00, 0x01, 0x01, 0x01, 0x04, 0x00, 0x04,
    0x09, 0x07, 0x07, 0x07, 0x07, 0x18, 0x0b, 0x18, 0x0b, 0x0b, 0x1c, 0x1a,
    0x27, 0x1b, 0x20, 0x20, 0x17, 0x18, 0x0b, 0x18, 0x0b, 0x17, 0x0b, 0x0b,
    0x0b, 0x0b, 0x17, 0x17, 0x26, 0x17, 0x17, 0x26, 0x17, 0x17, 0x26, 0x18,
    0x0b, 0x0b, 0x40, 0x3b, 0x14, 0x24, 0x20, 0x18, 0x0b, 0x18, 0x18, 0x0b,
    0x0b, 0x0b, 0x18, 0x18, 0x0b, 0x0b, 0x0b, 0x0b, 0x0b, 0x18, 0x18, 0x17,
    0x17, 0x0b, 0x0b, 0x13, 0x16, 0x39, 0x20, 0x18, 0x0b, 0x17, 0x17, 0x17,
    0x0b, 0x0b, 0x0b, 0x0b, 0x0b, 0x18, 0x0b, 0x18, 0x0b, 0x0b, 0x18, 0x0b,
    0x0b, 0x19, 0x0f, 0x3b, 0x1c, 0x0b, 0x0b, 0x18, 0x17, 0x17, 0x17, 0x17,
    0x07, 0x07, 0x07, 0x07, 0x07, 0x07, 0x07, 0x07, 0x08, 0x07, 0x08, 0x08,
    0x00, 0x01, 0x01, 0x00, 0x01, 0x01, 0x01, 0x01, 0x00, 0x00, 0x01, 0x00,
    0x00, 0x00, 0x00, 0x00, 0x00, 0x00, 0x00, 0x00, 0x00, 0x00, 0x00, 0x00,
    0x00, 0x00, 0x00, 0x00, 0x00, 0x01, 0x00, 0x00, 0x00, 0x03, 0x00, 0x00,
    0x01, 0x03, 0x01, 0x04, 0x01, 0x01, 0x07, 0x08, 0x07, 0x07, 0x51, 0x07,
    0x07, 0x07, 0x07, 0x07, 0x07, 0x17, 0x17, 0x26, 0x18, 0x0b, 0x0b, 0x19,
    0x38, 0x0f, 0x19, 0x0b, 0x18, 0x18, 0x0b, 0x0b, 0x18, 0x17, 0x0b, 0x0b,
    0x17, 0x17, 0x0b, 0x0b, 0x17, 0x17, 0x18, 0x0b, 0x0b, 0x20, 0x13, 0x16,
    0x13, 0x0b, 0x0b, 0x18, 0x18, 0x0b, 0x17, 0x17, 0x17, 0x17, 0x17, 0x17,
    0x17, 0x18, 0x0b, 0x0b, 0x18, 0x0b, 0x17, 0x17, 0x17, 0x29, 0x24, 0x14,
    0x1b, 0x19, 0x18, 0x17, 0x17, 0x17, 0x17, 0x17, 0x26, 0x17, 0x17, 0x17,
    0x17, 0x17, 0x17, 0x17, 0x0b, 0x17, 0x17, 0x18, 0x18, 0x17, 0x17, 0x17,
    0x18, 0x20, 0x1a, 0x14, 0x1a, 0x20, 0x18, 0x17, 0x18, 0x0b, 0x17, 0x17,
    0x07, 0x07, 0x07, 0x07, 0x07, 0x00, 0x01, 0x01, 0x01, 0x01, 0x04, 0x04,
    0x04, 0x00, 0x00, 0x00, 0x00, 0x00, 0x00, 0x01, 0x00, 0x00, 0x01, 0x01,
    0x04, 0x01, 0x04, 0x07, 0x08, 0x08, 0x07, 0x07, 0x07, 0x17, 0x0b, 0x18,
    0x0b, 0x0b, 0x24, 0x22, 0x14, 0x24, 0x2e, 0x29, 0x17, 0x0b, 0x0b, 0x0b,
    0x17, 0x17, 0x18, 0x0b, 0x18, 0x18, 0x17, 0x17, 0x17, 0x17, 0x17, 0x26,
    0x17, 0x17, 0x17, 0x18, 0x0b, 0x0b, 0x21, 0x14, 0x1b, 0x1c, 0x18, 0x0b,
    0x0b, 0x17, 0x0b, 0x18, 0x0b, 0x0b, 0x17, 0x0b, 0x18, 0x0b, 0x0b, 0x17,
    0x0b, 0x17, 0x17, 0x18, 0x0b, 0x0b, 0x1c, 0x1e, 0x3b, 0x1c, 0x0b, 0x17,
    0x17, 0x17, 0x26, 0x17, 0x0b, 0x18, 0x18, 0x0b, 0x0b, 0x0b, 0x0b, 0x0b,
    0x18, 0x0b, 0x0b, 0x0b, 0x40, 0x3b, 0x50, 0x19, 0x0b, 0x0b, 0x18, 0x17,
    0x17, 0x17, 0x18, 0x17, 0x07, 0x07, 0x07, 0x07, 0x07, 0x07, 0x07, 0x07,
    0x07, 0x08, 0x07, 0x07, 0x00, 0x00, 0x01, 0x01, 0x01, 0x00, 0x01, 0x04,
    0x00, 0x03, 0x00, 0x01, 0x00, 0x00, 0x00, 0x00, 0x00, 0x00, 0x00, 0x00,
    0x00, 0x00, 0x00, 0x00, 0x00, 0x00, 0x00, 0x00, 0x00, 0x00, 0x00, 0x00,
    0x00, 0x00, 0x01, 0x00, 0x01, 0x01, 0x00, 0x01, 0x01, 0x04, 0x0a, 0x07,
    0x07, 0x07, 0x07, 0x07, 0x07, 0x07, 0x07, 0x07, 0x17, 0x17, 0x17, 0x18,
    0x0b, 0x0b, 0x18, 0x0b, 0x1c, 0x0f, 0x0f, 0x1c, 0x0b, 0x0b, 0x0b, 0x0b,
    0x0b, 0x17, 0x18, 0x0b, 0x0b, 0x17, 0x18, 0x0b, 0x17, 0x17, 0x18, 0x0b,
    0x0b, 0x18, 0x19, 0x3f, 0x3b, 0x19, 0x0b, 0x0b, 0x0b, 0x17, 0x18, 0x18,
    0x18, 0x18, 0x17, 0x17, 0x18, 0x0b, 0x0b, 0x0b, 0x18, 0x0b, 0x17, 0x17,
    0x18, 0x0b, 0x19, 0x1a, 0x14, 0x21, 0x0b, 0x17, 0x17, 0x17, 0x18, 0x18,
    0x17, 0x17, 0x17, 0x26, 0x17, 0x18, 0x17, 0x17, 0x17, 0x17, 0x17, 0x17,
    0x17, 0x17, 0x17, 0x17, 0x0b, 0x20, 0x1d, 0x14, 0x2c, 0x1c, 0x20, 0x17,
    0x17, 0x18, 0x17, 0x17, 0x07, 0x07, 0x07, 0x07, 0x0a, 0x08, 0x01, 0x01,
    0x01, 0x01, 0x04, 0x06, 0x00, 0x00, 0x00, 0x00, 0x00, 0x00, 0x00, 0x00,
    0x01, 0x00, 0x00, 0x04, 0x01, 0x01, 0x0a, 0x0a, 0x07, 0x07, 0x07, 0x07,
    0x17, 0x0b, 0x0b, 0x0b, 0x18, 0x20, 0x21, 0x14, 0x14, 0x1c, 0x20, 0x18,
    0x17, 0x0b, 0x18, 0x0b, 0x17, 0x17, 0x17, 0x18, 0x0b, 0x17, 0x17, 0x17,
    0x26, 0x17, 0x17, 0x17, 0x17, 0x17, 0x17, 0x17, 0x0b, 0x19, 0x1a, 0x14,
    0x1d, 0x20, 0x0b, 0x0b, 0x17, 0x17, 0x0b, 0x0b, 0x18, 0x0b, 0x0b, 0x0b,
    0x0b, 0x18, 0x18, 0x0b, 0x18, 0x0b, 0x0b, 0x0b, 0x18, 0x0b, 0x13, 0x4a,
    0x21, 0x20, 0x0b, 0x17, 0x18, 0x18, 0x17, 0x17, 0x18, 0x0b, 0x0b, 0x0b,
    0x18, 0x0b, 0x0b, 0x0b, 0x0b, 0x18, 0x0b, 0x20, 0x38, 0x0f, 0x1c, 0x0b,
    0x18, 0x0b, 0x17, 0x17, 0x17, 0x17, 0x17, 0x17, 0x17, 0x07, 0x07, 0x07,
    0x07, 0x0a, 0x0a, 0x51, 0x07, 0x07, 0x07, 0x07, 0x08, 0x07, 0x00, 0x01,
    0x01, 0x01, 0x01, 0x01, 0x01, 0x00, 0x00, 0x01, 0x00, 0x00, 0x00, 0x00,
    0x00, 0x00, 0x00, 0x00, 0x00, 0x00, 0x00, 0x00, 0x00, 0x00, 0x00, 0x00,
    0x00, 0x00, 0x00, 0x00, 0x00, 0x00, 0x03, 0x01, 0x03, 0x04, 0x01, 0x00,
    0x08, 0x08, 0x08, 0x07, 0x07, 0x07, 0x07, 0x07, 0x07, 0x07, 0x07, 0x17,
    0x17, 0x17, 0x17, 0x18, 0x0b, 0x0b, 0x0b, 0x0b, 0x0b, 0x1c, 0x0f, 0x38,
    0x19, 0x0b, 0x18, 0x0b, 0x0b, 0x17, 0x18, 0x0b, 0x17, 0x17, 0x17, 0x18,
    0x18, 0x0b, 0x0b, 0x0b, 0x17, 0x0b, 0x20, 0x24, 0x16, 0x13, 0x19, 0x0b,
    0x18, 0x0b, 0x0b, 0x17, 0x0b, 0x18, 0x0b, 0x18, 0x17, 0x17, 0x17, 0x18,
    0x0b, 0x17, 0x18, 0x18, 0x17, 0x0b, 0x20, 0x13, 0x14, 0x1b, 0x20, 0x18,
    0x18, 0x0b, 0x0b, 0x18, 0x17, 0x17, 0x17, 0x17, 0x17, 0x18, 0x17, 0x26,
    0x17, 0x18, 0x18, 0x17, 0x0b, 0x17, 0x17, 0x26, 0x17, 0x20, 0x24, 0x42,
    0x14, 0x21, 0x20, 0x17, 0x17, 0x18, 0x0b, 0x18, 0x07, 0x07, 0x07, 0x07,
    0x07, 0x0a, 0x01, 0x01, 0x01, 0x01, 0x01, 0x06, 0x00, 0x00, 0x00, 0x00,
    0x00, 0x00, 0x00, 0x01, 0x00, 0x00, 0x00, 0x04, 0x01, 0x00, 0x08, 0x09,
    0x07, 0x07, 0x07, 0x07, 0x17, 0x18, 0x0b, 0x0b, 0x0b, 0x20, 0x1a, 0x14,
    0x1b, 0x20, 0x20, 0x17, 0x0b, 0x18, 0x0b, 0x18, 0x17, 0x17, 0x17, 0x0b,
    0x17, 0x17, 0x17, 0x17, 0x17, 0x26, 0x17, 0x17, 0x26, 0x17, 0x17, 0x17,
    0x18, 0x24, 0x14, 0x14, 0x1c, 0x20, 0x18, 0x17, 0x18, 0x17, 0x18, 0x0b,
    0x0b, 0x17, 0x17, 0x18, 0x0b, 0x0b, 0x17, 0x17, 0x0b, 0x18, 0x17, 0x17,
    0x0b, 0x40, 0x3b, 0x3f, 0x19, 0x0b, 0x18, 0x0b, 0x0b, 0x0b, 0x17, 0x17,
    0x0b, 0x0b, 0x17, 0x0b, 0x18, 0x0b, 0x18, 0x17, 0x0b, 0x0b, 0x0b, 0x53,
    0x0f, 0x53, 0x0b, 0x0b, 0x0b, 0x17, 0x17, 0x17, 0x26, 0x17, 0x17, 0x26,
    0x17, 0x07, 0x07, 0x07, 0x07, 0x0a, 0x0a, 0x0a, 0x0a, 0x07, 0x08, 0x07,
    0x08, 0x07, 0x01, 0x00, 0x01, 0x01, 0x01, 0x01, 0x01, 0x01, 0x00, 0x00,
    0x00, 0x00, 0x00, 0x00, 0x00, 0x00, 0x00, 0x00, 0x00, 0x00, 0x00, 0x00,
    0x00, 0x00, 0x00, 0x00, 0x01, 0x01, 0x00, 0x00, 0x01, 0x01, 0x03, 0x01,
    0x01, 0x01, 0x00, 0x08, 0x07, 0x08, 0x07, 0x0a, 0x0a, 0x07, 0x07, 0x07,
    0x07, 0x07, 0x17, 0x17, 0x26, 0x17, 0x17, 0x18, 0x0b, 0x0b, 0x17, 0x18,
    0x0b, 0x0b, 0x53, 0x0f, 0x53, 0x0b, 0x17, 0x17, 0x18, 0x0b, 0x0b, 0x18,
    0x18, 0x0b, 0x0b, 0x0b, 0x0b, 0x0b, 0x18, 0x17, 0x17, 0x18, 0x0b, 0x1c,
    0x3b, 0x4b, 0x1c, 0x0b, 0x18, 0x0b, 0x17, 0x17, 0x0b, 0x0b, 0x0b, 0x17,
    0x17, 0x17, 0x18, 0x0b, 0x0b, 0x0b, 0x0b, 0x0b, 0x0b, 0x17, 0x0b, 0x24,
    0x14, 0x14, 0x1c, 0x0b, 0x0b, 0x0b, 0x0b, 0x0b, 0x18, 0x18, 0x17, 0x17,
    0x17, 0x17, 0x17, 0x17, 0x17, 0x17, 0x18, 0x0b, 0x17, 0x18, 0x17, 0x18,
    0x18, 0x20, 0x1c, 0x1a, 0x14, 0x1a, 0x20, 0x0b, 0x18, 0x0b, 0x0b, 0x0b,
    0x07, 0x07, 0x07, 0x07, 0x0a, 0x0a, 0x01, 0x01, 0x01, 0x01, 0x01, 0x04,
    0x00, 0x00, 0x00, 0x00, 0x00, 0x00, 0x00, 0x00, 0x00, 0x00, 0x01, 0x04,
    0x00, 0x01, 0x0a, 0x0a, 0x07, 0x07, 0x07, 0x07, 0x0b, 0x18, 0x0b, 0x0b,
    0x18, 0x19, 0x1b, 0x14, 0x21, 0x20, 0x20, 0x17, 0x18, 0x0b, 0x0b, 0x17,
    0x17, 0x18, 0x18, 0x17, 0x17, 0x17, 0x26, 0x17, 0x17, 0x17, 0x17, 0x17,
    0x17, 0x26, 0x18, 0x0b, 0x20, 0x1a, 0x14, 0x1b, 0x20, 0x0b, 0x0b, 0x18,
    0x17, 0x0b, 0x0b, 0x18, 0x17, 0x17, 0x17, 0x18, 0x0b, 0x0b, 0x17, 0x0b,
    0x0b, 0x17, 0x18, 0x0b, 0x20, 0x13, 0x14, 0x1d, 0x20, 0x0b, 0x18, 0x0b,
    0x0b, 0x17, 0x17, 0x17, 0x18, 0x18, 0x0b, 0x0b, 0x0b, 0x0b, 0x0b, 0x17,
    0x18, 0x18, 0x19, 0x3b, 0x38, 0x20, 0x0b, 0x18, 0x0b, 0x18, 0x18, 0x17,
    0x18, 0x17, 0x17, 0x17, 0x17, 0x17, 0x17, 0x07, 0x07, 0x0b, 0x0b, 0x32,
    0x54, 0x0a, 0x08, 0x07, 0x07, 0x07, 0x08, 0x01, 0x01, 0x01, 0x01, 0x01,
    0x01, 0x01, 0x01, 0x03, 0x00, 0x00, 0x00, 0x00, 0x00, 0x00, 0x00, 0x00,
    0x00, 0x00, 0x00, 0x00, 0x00, 0x00, 0x00, 0x00, 0x00, 0x00, 0x00, 0x00,
    0x01, 0x03, 0x06, 0x01, 0x01, 0x00, 0x0a, 0x07, 0x07, 0x07, 0x07, 0x43,
    0x54, 0x0b, 0x0b, 0x07, 0x07, 0x07, 0x17, 0x17, 0x17, 0x17, 0x17, 0x18,
    0x0b, 0x0b, 0x18, 0x0b, 0x0b, 0x0b, 0x20, 0x38, 0x0f, 0x4f, 0x18, 0x17,
    0x0b, 0x18, 0x0b, 0x0b, 0x0b, 0x17, 0x18, 0x0b, 0x0b, 0x18, 0x17, 0x0b,
    0x17, 0x17, 0x17, 0x20, 0x24, 0x16, 0x39, 0x20, 0x0b, 0x18, 0x17, 0x17,
    0x17, 0x18, 0x0b, 0x18, 0x17, 0x17, 0x18, 0x17, 0x17, 0x17, 0x18, 0x0b,
    0x18, 0x17, 0x0b, 0x20, 0x1a, 0x14, 0x39, 0x0b, 0x17, 0x17, 0x17, 0x17,
    0x0b, 0x18, 0x17, 0x17, 0x26, 0x17, 0x18, 0x17, 0x17, 0x17, 0x17, 0x18,
    0x17, 0x0b, 0x17, 0x0b, 0x0b, 0x20, 0x20, 0x21, 0x14, 0x2c, 0x1c, 0x17,
    0x17, 0x17, 0x18, 0x0b, 0x17, 0x07, 0x07, 0x07, 0x07, 0x07, 0x04, 0x01,
    0x01, 0x01, 0x01, 0x04, 0x00, 0x00, 0x00, 0x00, 0x00, 0x00, 0x00, 0x00,
    0x00, 0x01, 0x01, 0x00, 0x01, 0x01, 0x08, 0x07, 0x07, 0x07, 0x07, 0x17,
    0x0b, 0x0b, 0x0b, 0x18, 0x20, 0x24, 0x22, 0x14, 0x24, 0x20, 0x18, 0x17,
    0x0b, 0x0b, 0x0b, 0x17, 0x17, 0x18, 0x17, 0x17, 0x17, 0x17, 0x17, 0x26,
    0x17, 0x17, 0x26, 0x17, 0x17, 0x17, 0x18, 0x0b, 0x19, 0x3b, 0x14, 0x1d,
    0x20, 0x18, 0x17, 0x17, 0x17, 0x0b, 0x0b, 0x18, 0x17, 0x17, 0x17, 0x18,
    0x0b, 0x17, 0x18, 0x18, 0x0b, 0x17, 0x0b, 0x0b, 0x1c, 0x16, 0x3f, 0x1c,
    0x18, 0x0b, 0x0b, 0x18, 0x0b, 0x17, 0x17, 0x17, 0x18, 0x0b, 0x0b, 0x18,
    0x0b, 0x18, 0x0b, 0x0b, 0x0b, 0x0b, 0x38, 0x0f, 0x1c, 0x0b, 0x0b, 0x17,
    0x17, 0x0b, 0x0b, 0x17, 0x17, 0x17, 0x17, 0x26, 0x17, 0x17, 0x26, 0x17,
    0x18, 0x18, 0x10, 0x46, 0x55, 0x0a, 0x07, 0x07, 0x07, 0x0a, 0x07, 0x01,
    0x01, 0x00, 0x01, 0x01, 0x01, 0x01, 0x01, 0x01, 0x00, 0x00, 0x00, 0x00,
    0x00, 0x00, 0x00, 0x00, 0x00, 0x00, 0x00, 0x00, 0x00, 0x00, 0x00, 0x00,
    0x00, 0x00, 0x03, 0x00, 0x01, 0x03, 0x01, 0x01, 0x00, 0x08, 0x07, 0x07,
    0x07, 0x0a, 0x0a, 0x0d, 0x46, 0x10, 0x0b, 0x0b, 0x07, 0x17, 0x17, 0x26,
    0x17, 0x17, 0x17, 0x18, 0x0b, 0x0b, 0x18, 0x0b, 0x0b, 0x18, 0x0b, 0x19,
    0x3b, 0x38, 0x20, 0x0b, 0x0b, 0x0b, 0x0b, 0x0b, 0x0b, 0x17, 0x18, 0x0b,
    0x0b, 0x18, 0x17, 0x0b, 0x18, 0x18, 0x17, 0x0b, 0x19, 0x3b, 0x0f, 0x19,
    0x0b, 0x0b, 0x17, 0x17, 0x17, 0x17, 0x18, 0x0b, 0x0b, 0x18, 0x0b, 0x17,
    0x17, 0x18, 0x0b, 0x0b, 0x18, 0x17, 0x0b, 0x29, 0x21, 0x14, 0x1a, 0x20,
    0x18, 0x18, 0x17, 0x17, 0x0b, 0x0b, 0x17, 0x17, 0x17, 0x17, 0x17, 0x26,
    0x17, 0x17, 0x17, 0x18, 0x17, 0x17, 0x18, 0x0b, 0x0b, 0x18, 0x20, 0x21,
    0x14, 0x25, 0x44, 0x29, 0x0b, 0x17, 0x18, 0x0b, 0x0b, 0x07, 0x07, 0x07,
    0x07, 0x07, 0x07, 0x01, 0x01, 0x01, 0x01, 0x01, 0x00, 0x04, 0x00, 0x00,
    0x00, 0x00, 0x00, 0x00, 0x00, 0x01, 0x01, 0x01, 0x01, 0x07, 0x08, 0x07,
    0x07, 0x07, 0x07, 0x17, 0x18, 0x17, 0x0b, 0x0b, 0x20, 0x1a, 0x14, 0x56,
    0x1c, 0x20, 0x18, 0x0b, 0x0b, 0x18, 0x17, 0x17, 0x17, 0x0b, 0x17, 0x17,
    0x26, 0x17, 0x17, 0x17, 0x17, 0x17, 0x17, 0x26, 0x0b, 0x0b, 0x0b, 0x0b,
    0x24, 0x14, 0x14, 0x1c, 0x0b, 0x18, 0x17, 0x17, 0x17, 0x18, 0x0b, 0x0b,
    0x18, 0x0b, 0x18, 0x0b, 0x0b, 0x17, 0x0b, 0x0b, 0x17, 0x17, 0x17, 0x29,
    0x13, 0x15, 0x13, 0x20, 0x17, 0x0b, 0x0b, 0x0b, 0x17, 0x18, 0x18, 0x0b,
    0x0b, 0x0b, 0x0b, 0x0b, 0x18, 0x0b, 0x0b, 0x18, 0x0b, 0x53, 0x0f, 0x39,
    0x20, 0x0b, 0x18, 0x17, 0x17, 0x17, 0x17, 0x17, 0x17, 0x17, 0x26, 0x17,
    0x17, 0x17, 0x17, 0x18, 0x19, 0x57, 0x10, 0x0d, 0x0a, 0x0a, 0x07, 0x07,
    0x07, 0x08, 0x0a, 0x07, 0x07, 0x01, 0x01, 0x01, 0x01, 0x01, 0x01, 0x01,
    0x03, 0x00, 0x00, 0x00, 0x00, 0x00, 0x00, 0x00, 0x00, 0x00, 0x00, 0x00,
    0x00, 0x00, 0x00, 0x00, 0x00, 0x03, 0x00, 0x00, 0x01, 0x01, 0x01, 0x01,
    0x08, 0x07, 0x08, 0x07, 0x07, 0x0a, 0x0a, 0x0b, 0x0c, 0x10, 0x10, 0x0c,
    0x18, 0x17, 0x17, 0x17, 0x18, 0x18, 0x17, 0x17, 0x0b, 0x0b, 0x0b, 0x0b,
    0x18, 0x0b, 0x0b, 0x0b, 0x24, 0x0f, 0x53, 0x0b, 0x18, 0x0b, 0x18, 0x18,
    0x0b, 0x0b, 0x0b, 0x0b, 0x0b, 0x0b, 0x0b, 0x18, 0x0b, 0x0b, 0x17, 0x18,
    0x20, 0x21, 0x3b, 0x13, 0x0b, 0x0b, 0x18, 0x17, 0x18, 0x17, 0x0b, 0x0b,
    0x17, 0x17, 0x18, 0x0b, 0x0b, 0x18, 0x0b, 0x0b, 0x0b, 0x17, 0x0b, 0x0b,
    0x1c, 0x41, 0x14, 0x1c, 0x0b, 0x18, 0x0b, 0x18, 0x17, 0x17, 0x17, 0x26,
    0x17, 0x17, 0x18, 0x0b, 0x17, 0x17, 0x17, 0x17, 0x18, 0x17, 0x17, 0x18,
    0x0b, 0x0b, 0x20, 0x24, 0x22, 0x14, 0x21, 0x20, 0x0b, 0x0b, 0x0b, 0x18,
    0x0b, 0x07, 0x07, 0x07, 0x07, 0x08, 0x07, 0x00, 0x01, 0x01, 0x01, 0x01,
    0x04, 0x00, 0x00, 0x00, 0x00, 0x00, 0x00, 0x00, 0x01, 0x01, 0x01, 0x00,
    0x01, 0x08, 0x07, 0x07, 0x07, 0x07, 0x07, 0x0b, 0x18, 0x17, 0x0b, 0x18,
    0x19, 0x1a, 0x14, 0x3e, 0x20, 0x0b, 0x17, 0x17, 0x18, 0x0b, 0x17, 0x17,
    0x26, 0x18, 0x17, 0x18, 0x17, 0x17, 0x17, 0x26, 0x17, 0x17, 0x17, 0x17,
    0x17, 0x18, 0x18, 0x0b, 0x13, 0x14, 0x1b, 0x19, 0x0b, 0x0b, 0x17, 0x17,
    0x18, 0x0b, 0x0b, 0x0b, 0x17, 0x17, 0x0b, 0x0b, 0x18, 0x0b, 0x0b, 0x18,
    0x18, 0x17, 0x17, 0x40, 0x3b, 0x3f, 0x1c, 0x18, 0x17, 0x0b, 0x18, 0x0b,
    0x0b, 0x18, 0x17, 0x0b, 0x18, 0x0b, 0x0b, 0x0b, 0x0b, 0x0b, 0x0b, 0x18,
    0x19, 0x3b, 0x3b, 0x19, 0x0b, 0x0b, 0x18, 0x0b, 0x18, 0x17, 0x17, 0x18,
    0x17, 0x18, 0x17, 0x17, 0x18, 0x18, 0x0b, 0x0b, 0x10, 0x57, 0x0b, 0x17,
    0x07, 0x07, 0x08, 0x07, 0x07, 0x07, 0x07, 0x07, 0x07, 0x08, 0x00, 0x01,
    0x01, 0x04, 0x04, 0x06, 0x00, 0x00, 0x01, 0x00, 0x00, 0x00, 0x00, 0x00,
    0x00, 0x00, 0x00, 0x00, 0x00, 0x00, 0x01, 0x01, 0x00, 0x00, 0x00, 0x00,
    0x00, 0x01, 0x01, 0x08, 0x09, 0x07, 0x07, 0x07, 0x07, 0x07, 0x07, 0x07,
    0x0b, 0x0c, 0x10, 0x10, 0x19, 0x18, 0x0b, 0x0b, 0x18, 0x17, 0x17, 0x18,
    0x0b, 0x18, 0x0b, 0x0b, 0x0b, 0x0b, 0x18, 0x0b, 0x20, 0x3b, 0x3b, 0x19,
    0x0b, 0x0b, 0x0b, 0x0b, 0x18, 0x0b, 0x18, 0x18, 0x0b, 0x0b, 0x18, 0x0b,
    0x0b, 0x0b, 0x17, 0x18, 0x0b, 0x19, 0x3f, 0x3b, 0x19, 0x0b, 0x18, 0x17,
    0x18, 0x17, 0x0b, 0x17, 0x17, 0x18, 0x0b, 0x17, 0x0b, 0x0b, 0x18, 0x0b,
    0x17, 0x17, 0x18, 0x0b, 0x19, 0x3e, 0x14, 0x1d, 0x20, 0x0b, 0x0b, 0x18,
    0x18, 0x0b, 0x17, 0x17, 0x17, 0x17, 0x17, 0x17, 0x17, 0x26, 0x17, 0x17,
    0x17, 0x17, 0x17, 0x17, 0x17, 0x17, 0x29, 0x1c, 0x2f, 0x27, 0x1b, 0x20,
    0x0b, 0x18, 0x0b, 0x0b, 0x18, 0x07, 0x07, 0x07, 0x07, 0x08, 0x0a, 0x01,
    0x01, 0x01, 0x01, 0x01, 0x04, 0x04, 0x00, 0x00, 0x00, 0x00, 0x00, 0x00,
    0x01, 0x01, 0x01, 0x00, 0x07, 0x07, 0x07, 0x07, 0x07, 0x07, 0x17, 0x17,
    0x0b, 0x17, 0x18, 0x0b, 0x1c, 0x2c, 0x14, 0x21, 0x20, 0x0b, 0x0b, 0x18,
    0x17, 0x0b, 0x17, 0x17, 0x18, 0x0b, 0x0b, 0x0b, 0x17, 0x17, 0x17, 0x17,
    0x26, 0x17, 0x17, 0x17, 0x18, 0x0b, 0x0b, 0x20, 0x1a, 0x14, 0x21, 0x20,
    0x18, 0x17, 0x17, 0x18, 0x0b, 0x0b, 0x18, 0x17, 0x17, 0x17, 0x18, 0x0b,
    0x0b, 0x17, 0x17, 0x17, 0x18, 0x17, 0x0b, 0x24, 0x42, 0x1a, 0x20, 0x17,
    0x0b, 0x18, 0x0b, 0x0b, 0x18, 0x0b, 0x17, 0x0b, 0x18, 0x0b, 0x18, 0x18,
    0x0b, 0x0b, 0x18, 0x0b, 0x13, 0x50, 0x53, 0x0b, 0x0b, 0x18, 0x0b, 0x17,
    0x17, 0x17, 0x17, 0x17, 0x17, 0x17, 0x17, 0x17, 0x18, 0x0b, 0x0b, 0x38,
    0x10, 0x19, 0x0b, 0x07, 0x07, 0x07, 0x07, 0x07, 0x07, 0x07, 0x07, 0x07,
    0x07, 0x08, 0x07, 0x01, 0x01, 0x04, 0x04, 0x00, 0x02, 0x03, 0x03, 0x00,
    0x00, 0x00, 0x00, 0x00, 0x00, 0x00, 0x00, 0x00, 0x01, 0x01, 0x00, 0x00,
    0x00, 0x00, 0x00, 0x00, 0x03, 0x01, 0x01, 0x08, 0x07, 0x07, 0x07, 0x07,
    0x07, 0x07, 0x07, 0x07, 0x07, 0x0b, 0x0c, 0x46, 0x57, 0x19, 0x18, 0x0b,
    0x0b, 0x0b, 0x17, 0x0b, 0x18, 0x0b, 0x0b, 0x18, 0x0b, 0x0b, 0x18, 0x0b,
    0x0b, 0x24, 0x0f, 0x13, 0x20, 0x0b, 0x0b, 0x0b, 0x17, 0x0b, 0x0b, 0x0b,
    0x0b, 0x18, 0x17, 0x0b, 0x18, 0x17, 0x17, 0x0b, 0x0b, 0x20, 0x13, 0x41,
    0x13, 0x0b, 0x0b, 0x0b, 0x0b, 0x17, 0x18, 0x17, 0x17, 0x18, 0x0b, 0x17,
    0x18, 0x0b, 0x0b, 0x18, 0x0b, 0x18, 0x0b, 0x0b, 0x20, 0x21, 0x14, 0x3b,
    0x19, 0x0b, 0x17, 0x0b, 0x0b, 0x18, 0x18, 0x17, 0x17, 0x26, 0x17, 0x17,
    0x26, 0x17, 0x17, 0x17, 0x17, 0x17, 0x17, 0x17, 0x17, 0x17, 0x29, 0x20,
    0x21, 0x27, 0x1b, 0x1c, 0x18, 0x0b, 0x0b, 0x0b, 0x0b, 0x17, 0x07, 0x07,
    0x07, 0x07, 0x09, 0x01, 0x01, 0x01, 0x01, 0x01, 0x01, 0x04, 0x00, 0x00,
    0x00, 0x00, 0x00, 0x00, 0x01, 0x01, 0x01, 0x01, 0x08, 0x07, 0x07, 0x07,
    0x07, 0x07, 0x17, 0x18, 0x0b, 0x0b, 0x0b, 0x18, 0x24, 0x22, 0x14, 0x24,
    0x0b, 0x17, 0x17, 0x18, 0x0b, 0x17, 0x17, 0x17, 0x0b, 0x0b, 0x17, 0x17,
    0x07, 0x26, 0x17, 0x17, 0x17, 0x26, 0x17, 0x18, 0x17, 0x17, 0x0b, 0x19,
    0x14, 0x14, 0x1c, 0x0b, 0x17, 0x17, 0x17, 0x18, 0x0b, 0x0b, 0x18, 0x0b,
    0x17, 0x17, 0x18, 0x0b, 0x17, 0x18, 0x17, 0x17, 0x17, 0x18, 0x20, 0x1a,
    0x41, 0x24, 0x0b, 0x0b, 0x18, 0x0b, 0x0b, 0x0b, 0x0b, 0x0b, 0x0b, 0x18,
    0x0b, 0x0b, 0x0b, 0x0b, 0x0b, 0x18, 0x0b, 0x1c, 0x0f, 0x3b, 0x20, 0x0b,
    0x17, 0x0b, 0x0b, 0x17, 0x18, 0x17, 0x17, 0x26, 0x18, 0x18, 0x17, 0x17,
    0x17, 0x0b, 0x38, 0x10, 0x19, 0x0b, 0x17, 0x07, 0x07, 0x07, 0x07, 0x07,
    0x07, 0x07, 0x07, 0x07, 0x07, 0x08, 0x07, 0x01, 0x00, 0x01, 0x04, 0x04,
    0x04, 0x04, 0x00, 0x01, 0x00, 0x00, 0x00, 0x00, 0x00, 0x00, 0x00, 0x00,
    0x00, 0x00, 0x00, 0x00, 0x00, 0x00, 0x01, 0x01, 0x08, 0x07, 0x08, 0x07,
    0x07, 0x07, 0x07, 0x07, 0x07, 0x07, 0x07, 0x07, 0x07, 0x17, 0x0b, 0x19,
    0x10, 0x38, 0x0b, 0x0b, 0x0b, 0x17, 0x17, 0x18, 0x0b, 0x0b, 0x0b, 0x18,
    0x0b, 0x0b, 0x0b, 0x0b, 0x0b, 0x20, 0x13, 0x0f, 0x19, 0x18, 0x18, 0x0b,
    0x0b, 0x18, 0x0b, 0x0b, 0x0b, 0x0b, 0x0b, 0x0b, 0x18, 0x0b, 0x0b, 0x18,
    0x17, 0x0b, 0x24, 0x16, 0x3b, 0x20, 0x0b, 0x18, 0x0b, 0x0b, 0x18, 0x17,
    0x0b, 0x18, 0x0b, 0x17, 0x18, 0x0b, 0x0b, 0x0b, 0x0b, 0x0b, 0x18, 0x0b,
    0x0b, 0x1c, 0x14, 0x14, 0x1c, 0x0b, 0x17, 0x17, 0x0b, 0x0b, 0x0b, 0x17,
    0x17, 0x17, 0x17, 0x17, 0x17, 0x17, 0x17, 0x26, 0x18, 0x18, 0x17, 0x26,
    0x17, 0x18, 0x0b, 0x20, 0x24, 0x14, 0x22, 0x24, 0x0b, 0x0b, 0x17, 0x18,
    0x0b, 0x17, 0x07, 0x07, 0x07, 0x07, 0x07, 0x08, 0x01, 0x03, 0x01, 0x01,
    0x01, 0x04, 0x00, 0x00, 0x00, 0x00, 0x00, 0x03, 0x01, 0x01, 0x01, 0x01,
    0x08, 0x07, 0x07, 0x07, 0x07, 0x07, 0x17, 0x17, 0x18, 0x17, 0x0b, 0x20,
    0x21, 0x14, 0x2c, 0x1c, 0x17, 0x18, 0x0b, 0x17, 0x17, 0x17, 0x18, 0x17,
    0x18, 0x17, 0x17, 0x07, 0x07, 0x07, 0x17, 0x17, 0x17, 0x17, 0x17, 0x18,
    0x17, 0x17, 0x18, 0x13, 0x14, 0x1b, 0x19, 0x0b, 0x18, 0x17, 0x0b, 0x18,
    0x0b, 0x0b, 0x0b, 0x18, 0x0b, 0x17, 0x17, 0x18, 0x0b, 0x17, 0x17, 0x17,
    0x17, 0x0b, 0x1c, 0x3b, 0x3b, 0x20, 0x0b, 0x18, 0x0b, 0x0b, 0x17, 0x18,
    0x0b, 0x0b, 0x18, 0x0b, 0x0b, 0x0b, 0x0b, 0x0b, 0x0b, 0x0b, 0x0b, 0x13,
    0x50, 0x24, 0x18, 0x0b, 0x17, 0x18, 0x0b, 0x18, 0x18, 0x0b, 0x17, 0x17,
    0x17, 0x17, 0x17, 0x17, 0x18, 0x4f, 0x10, 0x19, 0x0b, 0x17, 0x17, 0x17,
    0x07, 0x07, 0x07, 0x07, 0x07, 0x07, 0x07, 0x07, 0x07, 0x07, 0x07, 0x01,
    0x03, 0x01, 0x01, 0x04, 0x01, 0x01, 0x01, 0x01, 0x01, 0x00, 0x00, 0x00,
    0x00, 0x00, 0x00, 0x00, 0x00, 0x00, 0x00, 0x00, 0x00, 0x00, 0x06, 0x01,
    0x07, 0x07, 0x07, 0x07, 0x07, 0x07, 0x07, 0x07, 0x07, 0x07, 0x07, 0x07,
    0x17, 0x17, 0x18, 0x0b, 0x19, 0x10, 0x53, 0x0b, 0x18, 0x18, 0x0b, 0x0b,
    0x0b, 0x0b, 0x18, 0x0b, 0x0b, 0x18, 0x0b, 0x18, 0x0b, 0x0b, 0x19, 0x3f,
    0x13, 0x20, 0x0b, 0x0b, 0x18, 0x0b, 0x0b, 0x18, 0x18, 0x0b, 0x0b, 0x18,
    0x0b, 0x0b, 0x18, 0x17, 0x17, 0x18, 0x19, 0x3b, 0x14, 0x1c, 0x0b, 0x18,
    0x0b, 0x0b, 0x18, 0x0b, 0x0b, 0x0b, 0x0b, 0x0b, 0x0b, 0x0b, 0x18, 0x0b,
    0x0b, 0x17, 0x0b, 0x17, 0x18, 0x19, 0x1b, 0x14, 0x21, 0x0b, 0x18, 0x18,
    0x17, 0x17, 0x17, 0x18, 0x17, 0x17, 0x26, 0x17, 0x17, 0x26, 0x17, 0x17,
    0x18, 0x0b, 0x17, 0x17, 0x17, 0x17, 0x17, 0x20, 0x1c, 0x2a, 0x14, 0x21,
    0x0b, 0x17, 0x18, 0x0b, 0x18, 0x0b, 0x07, 0x07, 0x07, 0x07, 0x07, 0x07,
    0x01, 0x01, 0x01, 0x01, 0x01, 0x04, 0x00, 0x00, 0x00, 0x01, 0x00, 0x01,
    0x01, 0x01, 0x00, 0x01, 0x08, 0x08, 0x07, 0x07, 0x07, 0x17, 0x17, 0x17,
    0x18, 0x17, 0x0b, 0x20, 0x1a, 0x14, 0x1a, 0x20, 0x17, 0x18, 0x0b, 0x0b,
    0x18, 0x17, 0x18, 0x18, 0x17, 0x17, 0x17, 0x26, 0x0a, 0x17, 0x17, 0x26,
    0x17, 0x17, 0x17, 0x17, 0x18, 0x0b, 0x20, 0x1a, 0x14, 0x39, 0x20, 0x18,
    0x17, 0x17, 0x18, 0x0b, 0x0b, 0x0b, 0x18, 0x0b, 0x17, 0x17, 0x17, 0x18,
    0x0b, 0x18, 0x18, 0x17, 0x17, 0x18, 0x13, 0x15, 0x13, 0x20, 0x0b, 0x0b,
    0x0b, 0x18, 0x0b, 0x0b, 0x18, 0x0b, 0x0b, 0x0b, 0x18, 0x18, 0x0b, 0x18,
    0x18, 0x0b, 0x20, 0x3b, 0x13, 0x20, 0x0b, 0x0b, 0x18, 0x0b, 0x0b, 0x0b,
    0x0b, 0x18, 0x0b, 0x17, 0x17, 0x17, 0x17, 0x18, 0x19, 0x0f, 0x53, 0x0b,
    0x17, 0x17, 0x17, 0x17, 0x17, 0x07, 0x07, 0x07, 0x07, 0x07, 0x07, 0x07,
    0x07, 0x0a, 0x07, 0x58, 0x08, 0x59, 0x01, 0x01, 0x01, 0x01, 0x01, 0x01,
    0x01, 0x01, 0x00, 0x00, 0x00, 0x00, 0x00, 0x00, 0x00, 0x03, 0x00, 0x00,
    0x00, 0x01, 0x06, 0x0a, 0x58, 0x07, 0x07, 0x07, 0x07, 0x0a, 0x07, 0x07,
    0x07, 0x07, 0x07, 0x07, 0x17, 0x18, 0x0b, 0x0b, 0x0b, 0x4f, 0x0f, 0x4f,
    0x0b, 0x0b, 0x18, 0x0b, 0x0b, 0x18, 0x0b, 0x0b, 0x0b, 0x0b, 0x0b, 0x18,
    0x0b, 0x0b, 0x20, 0x13, 0x3b, 0x1c, 0x0b, 0x0b, 0x0b, 0x17, 0x17, 0x0b,
    0x0b, 0x0b, 0x18, 0x0b, 0x0b, 0x17, 0x0b, 0x0b, 0x17, 0x0b, 0x20, 0x21,
    0x14, 0x39, 0x0b, 0x0b, 0x17, 0x0b, 0x0b, 0x18, 0x17, 0x0b, 0x18, 0x0b,
    0x0b, 0x18, 0x0b, 0x0b, 0x18, 0x18, 0x0b, 0x17, 0x0b, 0x20, 0x13, 0x14,
    0x39, 0x20, 0x0b, 0x0b, 0x18, 0x0b, 0x17, 0x18, 0x17, 0x17, 0x26, 0x17,
    0x17, 0x17, 0x17, 0x17, 0x17, 0x0b, 0x17, 0x17, 0x17, 0x17, 0x17, 0x29,
    0x2e, 0x1a, 0x14, 0x2f, 0x20, 0x17, 0x0b, 0x0b, 0x0b, 0x17, 0x07, 0x07,
    0x07, 0x07, 0x07, 0x0a, 0x01, 0x01, 0x01, 0x01, 0x04, 0x04, 0x00, 0x00,
    0x00, 0x00, 0x00, 0x01, 0x01, 0x01, 0x00, 0x00, 0x07, 0x07, 0x07, 0x07,
    0x07, 0x17, 0x17, 0x18, 0x0b, 0x0b, 0x18, 0x1c, 0x1a, 0x14, 0x2f, 0x20,
    0x18, 0x0b, 0x0b, 0x18, 0x0b, 0x0b, 0x0b, 0x0b, 0x17, 0x17, 0x17, 0x17,
    0x17, 0x17, 0x26, 0x17, 0x17, 0x26, 0x17, 0x0b, 0x18, 0x0b, 0x19, 0x23,
    0x14, 0x24, 0x0b, 0x0b, 0x17, 0x17, 0x17, 0x0b, 0x0b, 0x18, 0x0b, 0x0b,
    0x18, 0x18, 0x17, 0x0b, 0x0b, 0x17, 0x18, 0x0b, 0x0b, 0x29, 0x3b, 0x41,
    0x1c, 0x18, 0x0b, 0x0b, 0x18, 0x0b, 0x17, 0x0b, 0x18, 0x0b, 0x0b, 0x0b,
    0x0b, 0x0b, 0x0b, 0x0b, 0x0b, 0x0b, 0x53, 0x3b, 0x1c, 0x0b, 0x0b, 0x18,
    0x0b, 0x0b, 0x0b, 0x0b, 0x0b, 0x0b, 0x18, 0x17, 0x17, 0x26, 0x17, 0x20,
    0x10, 0x38, 0x20, 0x0b, 0x17, 0x26, 0x17, 0x17, 0x26, 0x17, 0x07, 0x07,
    0x07, 0x07, 0x07, 0x07, 0x0a, 0x0a, 0x5a, 0x5b, 0x08, 0x07, 0x00, 0x01,
    0x04, 0x04, 0x01, 0x01, 0x04, 0x04, 0x01, 0x01, 0x01, 0x01, 0x01, 0x01,
    0x00, 0x00, 0x00, 0x00, 0x00, 0x01, 0x06, 0x09, 0x5b, 0x5c, 0x0d, 0x0a,
    0x0a, 0x07, 0x07, 0x07, 0x07, 0x07, 0x17, 0x17, 0x17, 0x17, 0x17, 0x18,
    0x0b, 0x0b, 0x13, 0x38, 0x19, 0x0b, 0x0b, 0x18, 0x0b, 0x0b, 0x0b, 0x18,
    0x0b, 0x0b, 0x0b, 0x0b, 0x18, 0x0b, 0x0b, 0x1c, 0x3b, 0x13, 0x0b, 0x0b,
    0x18, 0x17, 0x17, 0x18, 0x0b, 0x0b, 0x0b, 0x0b, 0x18, 0x0b, 0x0b, 0x18,
    0x18, 0x0b, 0x0b, 0x1c, 0x3b, 0x3b, 0x1c, 0x0b, 0x18, 0x0b, 0x0b, 0x17,
    0x17, 0x18, 0x0b, 0x17, 0x17, 0x18, 0x0b, 0x0b, 0x0b, 0x17, 0x18, 0x0b,
    0x0b, 0x18, 0x24, 0x14, 0x3b, 0x19, 0x0b, 0x0b, 0x0b, 0x18, 0x0b, 0x0b,
    0x17, 0x17, 0x17, 0x17, 0x17, 0x26, 0x17, 0x17, 0x18, 0x18, 0x18, 0x17,
    0x17, 0x26, 0x17, 0x3d, 0x20, 0x3e, 0x27, 0x1b, 0x29, 0x18, 0x0b, 0x0b,
    0x18, 0x18, 0x0a, 0x07, 0x07, 0x07, 0x07, 0x09, 0x04, 0x01, 0x01, 0x00,
    0x04, 0x00, 0x00, 0x00, 0x00, 0x00, 0x00, 0x01, 0x01, 0x01, 0x01, 0x07,
    0x07, 0x07, 0x07, 0x07, 0x07, 0x17, 0x17, 0x18, 0x0b, 0x17, 0x0b, 0x1c,
    0x22, 0x14, 0x1d, 0x20, 0x0b, 0x0b, 0x0b, 0x0b, 0x17, 0x18, 0x0b, 0x0b,
    0x17, 0x26, 0x17, 0x17, 0x17, 0x17, 0x17, 0x17, 0x17, 0x17, 0x18, 0x0b,
    0x0b, 0x0b, 0x1c, 0x14, 0x1e, 0x1c, 0x0b, 0x18, 0x17, 0x18, 0x0b, 0x0b,
    0x18, 0x0b, 0x0b, 0x0b, 0x0b, 0x0b, 0x18, 0x0b, 0x17, 0x17, 0x0b, 0x0b,
    0x0b, 0x19, 0x3b, 0x1a, 0x20, 0x0b, 0x0b, 0x18, 0x0b, 0x0b, 0x17, 0x18,
    0x0b, 0x0b, 0x18, 0x0b, 0x0b, 0x18, 0x0b, 0x0b, 0x18, 0x19, 0x3b, 0x3b,
    0x19, 0x0b, 0x0b, 0x0b, 0x0b, 0x18, 0x18, 0x0b, 0x0b, 0x18, 0x0b, 0x17,
    0x18, 0x17, 0x18, 0x5d, 0x0f, 0x19, 0x0b, 0x0b, 0x17, 0x17, 0x17, 0x17,
    0x17, 0x17, 0x07, 0x07, 0x07, 0x07, 0x07, 0x0a, 0x0b, 0x5a, 0x5e, 0x0a,
    0x07, 0x5f, 0x00, 0x00, 0x06, 0x04, 0x03, 0x06, 0x02, 0x00, 0x06, 0x06,
    0x06, 0x06, 0x02, 0x00, 0x00, 0x00, 0x01, 0x00, 0x00, 0x01, 0x08, 0x07,
    0x0a, 0x60, 0x61, 0x0d, 0x0a, 0x0a, 0x0a, 0x07, 0x0a, 0x17, 0x17, 0x17,
    0x17, 0x17, 0x17, 0x17, 0x18, 0x0b, 0x19, 0x38, 0x53, 0x0b, 0x0b, 0x0b,
    0x18, 0x0b, 0x0b, 0x0b, 0x18, 0x0b, 0x18, 0x0b, 0x0b, 0x18, 0x0b, 0x19,
    0x3b, 0x50, 0x20, 0x0b, 0x18, 0x0b, 0x0b, 0x18, 0x0b, 0x0b, 0x18, 0x0b,
    0x0b, 0x18, 0x0b, 0x0b, 0x0b, 0x0b, 0x0b, 0x20, 0x3b, 0x3f, 0x1c, 0x18,
    0x17, 0x17, 0x17, 0x17, 0x17, 0x18, 0x0b, 0x17, 0x17, 0x0b, 0x0b, 0x18,
    0x0b, 0x0b, 0x0b, 0x18, 0x0b, 0x17, 0x19, 0x42, 0x14, 0x1c, 0x18, 0x0b,
    0x0b, 0x18, 0x0b, 0x18, 0x17, 0x17, 0x26, 0x17, 0x17, 0x17, 0x17, 0x17,
    0x18, 0x0b, 0x0b, 0x17, 0x17, 0x18, 0x18, 0x0b, 0x20, 0x24, 0x14, 0x2a,
    0x1c, 0x0b, 0x0b, 0x0b, 0x0b, 0x0b, 0x0a, 0x07, 0x07, 0x07, 0x0a, 0x09,
    0x04, 0x01, 0x01, 0x01, 0x01, 0x00, 0x00, 0x00, 0x00, 0x00, 0x00, 0x00,
    0x01, 0x01, 0x01, 0x07, 0x07, 0x07, 0x07, 0x07, 0x07, 0x17, 0x17, 0x18,
    0x0b, 0x0b, 0x18, 0x24, 0x25, 0x22, 0x24, 0x20, 0x18, 0x0b, 0x18, 0x0b,
    0x17, 0x18, 0x0b, 0x17, 0x17, 0x17, 0x26, 0x17, 0x26, 0x17, 0x17, 0x26,
    0x17, 0x17, 0x17, 0x17, 0x18, 0x0b, 0x24, 0x14, 0x1a, 0x19, 0x0b, 0x18,
    0x0b, 0x0b, 0x18, 0x0b, 0x0b, 0x0b, 0x18, 0x0b, 0x0b, 0x0b, 0x0b, 0x18,
    0x0b, 0x17, 0x17, 0x18, 0x0b, 0x24, 0x42, 0x39, 0x20, 0x0b, 0x0b, 0x0b,
    0x0b, 0x18, 0x17, 0x0b, 0x0b, 0x0b, 0x18, 0x0b, 0x0b, 0x18, 0x0b, 0x0b,
    0x0b, 0x1c, 0x0f, 0x39, 0x20, 0x18, 0x0b, 0x0b, 0x0b, 0x0b, 0x0b, 0x0b,
    0x18, 0x17, 0x0b, 0x18, 0x0b, 0x0b, 0x19, 0x3b, 0x53, 0x0b, 0x18, 0x18,
    0x17, 0x17, 0x26, 0x17, 0x17, 0x26, 0x17, 0x07, 0x07, 0x0a, 0x0a, 0x0b,
    0x62, 0x60, 0x0a, 0x08, 0x59, 0x59, 0x5f, 0x02, 0x06, 0x04, 0x06, 0x02,
    0x05, 0x05, 0x05, 0x05, 0x05, 0x05, 0x05, 0x05, 0x05, 0x49, 0x49, 0x06,
    0x00, 0x08, 0x0a, 0x0a, 0x07, 0x07, 0x55, 0x32, 0x0b, 0x0a, 0x0a, 0x0a,
    0x0a, 0x07, 0x17, 0x26, 0x17, 0x17, 0x17, 0x17, 0x18, 0x0b, 0x0b, 0x53,
    0x0f, 0x63, 0x0b, 0x0b, 0x0b, 0x18, 0x0b, 0x17, 0x0b, 0x0b, 0x0b, 0x0b,
    0x0b, 0x0b, 0x0b, 0x0b, 0x13, 0x0f, 0x53, 0x0b, 0x0b, 0x0b, 0x18, 0x0b,
    0x0b, 0x18, 0x0b, 0x0b, 0x0b, 0x0b, 0x17, 0x0b, 0x18, 0x0b, 0x0b, 0x29,
    0x13, 0x14, 0x24, 0x0b, 0x17, 0x17, 0x26, 0x17, 0x17, 0x17, 0x18, 0x17,
    0x17, 0x18, 0x0b, 0x0b, 0x18, 0x0b, 0x0b, 0x0b, 0x0b, 0x0b, 0x20, 0x1a,
    0x14, 0x1d, 0x0b, 0x0b, 0x17, 0x17, 0x17, 0x18, 0x17, 0x17, 0x17, 0x26,
    0x17, 0x17, 0x18, 0x18, 0x17, 0x0b, 0x0b, 0x18, 0x17, 0x0b, 0x0b, 0x17,
    0x29, 0x24, 0x22, 0x2c, 0x24, 0x0b, 0x18, 0x0b, 0x0b, 0x0b, 0x0a, 0x07,
    0x07, 0x08, 0x07, 0x0a, 0x04, 0x01, 0x01, 0x01, 0x01, 0x00, 0x00, 0x00,
    0x00, 0x00, 0x00, 0x01, 0x00, 0x00, 0x01, 0x07, 0x07, 0x07, 0x07, 0x07,
    0x07, 0x17, 0x18, 0x0b, 0x0b, 0x18, 0x0b, 0x24, 0x14, 0x22, 0x24, 0x17,
    0x18, 0x0b, 0x0b, 0x18, 0x0b, 0x0b, 0x18, 0x18, 0x17, 0x17, 0x17, 0x17,
    0x17, 0x26, 0x17, 0x17, 0x17, 0x17, 0x18, 0x17, 0x18, 0x20, 0x13, 0x14,
    0x21, 0x20, 0x17, 0x0b, 0x17, 0x0b, 0x0b, 0x18, 0x0b, 0x0b, 0x18, 0x0b,
    0x18, 0x0b, 0x0b, 0x0b, 0x18, 0x0b, 0x17, 0x17, 0x29, 0x13, 0x3f, 0x24,
    0x18, 0x18, 0x0b, 0x0b, 0x18, 0x17, 0x17, 0x18, 0x0b, 0x0b, 0x0b, 0x17,
    0x0b, 0x0b, 0x17, 0x18, 0x0b, 0x38, 0x3b, 0x1c, 0x0b, 0x0b, 0x18, 0x18,
    0x0b, 0x0b, 0x0b, 0x18, 0x17, 0x17, 0x0b, 0x0b, 0x0b, 0x20, 0x38, 0x38,
    0x20, 0x0b, 0x0b, 0x0b, 0x17, 0x17, 0x17, 0x26, 0x17, 0x17, 0x17, 0x07,
    0x0a, 0x0a, 0x0c, 0x5e, 0x60, 0x0a, 0x0a, 0x37, 0x51, 0x37, 0x64, 0x02,
    0x02, 0x02, 0x05, 0x65, 0x66, 0x67, 0x66, 0x66, 0x66, 0x66, 0x68, 0x65,
    0x65, 0x69, 0x49, 0x00, 0x03, 0x59, 0x09, 0x07, 0x07, 0x07, 0x0a, 0x6a,
    0x54, 0x0d, 0x0a, 0x0a, 0x0a, 0x07, 0x17, 0x17, 0x18, 0x26, 0x17, 0x17,
    0x18, 0x0b, 0x0b, 0x20, 0x38, 0x10, 0x20, 0x0b, 0x0b, 0x0b, 0x18, 0x0b,
    0x0b, 0x18, 0x0b, 0x18, 0x18, 0x0b, 0x0b, 0x0b, 0x19, 0x3b, 0x38, 0x20,
    0x0b, 0x18, 0x0b, 0x0b, 0x0b, 0x0b, 0x0b, 0x18, 0x0b, 0x18, 0x0b, 0x0b,
    0x18, 0x0b, 0x17, 0x17, 0x1c, 0x1e, 0x13, 0x0b, 0x0b, 0x17, 0x18, 0x17,
    0x17, 0x17, 0x18, 0x0b, 0x0b, 0x18, 0x0b, 0x0b, 0x0b, 0x18, 0x0b, 0x17,
    0x18, 0x0b, 0x20, 0x13, 0x14, 0x39, 0x0b, 0x18, 0x0b, 0x0b, 0x0b, 0x0b,
    0x18, 0x17, 0x17, 0x17, 0x17, 0x17, 0x18, 0x0b, 0x17, 0x0b, 0x18, 0x0b,
    0x0b, 0x18, 0x17, 0x0b, 0x20, 0x24, 0x2a, 0x14, 0x21, 0x0b, 0x17, 0x18,
    0x18, 0x0b, 0x0a, 0x07, 0x07, 0x07, 0x07, 0x0a, 0x04, 0x01, 0x01, 0x01,
    0x01, 0x03, 0x01, 0x00, 0x00, 0x00, 0x01, 0x01, 0x00, 0x00, 0x00, 0x07,
    0x07, 0x07, 0x07, 0x07, 0x07, 0x17, 0x18, 0x0b, 0x0b, 0x0b, 0x20, 0x21,
    0x27, 0x1a, 0x1c, 0x0b, 0x0b, 0x0b, 0x0b, 0x0b, 0x0b, 0x0b, 0x0b, 0x0b,
    0x17, 0x17, 0x17, 0x17, 0x17, 0x17, 0x17, 0x17, 0x26, 0x17, 0x18, 0x17,
    0x17, 0x20, 0x1a, 0x14, 0x24, 0x0b, 0x0b, 0x17, 0x17, 0x18, 0x0b, 0x0b,
    0x0b, 0x0b, 0x0b, 0x0b, 0x0b, 0x18, 0x0b, 0x0b, 0x17, 0x18, 0x17, 0x0b,
    0x20, 0x3b, 0x3b, 0x19, 0x0b, 0x0b, 0x0b, 0x18, 0x0b, 0x17, 0x17, 0x18,
    0x0b, 0x0b, 0x18, 0x0b, 0x17, 0x17, 0x18, 0x17, 0x19, 0x0f, 0x52, 0x20,
    0x0b, 0x0b, 0x0b, 0x0b, 0x18, 0x0b, 0x0b, 0x18, 0x17, 0x17, 0x17, 0x18,
    0x0b, 0x1c, 0x0f, 0x53, 0x0b, 0x0b, 0x18, 0x0b, 0x17, 0x17, 0x17, 0x17,
    0x17, 0x18, 0x17, 0x17, 0x0a, 0x18, 0x4c, 0x4c, 0x0b, 0x0a, 0x07, 0x51,
    0x51, 0x6b, 0x64, 0x6b, 0x00, 0x6c, 0x6d, 0x6e, 0x6f, 0x6f, 0x70, 0x70,
    0x70, 0x70, 0x70, 0x6e, 0x71, 0x72, 0x73, 0x74, 0x75, 0x5f, 0x5f, 0x07,
    0x07, 0x07, 0x07, 0x0b, 0x6a, 0x60, 0x0b, 0x0a, 0x0a, 0x17, 0x17, 0x17,
    0x18, 0x17, 0x17, 0x18, 0x17, 0x17, 0x17, 0x18, 0x4f, 0x52, 0x1c, 0x18,
    0x0b, 0x0b, 0x0b, 0x18, 0x0b, 0x0b, 0x0b, 0x0b, 0x17, 0x17, 0x18, 0x0b,
    0x20, 0x13, 0x3b, 0x19, 0x0b, 0x0b, 0x0b, 0x18, 0x0b, 0x0b, 0x18, 0x0b,
    0x0b, 0x0b, 0x18, 0x0b, 0x0b, 0x18, 0x0b, 0x17, 0x19, 0x4a, 0x3b, 0x20,
    0x17, 0x17, 0x18, 0x17, 0x17, 0x17, 0x18, 0x0b, 0x17, 0x0b, 0x18, 0x0b,
    0x17, 0x0b, 0x18, 0x0b, 0x0b, 0x18, 0x20, 0x24, 0x14, 0x1a, 0x20, 0x0b,
    0x18, 0x18, 0x0b, 0x0b, 0x18, 0x17, 0x17, 0x17, 0x17, 0x17, 0x18, 0x0b,
    0x0b, 0x0b, 0x0b, 0x17, 0x0b, 0x17, 0x18, 0x0b, 0x0b, 0x63, 0x1a, 0x14,
    0x13, 0x20, 0x17, 0x17, 0x0b, 0x0b, 0x0a, 0x0a, 0x07, 0x07, 0x07, 0x07,
    0x07, 0x01, 0x01, 0x01, 0x01, 0x01, 0x00, 0x00, 0x00, 0x00, 0x01, 0x01,
    0x01, 0x01, 0x01, 0x08, 0x07, 0x07, 0x07, 0x07, 0x17, 0x18, 0x0b, 0x0b,
    0x18, 0x0b, 0x20, 0x3e, 0x27, 0x1b, 0x20, 0x18, 0x0b, 0x18, 0x0b, 0x0b,
    0x18, 0x0b, 0x0b, 0x18, 0x17, 0x17, 0x26, 0x17, 0x17, 0x26, 0x17, 0x17,
    0x17, 0x18, 0x0b, 0x17, 0x0b, 0x1c, 0x3b, 0x14, 0x24, 0x0b, 0x17, 0x17,
    0x18, 0x0b, 0x0b, 0x18, 0x0b, 0x18, 0x0b, 0x17, 0x17, 0x18, 0x0b, 0x17,
    0x17, 0x18, 0x0b, 0x0b, 0x19, 0x3b, 0x3b, 0x19, 0x0b, 0x0b, 0x0b, 0x0b,
    0x0b, 0x17, 0x18, 0x0b, 0x0b, 0x0b, 0x18, 0x18, 0x0b, 0x18, 0x0b, 0x0b,
    0x53, 0x0f, 0x53, 0x20, 0x18, 0x0b, 0x0b, 0x0b, 0x0b, 0x18, 0x0b, 0x0b,
    0x17, 0x17, 0x18, 0x0b, 0x20, 0x76, 0x5d, 0x20, 0x0b, 0x18, 0x17, 0x17,
    0x17, 0x26, 0x17, 0x17, 0x17, 0x18, 0x17, 0x17, 0x18, 0x47, 0x4c, 0x0c,
    0x0a, 0x07, 0x37, 0x51, 0x77, 0x64, 0x58, 0x58, 0x78, 0x79, 0x79, 0x7a,
    0x7a, 0x7a, 0x7b, 0x7b, 0x7c, 0x7c, 0x7a, 0x70, 0x70, 0x7d, 0x7e, 0x72,
    0x58, 0x64, 0x64, 0x37, 0x37, 0x0a, 0x07, 0x07, 0x0b, 0x7f, 0x55, 0x18,
    0x18, 0x17, 0x17, 0x17, 0x18, 0x17, 0x17, 0x0b, 0x17, 0x17, 0x17, 0x0b,
    0x20, 0x38, 0x53, 0x0b, 0x18, 0x0b, 0x0b, 0x17, 0x17, 0x18, 0x0b, 0x0b,
    0x17, 0x17, 0x18, 0x17, 0x0b, 0x53, 0x3b, 0x53, 0x0b, 0x18, 0x0b, 0x0b,
    0x18, 0x0b, 0x0b, 0x0b, 0x0b, 0x0b, 0x0b, 0x0b, 0x0b, 0x0b, 0x17, 0x17,
    0x29, 0x3b, 0x50, 0x19, 0x18, 0x0b, 0x17, 0x17, 0x17, 0x18, 0x17, 0x0b,
    0x17, 0x0b, 0x0b, 0x18, 0x0b, 0x0b, 0x0b, 0x0b, 0x0b, 0x0b, 0x0b, 0x24,
    0x14, 0x1a, 0x19, 0x0b, 0x0b, 0x0b, 0x0b, 0x17, 0x17, 0x18, 0x17, 0x26,
    0x17, 0x17, 0x18, 0x0b, 0x0b, 0x18, 0x0b, 0x18, 0x0b, 0x17, 0x18, 0x0b,
    0x0b, 0x1c, 0x1b, 0x14, 0x1b, 0x20, 0x17, 0x17, 0x18, 0x0b, 0x17, 0x07,
    0x07, 0x07, 0x08, 0x07, 0x0a, 0x01, 0x01, 0x01, 0x01, 0x01, 0x00, 0x00,
    0x00, 0x03, 0x01, 0x00, 0x01, 0x00, 0x07, 0x0a, 0x07, 0x07, 0x07, 0x0a,
    0x17, 0x0b, 0x0b, 0x0b, 0x18, 0x0b, 0x20, 0x1a, 0x27, 0x2f, 0x20, 0x0b,
    0x18, 0x0b, 0x0b, 0x18, 0x0b, 0x0b, 0x18, 0x0b, 0x17, 0x17, 0x2b, 0x17,
    0x17, 0x26, 0x17, 0x17, 0x17, 0x17, 0x18, 0x0b, 0x0b, 0x24, 0x14, 0x1a,
    0x1c, 0x18, 0x17, 0x17, 0x18, 0x0b, 0x0b, 0x0b, 0x17, 0x18, 0x17, 0x17,
    0x17, 0x17, 0x17, 0x17, 0x18, 0x0b, 0x0b, 0x18, 0x1c, 0x14, 0x39, 0x0b,
    0x18, 0x0b, 0x18, 0x17, 0x17, 0x17, 0x0b, 0x0b, 0x0b, 0x0b, 0x0b, 0x0b,
    0x0b, 0x0b, 0x0b, 0x18, 0x13, 0x3b, 0x1c, 0x0b, 0x17, 0x18, 0x18, 0x0b,
    0x0b, 0x0b, 0x18, 0x0b, 0x17, 0x17, 0x18, 0x0b, 0x19, 0x38, 0x53, 0x18,
    0x0b, 0x17, 0x17, 0x17, 0x17, 0x26, 0x17, 0x17, 0x26, 0x0b, 0x17, 0x17,
    0x18, 0x32, 0x47, 0x18, 0x0a, 0x07, 0x37, 0x77, 0x58, 0x58, 0x58, 0x72,
    0x79, 0x6f, 0x7a, 0x7b, 0x7b, 0x80, 0x80, 0x80, 0x80, 0x80, 0x7b, 0x7b,
    0x7b, 0x7a, 0x7a, 0x81, 0x81, 0x72, 0x58, 0x64, 0x37, 0x37, 0x37, 0x07,
    0x17, 0x82, 0x83, 0x47, 0x0b, 0x17, 0x18, 0x18, 0x17, 0x17, 0x17, 0x17,
    0x17, 0x17, 0x17, 0x17, 0x18, 0x53, 0x3b, 0x1c, 0x0b, 0x18, 0x0b, 0x0b,
    0x18, 0x17, 0x17, 0x17, 0x18, 0x17, 0x17, 0x17, 0x0b, 0x1c, 0x0f, 0x38,
    0x20, 0x0b, 0x0b, 0x0b, 0x0b, 0x18, 0x0b, 0x18, 0x18, 0x0b, 0x18, 0x0b,
    0x18, 0x17, 0x0b, 0x18, 0x20, 0x53, 0x4b, 0x53, 0x18, 0x0b, 0x17, 0x17,
    0x17, 0x17, 0x18, 0x0b, 0x18, 0x0b, 0x0b, 0x0b, 0x17, 0x17, 0x18, 0x18,
    0x0b, 0x18, 0x0b, 0x1c, 0x2a, 0x42, 0x1c, 0x0b, 0x17, 0x17, 0x17, 0x17,
    0x17, 0x17, 0x17, 0x17, 0x17, 0x17, 0x17, 0x17, 0x17, 0x18, 0x0b, 0x0b,
    0x18, 0x17, 0x17, 0x18, 0x0b, 0x19, 0x1a, 0x14, 0x1b, 0x20, 0x17, 0x18,
    0x0b, 0x18, 0x17, 0x07, 0x07, 0x07, 0x07, 0x07, 0x0a, 0x01, 0x01, 0x01,
    0x01, 0x01, 0x00, 0x00, 0x00, 0x03, 0x00, 0x00, 0x01, 0x00, 0x07, 0x0a,
    0x07, 0x07, 0x07, 0x07, 0x17, 0x18, 0x0b, 0x0b, 0x0b, 0x0b, 0x1c, 0x1a,
    0x14, 0x21, 0x20, 0x0b, 0x0b, 0x0b, 0x0b, 0x0b, 0x0b, 0x0b, 0x18, 0x0b,
    0x17, 0x17, 0x0a, 0x17, 0x17, 0x17, 0x17, 0x18, 0x17, 0x17, 0x17, 0x18,
    0x0b, 0x24, 0x14, 0x1a, 0x19, 0x0b, 0x17, 0x18, 0x0b, 0x0b, 0x18, 0x0b,
    0x0b, 0x17, 0x17, 0x17, 0x18, 0x18, 0x17, 0x18, 0x0b, 0x0b, 0x17, 0x0b,
    0x13, 0x16, 0x1c, 0x0b, 0x0b, 0x0b, 0x18, 0x17, 0x17, 0x17, 0x18, 0x18,
    0x0b, 0x18, 0x0b, 0x0b, 0x18, 0x0b, 0x0b, 0x20, 0x3b, 0x3f, 0x20, 0x18,
    0x0b, 0x0b, 0x0b, 0x0b, 0x18, 0x0b, 0x0b, 0x18, 0x17, 0x17, 0x18, 0x0b,
    0x4f, 0x38, 0x19, 0x0b, 0x18, 0x17, 0x17, 0x17, 0x17, 0x17, 0x17, 0x17,
    0x17, 0x17, 0x17, 0x18, 0x84, 0x32, 0x18, 0x0a, 0x0a, 0x07, 0x37, 0x64,
    0x58, 0x72, 0x72, 0x79, 0x70, 0x7a, 0x7b, 0x7b, 0x80, 0x80, 0x85, 0x80,
    0x85, 0x80, 0x85, 0x80, 0x80, 0x86, 0x7a, 0x7a, 0x70, 0x79, 0x72, 0x58,
    0x64, 0x37, 0x37, 0x07, 0x07, 0x17, 0x87, 0x84, 0x0b, 0x17, 0x17, 0x17,
    0x17, 0x17, 0x17, 0x26, 0x17, 0x26, 0x17, 0x17, 0x18, 0x20, 0x0f, 0x53,
    0x0b, 0x18, 0x0b, 0x0b, 0x18, 0x0b, 0x17, 0x17, 0x18, 0x18, 0x0b, 0x18,
    0x0b, 0x20, 0x3b, 0x3b, 0x20, 0x0b, 0x18, 0x0b, 0x0b, 0x0b, 0x0b, 0x0b,
    0x0b, 0x0b, 0x0b, 0x18, 0x0b, 0x0b, 0x17, 0x17, 0x20, 0x24, 0x4b, 0x13,
    0x0b, 0x0b, 0x18, 0x17, 0x17, 0x17, 0x18, 0x0b, 0x0b, 0x18, 0x0b, 0x18,
    0x17, 0x17, 0x0b, 0x0b, 0x0b, 0x18, 0x0b, 0x19, 0x1a, 0x14, 0x24, 0x0b,
    0x17, 0x26, 0x17, 0x17, 0x26, 0x17, 0x17, 0x17, 0x26, 0x17, 0x17, 0x17,
    0x17, 0x18, 0x0b, 0x17, 0x0b, 0x17, 0x0b, 0x0b, 0x0b, 0x20, 0x1a, 0x14,
    0x1a, 0x20, 0x18, 0x0b, 0x0b, 0x0b, 0x18, 0x07, 0x07, 0x07, 0x07, 0x07,
    0x08, 0x03, 0x03, 0x01, 0x01, 0x01, 0x00, 0x00, 0x00, 0x03, 0x00, 0x00,
    0x01, 0x00, 0x07, 0x0a, 0x0a, 0x0a, 0x07, 0x07, 0x07, 0x0b, 0x18, 0x0b,
    0x0b, 0x18, 0x1c, 0x41, 0x22, 0x24, 0x20, 0x18, 0x0b, 0x18, 0x0b, 0x18,
    0x0b, 0x0b, 0x0b, 0x17, 0x17, 0x17, 0x17, 0x26, 0x17, 0x17, 0x17, 0x18,
    0x18, 0x0b, 0x0b, 0x18, 0x0b, 0x21, 0x14, 0x1b, 0x20, 0x0b, 0x17, 0x18,
    0x0b, 0x0b, 0x18, 0x0b, 0x0b, 0x17, 0x17, 0x17, 0x18, 0x0b, 0x17, 0x17,
    0x0b, 0x18, 0x0b, 0x20, 0x38, 0x15, 0x1c, 0x18, 0x0b, 0x0b, 0x0b, 0x17,
    0x17, 0x18, 0x0b, 0x0b, 0x0b, 0x0b, 0x18, 0x0b, 0x0b, 0x18, 0x0b, 0x19,
    0x3b, 0x39, 0x20, 0x0b, 0x18, 0x0b, 0x0b, 0x0b, 0x0b, 0x0b, 0x0b, 0x0b,
    0x18, 0x0b, 0x0b, 0x20, 0x38, 0x38, 0x20, 0x0b, 0x0b, 0x17, 0x26, 0x17,
    0x17, 0x26, 0x17, 0x17, 0x26, 0x17, 0x17, 0x88, 0x10, 0x0c, 0x0b, 0x07,
    0x07, 0x37, 0x37, 0x64, 0x58, 0x72, 0x79, 0x70, 0x7a, 0x7b, 0x7b, 0x89,
    0x8a, 0x8a, 0x8b, 0x8b, 0x8b, 0x8b, 0x8b, 0x8a, 0x89, 0x89, 0x80, 0x86,
    0x7a, 0x70, 0x79, 0x72, 0x58, 0x64, 0x37, 0x07, 0x07, 0x17, 0x18, 0x8c,
    0x47, 0x18, 0x0b, 0x0b, 0x18, 0x17, 0x17, 0x17, 0x17, 0x17, 0x17, 0x17,
    0x17, 0x29, 0x38, 0x38, 0x20, 0x0b, 0x17, 0x0b, 0x17, 0x17, 0x17, 0x17,
    0x0b, 0x0b, 0x0b, 0x18, 0x0b, 0x20, 0x13, 0x3f, 0x1c, 0x0b, 0x18, 0x0b,
    0x0b, 0x18, 0x0b, 0x0b, 0x0b, 0x0b, 0x0b, 0x0b, 0x0b, 0x18, 0x18, 0x17,
    0x18, 0x1c, 0x3b, 0x13, 0x0b, 0x0b, 0x18, 0x17, 0x17, 0x17, 0x18, 0x0b,
    0x0b, 0x0b, 0x0b, 0x18, 0x17, 0x18, 0x0b, 0x0b, 0x0b, 0x0b, 0x0b, 0x19,
    0x1a, 0x14, 0x13, 0x0b, 0x17, 0x17, 0x17, 0x17, 0x17, 0x26, 0x17, 0x17,
    0x17, 0x26, 0x17, 0x17, 0x17, 0x18, 0x0b, 0x0b, 0x18, 0x17, 0x18, 0x0b,
    0x0b, 0x29, 0x39, 0x14, 0x1a, 0x1c, 0x0b, 0x17, 0x0b, 0x0b, 0x0b, 0x0a,
    0x07, 0x07, 0x07, 0x07, 0x0a, 0x01, 0x00, 0x01, 0x01, 0x01, 0x00, 0x00,
    0x00, 0x03, 0x00, 0x00, 0x01, 0x00, 0x07, 0x0a, 0x07, 0x07, 0x07, 0x07,
    0x17, 0x17, 0x18, 0x17, 0x0b, 0x18, 0x24, 0x14, 0x22, 0x24, 0x20, 0x0b,
    0x0b, 0x0b, 0x18, 0x0b, 0x0b, 0x18, 0x18, 0x17, 0x17, 0x26, 0x17, 0x17,
    0x17, 0x17, 0x17, 0x17, 0x18, 0x17, 0x0b, 0x0b, 0x0b, 0x13, 0x14, 0x13,
    0x20, 0x17, 0x17, 0x0b, 0x0b, 0x0b, 0x0b, 0x18, 0x18, 0x17, 0x17, 0x17,
    0x18, 0x0b, 0x0b, 0x0b, 0x18, 0x0b, 0x0b, 0x19, 0x3b, 0x0f, 0x19, 0x0b,
    0x0b, 0x18, 0x17, 0x17, 0x17, 0x18, 0x0b, 0x0b, 0x0b, 0x0b, 0x0b, 0x0b,
    0x0b, 0x0b, 0x0b, 0x53, 0x0f, 0x53, 0x0b, 0x18, 0x0b, 0x0b, 0x18, 0x0b,
    0x18, 0x0b, 0x0b, 0x18, 0x0b, 0x17, 0x0b, 0x19, 0x0f, 0x4f, 0x17, 0x17,
    0x17, 0x17, 0x17, 0x17, 0x26, 0x17, 0x17, 0x17, 0x17, 0x17, 0x18, 0x84,
    0x84, 0x0b, 0x0a, 0x51, 0x51, 0x51, 0x37, 0x58, 0x72, 0x79, 0x70, 0x7a,
    0x8d, 0x8d, 0x8e, 0x8a, 0x8a, 0x8f, 0x90, 0x8f, 0x90, 0x8f, 0x90, 0x8f,
    0x8a, 0x8a, 0x8e, 0x8d, 0x86, 0x70, 0x79, 0x81, 0x58, 0x64, 0x37, 0x51,
    0x07, 0x07, 0x0b, 0x55, 0x84, 0x18, 0x0b, 0x0b, 0x18, 0x17, 0x17, 0x26,
    0x17, 0x17, 0x26, 0x17, 0x17, 0x0b, 0x4f, 0x0f, 0x4f, 0x17, 0x18, 0x17,
    0x17, 0x17, 0x26, 0x17, 0x18, 0x0b, 0x0b, 0x0b, 0x0b, 0x0b, 0x24, 0x3b,
    0x53, 0x0b, 0x0b, 0x0b, 0x18, 0x0b, 0x0b, 0x18, 0x18, 0x0b, 0x18, 0x0b,
    0x0b, 0x0b, 0x0b, 0x0b, 0x0b, 0x19, 0x3b, 0x1b, 0x20, 0x0b, 0x0b, 0x17,
    0x17, 0x17, 0x18, 0x0b, 0x0b, 0x18, 0x0b, 0x0b, 0x17, 0x0b, 0x18, 0x0b,
    0x18, 0x0b, 0x0b, 0x20, 0x1a, 0x14, 0x39, 0x20, 0x17, 0x26, 0x17, 0x17,
    0x17, 0x17, 0x17, 0x17, 0x17, 0x17, 0x26, 0x17, 0x17, 0x18, 0x0b, 0x0b,
    0x0b, 0x17, 0x18, 0x0b, 0x0b, 0x20, 0x21, 0x14, 0x25, 0x1c, 0x0b, 0x18,
    0x17, 0x18, 0x0b, 0x0b, 0x07, 0x07, 0x07, 0x07, 0x07, 0x08, 0x00, 0x01,
    0x01, 0x01, 0x00, 0x00, 0x00, 0x03, 0x00, 0x00, 0x01, 0x00, 0x07, 0x07,
    0x0a, 0x07, 0x07, 0x07, 0x17, 0x17, 0x0b, 0x0b, 0x0b, 0x0b, 0x24, 0x14,
    0x22, 0x24, 0x29, 0x0b, 0x0b, 0x0b, 0x0b, 0x0b, 0x0b, 0x0b, 0x18, 0x0b,
    0x17, 0x17, 0x17, 0x17, 0x26, 0x17, 0x17, 0x17, 0x18, 0x17, 0x0b, 0x18,
    0x20, 0x1b, 0x14, 0x24, 0x20, 0x18, 0x17, 0x18, 0x18, 0x0b, 0x17, 0x0b,
    0x0b, 0x17, 0x17, 0x17, 0x18, 0x0b, 0x0b, 0x17, 0x18, 0x0b, 0x0b, 0x19,
    0x3b, 0x3b, 0x19, 0x0b, 0x0b, 0x18, 0x17, 0x17, 0x17, 0x18, 0x0b, 0x18,
    0x18, 0x0b, 0x18, 0x0b, 0x18, 0x0b, 0x0b, 0x13, 0x0f, 0x1c, 0x0b, 0x0b,
    0x0b, 0x0b, 0x0b, 0x18, 0x0b, 0x0b, 0x18, 0x0b, 0x17, 0x17, 0x18, 0x53,
    0x0f, 0x20, 0x17, 0x17, 0x26, 0x17, 0x17, 0x17, 0x17, 0x17, 0x17, 0x26,
    0x17, 0x18, 0x0b, 0x83, 0x47, 0x18, 0x07, 0x37, 0x37, 0x64, 0x64, 0x58,
    0x79, 0x79, 0x70, 0x91, 0x8d, 0x89, 0x8a, 0x92, 0x8b, 0x90, 0x93, 0x94,
    0x94, 0x95, 0x8f, 0x90, 0x90, 0x8a, 0x8a, 0x89, 0x96, 0x7a, 0x70, 0x79,
    0x78, 0x58, 0x64, 0x51, 0x07, 0x0a, 0x0b, 0x0c, 0x10, 0x0b, 0x0b, 0x17,
    0x17, 0x17, 0x17, 0x17, 0x18, 0x17, 0x17, 0x17, 0x17, 0x18, 0x20, 0x52,
    0x53, 0x18, 0x0b, 0x18, 0x17, 0x17, 0x17, 0x17, 0x18, 0x0b, 0x17, 0x18,
    0x0b, 0x0b, 0x63, 0x3b, 0x38, 0x0b, 0x0b, 0x18, 0x0b, 0x0b, 0x0b, 0x0b,
    0x0b, 0x0b, 0x18, 0x0b, 0x0b, 0x18, 0x0b, 0x17, 0x0b, 0x19, 0x3b, 0x3b,
    0x20, 0x0b, 0x18, 0x18, 0x17, 0x18, 0x0b, 0x0b, 0x0b, 0x18, 0x0b, 0x0b,
    0x17, 0x0b, 0x0b, 0x18, 0x0b, 0x18, 0x0b, 0x20, 0x13, 0x14, 0x1b, 0x20,
    0x18, 0x17, 0x17, 0x26, 0x17, 0x17, 0x26, 0x17, 0x17, 0x17, 0x17, 0x17,
    0x17, 0x18, 0x0b, 0x0b, 0x18, 0x17, 0x0b, 0x17, 0x18, 0x20, 0x24, 0x14,
    0x22, 0x24, 0x20, 0x17, 0x17, 0x18, 0x0b, 0x0b, 0x07, 0x07, 0x07, 0x07,
    0x0a, 0x08, 0x01, 0x01, 0x01, 0x00, 0x00, 0x00, 0x00, 0x03, 0x00, 0x00,
    0x01, 0x00, 0x07, 0x07, 0x07, 0x07, 0x07, 0x07, 0x17, 0x17, 0x18, 0x18,
    0x0b, 0x29, 0x24, 0x14, 0x2a, 0x24, 0x20, 0x17, 0x17, 0x17, 0x17, 0x18,
    0x0b, 0x17, 0x0b, 0x18, 0x17, 0x17, 0x26, 0x17, 0x17, 0x26, 0x17, 0x17,
    0x18, 0x17, 0x17, 0x18, 0x19, 0x1a, 0x14, 0x24, 0x0b, 0x18, 0x17, 0x0b,
    0x0b, 0x0b, 0x17, 0x17, 0x18, 0x17, 0x17, 0x17, 0x18, 0x0b, 0x0b, 0x17,
    0x0b, 0x18, 0x0b, 0x1c, 0x11, 0x3f, 0x19, 0x0b, 0x18, 0x17, 0x17, 0x17,
    0x18, 0x0b, 0x0b, 0x0b, 0x0b, 0x0b, 0x0b, 0x17, 0x18, 0x0b, 0x20, 0x3b,
    0x0f, 0x20, 0x0b, 0x18, 0x0b, 0x0b, 0x0b, 0x0b, 0x0b, 0x0b, 0x0b, 0x17,
    0x17, 0x17, 0x29, 0x5d, 0x0f, 0x20, 0x0b, 0x18, 0x17, 0x17, 0x26, 0x17,
    0x17, 0x26, 0x17, 0x17, 0x17, 0x18, 0x19, 0x83, 0x18, 0x0a, 0x07, 0x0a,
    0x37, 0x64, 0x58, 0x78, 0x79, 0x97, 0x91, 0x8d, 0x8e, 0x8a, 0x8b, 0x98,
    0x98, 0x94, 0x94, 0x94, 0x94, 0x94, 0x94, 0x98, 0x8f, 0x99, 0x8a, 0x8e,
    0x8d, 0x9a, 0x9a, 0x70, 0x78, 0x58, 0x64, 0x37, 0x0a, 0x0a, 0x0b, 0x18,
    0x83, 0x47, 0x18, 0x17, 0x17, 0x26, 0x18, 0x0b, 0x18, 0x18, 0x17, 0x17,
    0x17, 0x18, 0x20, 0x13, 0x53, 0x0b, 0x0b, 0x17, 0x17, 0x17, 0x17, 0x17,
    0x17, 0x17, 0x17, 0x17, 0x17, 0x18, 0x19, 0x3f, 0x38, 0x20, 0x0b, 0x18,
    0x0b, 0x0b, 0x18, 0x0b, 0x0b, 0x0b, 0x0b, 0x0b, 0x18, 0x0b, 0x0b, 0x17,
    0x18, 0x20, 0x1a, 0x3b, 0x1c, 0x0b, 0x0b, 0x0b, 0x18, 0x0b, 0x0b, 0x0b,
    0x18, 0x0b, 0x0b, 0x18, 0x18, 0x17, 0x0b, 0x0b, 0x0b, 0x0b, 0x0b, 0x0b,
    0x53, 0x14, 0x1a, 0x20, 0x0b, 0x18, 0x17, 0x17, 0x17, 0x17, 0x26, 0x17,
    0x17, 0x26, 0x17, 0x17, 0x17, 0x18, 0x17, 0x0b, 0x18, 0x17, 0x17, 0x17,
    0x17, 0x20, 0x24, 0x22, 0x22, 0x24, 0x29, 0x17, 0x17, 0x17, 0x17, 0x17,
    0x0a, 0x07, 0x07, 0x07, 0x0a, 0x09, 0x00, 0x01, 0x00, 0x01, 0x00, 0x00,
    0x00, 0x03, 0x00, 0x00, 0x00, 0x01, 0x07, 0x07, 0x0a, 0x07, 0x07, 0x07,
    0x17, 0x18, 0x0b, 0x0b, 0x0b, 0x20, 0x21, 0x14, 0x2c, 0x24, 0x3c, 0x17,
    0x17, 0x26, 0x17, 0x18, 0x0b, 0x17, 0x0b, 0x17, 0x17, 0x17, 0x17, 0x17,
    0x17, 0x17, 0x17, 0x17, 0x17, 0x0b, 0x0b, 0x17, 0x1c, 0x1a, 0x22, 0x24,
    0x0b, 0x0b, 0x17, 0x0b, 0x18, 0x17, 0x17, 0x17, 0x18, 0x17, 0x17, 0x17,
    0x18, 0x0b, 0x18, 0x0b, 0x0b, 0x18, 0x0b, 0x12, 0x16, 0x38, 0x20, 0x0b,
    0x17, 0x17, 0x18, 0x18, 0x0b, 0x0b, 0x0b, 0x0b, 0x18, 0x0b, 0x17, 0x17,
    0x0b, 0x18, 0x20, 0x3b, 0x3f, 0x20, 0x18, 0x0b, 0x18, 0x18, 0x17, 0x18,
    0x0b, 0x18, 0x17, 0x17, 0x17, 0x17, 0x29, 0x38, 0x52, 0x20, 0x18, 0x17,
    0x17, 0x17, 0x17, 0x17, 0x17, 0x18, 0x18, 0x17, 0x17, 0x18, 0x84, 0x84,
    0x0b, 0x0a, 0x07, 0x37, 0x37, 0x64, 0x58, 0x78, 0x70, 0x91, 0x91, 0x8e,
    0x89, 0x92, 0x98, 0x93, 0x9b, 0x9c, 0x9d, 0x9e, 0x9f, 0x9d, 0xa0, 0x94,
    0x94, 0x98, 0xa1, 0x8a, 0x8e, 0x9a, 0x9a, 0xa2, 0x5b, 0x58, 0x64, 0x37,
    0x0a, 0x0a, 0x0b, 0x0b, 0x55, 0x7f, 0x0b, 0x0b, 0x18, 0x17, 0x17, 0x17,
    0x17, 0x0b, 0x18, 0x17, 0x17, 0x0b, 0x0b, 0xa3, 0x53, 0x29, 0x18, 0x0b,
    0x17, 0x26, 0x17, 0x17, 0x17, 0x17, 0x17, 0x18, 0x17, 0x0b, 0x20, 0x3b,
    0x3b, 0x19, 0x0b, 0x0b, 0x0b, 0x0b, 0x18, 0x0b, 0x18, 0x18, 0x0b, 0x0b,
    0x0b, 0x18, 0x0b, 0x18, 0x0b, 0x20, 0x1b, 0x3b, 0x1c, 0x0b, 0x0b, 0x0b,
    0x0b, 0x0b, 0x18, 0x0b, 0x0b, 0x0b, 0x0b, 0x0b, 0x0b, 0x17, 0x18, 0x0b,
    0x0b, 0x18, 0x0b, 0x0b, 0x53, 0x14, 0x1a, 0x19, 0x0b, 0x18, 0x17, 0x17,
    0x17, 0x17, 0x17, 0x17, 0x17, 0x26, 0x17, 0x17, 0x17, 0x18, 0x17, 0x0b,
    0x0b, 0x17, 0x17, 0x17, 0x17, 0x29, 0x24, 0x22, 0x22, 0x24, 0x20, 0x17,
    0x17, 0x17, 0x18, 0x18, 0x0a, 0x07, 0x07, 0x07, 0x0a, 0x08, 0x01, 0x01,
    0x00, 0x01, 0x00, 0x00, 0x00, 0x00, 0x00, 0x00, 0x00, 0x01, 0x07, 0x07,
    0x07, 0x07, 0x07, 0x07, 0x17, 0x18, 0x0b, 0x0b, 0x0b, 0x20, 0x21, 0x14,
    0x2a, 0x1c, 0x18, 0x17, 0x17, 0x17, 0x17, 0x18, 0x0b, 0x17, 0x18, 0x17,
    0x17, 0x26, 0x17, 0x17, 0x26, 0x17, 0x17, 0x26, 0x17, 0x17, 0x18, 0x0b,
    0x1c, 0x3b, 0x25, 0x1c, 0x18, 0x0b, 0x17, 0x17, 0x18, 0x17, 0x17, 0x17,
    0x18, 0x17, 0x17, 0x17, 0x17, 0x18, 0x0b, 0x0b, 0x0b, 0x0b, 0x0b, 0x21,
    0x15, 0x13, 0x20, 0x0b, 0x17, 0x17, 0x0b, 0x0b, 0x0b, 0x18, 0x0b, 0x0b,
    0x18, 0x0b, 0x17, 0x17, 0x18, 0x0b, 0x20, 0x3b, 0x38, 0x0b, 0x0b, 0x0b,
    0x0b, 0x0b, 0x0b, 0x0b, 0x18, 0x0b, 0x17, 0x17, 0x17, 0x17, 0x20, 0x38,
    0x53, 0x0b, 0x17, 0x17, 0x17, 0x17, 0x26, 0x17, 0x17, 0x17, 0x17, 0x17,
    0x18, 0x0b, 0x46, 0x47, 0x0b, 0x07, 0x07, 0x0a, 0x37, 0x64, 0x78, 0x79,
    0x91, 0x8d, 0x8d, 0x8e, 0xa4, 0x98, 0x98, 0x9b, 0xa5, 0xa6, 0xa7, 0xa7,
    0xa7, 0xa7, 0xa8, 0xa9, 0x94, 0x94, 0xaa, 0xa4, 0x8e, 0x96, 0x9a, 0xa2,
    0xab, 0xac, 0x64, 0x37, 0x0a, 0x0a, 0x0a, 0x18, 0x0c, 0x83, 0x0b, 0x18,
    0x0b, 0x17, 0x17, 0x17, 0x0b, 0x0b, 0x18, 0x17, 0x17, 0x18, 0x0b, 0x53,
    0x38, 0x1c, 0x0b, 0x17, 0x18, 0x17, 0x17, 0x26, 0x26, 0x17, 0x17, 0x18,
    0x18, 0x0b, 0x20, 0x38, 0x3f, 0x19, 0x18, 0x0b, 0x0b, 0x18, 0x0b, 0x0b,
    0x0b, 0x0b, 0x0b, 0x18, 0x0b, 0x0b, 0x0b, 0x0b, 0x0b, 0x20, 0x1a, 0xad,
    0x24, 0x18, 0x17, 0x17, 0x18, 0x0b, 0x0b, 0x18, 0x0b, 0x0b, 0x18, 0x0b,
    0x0b, 0x17, 0x18, 0x0b, 0x0b, 0x18, 0x18, 0x20, 0x44, 0x14, 0x1b, 0x19,
    0x0b, 0x0b, 0x17, 0x17, 0x26, 0x17, 0x17, 0x26, 0x17, 0x17, 0x17, 0x17,
    0x17, 0x18, 0x17, 0x0b, 0x18, 0x17, 0x17, 0x26, 0x17, 0x29, 0x24, 0x22,
    0x25, 0x24, 0x29, 0x17, 0x17, 0x17, 0x18, 0x17, 0x07, 0x07, 0x07, 0x07,
    0x0a, 0x07, 0x01, 0x01, 0x00, 0x00, 0x00, 0x00, 0x00, 0x00, 0x00, 0x00,
    0x00, 0x01, 0x07, 0x07, 0x07, 0x07, 0x07, 0x07, 0x17, 0x17, 0x18, 0x17,
    0x18, 0x20, 0x21, 0x14, 0x2c, 0x1c, 0x17, 0x17, 0x17, 0x18, 0x17, 0x0b,
    0x18, 0x17, 0x18, 0x17, 0x17, 0x17, 0x17, 0x17, 0x26, 0x17, 0x17, 0x17,
    0x17, 0x17, 0x17, 0x18, 0x1c, 0x14, 0x2a, 0x1c, 0x0b, 0x18, 0x17, 0x17,
    0x17, 0x17, 0x17, 0x17, 0x18, 0x17, 0x17, 0x26, 0x17, 0x0b, 0x0b, 0x17,
    0x18, 0x0b, 0x0b, 0x21, 0x16, 0x1d, 0x0b, 0x18, 0x17, 0x17, 0x18, 0x0b,
    0x0b, 0x18, 0x0b, 0x0b, 0x0b, 0x17, 0x17, 0x17, 0x18, 0x0b, 0x19, 0x3b,
    0x52, 0x0b, 0x0b, 0x0b, 0x0b, 0x0b, 0x17, 0x0b, 0x0b, 0x18, 0x17, 0x17,
    0x26, 0x17, 0x1c, 0x38, 0x19, 0x18, 0x17, 0x17, 0x17, 0x26, 0x17, 0x17,
    0x17, 0x17, 0x17, 0x17, 0x0b, 0x20, 0x46, 0x0c, 0x17, 0x07, 0x0a, 0x0a,
    0x37, 0x58, 0x78, 0x70, 0x91, 0x8d, 0x8d, 0x8e, 0xae, 0x98, 0x9c, 0xa5,
    0xa7, 0xa7, 0xa7, 0xa7, 0xa7, 0xa7, 0xa7, 0xa7, 0xa9, 0x9b, 0x93, 0xaa,
    0x8a, 0x8e, 0x96, 0xa2, 0xaf, 0x5b, 0x58, 0x64, 0x37, 0x0a, 0x0a, 0x0b,
    0x18, 0x5d, 0x47, 0x18, 0x17, 0x17, 0x18, 0x17, 0x17, 0x18, 0x17, 0x17,
    0x17, 0x18, 0x0b, 0x4f, 0x10, 0x1c, 0x0b, 0x17, 0x17, 0x17, 0x17, 0x17,
    0x17, 0x17, 0x17, 0x17, 0x17, 0x0b, 0x0b, 0x13, 0x3b, 0x19, 0x0b, 0x0b,
    0x18, 0x0b, 0x0b, 0x0b, 0x0b, 0x0b, 0x0b, 0x18, 0x0b, 0x17, 0x18, 0x0b,
    0x0b, 0x18, 0x13, 0x4b, 0x24, 0x18, 0x0b, 0x17, 0x18, 0x0b, 0x0b, 0x0b,
    0x18, 0x0b, 0x0b, 0x18, 0x0b, 0x17, 0x0b, 0x0b, 0x0b, 0x0b, 0x17, 0x0b,
    0x24, 0x14, 0x2a, 0x1c, 0x18, 0x0b, 0x17, 0x17, 0x26, 0x17, 0x17, 0x17,
    0x17, 0x17, 0x26, 0x17, 0x17, 0x18, 0x17, 0x0b, 0x18, 0x17, 0x17, 0x17,
    0x17, 0x20, 0x1c, 0x2a, 0x14, 0x21, 0x20, 0x17, 0x17, 0x17, 0x18, 0x0b,
    0x17, 0x07, 0x07, 0x07, 0x07, 0x08, 0x00, 0x01, 0x01, 0x00, 0x00, 0x00,
    0x00, 0x00, 0x00, 0x00, 0x00, 0x01, 0x07, 0x07, 0x07, 0x07, 0x07, 0x07,
    0x17, 0x0b, 0x0b, 0x17, 0x0b, 0x20, 0x1a, 0x14, 0x1b, 0x1c, 0x18, 0x17,
    0x17, 0x17, 0x17, 0x18, 0x0b, 0x17, 0x17, 0x17, 0x17, 0x26, 0x17, 0x17,
    0x17, 0x17, 0x17, 0x26, 0x17, 0x17, 0x17, 0x18, 0x1c, 0x14, 0x2a, 0x1c,
    0x0b, 0x18, 0x0b, 0x17, 0x17, 0x26, 0x17, 0x18, 0x0b, 0x17, 0x17, 0x18,
    0x0b, 0x0b, 0x18, 0x0b, 0x18, 0x17, 0x0b, 0x13, 0x14, 0x24, 0x0b, 0x18,
    0x17, 0x17, 0x18, 0x0b, 0x0b, 0x0b, 0x18, 0x0b, 0x18, 0x17, 0x17, 0x17,
    0x18, 0x0b, 0x1c, 0x3b, 0x13, 0x0b, 0x18, 0x18, 0x0b, 0x18, 0x18, 0x0b,
    0x17, 0x18, 0x0b, 0x17, 0x17, 0x17, 0xb0, 0x38, 0x20, 0x0b, 0x18, 0x17,
    0x17, 0x17, 0x17, 0x26, 0x17, 0x26, 0x17, 0x17, 0x18, 0x47, 0x46, 0x0b,
    0x18, 0x0b, 0x0a, 0x37, 0x64, 0x58, 0x5b, 0xa2, 0x91, 0x8d, 0x8e, 0xb1,
    0x98, 0xb2, 0xa5, 0xa7, 0xb3, 0xa7, 0xb3, 0xa7, 0xb3, 0xa7, 0xb3, 0xa7,
    0xa7, 0xb4, 0xb2, 0x98, 0xa4, 0x8e, 0x8d, 0x9a, 0xa2, 0xab, 0xac, 0xb5,
    0x37, 0x0a, 0x0a, 0x17, 0x0b, 0x87, 0x47, 0x0b, 0x17, 0x17, 0x17, 0x17,
    0x17, 0x18, 0x17, 0x17, 0x17, 0x17, 0x18, 0x1c, 0x0f, 0x53, 0x18, 0x18,
    0x0b, 0x18, 0x17, 0x18, 0x18, 0x17, 0x17, 0x17, 0x18, 0x0b, 0x0b, 0x53,
    0x3b, 0x1c, 0x0b, 0x0b, 0x0b, 0x0b, 0x18, 0x0b, 0x18, 0x0b, 0x0b, 0x0b,
    0x0b, 0x0b, 0x18, 0x0b, 0x0b, 0x0b, 0x13, 0xad, 0x13, 0x0b, 0x0b, 0x0b,
    0x0b, 0x18, 0x0b, 0x0b, 0x0b, 0x0b, 0x0b, 0x18, 0x0b, 0x0b, 0x18, 0x0b,
    0x18, 0x0b, 0x0b, 0x0b, 0x1c, 0x14, 0x14, 0x1c, 0x0b, 0x18, 0x18, 0x17,
    0x17, 0x17, 0x17, 0x26, 0x17, 0x17, 0x17, 0x17, 0x17, 0x18, 0x17, 0x0b,
    0x0b, 0x17, 0x17, 0x17, 0x17, 0x29, 0x1c, 0x2a, 0x14, 0x21, 0x20, 0x17,
    0x18, 0x18, 0x0b, 0x17, 0x17, 0x07, 0x07, 0x07, 0x07, 0x07, 0x00, 0x00,
    0x01, 0x00, 0x00, 0x00, 0x00, 0x03, 0x00, 0x00, 0x00, 0x01, 0x07, 0x07,
    0x07, 0x07, 0x07, 0x07, 0x17, 0x17, 0x18, 0x17, 0x0b, 0x20, 0x3e, 0x14,
    0x1a, 0x1c, 0x17, 0x17, 0x26, 0x18, 0x17, 0x0b, 0x0b, 0x0b, 0x17, 0x17,
    0x17, 0x17, 0x26, 0x17, 0x17, 0x17, 0x26, 0x17, 0x17, 0x18, 0x17, 0x0b,
    0x24, 0x14, 0x1b, 0x19, 0x0b, 0x0b, 0x17, 0x18, 0x18, 0x17, 0x17, 0x18,
    0x0b, 0x17, 0x17, 0x18, 0x0b, 0x0b, 0x18, 0x0b, 0x0b, 0x0b, 0x0b, 0x13,
    0x14, 0x24, 0x0b, 0x18, 0x17, 0x0b, 0x0b, 0x18, 0x0b, 0x0b, 0x0b, 0x0b,
    0x18, 0x18, 0x17, 0x17, 0x0b, 0x0b, 0x4f, 0x3b, 0x24, 0x0b, 0x0b, 0x17,
    0x17, 0x0b, 0x0b, 0x0b, 0x0b, 0x0b, 0x18, 0x18, 0x0b, 0x0b, 0x4f, 0x3b,
    0x20, 0x0b, 0x18, 0x17, 0x17, 0x17, 0x17, 0x17, 0x17, 0x17, 0x17, 0x17,
    0x17, 0x6a, 0xb6, 0x0b, 0x17, 0x17, 0x18, 0x0b, 0x64, 0x58, 0x5b, 0xa2,
    0xb7, 0x8d, 0x8e, 0xae, 0x98, 0xb8, 0xb9, 0xa7, 0xa7, 0xa7, 0xa7, 0xb3,
    0xa7, 0xa7, 0xa7, 0xa7, 0xa7, 0xb9, 0xb8, 0x93, 0xa4, 0x89, 0x8d, 0x9a,
    0xaf, 0x5b, 0xac, 0xba, 0x37, 0x0a, 0x07, 0x17, 0x18, 0x4f, 0x47, 0x18,
    0x17, 0x17, 0x17, 0x17, 0x17, 0x18, 0x0b, 0x17, 0x17, 0x18, 0x0b, 0x20,
    0x10, 0x53, 0x0b, 0x17, 0x17, 0x18, 0x0b, 0x17, 0x18, 0x17, 0x17, 0x17,
    0x18, 0x18, 0x0b, 0x24, 0x3b, 0x1c, 0x0b, 0x18, 0x17, 0x17, 0x17, 0x18,
    0x17, 0x17, 0x17, 0x17, 0x17, 0x18, 0x0b, 0x0b, 0x0b, 0x0b, 0x53, 0x4b,
    0x13, 0x0b, 0x0b, 0x18, 0x17, 0x0b, 0x18, 0x0b, 0x0b, 0x18, 0x0b, 0x0b,
    0x0b, 0x18, 0x0b, 0x0b, 0x0b, 0x18, 0x0b, 0x18, 0x1c, 0x14, 0x14, 0x1c,
    0x0b, 0x0b, 0x0b, 0x17, 0x17, 0x17, 0x26, 0x17, 0x17, 0x26, 0x17, 0x17,
    0x17, 0x18, 0x17, 0x17, 0x18, 0x17, 0x17, 0x26, 0x17, 0x20, 0x20, 0x1a,
    0x27, 0x1d, 0x20, 0x17, 0x18, 0x17, 0x0b, 0x17, 0x07, 0x07, 0x07, 0x07,
    0x07, 0x09, 0x03, 0x01, 0x01, 0x00, 0x00, 0x00, 0x00, 0x03, 0x00, 0x00,
    0x00, 0x01, 0x07, 0x07, 0x07, 0x07, 0x07, 0x07, 0x17, 0x17, 0x18, 0x17,
    0x0b, 0x20, 0x3e, 0x14, 0x1b, 0x1c, 0x17, 0x17, 0x17, 0x18, 0x17, 0x0b,
    0x18, 0x18, 0x17, 0x17, 0x26, 0x17, 0x17, 0x17, 0x17, 0x26, 0x17, 0x17,
    0x17, 0x17, 0x17, 0x18, 0x24, 0x14, 0x3b, 0x19, 0x0b, 0x18, 0x17, 0x0b,
    0x0b, 0x17, 0x17, 0x0b, 0x18, 0x17, 0x17, 0x18, 0x0b, 0x0b, 0x0b, 0x0b,
    0x0b, 0x18, 0x0b, 0x13, 0x14, 0x24, 0x0b, 0x17, 0x17, 0x17, 0x18, 0x0b,
    0x0b, 0x18, 0x0b, 0x0b, 0x17, 0x0b, 0x17, 0x17, 0x18, 0x0b, 0x4f, 0x3b,
    0x24, 0x0b, 0x0b, 0x17, 0x18, 0x0b, 0x0b, 0x18, 0x0b, 0x0b, 0x0b, 0x0b,
    0x18, 0x0b, 0x53, 0x3b, 0x20, 0x0b, 0x0b, 0x17, 0x26, 0x17, 0x17, 0x26,
    0x17, 0x17, 0x26, 0x17, 0x0b, 0xb6, 0x55, 0x18, 0x17, 0x17, 0x0b, 0x37,
    0x64, 0x58, 0xab, 0xa2, 0x91, 0x8d, 0x89, 0xbb, 0x98, 0xa5, 0xa7, 0xa7,
    0xb3, 0xa7, 0xa7, 0xa7, 0xa7, 0xb3, 0xa7, 0xa7, 0xb3, 0xb9, 0xa5, 0x98,
    0xa4, 0x8e, 0x8d, 0x9a, 0xa2, 0xbc, 0xac, 0x64, 0x37, 0x0a, 0x0a, 0x17,
    0x0b, 0x84, 0x47, 0x18, 0x0b, 0x17, 0x26, 0x17, 0x17, 0x18, 0x0b, 0x17,
    0x17, 0x18, 0x0b, 0x20, 0x10, 0x53, 0x0b, 0x0b, 0x0b, 0x0b, 0x0b, 0x0b,
    0x17, 0x18, 0x0b, 0x18, 0x0b, 0x0b, 0x0b, 0x44, 0x3b, 0x1c, 0x0b, 0x18,
    0x17, 0x17, 0x17, 0x17, 0x17, 0x17, 0x26, 0x17, 0x17, 0x18, 0x17, 0x0b,
    0x18, 0x0b, 0x53, 0x16, 0x13, 0x0b, 0x0b, 0x18, 0x17, 0x0b, 0x0b, 0x0b,
    0x18, 0x0b, 0x0b, 0x0b, 0x18, 0x0b, 0x0b, 0x0b, 0x0b, 0x0b, 0x18, 0x0b,
    0x1c, 0x42, 0x14, 0x1c, 0x0b, 0x0b, 0x18, 0x17, 0x17, 0x17, 0x17, 0x17,
    0x17, 0x17, 0x26, 0x17, 0x17, 0x18, 0x17, 0x17, 0x18, 0x17, 0x17, 0x17,
    0x18, 0x0b, 0x19, 0x1a, 0x27, 0x1d, 0x20, 0x17, 0x0b, 0x17, 0x18, 0x17,
    0x07, 0x07, 0x07, 0x07, 0x07, 0x08, 0x01, 0x01, 0x01, 0x00, 0x00, 0x00,
    0x00, 0x03, 0x00, 0x01, 0x01, 0x00, 0x07, 0x07, 0x07, 0x07, 0x07, 0x07,
    0x17, 0x17, 0x18, 0x17, 0x0b, 0x29, 0x1b, 0x14, 0x1a, 0x1c, 0x18, 0x17,
    0x17, 0x17, 0x17, 0x0b, 0x0b, 0x18, 0x17, 0x17, 0x17, 0x17, 0x17, 0x26,
    0x17, 0x17, 0x17, 0x17, 0x26, 0x17, 0x17, 0x18, 0x24, 0x14, 0x3b, 0x19,
    0x0b, 0x18, 0x0b, 0x0b, 0x18, 0x17, 0x17, 0x17, 0x18, 0x17, 0x17, 0x0b,
    0x18, 0x0b, 0x0b, 0x18, 0x0b, 0x0b, 0x20, 0x13, 0x14, 0x24, 0x18, 0x0b,
    0x17, 0x17, 0x18, 0x0b, 0x0b, 0x0b, 0x18, 0x0b, 0x17, 0x18, 0x17, 0x17,
    0x18, 0x0b, 0x4f, 0x3b, 0x24, 0x18, 0x0b, 0x17, 0x18, 0x0b, 0x0b, 0x18,
    0x0b, 0x0b, 0x0b, 0x0b, 0x18, 0x0b, 0x53, 0x3b, 0x20, 0x0b, 0x18, 0x17,
    0x17, 0x17, 0x17, 0x18, 0x17, 0x17, 0x17, 0x17, 0x18, 0xb6, 0x55, 0x18,
    0x17, 0x17, 0x18, 0x37, 0x64, 0xac, 0x5b, 0xaf, 0x91, 0x8d, 0x8e, 0xae,
    0x98, 0xa5, 0xb9, 0xb3, 0xa7, 0xa7, 0xb3, 0xa7, 0xa7, 0xb3, 0xa7, 0xa7,
    0xa7, 0xa7, 0xb4, 0x98, 0xa4, 0xbd, 0x8d, 0x9a, 0xa2, 0x5b, 0x58, 0x64,
    0x37, 0x0a, 0x17, 0x17, 0x18, 0x84, 0x55, 0x0b, 0x17, 0x17, 0x17, 0x17,
    0x17, 0x18, 0x0b, 0x17, 0x17, 0x17, 0x0b, 0x20, 0x10, 0x53, 0x18, 0x18,
    0x0b, 0x18, 0x0b, 0x0b, 0x0b, 0x0b, 0x18, 0x17, 0x0b, 0x0b, 0x0b, 0x24,
    0x3b, 0x1c, 0x0b, 0x0b, 0x17, 0x17, 0x17, 0x17, 0x17, 0x17, 0x17, 0x17,
    0x17, 0x18, 0x0b, 0x0b, 0x18, 0x0b, 0x53, 0x16, 0x13, 0x0b, 0x0b, 0x0b,
    0x17, 0x18, 0x0b, 0x0b, 0x0b, 0x18, 0x0b, 0x0b, 0x0b, 0x0b, 0x18, 0x18,
    0x0b, 0x0b, 0x0b, 0x0b, 0x1c, 0x42, 0x14, 0x1c, 0x0b, 0x18, 0x0b, 0x17,
    0x26, 0x17, 0x17, 0x26, 0x17, 0x17, 0x17, 0x17, 0x17, 0x18, 0x17, 0x17,
    0x0b, 0x17, 0x17, 0x17, 0x18, 0x0b, 0x20, 0x1a, 0x27, 0x1d, 0x29, 0x17,
    0x0b, 0x18, 0x0b, 0x17, 0x07, 0x07, 0x07, 0x07, 0x07, 0x08, 0x01, 0x01,
    0x01, 0x00, 0x00, 0x00, 0x00, 0x03, 0x01, 0x01, 0x01, 0x00, 0x07, 0x07,
    0x07, 0x07, 0x07, 0x07, 0x17, 0x17, 0x18, 0x17, 0x0b, 0x20, 0x1a, 0x14,
    0x1b, 0x1c, 0x18, 0x0b, 0x17, 0x17, 0x17, 0x18, 0x0b, 0x17, 0x17, 0x17,
    0x17, 0x26, 0x17, 0x17, 0x17, 0x17, 0x17, 0x17, 0x17, 0x17, 0x18, 0x0b,
    0x24, 0x14, 0x3b, 0x19, 0x0b, 0x0b, 0x0b, 0x18, 0x0b, 0x18, 0x17, 0x17,
    0x0b, 0x17, 0x17, 0x18, 0x0b, 0x0b, 0x18, 0x0b, 0x0b, 0x0b, 0x0b, 0x13,
    0x14, 0x24, 0x0b, 0x18, 0x17, 0x17, 0x0b, 0x18, 0x0b, 0x0b, 0x0b, 0x0b,
    0x17, 0x18, 0x17, 0x17, 0x18, 0x0b, 0x4f, 0x3b, 0x24, 0x0b, 0x18, 0x0b,
    0x0b, 0x0b, 0x0b, 0x0b, 0x18, 0x0b, 0x18, 0x0b, 0x0b, 0x18, 0x53, 0x3b,
    0x20, 0x0b, 0x18, 0x17, 0x17, 0x17, 0x17, 0x17, 0x17, 0x26, 0x17, 0x17,
    0x18, 0xb6, 0x55, 0x0b, 0x17, 0x17, 0x18, 0x37, 0x64, 0xac, 0xab, 0xa2,
    0x91, 0x8d, 0xbd, 0xae, 0x98, 0xa5, 0xb9, 0xa7, 0xa7, 0xa7, 0xb3, 0xa7,
    0xa7, 0xa7, 0xb3, 0xa7, 0xa7, 0xa7, 0xbe, 0x98, 0x98, 0xbf, 0x8d, 0x9a,
    0xaf, 0x5b, 0x58, 0x64, 0x37, 0x0a, 0x17, 0x17, 0x18, 0x87, 0x55, 0x18,
    0x17, 0x17, 0x26, 0x17, 0x17, 0x18, 0x0b, 0x17, 0x17, 0x17, 0x18, 0x20,
    0x10, 0x53, 0x0b, 0x0b, 0x0b, 0x18, 0x0b, 0x18, 0x0b, 0x0b, 0x0b, 0x17,
    0x18, 0x0b, 0x0b, 0x24, 0x3b, 0x1c, 0x0b, 0x18, 0x17, 0x17, 0x26, 0x17,
    0x26, 0x17, 0x17, 0x17, 0x17, 0x18, 0x0b, 0x0b, 0x0b, 0x18, 0x53, 0x16,
    0x39, 0x0b, 0x0b, 0x0b, 0x17, 0x18, 0x0b, 0x0b, 0x0b, 0x0b, 0x18, 0x0b,
    0x0b, 0x0b, 0x0b, 0x0b, 0x18, 0x0b, 0x0b, 0x18, 0x1c, 0x41, 0x14, 0x1c,
    0x0b, 0x0b, 0x0b, 0x17, 0x17, 0x17, 0x17, 0x26, 0x17, 0x17, 0x26, 0x17,
    0x18, 0x0b, 0x17, 0x17, 0x18, 0x17, 0x17, 0x17, 0x17, 0x18, 0x19, 0x1b,
    0x27, 0x21, 0x20, 0x17, 0x18, 0x0b, 0x0b, 0x17, 0x07, 0x07, 0x07, 0x07,
    0x07, 0x08, 0x01, 0x01, 0x01, 0x00, 0x00, 0x00, 0x00, 0x03, 0x01, 0x01,
    0x01, 0x00, 0x07, 0x07, 0x07, 0x07, 0x07, 0x07, 0x17, 0x17, 0x18, 0x17,
    0x0b, 0x20, 0x3e, 0x14, 0x1b, 0x19, 0x0b, 0x18, 0x17, 0x18, 0x18, 0x0b,
    0x0b, 0x18, 0x17, 0x17, 0x26, 0x17, 0x17, 0x17, 0x26, 0x17, 0x26, 0x17,
    0x17, 0x17, 0x18, 0x0b, 0x24, 0x14, 0x3b, 0x19, 0x0b, 0x0b, 0x17, 0x0b,
    0x0b, 0x0b, 0x17, 0x18, 0x18, 0x17, 0x17, 0x18, 0x0b, 0x0b, 0x17, 0x17,
    0x18, 0x0b, 0x0b, 0x13, 0x14, 0x24, 0x0b, 0x18, 0x17, 0x17, 0x18, 0x0b,
    0x0b, 0x18, 0x0b, 0x0b, 0x17, 0x18, 0x17, 0x17, 0x0b, 0x0b, 0x4f, 0x3b,
    0x24, 0x0b, 0x18, 0x17, 0x0b, 0x18, 0x0b, 0x0b, 0x0b, 0x18, 0x0b, 0x0b,
    0x0b, 0x0b, 0xb0, 0x3b, 0x20, 0x0b, 0x0b, 0x17, 0x18, 0x17, 0x26, 0x17,
    0x17, 0x17, 0x17, 0x17, 0x18, 0xb6, 0x6a, 0x0b, 0x17, 0x18, 0x0b, 0x37,
    0x64, 0xac, 0xab, 0xaf, 0x91, 0x8d, 0x8e, 0xae, 0x98, 0xb4, 0xb9, 0xa7,
    0xb3, 0xa7, 0xa7, 0xa7, 0xa7, 0xa7, 0xa7, 0xb3, 0xa7, 0xa7, 0xbe, 0x98,
    0xc0, 0xbd, 0x8d, 0x91, 0xa2, 0xab, 0x58, 0x64, 0x37, 0x0a, 0x17, 0x17,
    0x0b, 0x84, 0x55, 0x17, 0x17, 0x17, 0x17, 0x17, 0x17, 0x18, 0x18, 0x17,
    0x17, 0x17, 0x18, 0x20, 0x10, 0x53, 0x0b, 0x18, 0x0b, 0x0b, 0x0b, 0x0b,
    0x18, 0x0b, 0x0b, 0x18, 0x0b, 0x0b, 0x18, 0x44, 0x3b, 0x1c, 0x0b, 0x18,
    0x17, 0x17, 0x17, 0x17, 0x17, 0x26, 0x17, 0x17, 0x17, 0x18, 0x0b, 0x0b,
    0x18, 0x0b, 0x24, 0x16, 0x13, 0x0b, 0x18, 0x0b, 0x17, 0x0b, 0x18, 0x0b,
    0x0b, 0x18, 0x0b, 0x0b, 0x18, 0x18, 0x0b, 0x0b, 0x0b, 0x0b, 0x18, 0x0b,
    0x1c, 0x42, 0x14, 0x1c, 0x18, 0x0b, 0x18, 0x17, 0x17, 0x17, 0x18, 0x17,
    0x17, 0x17, 0x17, 0x17, 0x18, 0x0b, 0x0b, 0x17, 0x18, 0x17, 0x17, 0x26,
    0x17, 0x0b, 0x19, 0x1a, 0x27, 0x1d, 0x20, 0x17, 0x0b, 0x0b, 0x18, 0x17,
    0x07, 0x07, 0x07, 0x07, 0x07, 0x08, 0x01, 0x01, 0x01, 0x00, 0x00, 0x00,
    0x00, 0x03, 0x01, 0x01, 0x01, 0x00, 0x07, 0x07, 0x07, 0x07, 0x07, 0x07,
    0x17, 0x17, 0x18, 0x17, 0x0b, 0x29, 0x1b, 0x14, 0x1a, 0x20, 0x17, 0x0b,
    0x17, 0x0b, 0x0b, 0x0b, 0x17, 0x17, 0x17, 0x17, 0x17, 0x17, 0x17, 0x17,
    0x17, 0x17, 0x17, 0x26, 0x17, 0x18, 0x0b, 0x0b, 0x44, 0x14, 0x3f, 0x19,
    0x18, 0x18, 0x0b, 0x0b, 0x18, 0x17, 0x17, 0x0b, 0x0b, 0x17, 0x17, 0x0b,
    0x0b, 0x18, 0x17, 0x17, 0x18, 0x0b, 0x0b, 0x13, 0x14, 0x24, 0x0b, 0x17,
    0x17, 0x17, 0x18, 0x0b, 0x0b, 0x0b, 0x18, 0x0b, 0x17, 0x17, 0x17, 0x17,
    0x18, 0x0b, 0x4f, 0x3b, 0x24, 0x0b, 0x18, 0x17, 0x0b, 0x18, 0x0b, 0x0b,
    0x0b, 0x0b, 0x0b, 0x18, 0x0b, 0x0b, 0x53, 0x3b, 0x20, 0x0b, 0x18, 0x17,
    0x18, 0x17, 0x17, 0x26, 0x17, 0x17, 0x26, 0x17, 0x0b, 0x55, 0x7f, 0x0b,
    0x0b, 0x0b, 0x0b, 0x37, 0x64, 0x58, 0x5b, 0xa2, 0x91, 0x8d, 0x8e, 0xae,
    0x98, 0xb8, 0xa7, 0xa7, 0xb3, 0xa7, 0xa7, 0xb3, 0xb3, 0xa7, 0xa7, 0xa7,
    0xb3, 0xb9, 0x9d, 0x98, 0x93, 0x8a, 0x89, 0x8d, 0xa2, 0xbc, 0x58, 0x64,
    0x37, 0x0a, 0x17, 0x17, 0x18, 0x4f, 0x47, 0x18, 0x17, 0x17, 0x26, 0x17,
    0x17, 0x0b, 0x0b, 0x17, 0x17, 0x18, 0x0b, 0x20, 0x10, 0x53, 0x18, 0x0b,
    0x0b, 0x0b, 0x18, 0x0b, 0x0b, 0x18, 0x0b, 0x0b, 0x0b, 0x0b, 0x0b, 0x53,
    0x3b, 0x1c, 0x0b, 0x17, 0x17, 0x17, 0x26, 0x17, 0x17, 0x17, 0x26, 0x17,
    0x17, 0x18, 0x0b, 0x0b, 0x0b, 0x0b, 0x53, 0x16, 0x13, 0x0b, 0x0b, 0x18,
    0x17, 0x0b, 0x18, 0x0b, 0x0b, 0x18, 0x0b, 0x0b, 0x0b, 0x0b, 0x0b, 0x18,
    0x0b, 0x0b, 0x0b, 0x0b, 0x1c, 0x42, 0x22, 0x1c, 0x0b, 0x0b, 0x18, 0x17,
    0x17, 0x26, 0x17, 0x17, 0x17, 0x17, 0x17, 0x17, 0x18, 0x0b, 0x0b, 0x18,
    0x0b, 0x17, 0x17, 0x17, 0x17, 0x18, 0x20, 0x1a, 0x27, 0x2f, 0x20, 0x17,
    0x18, 0x0b, 0x0b, 0x17, 0x07, 0x07, 0x07, 0x07, 0x07, 0x08, 0x01, 0x01,
    0x01, 0x00, 0x00, 0x00, 0x00, 0x03, 0x01, 0x01, 0x01, 0x00, 0x07, 0x07,
    0x07, 0x07, 0x07, 0x07, 0x17, 0x17, 0x18, 0x17, 0x0b, 0x20, 0x3e, 0x14,
    0x1b, 0x2e, 0x17, 0x17, 0x17, 0x18, 0x0b, 0x0b, 0x18, 0x17, 0x17, 0x26,
    0x17, 0x17, 0x26, 0x17, 0x17, 0x17, 0x17, 0x17, 0x17, 0x18, 0x0b, 0x0b,
    0x1c, 0x14, 0x2a, 0x19, 0x0b, 0x17, 0x0b, 0x18, 0x0b, 0x0b, 0x18, 0x0b,
    0x0b, 0x17, 0x17, 0x18, 0x0b, 0x0b, 0x18, 0x17, 0x0b, 0x0b, 0x0b, 0x21,
    0x14, 0x24, 0x29, 0x17, 0x17, 0x17, 0x0b, 0x0b, 0x0b, 0x18, 0x0b, 0x0b,
    0x17, 0x18, 0x18, 0x0b, 0x0b, 0x18, 0x1c, 0x3b, 0x13, 0x0b, 0x0b, 0x17,
    0x0b, 0x0b, 0x18, 0x0b, 0x18, 0x0b, 0x0b, 0x18, 0x17, 0x0b, 0x4f, 0x3b,
    0x20, 0x0b, 0x0b, 0x17, 0x17, 0x17, 0x17, 0x17, 0x17, 0x17, 0x17, 0x17,
    0x18, 0x55, 0x10, 0x0b, 0x0b, 0x18, 0x0a, 0x37, 0x37, 0x58, 0x5b, 0xaf,
    0x91, 0x8d, 0x89, 0xbb, 0x98, 0x9b, 0xa6, 0xa7, 0xa7, 0xa7, 0xa7, 0xa7,
    0xa7, 0xb3, 0xa7, 0xa7, 0xa7, 0xc1, 0xb2, 0x93, 0xae, 0x89, 0x8d, 0x9a,
    0xaf, 0x5b, 0x58, 0x64, 0x37, 0x0a, 0x18, 0x17, 0x18, 0x84, 0xc2, 0x18,
    0x17, 0x17, 0x17, 0x17, 0x17, 0x18, 0x18, 0x17, 0x17, 0x18, 0x0b, 0x19,
    0x0f, 0x53, 0x0b, 0x18, 0x0b, 0x0b, 0x17, 0x0b, 0x0b, 0x0b, 0x0b, 0x18,
    0x0b, 0x18, 0x20, 0x13, 0x3f, 0x19, 0x18, 0x0b, 0x17, 0x17, 0x17, 0x26,
    0x17, 0x17, 0x17, 0x17, 0x17, 0x18, 0x17, 0x0b, 0x17, 0x18, 0x53, 0x4b,
    0x1d, 0x0b, 0x0b, 0x0b, 0x17, 0x0b, 0x0b, 0x0b, 0x0b, 0x0b, 0x0b, 0x18,
    0x0b, 0x0b, 0x0b, 0x18, 0x0b, 0x0b, 0x18, 0x0b, 0x1c, 0x42, 0x25, 0x1c,
    0x0b, 0x0b, 0x0b, 0x17, 0x17, 0x17, 0x17, 0x17, 0x26, 0x17, 0x17, 0x17,
    0x17, 0x18, 0x0b, 0x0b, 0x18, 0x17, 0x17, 0x17, 0x17, 0x18, 0x1c, 0x1b,
    0x14, 0x21, 0x20, 0x17, 0x18, 0x17, 0x0b, 0x17, 0x07, 0x07, 0x07, 0x07,
    0x07, 0x08, 0x01, 0x01, 0x01, 0x00, 0x00, 0x00, 0x00, 0x03, 0x01, 0x01,
    0x01, 0x00, 0x08, 0x07, 0x07, 0x07, 0x07, 0x07, 0x17, 0x17, 0x18, 0x17,
    0x0b, 0x20, 0x3e, 0x27, 0x2c, 0xc3, 0x18, 0x17, 0x17, 0x18, 0x0b, 0x0b,
    0x18, 0x17, 0x17, 0x17, 0x17, 0x17, 0x26, 0x17, 0x26, 0x26, 0x17, 0x17,
    0x17, 0x17, 0x18, 0x0b, 0x1c, 0x42, 0x2a, 0x1c, 0x0b, 0x0b, 0x0b, 0x0b,
    0x0b, 0x18, 0x0b, 0x18, 0x18, 0x17, 0x17, 0x18, 0x0b, 0x0b, 0x0b, 0x0b,
    0x18, 0x0b, 0x0b, 0x21, 0x14, 0x24, 0x20, 0x17, 0x18, 0x17, 0x18, 0x0b,
    0x0b, 0x18, 0x0b, 0x0b, 0x17, 0x18, 0x0b, 0x17, 0x0b, 0x0b, 0x1c, 0x3b,
    0x13, 0x0b, 0x0b, 0x17, 0x18, 0x0b, 0x0b, 0x0b, 0x18, 0x0b, 0x0b, 0x0b,
    0x17, 0x18, 0x1c, 0x3b, 0x19, 0x0b, 0x17, 0x17, 0x17, 0x18, 0x17, 0x17,
    0x26, 0x17, 0x17, 0x17, 0x18, 0x47, 0x46, 0x0b, 0x0b, 0x0b, 0x0a, 0x0a,
    0x37, 0x64, 0x78, 0xab, 0x91, 0x8d, 0x8e, 0x8a, 0x98, 0x98, 0xb8, 0xc1,
    0xa7, 0xa7, 0xb3, 0xa7, 0xa7, 0xa7, 0xb3, 0xa7, 0xb9, 0xb8, 0x98, 0x98,
    0xa4, 0x8e, 0x8d, 0xa2, 0xab, 0x5b, 0x58, 0x64, 0x0a, 0x0a, 0x18, 0x0b,
    0x0b, 0x38, 0x47, 0x17, 0x17, 0x17, 0x26, 0x17, 0x17, 0x18, 0x0b, 0x17,
    0x17, 0x18, 0x0b, 0x4f, 0x10, 0x1c, 0x0b, 0x18, 0x0b, 0x0b, 0x18, 0x0b,
    0x18, 0x0b, 0x0b, 0x17, 0x0b, 0x0b, 0x20, 0x13, 0x3b, 0x1c, 0x0b, 0x18,
    0x17, 0x17, 0x17, 0x17, 0x17, 0x17, 0x26, 0x17, 0x17, 0x18, 0x17, 0x0b,
    0x18, 0x0b, 0x13, 0x16, 0x1d, 0x0b, 0x18, 0x0b, 0x17, 0x18, 0x0b, 0x18,
    0x0b, 0x0b, 0x18, 0x0b, 0x0b, 0x18, 0x0b, 0x0b, 0x0b, 0x18, 0x0b, 0x0b,
    0x44, 0x14, 0x22, 0x1c, 0x18, 0x17, 0x18, 0x17, 0x17, 0x26, 0x18, 0x17,
    0x17, 0x26, 0x17, 0x17, 0x17, 0x18, 0x0b, 0x0b, 0x18, 0x17, 0x17, 0x26,
    0x17, 0x0b, 0x1c, 0x2a, 0x14, 0x21, 0x20, 0x17, 0x17, 0x17, 0x17, 0x26,
    0x07, 0x07, 0x07, 0x07, 0x07, 0x08, 0x01, 0x01, 0x01, 0x00, 0x00, 0x00,
    0x00, 0x03, 0x01, 0x01, 0x01, 0x00, 0x08, 0x07, 0x07, 0x07, 0x07, 0x07,
    0x17, 0x17, 0x18, 0x17, 0x0b, 0x20, 0x3e, 0x27, 0x2c, 0x1c, 0x18, 0x0b,
    0x0b, 0x18, 0x0b, 0x0b, 0x18, 0x17, 0x17, 0x17, 0x26, 0x17, 0x17, 0x17,
    0x17, 0x17, 0x17, 0x26, 0x17, 0x17, 0x17, 0x18, 0x1c, 0x41, 0x2a, 0x1c,
    0x0b, 0x18, 0x18, 0x0b, 0x0b, 0x17, 0x17, 0x0b, 0x0b, 0x17, 0x17, 0x18,
    0x0b, 0x0b, 0x18, 0x17, 0x17, 0x0b, 0x0b, 0x24, 0x14, 0x13, 0x20, 0x18,
    0x0b, 0x17, 0x18, 0x0b, 0x0b, 0x0b, 0x18, 0x0b, 0x0b, 0x0b, 0x17, 0x17,
    0x18, 0x0b, 0x20, 0x3b, 0x52, 0x0b, 0x18, 0x17, 0x0b, 0x18, 0x0b, 0x0b,
    0x0b, 0x0b, 0x18, 0x0b, 0x17, 0x17, 0x19, 0x38, 0x4f, 0x18, 0x18, 0x17,
    0x17, 0x17, 0x17, 0x17, 0x17, 0x26, 0x17, 0x17, 0x17, 0x0b, 0x46, 0x47,
    0x0b, 0x18, 0x0a, 0x37, 0x37, 0x64, 0x58, 0x79, 0xa2, 0x91, 0x8d, 0x8e,
    0xae, 0x93, 0x98, 0x9d, 0xa6, 0xa7, 0xb3, 0xa7, 0xa7, 0xa7, 0xa7, 0xc1,
    0xc4, 0x93, 0x98, 0xa4, 0x8e, 0x89, 0x91, 0xa2, 0xab, 0x78, 0x58, 0x64,
    0x0a, 0x0a, 0x0a, 0x0b, 0x0b, 0x10, 0x0b, 0x17, 0x18, 0x0b, 0x17, 0x17,
    0x18, 0x0b, 0x0b, 0x17, 0x17, 0x18, 0x0b, 0x53, 0x38, 0x19, 0x0b, 0x0b,
    0x0b, 0x18, 0x0b, 0x0b, 0x18, 0x0b, 0x0b, 0x18, 0x0b, 0x0b, 0x20, 0x38,
    0x3b, 0x1c, 0x0b, 0x17, 0x17, 0x26, 0x17, 0x17, 0x17, 0x26, 0x17, 0x17,
    0x17, 0x18, 0x17, 0x0b, 0x0b, 0x0b, 0x13, 0x11, 0x1d, 0x0b, 0x18, 0x0b,
    0x17, 0x18, 0x0b, 0x0b, 0x18, 0x0b, 0x0b, 0x0b, 0x0b, 0x18, 0x0b, 0x0b,
    0x18, 0x0b, 0x17, 0x20, 0x24, 0x14, 0x1a, 0x19, 0x0b, 0x0b, 0x18, 0x0b,
    0x17, 0x17, 0x17, 0x17, 0x17, 0x17, 0x26, 0x17, 0x18, 0x0b, 0x0b, 0x0b,
    0x17, 0x17, 0x17, 0x17, 0x18, 0x0b, 0x1c, 0x2a, 0x25, 0x1d, 0x20, 0x17,
    0x17, 0x17, 0x18, 0x17, 0x07, 0x07, 0x07, 0x07, 0x07, 0x08, 0x01, 0x01,
    0x01, 0x00, 0x00, 0x00, 0x00, 0x03, 0x01, 0x01, 0x01, 0x00, 0x08, 0x07,
    0x07, 0x07, 0x07, 0x07, 0x17, 0x17, 0x18, 0x17, 0x0b, 0x29, 0x21, 0x14,
    0x2c, 0x1c, 0x0b, 0x0b, 0x0b, 0x0b, 0x0b, 0x0b, 0x0b, 0x17, 0x17, 0x26,
    0x17, 0x17, 0x17, 0x17, 0x17, 0x17, 0x17, 0x17, 0x17, 0x17, 0x18, 0x0b,
    0x19, 0x3b, 0x22, 0x1c, 0x0b, 0x0b, 0x0b, 0x18, 0x0b, 0x17, 0x17, 0x18,
    0x0b, 0x17, 0x17, 0x18, 0x17, 0x17, 0x18, 0x17, 0x0b, 0x18, 0x0b, 0x24,
    0x14, 0x13, 0x20, 0x0b, 0x0b, 0x17, 0x0b, 0x18, 0x0b, 0x0b, 0x0b, 0x18,
    0x0b, 0x18, 0x17, 0x17, 0x18, 0x17, 0x20, 0x3b, 0x3b, 0x20, 0x0b, 0x17,
    0x0b, 0x0b, 0x18, 0x17, 0x0b, 0x18, 0x0b, 0x0b, 0x17, 0x17, 0x29, 0x10,
    0x53, 0x0b, 0x18, 0x0b, 0x17, 0x26, 0x17, 0x17, 0x17, 0x17, 0x17, 0x17,
    0x17, 0x18, 0x5d, 0x47, 0x18, 0x0b, 0x0a, 0x0a, 0x37, 0x64, 0x58, 0x79,
    0xaf, 0x91, 0x8d, 0x89, 0x8b, 0x93, 0x98, 0x94, 0x9b, 0x9f, 0xbe, 0xc1,
    0xa8, 0xbe, 0xc5, 0x9b, 0x98, 0x93, 0xae, 0xa4, 0x8e, 0x8d, 0x9a, 0xaf,
    0xab, 0x78, 0x58, 0x64, 0x0a, 0x0a, 0x0a, 0x0b, 0x47, 0xb6, 0x0b, 0x17,
    0x17, 0x18, 0x17, 0x17, 0x18, 0x0b, 0x17, 0x17, 0x17, 0x18, 0x0b, 0x53,
    0x76, 0x20, 0x0b, 0x18, 0x17, 0x0b, 0x0b, 0x0b, 0x0b, 0x0b, 0x18, 0x17,
    0x17, 0x17, 0x29, 0x52, 0x50, 0x19, 0x18, 0x0b, 0x17, 0x17, 0x26, 0x17,
    0x17, 0x17, 0x17, 0x17, 0x17, 0x18, 0x17, 0x0b, 0x17, 0x0b, 0x13, 0x4a,
    0x24, 0x0b, 0x0b, 0x0b, 0x17, 0x0b, 0x0b, 0x0b, 0x0b, 0x18, 0x0b, 0x0b,
    0x18, 0x0b, 0x0b, 0x0b, 0x17, 0x0b, 0x17, 0x29, 0x24, 0x14, 0x1b, 0x19,
    0x0b, 0x0b, 0x0b, 0x17, 0x17, 0x17, 0x17, 0x17, 0x17, 0x17, 0x17, 0x17,
    0x17, 0x18, 0x0b, 0x18, 0x17, 0x17, 0x17, 0x17, 0x18, 0x0b, 0x1c, 0x22,
    0x22, 0x24, 0x29, 0x17, 0x17, 0x18, 0x18, 0x17, 0x0a, 0x07, 0x07, 0x07,
    0x07, 0x08, 0x01, 0x01, 0x01, 0x01, 0x00, 0x00, 0x00, 0x03, 0x01, 0x01,
    0x01, 0x07, 0x08, 0x07, 0x07, 0x07, 0x07, 0x07, 0x17, 0x17, 0x17, 0x17,
    0x0b, 0x20, 0x24, 0x14, 0x22, 0x1c, 0x18, 0x0b, 0x18, 0x0b, 0x18, 0x0b,
    0x18, 0x17, 0x17, 0x17, 0x17, 0x17, 0x26, 0x17, 0x17, 0x26, 0x17, 0x17,
    0x26, 0x17, 0x17, 0x0b, 0x19, 0x1a, 0x14, 0x24, 0x0b, 0x0b, 0x0b, 0x0b,
    0x18, 0x0b, 0x17, 0x18, 0x0b, 0x17, 0x17, 0x0b, 0x17, 0x0b, 0x0b, 0x0b,
    0x17, 0x17, 0x18, 0x24, 0x16, 0x38, 0x20, 0x0b, 0x17, 0x17, 0x18, 0x0b,
    0x0b, 0x0b, 0x17, 0x17, 0x18, 0x0b, 0x0b, 0x17, 0x0b, 0x0b, 0x20, 0x3b,
    0x50, 0x20, 0x18, 0x17, 0x0b, 0x18, 0x0b, 0x0b, 0x0b, 0x0b, 0x18, 0x0b,
    0x18, 0x0b, 0x20, 0x38, 0x57, 0x20, 0x0b, 0x17, 0x17, 0x17, 0x26, 0x17,
    0x26, 0x17, 0x17, 0x26, 0x17, 0x0b, 0xc2, 0xb6, 0x0b, 0x0b, 0x07, 0x0a,
    0x37, 0x64, 0x64, 0x78, 0x70, 0x9a, 0x8d, 0x8e, 0x8a, 0x8b, 0x98, 0x98,
    0x94, 0x94, 0x94, 0x9b, 0xc6, 0x94, 0x94, 0xc7, 0x98, 0x98, 0x8a, 0x89,
    0x89, 0x91, 0xa2, 0x79, 0x79, 0x72, 0x64, 0x37, 0x0a, 0x0a, 0x07, 0x18,
    0x10, 0x55, 0x18, 0x17, 0x17, 0x18, 0x17, 0x17, 0x17, 0x17, 0x17, 0x17,
    0x17, 0x18, 0x0b, 0x13, 0x53, 0x0b, 0x18, 0x0b, 0x0b, 0x18, 0x0b, 0x18,
    0x0b, 0x17, 0x17, 0x17, 0x18, 0x17, 0x20, 0x3b, 0x38, 0x19, 0x0b, 0x17,
    0x17, 0x17, 0x17, 0x17, 0x26, 0x17, 0x17, 0x26, 0x18, 0x17, 0x17, 0x18,
    0x18, 0x20, 0x1a, 0x1e, 0x1c, 0x18, 0x0b, 0x18, 0x0b, 0x18, 0x0b, 0x17,
    0x17, 0x18, 0x0b, 0x0b, 0x0b, 0x0b, 0x18, 0x17, 0x17, 0x17, 0x17, 0x29,
    0x24, 0x14, 0x1a, 0x19, 0x18, 0x0b, 0x18, 0x18, 0x17, 0x17, 0x26, 0x26,
    0x17, 0x17, 0x17, 0x17, 0x18, 0x0b, 0x0b, 0x17, 0x17, 0x26, 0x17, 0x17,
    0x18, 0x20, 0x24, 0x22, 0x22, 0x24, 0x20, 0x17, 0x18, 0x0b, 0x0b, 0x17,
    0x07, 0x07, 0x07, 0x07, 0x07, 0x08, 0x01, 0x01, 0x01, 0x00, 0x00, 0x00,
    0x00, 0x03, 0x01, 0x01, 0x01, 0x08, 0x08, 0x07, 0x07, 0x07, 0x07, 0x07,
    0x17, 0x26, 0x18, 0x17, 0x18, 0x20, 0x24, 0x14, 0x22, 0x24, 0x20, 0x18,
    0x0b, 0x0b, 0x0b, 0x18, 0x17, 0x17, 0x17, 0x17, 0x26, 0x17, 0x17, 0x17,
    0x17, 0x26, 0x17, 0x17, 0x17, 0x17, 0x17, 0x18, 0x20, 0x1b, 0x14, 0x24,
    0x18, 0x18, 0x17, 0x0b, 0x0b, 0x18, 0x17, 0x0b, 0x18, 0x17, 0x17, 0x18,
    0x18, 0x0b, 0x0b, 0x17, 0x17, 0x17, 0x18, 0x1c, 0x50, 0x3b, 0x19, 0x0b,
    0x17, 0x17, 0x17, 0x18, 0x0b, 0x18, 0x17, 0x17, 0x0b, 0x0b, 0x18, 0x17,
    0x18, 0x0b, 0x20, 0x38, 0x0f, 0x19, 0x0b, 0x17, 0x17, 0x18, 0x0b, 0x0b,
    0x18, 0x0b, 0x0b, 0x0b, 0x18, 0x0b, 0x0b, 0x53, 0x0f, 0x20, 0x17, 0x18,
    0x17, 0x17, 0x17, 0x17, 0x17, 0x17, 0x26, 0x17, 0x17, 0x17, 0x18, 0x10,
    0x47, 0x0b, 0x07, 0x0a, 0x07, 0x37, 0x64, 0x78, 0x79, 0x70, 0x91, 0x8d,
    0x8e, 0x8a, 0x8a, 0x99, 0x93, 0x94, 0x94, 0xc7, 0x94, 0x94, 0xc7, 0x95,
    0x90, 0x92, 0x8b, 0x8e, 0x8d, 0x91, 0xa2, 0x79, 0x78, 0x58, 0x37, 0x0a,
    0x0a, 0x0a, 0x0a, 0x0d, 0x10, 0x0b, 0x0b, 0x17, 0x17, 0x17, 0x17, 0x17,
    0x18, 0x17, 0x17, 0x26, 0x18, 0x0b, 0x20, 0x38, 0x53, 0x0b, 0x18, 0x0b,
    0x0b, 0x0b, 0x0b, 0x17, 0x18, 0x0b, 0x17, 0x18, 0x0b, 0x17, 0x1c, 0x3b,
    0x38, 0x20, 0x0b, 0x17, 0x26, 0x17, 0x17, 0x17, 0x17, 0x17, 0x17, 0x17,
    0x0b, 0x17, 0x17, 0x0b, 0x0b, 0x20, 0x3b, 0x3f, 0x19, 0x0b, 0x17, 0x0b,
    0x18, 0x0b, 0x18, 0x17, 0x0b, 0x0b, 0x18, 0x0b, 0x0b, 0x18, 0x0b, 0x18,
    0x17, 0x17, 0x17, 0x29, 0x21, 0x14, 0x1b, 0x20, 0x0b, 0x0b, 0x0b, 0x17,
    0x17, 0x17, 0x17, 0x17, 0x17, 0x26, 0x17, 0x17, 0x18, 0x0b, 0x0b, 0x17,
    0x17, 0x17, 0x17, 0x18, 0x0b, 0x20, 0x24, 0x22, 0x22, 0x24, 0x20, 0x17,
    0x18, 0x0b, 0x0b, 0x17, 0x07, 0x07, 0x07, 0x07, 0x07, 0x08, 0x01, 0x01,
    0x01, 0x00, 0x00, 0x00, 0x00, 0x00, 0x00, 0x01, 0x01, 0x07, 0x07, 0x07,
    0x07, 0x07, 0x07, 0x07, 0x17, 0x17, 0x18, 0x17, 0x0b, 0x18, 0x24, 0x14,
    0x22, 0x24, 0x20, 0x0b, 0x0b, 0x0b, 0x0b, 0x0b, 0x18, 0x17, 0x17, 0x26,
    0x17, 0x17, 0x17, 0x26, 0x17, 0x17, 0x17, 0x17, 0x26, 0x17, 0x17, 0x18,
    0x20, 0x3e, 0x14, 0x21, 0x0b, 0x0b, 0x0b, 0x18, 0x0b, 0x17, 0x17, 0x0b,
    0x18, 0x17, 0x17, 0x18, 0x0b, 0x0b, 0x18, 0x18, 0x17, 0x17, 0x18, 0x19,
    0x0f, 0x50, 0x19, 0x18, 0x17, 0x17, 0x17, 0x0b, 0x18, 0x0b, 0x17, 0x17,
    0x18, 0x0b, 0x17, 0x17, 0x18, 0x0b, 0x0b, 0x13, 0x50, 0x24, 0x18, 0x17,
    0x0b, 0x0b, 0x0b, 0x18, 0x0b, 0x0b, 0x0b, 0x0b, 0x17, 0x17, 0x18, 0x1c,
    0x0f, 0x4f, 0x17, 0x17, 0x17, 0x26, 0x17, 0x17, 0x17, 0x17, 0x17, 0x18,
    0x17, 0x17, 0x0b, 0xb6, 0x55, 0x18, 0x0b, 0x0a, 0x0a, 0x37, 0x64, 0x78,
    0x78, 0x79, 0x70, 0x7c, 0x8d, 0x8e, 0x89, 0x8a, 0x8b, 0x90, 0x8f, 0x90,
    0x90, 0x90, 0x90, 0x90, 0x90, 0x8b, 0x8e, 0x8d, 0x91, 0x70, 0xc8, 0x78,
    0x72, 0x64, 0x37, 0x07, 0x07, 0x0a, 0x0b, 0x55, 0x84, 0x0b, 0x18, 0x17,
    0x18, 0x17, 0x17, 0x18, 0x18, 0x0b, 0x17, 0x17, 0x17, 0x0b, 0x1c, 0x3b,
    0x4f, 0x0b, 0x0b, 0x0b, 0x18, 0x0b, 0x0b, 0x17, 0x18, 0x0b, 0x17, 0x18,
    0x0b, 0x17, 0x24, 0x3b, 0x53, 0x0b, 0x18, 0x17, 0x17, 0x17, 0x26, 0x17,
    0x17, 0x26, 0x17, 0x17, 0x18, 0x17, 0x17, 0x18, 0x0b, 0x19, 0x3b, 0x3b,
    0x19, 0x0b, 0x18, 0x0b, 0x0b, 0x0b, 0x0b, 0x18, 0x0b, 0x0b, 0x0b, 0x18,
    0x0b, 0x0b, 0x0b, 0x0b, 0x17, 0x17, 0x17, 0x20, 0x1a, 0x14, 0x1b, 0x20,
    0x18, 0x0b, 0x0b, 0x17, 0x17, 0x26, 0x17, 0x17, 0x17, 0x17, 0x26, 0x17,
    0x17, 0x18, 0x18, 0x17, 0x17, 0x17, 0x17, 0x18, 0x0b, 0x20, 0x44, 0x25,
    0x22, 0x24, 0x29, 0x17, 0x0b, 0x18, 0x17, 0x17, 0x07, 0x07, 0x07, 0x07,
    0x07, 0x09, 0x01, 0x01, 0x01, 0x00, 0x00, 0x00, 0x00, 0x00, 0x00, 0x01,
    0x01, 0x08, 0x08, 0x08, 0x07, 0x07, 0x07, 0x07, 0x17, 0x17, 0x0b, 0x17,
    0x0b, 0x0b, 0x24, 0x14, 0x22, 0x24, 0x20, 0x18, 0x0b, 0x18, 0x0b, 0x0b,
    0x18, 0x17, 0x17, 0x17, 0x17, 0x17, 0x17, 0x17, 0x17, 0x17, 0x26, 0x17,
    0x17, 0x17, 0x17, 0x18, 0x20, 0x1d, 0x14, 0x39, 0x20, 0x0b, 0x0b, 0x0b,
    0x18, 0x17, 0x17, 0x0b, 0x0b, 0x17, 0x17, 0x0b, 0x0b, 0x17, 0x17, 0x17,
    0x17, 0x17, 0x17, 0x20, 0x3b, 0x16, 0x19, 0x0b, 0x18, 0x18, 0x0b, 0x0b,
    0x0b, 0x0b, 0x17, 0x17, 0x17, 0x17, 0x17, 0x17, 0x0b, 0x0b, 0x0b, 0x1c,
    0x0f, 0x13, 0x0b, 0x17, 0x18, 0x0b, 0x0b, 0x0b, 0x0b, 0x18, 0x18, 0x17,
    0x17, 0x17, 0x0b, 0x40, 0x38, 0x5d, 0x18, 0x17, 0x17, 0x18, 0x18, 0x17,
    0x26, 0x17, 0x17, 0x17, 0x17, 0x17, 0x18, 0x47, 0x10, 0x0b, 0x0b, 0x0a,
    0x0a, 0x37, 0x37, 0x58, 0x78, 0x79, 0x79, 0x7a, 0x7b, 0x7b, 0x89, 0x89,
    0x8a, 0x92, 0x8b, 0x8b, 0x92, 0x90, 0x8f, 0x8b, 0x8b, 0x89, 0x8d, 0x7b,
    0x7a, 0x70, 0x79, 0x78, 0x58, 0x64, 0x37, 0x0a, 0x0a, 0x0a, 0x18, 0x32,
    0x47, 0x18, 0x0b, 0x17, 0x17, 0x17, 0x17, 0x17, 0x17, 0x18, 0x0b, 0x0b,
    0x18, 0x0b, 0x5d, 0x38, 0x29, 0x0b, 0x17, 0x18, 0x0b, 0x0b, 0x18, 0x17,
    0x0b, 0x0b, 0x0b, 0x17, 0x18, 0x0b, 0x13, 0x3b, 0x1c, 0x0b, 0x17, 0x17,
    0x17, 0x17, 0x17, 0x26, 0x17, 0x17, 0x17, 0x17, 0x18, 0x17, 0x17, 0x18,
    0x0b, 0x1c, 0x42, 0x39, 0x0b, 0x0b, 0x18, 0x0b, 0x0b, 0x0b, 0x0b, 0x0b,
    0x18, 0x0b, 0x0b, 0x0b, 0x0b, 0x0b, 0x18, 0x17, 0x17, 0x26, 0x17, 0x20,
    0x1a, 0x14, 0x39, 0x20, 0x18, 0x0b, 0x18, 0x17, 0x17, 0x17, 0x26, 0x17,
    0x17, 0x17, 0x17, 0x17, 0x17, 0x0b, 0x0b, 0x17, 0x26, 0x17, 0x17, 0x17,
    0x18, 0x20, 0x21, 0x14, 0x2c, 0x1c, 0x18, 0x0b, 0x0b, 0x0b, 0x18, 0x17,
    0x07, 0x07, 0x07, 0x07, 0x0a, 0x09, 0x01, 0x01, 0x01, 0x00, 0x00, 0x00,
    0x00, 0x00, 0x03, 0x00, 0x01, 0x00, 0x0a, 0x07, 0x07, 0x07, 0x07, 0x07,
    0x17, 0x17, 0x18, 0x18, 0x0b, 0x0b, 0x63, 0x42, 0x25, 0x21, 0x20, 0x0b,
    0x18, 0x0b, 0x0b, 0x0b, 0x0b, 0x17, 0x17, 0x17, 0x26, 0x17, 0x17, 0x26,
    0x17, 0x17, 0x17, 0x17, 0x17, 0x17, 0x17, 0x18, 0x0b, 0x21, 0x14, 0x1a,
    0x20, 0x0b, 0x18, 0x0b, 0x0b, 0x17, 0x17, 0x18, 0x18, 0x17, 0x17, 0x18,
    0x0b, 0x18, 0x0b, 0x18, 0x17, 0x17, 0x17, 0x20, 0x13, 0x16, 0x24, 0x0b,
    0x0b, 0x0b, 0x18, 0x17, 0x18, 0x18, 0x17, 0x17, 0x18, 0x17, 0x17, 0x17,
    0x18, 0x18, 0x0b, 0x19, 0x3b, 0x38, 0x20, 0x0b, 0x18, 0x0b, 0x0b, 0x18,
    0x0b, 0x0b, 0x0b, 0x18, 0x17, 0x17, 0x0b, 0x0b, 0x53, 0x10, 0x20, 0x17,
    0x17, 0x0b, 0x0b, 0x17, 0x17, 0x17, 0x18, 0x18, 0x17, 0x17, 0x17, 0x18,
    0xb6, 0x60, 0x0b, 0x18, 0x0a, 0x0a, 0x37, 0x58, 0x58, 0x78, 0x79, 0x70,
    0x7c, 0x7b, 0x7b, 0x80, 0x8e, 0x8a, 0x8a, 0x8a, 0x8a, 0x8a, 0x8a, 0x85,
    0x80, 0x7b, 0x7c, 0x7a, 0x70, 0x79, 0x78, 0x58, 0x64, 0x64, 0x0a, 0x0a,
    0x0a, 0x0a, 0x8c, 0x84, 0x0b, 0x17, 0x0b, 0x17, 0x17, 0x17, 0x17, 0x17,
    0x17, 0x17, 0x18, 0x17, 0x0b, 0x18, 0x10, 0x5d, 0x0b, 0x0b, 0x18, 0x0b,
    0x0b, 0x0b, 0x18, 0x0b, 0x0b, 0x18, 0x17, 0x17, 0x0b, 0x20, 0x3b, 0x3b,
    0x20, 0x17, 0x18, 0x18, 0x17, 0x17, 0x17, 0x17, 0x17, 0x17, 0x26, 0x17,
    0x0b, 0x17, 0x0b, 0x0b, 0x0b, 0x24, 0x11, 0x13, 0x0b, 0x0b, 0x0b, 0x0b,
    0x17, 0x18, 0x0b, 0x0b, 0x0b, 0x18, 0x0b, 0x0b, 0x18, 0x0b, 0x0b, 0x17,
    0x17, 0x17, 0x18, 0x19, 0x1a, 0x14, 0x53, 0x0b, 0x0b, 0x0b, 0x18, 0x17,
    0x17, 0x17, 0x17, 0x26, 0x17, 0x17, 0x26, 0x17, 0x17, 0x18, 0x0b, 0x17,
    0x17, 0x17, 0x17, 0x17, 0x17, 0x20, 0x1a, 0x14, 0x1a, 0x19, 0x0b, 0x17,
    0x0b, 0x17, 0x18, 0x17, 0x07, 0x07, 0x07, 0x07, 0x0a, 0x0a, 0x01, 0x01,
    0x01, 0x01, 0x00, 0x00, 0x00, 0x00, 0x00, 0x01, 0x01, 0x00, 0x08, 0x07,
    0x07, 0x07, 0x07, 0x07, 0x17, 0x17, 0x18, 0x0b, 0x17, 0x0b, 0x19, 0x1a,
    0x22, 0x21, 0x20, 0x0b, 0x0b, 0x0b, 0x17, 0x18, 0x18, 0x17, 0x17, 0x26,
    0x17, 0x17, 0x17, 0x26, 0x17, 0x17, 0x26, 0x17, 0x26, 0x17, 0x17, 0x0b,
    0x0b, 0x24, 0x14, 0x1a, 0x19, 0x17, 0x18, 0x0b, 0x0b, 0x17, 0x17, 0x18,
    0x0b, 0x17, 0x17, 0x18, 0x0b, 0x0b, 0x18, 0x0b, 0x17, 0x17, 0x17, 0x18,
    0x24, 0x14, 0x24, 0x0b, 0x18, 0x0b, 0x0b, 0x0b, 0x0b, 0x17, 0x17, 0x17,
    0x18, 0x17, 0x17, 0x17, 0x18, 0x0b, 0x0b, 0x20, 0x13, 0x3f, 0x19, 0x0b,
    0x17, 0x0b, 0x18, 0x0b, 0x0b, 0x0b, 0x0b, 0x0b, 0x17, 0x17, 0x18, 0x0b,
    0x4f, 0x10, 0x4f, 0x17, 0x17, 0x17, 0x17, 0x17, 0x17, 0x17, 0x17, 0x18,
    0x17, 0x17, 0x18, 0x0b, 0x0d, 0x54, 0xc9, 0x0b, 0x0a, 0x0a, 0x37, 0x64,
    0x58, 0x78, 0x78, 0x79, 0x70, 0x7a, 0x7b, 0x7b, 0x7b, 0x80, 0x80, 0x80,
    0x80, 0x80, 0x80, 0x80, 0x7b, 0x7c, 0x7c, 0x79, 0x79, 0x72, 0x58, 0x64,
    0x64, 0x37, 0x0a, 0x07, 0x18, 0x0d, 0x54, 0x47, 0x18, 0x0b, 0x18, 0x18,
    0x17, 0x26, 0x17, 0x17, 0x17, 0x17, 0x18, 0x0b, 0x0b, 0x4f, 0x0f, 0x4f,
    0x0b, 0x0b, 0x0b, 0x0b, 0x0b, 0x18, 0x0b, 0x0b, 0x18, 0x0b, 0x17, 0x18,
    0x0b, 0x19, 0x3b, 0x3f, 0x20, 0x17, 0x0b, 0x18, 0x17, 0x17, 0x26, 0x17,
    0x17, 0x26, 0x17, 0x17, 0x18, 0x18, 0x0b, 0x18, 0x0b, 0x13, 0x11, 0x53,
    0x0b, 0x18, 0x0b, 0x17, 0x17, 0x18, 0x18, 0x0b, 0x0b, 0x0b, 0x18, 0x0b,
    0x0b, 0x18, 0x0b, 0x17, 0x17, 0x17, 0x18, 0x19, 0x1b, 0x14, 0x24, 0x18,
    0x0b, 0x0b, 0x0b, 0x17, 0x17, 0x26, 0x17, 0x17, 0x17, 0x17, 0x17, 0x17,
    0x17, 0x18, 0x17, 0x17, 0x18, 0x17, 0x18, 0x18, 0x0b, 0x20, 0x1a, 0x27,
    0x1b, 0x20, 0x18, 0x17, 0x18, 0x0b, 0x17, 0x17, 0x07, 0x07, 0x07, 0x07,
    0x0a, 0x0a, 0x01, 0x01, 0x01, 0x01, 0x00, 0x00, 0x00, 0x00, 0x00, 0x01,
    0x01, 0x01, 0x07, 0x07, 0x07, 0x07, 0x07, 0x07, 0x17, 0x17, 0x18, 0x0b,
    0x17, 0x18, 0x20, 0x1b, 0x27, 0x1b, 0x20, 0x17, 0x18, 0x0b, 0x17, 0x18,
    0x0b, 0x17, 0x17, 0x17, 0x17, 0x17, 0x17, 0x17, 0x17, 0x17, 0x17, 0x17,
    0x17, 0x26, 0x17, 0x18, 0x0b, 0x1c, 0x42, 0x14, 0x1c, 0x0b, 0x0b, 0x18,
    0x0b, 0x17, 0x17, 0x0b, 0x0b, 0x17, 0x17, 0x0b, 0x17, 0x0b, 0x0b, 0x0b,
    0x18, 0x17, 0x17, 0x18, 0x1c, 0x14, 0x13, 0x20, 0x0b, 0x18, 0x0b, 0x0b,
    0x17, 0x17, 0x17, 0x17, 0x17, 0x26, 0x17, 0x17, 0x18, 0x0b, 0x0b, 0x0b,
    0x13, 0x3b, 0x1c, 0x0b, 0x0b, 0x18, 0x0b, 0x0b, 0x18, 0x0b, 0x18, 0x18,
    0x0b, 0x17, 0x17, 0x18, 0x20, 0x38, 0x76, 0x0b, 0x18, 0x17, 0x26, 0x17,
    0x26, 0x17, 0x17, 0x17, 0x17, 0x18, 0x0b, 0x0b, 0x0b, 0x6a, 0x60, 0x0b,
    0x0a, 0x0a, 0x37, 0x64, 0x64, 0x58, 0xca, 0x78, 0x79, 0x6f, 0x7a, 0x7a,
    0x7c, 0x7b, 0x7b, 0x7b, 0x7b, 0x7b, 0x7b, 0x7b, 0x7a, 0x97, 0x79, 0x79,
    0x73, 0x58, 0x64, 0x64, 0x37, 0x37, 0x07, 0x0a, 0x0b, 0x31, 0x55, 0x18,
    0x0b, 0x0b, 0x17, 0x17, 0x17, 0x17, 0x26, 0x17, 0x17, 0x18, 0x0b, 0x0b,
    0x20, 0x38, 0x38, 0x20, 0x0b, 0x18, 0x0b, 0x0b, 0x18, 0x0b, 0x0b, 0x0b,
    0x17, 0x0b, 0x17, 0x18, 0x0b, 0x48, 0x3b, 0x53, 0x20, 0x18, 0x17, 0x0b,
    0x17, 0x17, 0x17, 0x17, 0x17, 0x17, 0x17, 0x17, 0x18, 0x0b, 0x0b, 0x0b,
    0x20, 0x3b, 0x50, 0x1c, 0x0b, 0x0b, 0x18, 0x17, 0x17, 0x0b, 0x0b, 0x0b,
    0x18, 0x0b, 0x0b, 0x0b, 0x0b, 0x18, 0x18, 0x17, 0x17, 0x18, 0x0b, 0x1c,
    0x14, 0x1a, 0x1c, 0x0b, 0x17, 0x18, 0x18, 0x17, 0x17, 0x17, 0x17, 0x17,
    0x26, 0x17, 0x17, 0x26, 0x18, 0x0b, 0x0b, 0x17, 0x17, 0x17, 0x17, 0x18,
    0x0b, 0x20, 0x1a, 0x14, 0x1b, 0x20, 0x0b, 0x18, 0x17, 0x0b, 0x18, 0x17,
    0x07, 0x07, 0x07, 0x07, 0x0a, 0x08, 0x01, 0x00, 0x01, 0x00, 0x00, 0x00,
    0x00, 0x00, 0x00, 0x00, 0x01, 0x03, 0x07, 0x07, 0x07, 0x07, 0x07, 0x07,
    0x17, 0x17, 0x17, 0x18, 0x17, 0x17, 0x20, 0x3e, 0x27, 0x1b, 0x20, 0x17,
    0x17, 0x18, 0x0b, 0x0b, 0x0b, 0x17, 0x17, 0x26, 0x17, 0x17, 0x26, 0x17,
    0x17, 0x26, 0x17, 0x17, 0x18, 0x0b, 0x0b, 0x18, 0x0b, 0x19, 0x3b, 0x14,
    0x24, 0x0b, 0x0b, 0x0b, 0x18, 0x17, 0x18, 0x18, 0x0b, 0x17, 0x17, 0x18,
    0x18, 0x0b, 0x0b, 0x17, 0x18, 0x17, 0x17, 0x0b, 0x19, 0x3b, 0x3b, 0x20,
    0x0b, 0x0b, 0x18, 0x0b, 0x17, 0x26, 0x17, 0x17, 0x17, 0x17, 0x17, 0x17,
    0x18, 0x0b, 0x17, 0x17, 0x1c, 0x0f, 0x13, 0x20, 0x0b, 0x0b, 0x0b, 0x0b,
    0x0b, 0x0b, 0x0b, 0x0b, 0x17, 0x17, 0x17, 0x17, 0x0b, 0x53, 0x0f, 0x19,
    0x0b, 0x17, 0x17, 0x17, 0x17, 0x17, 0x17, 0x17, 0x17, 0x17, 0x17, 0x18,
    0x0b, 0x0b, 0x32, 0x60, 0x18, 0x0a, 0x0a, 0x37, 0x64, 0x64, 0x64, 0x6c,
    0x6d, 0x6d, 0x79, 0x70, 0x70, 0x7a, 0x7a, 0x7a, 0xcb, 0x7c, 0xcc, 0x7a,
    0x70, 0x79, 0x78, 0x78, 0x58, 0x6b, 0x64, 0x5f, 0x37, 0x37, 0x07, 0x18,
    0x55, 0x60, 0x18, 0x0b, 0x0a, 0x17, 0x17, 0x17, 0x17, 0x17, 0x17, 0x17,
    0x17, 0x18, 0x0b, 0x17, 0x40, 0x10, 0x4f, 0x0b, 0x0b, 0x18, 0x0b, 0x0b,
    0x18, 0x0b, 0x0b, 0x18, 0x0b, 0x0b, 0x18, 0x0b, 0x0b, 0x13, 0x3b, 0x19,
    0x0b, 0x0b, 0x18, 0x0b, 0x17, 0x17, 0x26, 0x17, 0x17, 0x26, 0x17, 0x17,
    0x17, 0x17, 0x0b, 0x0b, 0x19, 0x3b, 0x3b, 0x20, 0x0b, 0x0b, 0x18, 0x0b,
    0x17, 0x18, 0x0b, 0x0b, 0x0b, 0x18, 0x0b, 0x0b, 0x0b, 0x0b, 0x0b, 0x17,
    0x17, 0x18, 0x0b, 0x21, 0x14, 0x1b, 0x20, 0x0b, 0x18, 0x0b, 0x0b, 0x17,
    0x17, 0x26, 0x17, 0x17, 0x17, 0x17, 0x17, 0x17, 0x17, 0x18, 0x0b, 0x17,
    0x17, 0x17, 0x17, 0x18, 0x0b, 0x1c, 0x1a, 0x14, 0x3e, 0x20, 0x17, 0x17,
    0x17, 0x0b, 0x18, 0x07, 0x0a, 0x07, 0x07, 0x07, 0x0a, 0x08, 0x01, 0x00,
    0x04, 0x00, 0x00, 0x00, 0x00, 0x00, 0x00, 0x01, 0x01, 0x01, 0x01, 0x08,
    0x07, 0x07, 0x07, 0x07, 0x17, 0x17, 0x18, 0x0b, 0x0b, 0x0b, 0x20, 0x21,
    0x27, 0x2a, 0x1c, 0x18, 0x0b, 0x0b, 0x17, 0x18, 0x18, 0x17, 0x17, 0x17,
    0x17, 0x26, 0x17, 0x17, 0x17, 0x26, 0x17, 0x17, 0x17, 0x18, 0x0b, 0x17,
    0x0b, 0x20, 0x1a, 0x14, 0x1d, 0x20, 0x18, 0x0b, 0x0b, 0x0b, 0x0b, 0x18,
    0x0b, 0x17, 0x17, 0x18, 0x0b, 0x0b, 0x18, 0x0b, 0x0b, 0x17, 0x17, 0x17,
    0x20, 0x1a, 0x3f, 0x1c, 0x0b, 0x0b, 0x0b, 0x18, 0x17, 0x17, 0x26, 0x17,
    0x17, 0x26, 0x17, 0x17, 0x18, 0x0b, 0x17, 0x18, 0x20, 0x50, 0x3b, 0x19,
    0x0b, 0x18, 0x0b, 0x18, 0x0b, 0x0b, 0x18, 0x0b, 0x17, 0x18, 0x17, 0x17,
    0x18, 0x20, 0x0f, 0x38, 0x0b, 0x18, 0x18, 0x0b, 0x18, 0x17, 0x26, 0x17,
    0x17, 0x18, 0x17, 0x17, 0x18, 0x0b, 0x0d, 0x62, 0x43, 0x0a, 0x0a, 0x0a,
    0x37, 0x64, 0xcd, 0x6b, 0x6b, 0x00, 0xce, 0x66, 0x66, 0x66, 0xcf, 0xcf,
    0xd0, 0xd0, 0xd0, 0x66, 0x6d, 0x6d, 0xd1, 0x64, 0x5f, 0x51, 0x5f, 0x37,
    0x37, 0x0a, 0x0a, 0x60, 0x54, 0xd2, 0x0a, 0x0a, 0x0a, 0x17, 0x17, 0x26,
    0x17, 0x17, 0x26, 0x17, 0x17, 0x17, 0x18, 0x0b, 0x5d, 0x10, 0x19, 0x0b,
    0x0b, 0x17, 0x0b, 0x0b, 0x0b, 0x0b, 0x0b, 0x18, 0x0b, 0x0b, 0x0b, 0x0b,
    0x19, 0x3b, 0x3b, 0x20, 0x0b, 0x0b, 0x0b, 0x18, 0x17, 0x17, 0x17, 0x26,
    0x17, 0x17, 0x17, 0x17, 0x17, 0x18, 0x18, 0x0b, 0x1c, 0x42, 0x13, 0x20,
    0x17, 0x18, 0x0b, 0x0b, 0x17, 0x18, 0x0b, 0x0b, 0x0b, 0x0b, 0x18, 0x0b,
    0x18, 0x0b, 0x0b, 0x17, 0x17, 0x18, 0x20, 0x1d, 0x14, 0x1a, 0x20, 0x0b,
    0x0b, 0x0b, 0x18, 0x17, 0x17, 0x17, 0x26, 0x17, 0x17, 0x26, 0x17, 0x17,
    0x17, 0x18, 0x17, 0x17, 0x18, 0x17, 0x17, 0x18, 0x0b, 0x1c, 0x2c, 0x14,
    0x24, 0x20, 0x17, 0x17, 0x18, 0x0b, 0x0b, 0x0a, 0x0a, 0x07, 0x07, 0x07,
    0x0a, 0x08, 0x01, 0x01, 0x04, 0x04, 0x00, 0x00, 0x00, 0x00, 0x00, 0x00,
    0x00, 0x00, 0x00, 0x0a, 0x07, 0x07, 0x07, 0x07, 0x17, 0x17, 0x18, 0x0b,
    0x0b, 0x18, 0x20, 0x24, 0x22, 0x2c, 0x24, 0x18, 0x17, 0x0b, 0x17, 0x0b,
    0x0b, 0x17, 0x17, 0x17, 0x17, 0x17, 0x17, 0x17, 0x17, 0x17, 0x17, 0x17,
    0x17, 0x17, 0x18, 0x17, 0x0b, 0x0b, 0x13, 0x14, 0x1b, 0x20, 0x18, 0x0b,
    0x0b, 0x18, 0x0b, 0x0b, 0x18, 0x0b, 0x18, 0x0b, 0x17, 0x17, 0x18, 0x0b,
    0x18, 0x18, 0x18, 0x0b, 0x20, 0x13, 0x16, 0x13, 0x0b, 0x0b, 0x17, 0x18,
    0x17, 0x17, 0x17, 0x17, 0x17, 0x17, 0x17, 0x17, 0x18, 0x17, 0x17, 0x18,
    0x0b, 0x53, 0x0f, 0x24, 0x0b, 0x18, 0x0b, 0x0b, 0x18, 0x0b, 0x0b, 0x18,
    0x17, 0x18, 0x18, 0x17, 0x0b, 0x0b, 0x4f, 0x10, 0x4f, 0x0b, 0x0b, 0x18,
    0x17, 0x17, 0x17, 0x17, 0x17, 0x17, 0x17, 0x17, 0x17, 0x18, 0x17, 0x0d,
    0x54, 0x43, 0x0a, 0x07, 0x0a, 0x09, 0x00, 0x02, 0x06, 0x02, 0x05, 0x05,
    0x05, 0x05, 0x00, 0x00, 0x67, 0x66, 0x67, 0x68, 0x05, 0x00, 0x00, 0x00,
    0x06, 0x08, 0x08, 0x08, 0x0a, 0x0a, 0xd3, 0x54, 0x0d, 0x0a, 0x0a, 0x51,
    0x07, 0x17, 0x17, 0x17, 0x17, 0x17, 0x18, 0x18, 0x0b, 0x17, 0x18, 0x4f,
    0x0f, 0x4f, 0x0b, 0x0b, 0x17, 0x17, 0x17, 0x18, 0x18, 0x0b, 0x0b, 0x0b,
    0x17, 0x17, 0x17, 0x18, 0x13, 0x50, 0x53, 0x0b, 0x18, 0x0b, 0x0b, 0x18,
    0x17, 0x17, 0x17, 0x17, 0x17, 0x17, 0x26, 0x17, 0x17, 0x18, 0x0b, 0x0b,
    0x13, 0x14, 0x24, 0x0b, 0x17, 0x17, 0x17, 0x17, 0x17, 0x18, 0x0b, 0x18,
    0x0b, 0x0b, 0x0b, 0x0b, 0x18, 0x17, 0x17, 0x17, 0x17, 0x18, 0x20, 0x1a,
    0x14, 0x21, 0x0b, 0x0b, 0x18, 0x0b, 0x0b, 0x17, 0x17, 0x17, 0x17, 0x17,
    0x17, 0x26, 0x17, 0x18, 0x0b, 0x0b, 0x17, 0x17, 0x18, 0x18, 0x0b, 0x0b,
    0x20, 0x24, 0x22, 0x14, 0x24, 0x29, 0x17, 0x17, 0x17, 0x18, 0x0b, 0x0a,
    0x0a, 0x07, 0x07, 0x07, 0x0a, 0x08, 0x00, 0x01, 0x04, 0x00, 0x00, 0x00,
    0x00, 0x00, 0x00, 0x00, 0x01, 0x00, 0x00, 0x08, 0x07, 0x07, 0x07, 0x07,
    0x17, 0x17, 0x18, 0x0b, 0x0b, 0x18, 0x20, 0x24, 0x22, 0x22, 0x24, 0x20,
    0x17, 0x18, 0x17, 0x0b, 0x17, 0x17, 0x26, 0x26, 0x17, 0x17, 0x26, 0x17,
    0x17, 0x26, 0x17, 0x17, 0x17, 0x18, 0x0b, 0x17, 0x18, 0x0b, 0x24, 0x14,
    0x1a, 0x19, 0x0b, 0x0b, 0x18, 0x0b, 0x17, 0x17, 0x0b, 0x0b, 0x0b, 0x0b,
    0x17, 0x18, 0x0b, 0x0b, 0x0b, 0x0b, 0x0b, 0x18, 0x0b, 0x24, 0x14, 0x1a,
    0x20, 0x0b, 0x17, 0x17, 0x17, 0x17, 0x17, 0x26, 0x17, 0x17, 0x17, 0x17,
    0x17, 0x17, 0x17, 0x0b, 0x0b, 0x1c, 0x3b, 0x38, 0x20, 0x17, 0x0b, 0x0b,
    0x0b, 0x0b, 0x0b, 0x0b, 0x17, 0x0b, 0x0b, 0x18, 0x17, 0x0b, 0x20, 0x38,
    0x38, 0x19, 0x0b, 0x0b, 0x17, 0x17, 0x17, 0x26, 0x17, 0x17, 0x28, 0x07,
    0x07, 0x07, 0x0a, 0x0a, 0x43, 0x61, 0x4d, 0x0a, 0x0a, 0x04, 0x00, 0x00,
    0x02, 0x06, 0x02, 0x06, 0x02, 0x02, 0x05, 0x02, 0x05, 0x02, 0x06, 0x06,
    0x03, 0x03, 0x04, 0x00, 0x00, 0x00, 0x07, 0x07, 0x0a, 0x4d, 0x5a, 0xc9,
    0x07, 0x0a, 0x07, 0x07, 0x07, 0x17, 0x17, 0x26, 0x17, 0x17, 0x18, 0x0b,
    0x0b, 0x18, 0x19, 0x38, 0x52, 0x20, 0x18, 0x18, 0x0b, 0x18, 0x18, 0x0b,
    0x0b, 0x0b, 0x17, 0x18, 0x17, 0x17, 0x18, 0x20, 0x38, 0x0f, 0x1c, 0x0b,
    0x0b, 0x18, 0x0b, 0x0b, 0x17, 0x17, 0x26, 0x17, 0x17, 0x26, 0x17, 0x17,
    0x17, 0x0b, 0x0b, 0x19, 0x3b, 0x41, 0x1c, 0x18, 0x0b, 0x0b, 0x17, 0x18,
    0x17, 0x0b, 0x0b, 0x0b, 0x18, 0x0b, 0x0b, 0x18, 0x0b, 0x17, 0x17, 0x26,
    0x17, 0x17, 0x19, 0x14, 0x14, 0x24, 0x0b, 0x0b, 0x18, 0x0b, 0x0b, 0x17,
    0x26, 0x18, 0x17, 0x17, 0x17, 0x17, 0x17, 0x18, 0x0b, 0x0b, 0x17, 0x17,
    0x18, 0x17, 0x17, 0x18, 0x20, 0x24, 0x22, 0x2a, 0x1c, 0x0b, 0x17, 0x17,
    0x17, 0x18, 0x0b, 0x0a, 0x07, 0x07, 0x07, 0x07, 0x0a, 0x08, 0x00, 0x01,
    0x06, 0x00, 0x00, 0x00, 0x00, 0x00, 0x00, 0x03, 0x01, 0x01, 0x01, 0x07,
    0x07, 0x07, 0x07, 0x07, 0x07, 0x17, 0x17, 0x18, 0x0b, 0x17, 0x0b, 0x1c,
    0x2a, 0x22, 0x21, 0x20, 0x0b, 0x18, 0x17, 0x18, 0x18, 0x0b, 0x17, 0x17,
    0x17, 0x17, 0x26, 0x17, 0x17, 0x26, 0x17, 0x17, 0x26, 0x0b, 0x0b, 0x17,
    0x18, 0x0b, 0x1c, 0x14, 0x14, 0x1c, 0x0b, 0x0b, 0x0b, 0x0b, 0x17, 0x17,
    0x18, 0x0b, 0x18, 0x0b, 0x0b, 0x0b, 0x0b, 0x0b, 0x0b, 0x0b, 0x0b, 0x0b,
    0x0b, 0x19, 0x3b, 0x3f, 0x19, 0x18, 0x18, 0x0b, 0x17, 0x18, 0x18, 0x18,
    0x18, 0x17, 0x18, 0x17, 0x17, 0x17, 0x17, 0x18, 0x0b, 0x20, 0x13, 0x3b,
    0x19, 0x0b, 0x18, 0x0b, 0x18, 0x0b, 0x18, 0x0b, 0x0b, 0x0b, 0x0b, 0x17,
    0x18, 0x0b, 0x0b, 0x1c, 0x0f, 0x4f, 0x0b, 0x18, 0x17, 0x17, 0x26, 0x17,
    0x17, 0x07, 0x07, 0x07, 0x07, 0x07, 0x0a, 0x0a, 0x0a, 0x0c, 0xd4, 0x5b,
    0x07, 0x04, 0x04, 0x06, 0x04, 0x00, 0x06, 0x04, 0x04, 0x06, 0x00, 0x00,
    0x00, 0x00, 0x00, 0x00, 0x01, 0x01, 0x04, 0x04, 0x04, 0x01, 0x08, 0x0a,
    0xd5, 0x5a, 0x0d, 0x07, 0x07, 0x07, 0x07, 0x07, 0x07, 0x07, 0x17, 0x17,
    0x17, 0x17, 0x18, 0x0b, 0x0b, 0x0b, 0x53, 0x0f, 0x1c, 0x17, 0x0b, 0x0b,
    0x0b, 0x0b, 0x0b, 0x0b, 0x0b, 0x17, 0x17, 0x17, 0x17, 0x17, 0x18, 0x1c,
    0x50, 0x1a, 0x20, 0x0b, 0x0b, 0x0b, 0x18, 0x0b, 0x17, 0x18, 0x17, 0x17,
    0x17, 0x17, 0x17, 0x17, 0x18, 0x18, 0x0b, 0x1c, 0x3b, 0x3b, 0x19, 0x17,
    0x17, 0x18, 0x18, 0x17, 0x17, 0x18, 0x0b, 0x0b, 0x18, 0x0b, 0x0b, 0x0b,
    0x17, 0x17, 0x18, 0x17, 0x17, 0x17, 0x24, 0x14, 0x3f, 0x1c, 0x0b, 0x0b,
    0x0b, 0x18, 0x17, 0x18, 0x17, 0x0b, 0x17, 0x26, 0x17, 0x17, 0x17, 0x17,
    0x18, 0x18, 0x17, 0x17, 0x18, 0x17, 0x17, 0x18, 0x20, 0x21, 0x14, 0x1b,
    0x20, 0x18, 0x17, 0x17, 0x18, 0x0b, 0x0b, 0x0a, 0x07, 0x07, 0x07, 0x07,
    0x0a, 0x01, 0x01, 0x01, 0x04, 0x00, 0x00, 0x00, 0x00, 0x00, 0x00, 0x03,
    0x01, 0x01, 0x00, 0x07, 0x07, 0x07, 0x07, 0x07, 0x07, 0x17, 0x17, 0x18,
    0x0b, 0x17, 0x18, 0x19, 0x1b, 0x27, 0x3e, 0x20, 0x0b, 0x0b, 0x17, 0x17,
    0x18, 0x0b, 0x17, 0x17, 0x17, 0x17, 0x17, 0x17, 0x17, 0x17, 0x17, 0x17,
    0x18, 0x17, 0x17, 0x17, 0x17, 0x0b, 0x20, 0x3b, 0x14, 0x21, 0x0b, 0x18,
    0x0b, 0x17, 0x17, 0x17, 0x18, 0x0b, 0x0b, 0x18, 0x17, 0x17, 0x18, 0x18,
    0x0b, 0x18, 0x0b, 0x0b, 0x18, 0x0b, 0x13, 0x16, 0x53, 0x0b, 0x0b, 0x18,
    0x0b, 0x17, 0x0b, 0x0b, 0x0b, 0x18, 0x18, 0x18, 0x18, 0x18, 0x0b, 0x17,
    0x18, 0x0b, 0x1c, 0x3b, 0x24, 0x20, 0x0b, 0x17, 0x0b, 0x18, 0x0b, 0x18,
    0x18, 0x0b, 0x0b, 0x18, 0x0b, 0x0b, 0x0b, 0x0b, 0x5d, 0x0f, 0x19, 0x0b,
    0x18, 0x17, 0x17, 0x17, 0x17, 0x07, 0x07, 0x07, 0x07, 0x07, 0x07, 0x0a,
    0x07, 0x07, 0xc9, 0x5b, 0x37, 0x5f, 0x00, 0x06, 0x04, 0x04, 0x06, 0x04,
    0x04, 0x06, 0x00, 0x00, 0x00, 0x00, 0x00, 0x00, 0x01, 0x01, 0x01, 0x04,
    0x04, 0x04, 0x01, 0x0a, 0xcd, 0x0a, 0x0a, 0x07, 0x07, 0x07, 0x07, 0x07,
    0x0a, 0x07, 0x17, 0x26, 0x17, 0x17, 0x18, 0x0b, 0x0b, 0x1c, 0x0f, 0x53,
    0x0b, 0x0b, 0x0b, 0x18, 0x0b, 0x0b, 0x18, 0x0b, 0x18, 0x17, 0x17, 0x26,
    0x18, 0x0b, 0x20, 0x53, 0x0f, 0x1c, 0x0b, 0x18, 0x0b, 0x0b, 0x0b, 0x18,
    0x0b, 0x18, 0x0b, 0x17, 0x26, 0x17, 0x17, 0x17, 0x18, 0x0b, 0x0b, 0x21,
    0x14, 0x13, 0x20, 0x0b, 0x17, 0x0b, 0x0b, 0x17, 0x17, 0x18, 0x0b, 0x0b,
    0x0b, 0x18, 0x0b, 0x18, 0x17, 0x18, 0x0b, 0x0b, 0x17, 0x29, 0x44, 0x14,
    0x1a, 0x2e, 0x17, 0x18, 0x0b, 0x0b, 0x17, 0x17, 0x17, 0x17, 0x17, 0x17,
    0x26, 0x17, 0x17, 0x17, 0x0b, 0x18, 0x17, 0x17, 0x17, 0x17, 0x17, 0x0b,
    0x20, 0x1a, 0x27, 0x2f, 0x20, 0x17, 0x18, 0x17, 0x0b, 0x0b, 0x18, 0x0a,
    0x0a, 0x07, 0x07, 0x07, 0x08, 0x01, 0x01, 0x00, 0x04, 0x01, 0x00, 0x00,
    0x00, 0x00, 0x00, 0x00, 0x00, 0x01, 0x01, 0x01, 0x07, 0x07, 0x07, 0x07,
    0x07, 0x17, 0x17, 0x18, 0x0b, 0x0b, 0x18, 0x20, 0x1a, 0x14, 0x1b, 0x1c,
    0x18, 0x0b, 0x17, 0x0b, 0x0b, 0x18, 0x17, 0x17, 0x26, 0x17, 0x17, 0x26,
    0x17, 0x17, 0x17, 0x17, 0x18, 0x17, 0x18, 0x17, 0x18, 0x0b, 0x20, 0x13,
    0x14, 0x1b, 0x20, 0x0b, 0x18, 0x17, 0x17, 0x17, 0x18, 0x17, 0x17, 0x0b,
    0x18, 0x0b, 0x0b, 0x0b, 0x0b, 0x0b, 0x18, 0x0b, 0x0b, 0x0b, 0x53, 0x16,
    0x3b, 0x20, 0x0b, 0x0b, 0x18, 0x0b, 0x0b, 0x0b, 0x0b, 0x0b, 0x0b, 0x0b,
    0x0b, 0x0b, 0x0b, 0x17, 0x18, 0x0b, 0x20, 0x3b, 0x3b, 0x1c, 0x0b, 0x18,
    0x0b, 0x0b, 0x0b, 0x17, 0x0b, 0x0b, 0x18, 0x0b, 0x0b, 0x18, 0x18, 0x0b,
    0x20, 0x38, 0x10, 0x0b, 0x0b, 0x18, 0x17, 0x17, 0x26, 0x07, 0x07, 0x07,
    0x07, 0x07, 0x07, 0x07, 0x07, 0x07, 0x0a, 0x0a, 0x08, 0x08, 0x04, 0x01,
    0x01, 0x01, 0x00, 0x00, 0x04, 0x00, 0x00, 0x00, 0x00, 0x00, 0x03, 0x00,
    0x01, 0x01, 0x00, 0x01, 0x01, 0x01, 0x06, 0x06, 0x09, 0x37, 0x08, 0x07,
    0x07, 0x0a, 0x0a, 0x0a, 0x0a, 0x07, 0x07, 0x17, 0x17, 0x17, 0x18, 0x0b,
    0x20, 0x10, 0x38, 0x20, 0x18, 0x0b, 0x0b, 0x18, 0x0b, 0x0b, 0x0b, 0x18,
    0x17, 0x17, 0x17, 0x17, 0x18, 0x0b, 0x19, 0x3b, 0x38, 0x20, 0x0b, 0x0b,
    0x18, 0x0b, 0x0b, 0x0b, 0x17, 0x17, 0x17, 0x17, 0x17, 0x26, 0x17, 0x17,
    0x18, 0x0b, 0x20, 0x1a, 0x14, 0x1c, 0x0b, 0x18, 0x17, 0x0b, 0x18, 0x17,
    0x17, 0x0b, 0x0b, 0x0b, 0x0b, 0x0b, 0x0b, 0x0b, 0x18, 0x0b, 0x0b, 0x18,
    0x0b, 0x20, 0x1a, 0x14, 0x24, 0x20, 0x17, 0x18, 0x0b, 0x0b, 0x17, 0x17,
    0x17, 0x26, 0x17, 0x17, 0x17, 0x17, 0x26, 0x18, 0x0b, 0x0b, 0x0b, 0x18,
    0x17, 0x17, 0x17, 0x29, 0x1c, 0x1a, 0x14, 0x21, 0x20, 0x17, 0x17, 0x18,
    0x0b, 0x0b, 0x0a, 0x0a, 0x07, 0x07, 0x07, 0x07, 0x09, 0x01, 0x01, 0x04,
    0x00, 0x00, 0x00, 0x00, 0x00, 0x00, 0x00, 0x00, 0x00, 0x04, 0x01, 0x01,
    0x07, 0x07, 0x07, 0x07, 0x07, 0x17, 0x17, 0x18, 0x0b, 0x17, 0x0b, 0x20,
    0x21, 0x14, 0x25, 0x24, 0x18, 0x0b, 0x17, 0x17, 0x17, 0x18, 0x17, 0x17,
    0x17, 0x17, 0x26, 0x17, 0x17, 0x26, 0x17, 0x17, 0x17, 0x18, 0x0b, 0x17,
    0x0b, 0x18, 0x20, 0x24, 0x14, 0x1a, 0x19, 0x0b, 0x18, 0x18, 0x17, 0x17,
    0x17, 0x17, 0x17, 0x18, 0x17, 0x0b, 0x0b, 0x18, 0x0b, 0x0b, 0x17, 0x18,
    0x17, 0x0b, 0x19, 0x3b, 0x3f, 0x1c, 0x0b, 0x0b, 0x0b, 0x18, 0x0b, 0x0b,
    0x18, 0x0b, 0x0b, 0x0b, 0x0b, 0x0b, 0x18, 0x17, 0x0b, 0x0b, 0x20, 0x24,
    0xd6, 0x13, 0x20, 0x0b, 0x18, 0x0b, 0x17, 0x17, 0x0b, 0x18, 0x0b, 0x0b,
    0x0b, 0x17, 0x0b, 0x0b, 0x0b, 0x19, 0x10, 0x38, 0x0b, 0x0b, 0x18, 0x17,
    0x17, 0x07, 0x07, 0x07, 0x07, 0x07, 0x07, 0x07, 0x07, 0x07, 0x07, 0x07,
    0x08, 0x08, 0x00, 0x01, 0x01, 0x00, 0x01, 0x01, 0x01, 0x00, 0x00, 0x00,
    0x00, 0x00, 0x00, 0x00, 0x04, 0x04, 0x01, 0x01, 0x01, 0x01, 0x01, 0x06,
    0x0a, 0x08, 0x08, 0x08, 0x07, 0x0a, 0x0a, 0x0a, 0x0a, 0x07, 0x07, 0x07,
    0x17, 0x17, 0x18, 0x0b, 0x5d, 0x10, 0x20, 0x0b, 0x0b, 0x18, 0x0b, 0x0b,
    0x0b, 0x0b, 0x0b, 0x0b, 0x18, 0x17, 0x17, 0x17, 0x0b, 0x20, 0x53, 0x0f,
    0x1c, 0x0b, 0x0b, 0x0b, 0x0b, 0x18, 0x0b, 0x0b, 0x17, 0x17, 0x17, 0x17,
    0x17, 0x17, 0x17, 0x17, 0x18, 0x0b, 0x1c, 0x3b, 0x3f, 0x19, 0x0b, 0x0b,
    0x17, 0x18, 0x0b, 0x17, 0x17, 0x18, 0x18, 0x0b, 0x18, 0x0b, 0x0b, 0x0b,
    0x0b, 0x0b, 0x0b, 0x18, 0x0b, 0x19, 0x42, 0x14, 0x24, 0x17, 0x17, 0x0b,
    0x18, 0x17, 0x17, 0x26, 0x17, 0x17, 0x17, 0x17, 0x17, 0x17, 0x17, 0x0b,
    0x0b, 0x0b, 0x18, 0x17, 0x17, 0x17, 0x17, 0x18, 0x24, 0x25, 0x14, 0x24,
    0x0b, 0x17, 0x17, 0x18, 0x0b, 0x0b, 0x0a, 0x07, 0x07, 0x07, 0x08, 0x0a,
    0x04, 0x01, 0x01, 0x00, 0x01, 0x00, 0x00, 0x00, 0x00, 0x00, 0x00, 0x00,
    0x00, 0x01, 0x01, 0x01, 0x08, 0x07, 0x07, 0x07, 0x07, 0x17, 0x17, 0x17,
    0x17, 0x18, 0x0b, 0x20, 0x24, 0x22, 0x14, 0x21, 0x20, 0x17, 0x17, 0x17,
    0x18, 0x0b, 0x17, 0x17, 0x17, 0x17, 0x17, 0x17, 0x17, 0x17, 0x26, 0x17,
    0x17, 0x17, 0x17, 0x17, 0x0b, 0x0b, 0x0b, 0x20, 0x3b, 0x14, 0x24, 0x0b,
    0x0b, 0x0b, 0x18, 0x17, 0x17, 0x17, 0x17, 0x18, 0x17, 0x17, 0x18, 0x0b,
    0x17, 0x18, 0x17, 0x17, 0x17, 0x18, 0x0b, 0x13, 0x42, 0x13, 0x20, 0x17,
    0x0b, 0x0b, 0x18, 0x17, 0x17, 0x0b, 0x18, 0x0b, 0x0b, 0x18, 0x0b, 0x17,
    0x18, 0x0b, 0x0b, 0x20, 0x3b, 0x3b, 0x1c, 0x0b, 0x0b, 0x18, 0x0b, 0x18,
    0x0b, 0x0b, 0x0b, 0x18, 0x17, 0x0b, 0x17, 0x17, 0x18, 0x0b, 0x47, 0x0f,
    0x52, 0x0b, 0x0b, 0x18, 0x0a, 0x07, 0x07, 0x07, 0x07, 0x07, 0x07, 0x07,
    0x07, 0x07, 0x07, 0x0a, 0x08, 0x06, 0x00, 0x01, 0x01, 0x00, 0x01, 0x01,
    0x00, 0x04, 0x00, 0x03, 0x00, 0x00, 0x00, 0x00, 0x00, 0x01, 0x01, 0x01,
    0x01, 0x01, 0x01, 0x04, 0x01, 0x01, 0x07, 0x07, 0x07, 0x07, 0x07, 0x07,
    0x07, 0x07, 0x07, 0x0a, 0x17, 0x18, 0x0b, 0x10, 0x10, 0x19, 0x0b, 0x0b,
    0x0b, 0x0b, 0x18, 0x0b, 0x18, 0x18, 0x0b, 0x17, 0x17, 0x17, 0x18, 0x17,
    0x18, 0x63, 0x0f, 0x13, 0x20, 0x0b, 0x17, 0x18, 0x0b, 0x0b, 0x17, 0x17,
    0x26, 0x17, 0x26, 0x18, 0x18, 0x17, 0x17, 0x17, 0x18, 0x20, 0x13, 0x15,
    0x13, 0x0b, 0x0b, 0x0b, 0x18, 0x0b, 0x0b, 0x18, 0x17, 0x0b, 0x0b, 0x0b,
    0x18, 0x0b, 0x18, 0x18, 0x0b, 0x0b, 0x18, 0x0b, 0x20, 0x24, 0x14, 0x3b,
    0x19, 0x18, 0x0b, 0x0b, 0x18, 0x0b, 0x18, 0x17, 0x17, 0x17, 0x26, 0x17,
    0x26, 0x17, 0x18, 0x17, 0x0b, 0x18, 0x17, 0x17, 0x17, 0x17, 0x18, 0x20,
    0x24, 0x14, 0x2a, 0x24, 0x18, 0x18, 0x17, 0x0b, 0x18, 0x0b, 0x0a, 0x07,
    0x07, 0x07, 0x07, 0x09, 0x04, 0x01, 0x01, 0x01, 0x00, 0x00, 0x00, 0x00,
    0x00, 0x00, 0x00, 0x00, 0x00, 0x01, 0x01, 0x01, 0x07, 0x07, 0x07, 0x07,
    0x07, 0x26, 0x17, 0x17, 0x18, 0x0b, 0x0b, 0x0b, 0x1c, 0x22, 0x14, 0x2f,
    0x20, 0x18, 0x18, 0x17, 0x0b, 0x18, 0x17, 0x17, 0x26, 0x17, 0x17, 0x26,
    0x17, 0x17, 0x17, 0x17, 0x17, 0x17, 0x17, 0x17, 0x18, 0x17, 0x17, 0x20,
    0x1a, 0x14, 0x39, 0x20, 0x17, 0x0b, 0x18, 0x17, 0x17, 0x17, 0x17, 0x18,
    0x0b, 0x0b, 0x0b, 0x0b, 0x17, 0x0b, 0x17, 0x17, 0x17, 0x17, 0x0b, 0x1c,
    0x3b, 0x3f, 0x19, 0x18, 0x0b, 0x0b, 0x0b, 0x18, 0x0b, 0x17, 0x0b, 0x18,
    0x0b, 0x0b, 0x0b, 0x0b, 0x17, 0x17, 0x17, 0x29, 0x1c, 0x3f, 0x13, 0x20,
    0x0b, 0x0b, 0x0b, 0x0b, 0x17, 0x17, 0x17, 0x18, 0x0b, 0x18, 0x18, 0x17,
    0x17, 0x17, 0x0b, 0x19, 0x10, 0x13, 0x0b, 0x0b, 0x0a, 0x07, 0x07, 0x07,
    0x07, 0x07, 0x07, 0x07, 0x07, 0x07, 0x08, 0x01, 0x01, 0x01, 0x01, 0x01,
    0x00, 0x00, 0x00, 0x00, 0x00, 0x00, 0x00, 0x00, 0x00, 0x00, 0x00, 0x00,
    0x00, 0x04, 0x04, 0x00, 0x01, 0x01, 0x01, 0x01, 0x01, 0x01, 0x07, 0x07,
    0x07, 0x07, 0x07, 0x07, 0x07, 0x07, 0x07, 0x07, 0x18, 0x0b, 0x38, 0xd7,
    0x47, 0x0b, 0x17, 0x17, 0x18, 0x0b, 0x0b, 0x0b, 0x17, 0x17, 0x18, 0x17,
    0x17, 0x17, 0x17, 0x18, 0x20, 0x39, 0x3b, 0x1c, 0x0b, 0x17, 0x17, 0x17,
    0x17, 0x18, 0x17, 0x17, 0x18, 0x17, 0x17, 0x0b, 0x18, 0x18, 0x17, 0x17,
    0x0b, 0x19, 0x3b, 0x3b, 0x1c, 0x0b, 0x18, 0x0b, 0x0b, 0x0b, 0x0b, 0x17,
    0x17, 0x18, 0x0b, 0x0b, 0x0b, 0x0b, 0x0b, 0x17, 0x17, 0x18, 0x17, 0x0b,
    0x20, 0x3e, 0x14, 0x39, 0x20, 0x0b, 0x18, 0x0b, 0x0b, 0x0b, 0x0b, 0x17,
    0x17, 0x17, 0x17, 0x17, 0x17, 0x17, 0x17, 0x17, 0x18, 0x0b, 0x17, 0x17,
    0x17, 0x18, 0x18, 0x20, 0x1a, 0x27, 0x1a, 0x1c, 0x0b, 0x17, 0x17, 0x0b,
    0x0b, 0x18, 0x0a, 0x07, 0x07, 0x07, 0x07, 0x0a, 0x01, 0x04, 0x01, 0x04,
    0x00, 0x00, 0x00, 0x00, 0x00, 0x00, 0x00, 0x00, 0x00, 0x01, 0x01, 0x01,
    0xd8, 0x07, 0x07, 0x07, 0x07, 0x07, 0x17, 0x17, 0x17, 0x18, 0x0b, 0x0b,
    0x19, 0x1a, 0x14, 0x1b, 0x20, 0x17, 0x0b, 0x0b, 0x0b, 0x18, 0x17, 0x17,
    0x17, 0x26, 0x17, 0x17, 0x17, 0x26, 0x17, 0x17, 0x26, 0x17, 0x17, 0x26,
    0x17, 0x17, 0x18, 0x0b, 0x21, 0x14, 0x1a, 0x20, 0x17, 0x17, 0x17, 0x17,
    0x26, 0x17, 0x17, 0x17, 0x17, 0x17, 0x18, 0x18, 0x0b, 0x18, 0x17, 0x17,
    0x17, 0x18, 0x0b, 0x20, 0x3b, 0x14, 0x24, 0x18, 0x0b, 0x0b, 0x18, 0x0b,
    0x0b, 0x0b, 0x0b, 0x0b, 0x18, 0x0b, 0x18, 0x0b, 0x18, 0x17, 0x0b, 0x0b,
    0x20, 0x38, 0x0f, 0x1c, 0x0b, 0x18, 0x0b, 0x0b, 0x18, 0x17, 0x17, 0x0b,
    0x0b, 0x0b, 0x0b, 0x17, 0x17, 0x17, 0x18, 0x0b, 0x4f, 0x10, 0x31, 0x0b,
    0x0b, 0x0a, 0x07, 0x07, 0x07, 0x07, 0x07, 0x07, 0x07, 0x08, 0x0a, 0x01,
    0x01, 0x06, 0x04, 0x01, 0x00, 0x00, 0x00, 0x00, 0x00, 0x00, 0x00, 0x00,
    0x00, 0x00, 0x00, 0x00, 0x00, 0x04, 0x01, 0x00, 0x01, 0x04, 0x04, 0x04,
    0x01, 0x01, 0x00, 0x07, 0x07, 0x07, 0x07, 0x07, 0x07, 0x07, 0x07, 0x17,
    0x0b, 0x38, 0x46, 0x19, 0x0b, 0x17, 0x17, 0x17, 0x17, 0x18, 0x0b, 0x17,
    0x17, 0x0b, 0x0b, 0x17, 0x17, 0x17, 0x17, 0x18, 0x1c, 0x50, 0x13, 0x20,
    0x17, 0x17, 0x17, 0x17, 0x17, 0x17, 0x17, 0x17, 0x17, 0x17, 0x17, 0x0b,
    0x0b, 0x0b, 0x18, 0x0b, 0x0b, 0x24, 0x1e, 0x13, 0x20, 0x0b, 0x0b, 0x17,
    0x17, 0x18, 0x18, 0x17, 0x17, 0x18, 0x0b, 0x0b, 0x18, 0x0b, 0x0b, 0x17,
    0x17, 0x17, 0x0b, 0x0b, 0x63, 0x1a, 0x14, 0x24, 0x0b, 0x0b, 0x0b, 0x0b,
    0x18, 0x17, 0x17, 0x17, 0x26, 0x17, 0x17, 0x26, 0x17, 0x18, 0x18, 0x0b,
    0x0b, 0x17, 0x17, 0x17, 0x17, 0x18, 0x0b, 0x1c, 0x1a, 0x14, 0x2f, 0x20,
    0x17, 0x17, 0x17, 0x17, 0x18, 0x0b, 0x0a, 0x07, 0x07, 0x08, 0x07, 0x07,
    0x00, 0x01, 0x00, 0x06, 0x01, 0x00, 0x00, 0x00, 0x00, 0x00, 0x00, 0x03,
    0x00, 0x01, 0x01, 0x01, 0x07, 0x07, 0x07, 0x07, 0x07, 0x07, 0x17, 0x17,
    0x17, 0x18, 0x18, 0x0b, 0x20, 0x21, 0x14, 0x2a, 0x1c, 0x0b, 0x18, 0x0b,
    0x0b, 0x18, 0x17, 0x17, 0x17, 0x17, 0x17, 0x17, 0x17, 0x17, 0x17, 0x17,
    0x26, 0x17, 0x18, 0x17, 0x17, 0x18, 0x0b, 0x0b, 0x1c, 0x14, 0x14, 0x24,
    0x18, 0x17, 0x17, 0x17, 0x17, 0x17, 0x17, 0x17, 0x18, 0x0b, 0x0b, 0x0b,
    0x0b, 0x18, 0x18, 0x17, 0x17, 0x18, 0x0b, 0x0b, 0x24, 0x16, 0x1a, 0x20,
    0x0b, 0x0b, 0x0b, 0x0b, 0x18, 0x18, 0x0b, 0x0b, 0x0b, 0x0b, 0x0b, 0x18,
    0x0b, 0x18, 0x17, 0x0b, 0x0b, 0x1c, 0x0f, 0x3b, 0x19, 0x0b, 0x18, 0x0b,
    0x17, 0x17, 0x17, 0x18, 0x0b, 0x0b, 0x18, 0x17, 0x17, 0x17, 0x17, 0x0b,
    0x0b, 0x47, 0x10, 0x38, 0x0c, 0x0a, 0x07, 0x07, 0x0a, 0x07, 0x07, 0x07,
    0x07, 0x07, 0x09, 0x04, 0x06, 0x01, 0x00, 0x01, 0x00, 0x00, 0x00, 0x00,
    0x00, 0x00, 0x00, 0x00, 0x00, 0x00, 0x01, 0x00, 0x00, 0x01, 0x04, 0x00,
    0x00, 0x01, 0x01, 0x01, 0x01, 0x01, 0x00, 0x07, 0x07, 0x07, 0x07, 0x07,
    0x07, 0x07, 0x07, 0x18, 0x46, 0xd7, 0x47, 0x0b, 0x17, 0x26, 0x17, 0x18,
    0x0b, 0x0b, 0x18, 0x0b, 0x18, 0x18, 0x0b, 0x17, 0x18, 0x17, 0x18, 0x19,
    0x3b, 0x3b, 0x19, 0x0b, 0x17, 0x26, 0x17, 0x26, 0x17, 0x18, 0x17, 0x17,
    0x17, 0x17, 0x17, 0x17, 0x18, 0x0b, 0x17, 0x18, 0x19, 0x3b, 0x4a, 0x24,
    0x0b, 0x0b, 0x18, 0x0b, 0x17, 0x18, 0x0b, 0x17, 0x17, 0x0b, 0x0b, 0x18,
    0x0b, 0x0b, 0x18, 0x17, 0x17, 0x17, 0x18, 0x0b, 0x21, 0x14, 0x1b, 0x19,
    0x18, 0x0b, 0x0b, 0x17, 0x18, 0x0b, 0x17, 0x17, 0x17, 0x26, 0x17, 0x17,
    0x17, 0x18, 0x0b, 0x17, 0x18, 0x17, 0x17, 0x18, 0x17, 0x17, 0x0b, 0x24,
    0x14, 0x14, 0x24, 0x20, 0x18, 0x17, 0x17, 0x17, 0x18, 0x0a, 0x07, 0x07,
    0x07, 0x07, 0x07, 0x01, 0x01, 0x01, 0x00, 0x00, 0x00, 0x00, 0x00, 0x00,
    0x00, 0x00, 0x00, 0x00, 0x00, 0x00, 0x01, 0x01, 0x07, 0x07, 0x08, 0x07,
    0x07, 0x07, 0x17, 0x26, 0x17, 0x0b, 0x0b, 0x0b, 0x20, 0x24, 0x22, 0x14,
    0x24, 0x20, 0x18, 0x0b, 0x0b, 0x0b, 0x17, 0x17, 0x26, 0x17, 0x17, 0x26,
    0x17, 0x17, 0x26, 0x17, 0x17, 0x17, 0x18, 0x17, 0x17, 0x0b, 0x0b, 0x0b,
    0x20, 0x1a, 0x14, 0x39, 0x20, 0x17, 0x18, 0x18, 0x17, 0x17, 0x26, 0x17,
    0x18, 0x0b, 0x0b, 0x0b, 0x0b, 0x0b, 0x0b, 0x17, 0x17, 0x17, 0x18, 0x0b,
    0x19, 0x3b, 0x50, 0x24, 0x18, 0x17, 0x17, 0x18, 0x0b, 0x0b, 0x0b, 0x18,
    0x0b, 0x0b, 0x0b, 0x0b, 0x0b, 0x0b, 0x18, 0x0b, 0x0b, 0x20, 0x53, 0x0f,
    0x53, 0x0b, 0x0b, 0x18, 0x17, 0x17, 0x18, 0x18, 0x0b, 0x0b, 0x18, 0x18,
    0x17, 0x17, 0x17, 0x17, 0x18, 0x0b, 0x47, 0x46, 0x32, 0x0a, 0x07, 0x07,
    0x0a, 0x07, 0x0a, 0x07, 0x08, 0x07, 0x01, 0x03, 0x06, 0x01, 0x03, 0x01,
    0x00, 0x00, 0x00, 0x00, 0x00, 0x00, 0x00, 0x00, 0x00, 0x00, 0x00, 0x00,
    0x00, 0x01, 0x00, 0x01, 0x00, 0x00, 0x01, 0x01, 0x01, 0x01, 0x01, 0x08,
    0x07, 0x07, 0x07, 0x07, 0x07, 0x07, 0x0a, 0x5a, 0x46, 0x0c, 0x0b, 0x0b,
    0x17, 0x18, 0x0b, 0x0b, 0x17, 0x17, 0x17, 0x0b, 0x17, 0x17, 0x18, 0x18,
    0x0b, 0x18, 0x20, 0x13, 0x50, 0x53, 0x0b, 0x17, 0x17, 0x17, 0x17, 0x17,
    0x17, 0x18, 0x17, 0x17, 0x26, 0x26, 0x17, 0x17, 0x17, 0x0b, 0x0b, 0x0b,
    0x44, 0x16, 0x3b, 0x20, 0x0b, 0x17, 0x18, 0x0b, 0x0b, 0x0b, 0x0b, 0x17,
    0x17, 0x18, 0x0b, 0x0b, 0x0b, 0x0b, 0x17, 0x17, 0x18, 0x17, 0x0b, 0x20,
    0x1b, 0x14, 0x1b, 0x20, 0x18, 0x17, 0x17, 0x18, 0x0b, 0x0b, 0x17, 0x17,
    0x17, 0x17, 0x17, 0x17, 0x17, 0x0b, 0x0b, 0x0b, 0x18, 0x17, 0x18, 0x17,
    0x18, 0x0b, 0x20, 0x21, 0x14, 0x2c, 0x24, 0x29, 0x17, 0x17, 0x17, 0x17,
    0x0b, 0x0a, 0x07, 0x07, 0x07, 0x07, 0x07, 0x01, 0x01, 0x01, 0x01, 0x00,
    0x00, 0x00, 0x00, 0x00, 0x00, 0x00, 0x00, 0x00, 0x00, 0x00, 0x00, 0x01,
    0x07, 0x07, 0x07, 0x07, 0x07, 0x07, 0x07, 0x17, 0x17, 0x18, 0x17, 0x17,
    0x29, 0x19, 0x1b, 0x27, 0x3e, 0x20, 0x0b, 0x0b, 0x18, 0x17, 0x17, 0x17,
    0x17, 0x17, 0x26, 0x17, 0x17, 0x17, 0x17, 0x17, 0x17, 0x17, 0x18, 0x17,
    0x17, 0x18, 0x0b, 0x0b, 0x0b, 0x21, 0x14, 0x1a, 0x19, 0x0b, 0x18, 0x0b,
    0x17, 0x17, 0x17, 0x17, 0x18, 0x0b, 0x18, 0x18, 0x0b, 0x0b, 0x17, 0x17,
    0x17, 0x17, 0x18, 0x0b, 0x0b, 0x24, 0x14, 0x13, 0x20, 0x0b, 0x18, 0x0b,
    0x0b, 0x0b, 0x0b, 0x17, 0x18, 0x17, 0x18, 0x0b, 0x17, 0x0b, 0x18, 0x0b,
    0x18, 0x0b, 0x20, 0x38, 0x0f, 0x1c, 0x0b, 0x0b, 0x18, 0x17, 0x17, 0x17,
    0x0b, 0x0b, 0x0b, 0x17, 0x17, 0x26, 0x17, 0x17, 0x0a, 0x0b, 0x0a, 0x0d,
    0x43, 0x0a, 0x07, 0x07, 0x07, 0x07, 0x08, 0x07, 0x07, 0x01, 0x00, 0x03,
    0x04, 0x04, 0x01, 0x06, 0x01, 0x00, 0x00, 0x00, 0x00, 0x00, 0x00, 0x00,
    0x00, 0x00, 0x00, 0x00, 0x00, 0x00, 0x00, 0x00, 0x00, 0x00, 0x00, 0x00,
    0x00, 0x00, 0x00, 0x01, 0x07, 0x08, 0x07, 0x07, 0x07, 0x07, 0x0a, 0x0d,
    0x82, 0x0a, 0x07, 0x07, 0x07, 0x0b, 0x18, 0x17, 0x17, 0x17, 0x17, 0x17,
    0x17, 0x17, 0x0b, 0x0b, 0x0b, 0x0b, 0x24, 0x0f, 0x13, 0x20, 0x0b, 0x17,
    0x17, 0x17, 0x26, 0x17, 0x17, 0x18, 0x18, 0x17, 0x17, 0x17, 0x17, 0x17,
    0x17, 0x18, 0x17, 0x20, 0x1a, 0xad, 0x24, 0x18, 0x0b, 0x17, 0x17, 0x18,
    0x0b, 0x0b, 0x18, 0x17, 0x17, 0x18, 0x0b, 0x0b, 0x18, 0x18, 0x17, 0x18,
    0x0b, 0x17, 0x18, 0x1c, 0x14, 0x14, 0x24, 0x0b, 0x17, 0x17, 0x17, 0x18,
    0x0b, 0x18, 0x17, 0x26, 0x17, 0x17, 0x26, 0x17, 0x17, 0x18, 0x0b, 0x0b,
    0x0b, 0x0b, 0x17, 0x0b, 0x18, 0x0b, 0x20, 0x3e, 0x14, 0x1a, 0x1c, 0x0b,
    0x18, 0x17, 0x18, 0x17, 0x18, 0x0a, 0x07, 0x07, 0x07, 0x07, 0x09, 0x01,
    0x01, 0x04, 0x04, 0x00, 0x01, 0x00, 0x00, 0x00, 0x00, 0x00, 0x00, 0x00,
    0x00, 0x00, 0x00, 0x00, 0x01, 0x07, 0x07, 0x07, 0x07, 0x07, 0x07, 0x17,
    0x17, 0x18, 0x0b, 0x17, 0x3c, 0x20, 0x3e, 0x27, 0x2c, 0x1c, 0x0b, 0x18,
    0x0b, 0x17, 0x18, 0x17, 0x17, 0x17, 0x17, 0x17, 0x2b, 0x0a, 0x17, 0x18,
    0x17, 0x17, 0x17, 0x18, 0x0b, 0x0b, 0x18, 0x0b, 0x0b, 0x1c, 0x1b, 0x14,
    0x24, 0x20, 0x0b, 0x17, 0x17, 0x26, 0x17, 0x17, 0x17, 0x17, 0x0b, 0x0b,
    0x18, 0x0b, 0x17, 0x26, 0x17, 0x18, 0x0b, 0x0b, 0x18, 0x20, 0x1a, 0x3b,
    0x24, 0x20, 0x0b, 0x0b, 0x18, 0x0b, 0x17, 0x18, 0x0b, 0x0b, 0x18, 0x0b,
    0x17, 0x17, 0x0b, 0x0b, 0x17, 0x18, 0x0b, 0x19, 0x0f, 0x0f, 0x20, 0x0b,
    0x0b, 0x17, 0x17, 0x17, 0x17, 0x17, 0x17, 0x17, 0x17, 0x17, 0x17, 0x17,
    0x07, 0x07, 0x07, 0x07, 0x0a, 0x07, 0x07, 0x07, 0x07, 0x07, 0x09, 0x01,
    0x01, 0x01, 0x01, 0x03, 0x03, 0x03, 0x00, 0x00, 0x00, 0x00, 0x00, 0x00,
    0x00, 0x00, 0x00, 0x00, 0x00, 0x00, 0x00, 0x00, 0x00, 0x00, 0x03, 0x01,
    0x00, 0x00, 0x00, 0x03, 0x00, 0x01, 0x01, 0x00, 0x01, 0x08, 0x08, 0x0a,
    0x07, 0x07, 0x0a, 0x0a, 0x07, 0x07, 0x07, 0x07, 0x07, 0x0a, 0x17, 0x17,
    0x17, 0x26, 0x17, 0x17, 0x26, 0x17, 0x0b, 0x0b, 0x18, 0x1c, 0x3b, 0x3f,
    0x19, 0x18, 0x18, 0x17, 0x17, 0x26, 0x17, 0x17, 0x17, 0x17, 0x17, 0x17,
    0x17, 0x17, 0x26, 0x17, 0x17, 0x18, 0x0b, 0x24, 0x14, 0x1a, 0x19, 0x0b,
    0x17, 0x17, 0x17, 0x18, 0x0b, 0x0b, 0x18, 0x0b, 0x0b, 0x18, 0x17, 0x0b,
    0x0b, 0x0b, 0x0b, 0x0b, 0x18, 0x17, 0x20, 0x21, 0x14, 0x1a, 0x20, 0x17,
    0x18, 0x0b, 0x17, 0x0b, 0x0b, 0x17, 0x17, 0x18, 0x17, 0x17, 0x17, 0x17,
    0x17, 0x18, 0x18, 0x0b, 0x17, 0x18, 0x0b, 0x0b, 0x0b, 0x0b, 0x1c, 0x2a,
    0x25, 0x21, 0x20, 0x0b, 0x0b, 0x18, 0x0b, 0x17, 0x0b, 0x07, 0x0a, 0x07,
    0x07, 0x07, 0x07, 0x00, 0x01, 0x01, 0x00, 0x00, 0x00, 0x00, 0x00, 0x00,
    0x00, 0x00, 0x00, 0x00, 0x00, 0x00, 0x01, 0x01, 0x00, 0x07, 0x07, 0x07,
    0x07, 0x07, 0x07, 0x17, 0x17, 0x17, 0x18, 0x17, 0x17, 0x20, 0x24, 0x14,
    0x22, 0x24, 0x29, 0x0b, 0x0b, 0x17, 0x17, 0x26, 0x17, 0x17, 0x17, 0x17,
    0x17, 0x0a, 0x17, 0x18, 0x17, 0x17, 0x17, 0x17, 0x18, 0x0b, 0x0b, 0x18,
    0x0b, 0x20, 0x21, 0x14, 0x1a, 0x20, 0x18, 0x18, 0x17, 0x17, 0x17, 0x17,
    0x17, 0x18, 0x0b, 0x0b, 0x0b, 0x18, 0x17, 0x17, 0x17, 0x18, 0x0b, 0x0b,
    0x0b, 0x0b, 0x21, 0x15, 0x1a, 0x20, 0x0b, 0x17, 0x18, 0x0b, 0x17, 0x17,
    0x17, 0x17, 0x0b, 0x18, 0x17, 0x17, 0x18, 0x0b, 0x0b, 0x0b, 0x0b, 0x0b,
    0x4f, 0x0f, 0x38, 0x20, 0x18, 0x18, 0x17, 0x17, 0x26, 0x17, 0x17, 0x26,
    0x17, 0x17, 0x28, 0x0a, 0x07, 0x07, 0x07, 0x07, 0x0a, 0x07, 0x07, 0x07,
    0x09, 0x0a, 0x04, 0x00, 0x01, 0x01, 0x01, 0x03, 0x00, 0x00, 0x00, 0x00,
    0x00, 0x00, 0x00, 0x00, 0x00, 0x00, 0x00, 0x00, 0x00, 0x00, 0x00, 0x00,
    0x00, 0x00, 0x00, 0x00, 0x00, 0x00, 0x00, 0x03, 0x00, 0x01, 0x00, 0x01,
    0x01, 0x01, 0x07, 0x07, 0x07, 0x07, 0x07, 0x07, 0x07, 0x07, 0x07, 0x07,
    0x07, 0x07, 0x17, 0x17, 0x17, 0x26, 0x17, 0x17, 0x17, 0x18, 0x0b, 0x18,
    0x19, 0x3b, 0x0f, 0x53, 0x0b, 0x0b, 0x0b, 0x17, 0x17, 0x17, 0x17, 0x17,
    0x17, 0x17, 0x17, 0x17, 0x17, 0x26, 0x18, 0x17, 0x17, 0x18, 0x20, 0x3b,
    0x14, 0x24, 0x0b, 0x17, 0x17, 0x17, 0x18, 0x0b, 0x0b, 0x0b, 0x0b, 0x18,
    0x0b, 0x0b, 0x17, 0x18, 0x0b, 0x0b, 0x0b, 0x0b, 0x18, 0x0b, 0x20, 0x1a,
    0x14, 0x39, 0x20, 0x18, 0x0b, 0x18, 0x0b, 0x0b, 0x18, 0x0b, 0x0b, 0x17,
    0x17, 0x17, 0x26, 0x17, 0x18, 0x0b, 0x17, 0x17, 0x17, 0x17, 0x18, 0x0b,
    0x18, 0x20, 0x21, 0x14, 0x25, 0x24, 0x29, 0x0b, 0x17, 0x0b, 0x17, 0x17,
    0x17, 0x07, 0x07, 0x07, 0x07, 0x07, 0x07, 0x00, 0x04, 0x04, 0x04, 0x00,
    0x00, 0x00, 0x00, 0x00, 0x00, 0x00, 0x00, 0x00, 0x00, 0x00, 0x00, 0x00,
    0x00, 0xd8, 0x07, 0x08, 0x07, 0x07, 0x07, 0x17, 0x17, 0x17, 0x17, 0x17,
    0x17, 0x29, 0x24, 0x2a, 0x14, 0x13, 0x20, 0x0b, 0x18, 0x17, 0x17, 0x18,
    0x17, 0x26, 0x26, 0x18, 0x17, 0x0a, 0x18, 0x17, 0x17, 0x17, 0x17, 0x17,
    0x17, 0x0b, 0x0b, 0x18, 0x0b, 0x0b, 0x1c, 0x42, 0x42, 0x24, 0x0b, 0x0b,
    0x18, 0x17, 0x17, 0x18, 0x17, 0x17, 0x18, 0x0b, 0x0b, 0x0b, 0x17, 0x17,
    0x17, 0x0b, 0x18, 0x0b, 0x0b, 0x0b, 0x19, 0x1a, 0x16, 0x24, 0x29, 0x0b,
    0x0b, 0x17, 0x18, 0x0b, 0x18, 0x0b, 0x0b, 0x18, 0x0b, 0x0b, 0x18, 0x0b,
    0x0b, 0x18, 0x0b, 0x0b, 0x0b, 0x13, 0x50, 0x13, 0x0b, 0x0b, 0x0b, 0x17,
    0x17, 0x17, 0x17, 0x17, 0x07, 0x07, 0x07, 0x07, 0x07, 0x0a, 0x07, 0x07,
    0x07, 0x07, 0x07, 0x08, 0x09, 0x01, 0x00, 0x01, 0x01, 0x01, 0x01, 0x00,
    0x00, 0x00, 0x00, 0x00, 0x00, 0x00, 0x00, 0x00, 0x00, 0x00, 0x00, 0x00,
    0x00, 0x00, 0x00, 0x00, 0x00, 0x00, 0x00, 0x00, 0x00, 0x00, 0x00, 0x00,
    0x00, 0x00, 0x00, 0x03, 0x01, 0x01, 0x00, 0x08, 0x08, 0x07, 0x08, 0x07,
    0x07, 0x07, 0x07, 0x07, 0x07, 0x07, 0x07, 0x07, 0x17, 0x17, 0x17, 0x17,
    0x18, 0x0b, 0x0b, 0x0b, 0x38, 0x50, 0x53, 0x20, 0x0b, 0x18, 0x17, 0x17,
    0x17, 0x26, 0x17, 0x17, 0x26, 0x17, 0x26, 0x17, 0x17, 0x17, 0x0b, 0x17,
    0x17, 0x20, 0x21, 0x16, 0x3f, 0x20, 0x18, 0x17, 0x17, 0x18, 0x0b, 0x0b,
    0x18, 0x0b, 0x0b, 0x0b, 0x18, 0x0b, 0x0b, 0x18, 0x0b, 0x18, 0x0b, 0x0b,
    0x0b, 0x0b, 0x1c, 0x14, 0x3f, 0x1c, 0x0b, 0x0b, 0x0b, 0x17, 0x18, 0x0b,
    0x0b, 0x18, 0x18, 0x17, 0x17, 0x26, 0x17, 0x17, 0x18, 0x0b, 0x17, 0x17,
    0x17, 0x17, 0x17, 0x18, 0x0b, 0x20, 0x1a, 0x14, 0x1a, 0x20, 0x20, 0x17,
    0x17, 0x18, 0x17, 0x18, 0x17, 0x07, 0x07, 0x07, 0x08, 0x07, 0x08, 0x01,
    0x04, 0x04, 0x01, 0x06, 0x00, 0x00, 0x00, 0x00, 0x00, 0x00, 0x00, 0x00,
    0x00, 0x00, 0x00, 0x00, 0x00, 0x01, 0x07, 0x07, 0x07, 0x07, 0x07, 0x28,
    0x17, 0x17, 0x17, 0x18, 0x17, 0x3d, 0x20, 0x1a, 0x14, 0x1b, 0x19, 0x0b,
    0x18, 0x0b, 0x17, 0x17, 0x17, 0x17, 0x17, 0x0b, 0x17, 0x17, 0x0a, 0x17,
    0x17, 0x26, 0x17, 0x17, 0x17, 0x18, 0x0b, 0x0b, 0x0b, 0x0b, 0x20, 0x1a,
    0x14, 0x1b, 0x20, 0x0b, 0x18, 0x0b, 0x18, 0x18, 0x17, 0x17, 0x18, 0x0b,
    0x0b, 0x18, 0x18, 0x18, 0x17, 0x0b, 0x0b, 0x18, 0x0b, 0x0b, 0x0b, 0x24,
    0x16, 0x3b, 0x19, 0x0b, 0x17, 0x18, 0x0b, 0x0b, 0x18, 0x0b, 0x0b, 0x0b,
    0x17, 0x17, 0x18, 0x0b, 0x17, 0x18, 0x0b, 0x0b, 0x0b, 0x20, 0x13, 0x50,
    0x13, 0x0c, 0x18, 0x17, 0x17, 0x26, 0x17, 0x0a, 0x07, 0x07, 0x07, 0x07,
    0x0a, 0x0a, 0x07, 0x07, 0x0a, 0x07, 0x0a, 0x09, 0x01, 0x01, 0x01, 0x01,
    0x01, 0x01, 0x01, 0x00, 0x03, 0x00, 0x00, 0x00, 0x00, 0x00, 0x00, 0x00,
    0x00, 0x00, 0x00, 0x00, 0x00, 0x00, 0x00, 0x00, 0x00, 0x00, 0x00, 0x00,
    0x00, 0x00, 0x00, 0x00, 0x00, 0x00, 0x00, 0x00, 0x01, 0x01, 0x01, 0x00,
    0x01, 0x08, 0x0a, 0x07, 0x07, 0x07, 0x07, 0x07, 0x07, 0x07, 0x07, 0x07,
    0x26, 0x17, 0x17, 0x17, 0x18, 0x0b, 0x20, 0x13, 0x0f, 0x39, 0x0b, 0x18,
    0x0b, 0x17, 0x17, 0x17, 0x26, 0x17, 0x17, 0x18, 0x17, 0x17, 0x17, 0x26,
    0x17, 0x17, 0x17, 0x17, 0x18, 0x1c, 0x3b, 0x3f, 0x1c, 0x0b, 0x18, 0x17,
    0x17, 0x18, 0x0b, 0x0b, 0x18, 0x0b, 0x0b, 0x0b, 0x0b, 0x0b, 0x0b, 0x0b,
    0x0b, 0x0b, 0x18, 0x0b, 0x18, 0x19, 0x1a, 0x14, 0x21, 0x20, 0x0b, 0x18,
    0x17, 0x0b, 0x0b, 0x0b, 0x0b, 0x0b, 0x17, 0x17, 0x17, 0x17, 0x17, 0x18,
    0x0b, 0x0b, 0x17, 0x18, 0x17, 0x17, 0x18, 0x0b, 0x0b, 0x1c, 0x22, 0x25,
    0x3e, 0x20, 0x0b, 0x18, 0x18, 0x0b, 0x0b, 0x18, 0x17, 0x07, 0x07, 0x07,
    0x07, 0x07, 0x00, 0x01, 0x04, 0x01, 0x01, 0x04, 0x00, 0x00, 0x00, 0x00,
    0x00, 0x00, 0x00, 0x00, 0x00, 0x00, 0x00, 0x00, 0x00, 0x01, 0xd8, 0x07,
    0x07, 0x07, 0x07, 0x07, 0x17, 0x17, 0x26, 0x18, 0x17, 0x3d, 0x20, 0x21,
    0x14, 0x25, 0x24, 0x18, 0x0b, 0x0b, 0x17, 0x18, 0x18, 0x17, 0x17, 0x17,
    0x17, 0x07, 0x0a, 0x17, 0x17, 0x26, 0x17, 0x17, 0x26, 0x17, 0x17, 0x18,
    0x0b, 0x18, 0x0b, 0x24, 0x14, 0x2a, 0x1c, 0x0b, 0x0b, 0x0b, 0x0b, 0x17,
    0x17, 0x17, 0x17, 0x0b, 0x0b, 0x0b, 0x0b, 0x0b, 0x18, 0x0b, 0x0b, 0x0b,
    0x18, 0x18, 0x0b, 0x19, 0x13, 0x14, 0x21, 0x20, 0x0b, 0x17, 0x0b, 0x0b,
    0x0b, 0x0b, 0x18, 0x0b, 0x0b, 0x18, 0x0b, 0x0b, 0x0b, 0x0b, 0x18, 0x0b,
    0x17, 0x0b, 0x19, 0x13, 0x4a, 0x21, 0x0b, 0x18, 0x17, 0x17, 0x0a, 0x07,
    0x07, 0x07, 0x07, 0x0a, 0x07, 0x07, 0x07, 0x07, 0x0a, 0x0a, 0x04, 0x00,
    0x00, 0x01, 0x01, 0x00, 0x06, 0x01, 0x04, 0x03, 0x00, 0x00, 0x00, 0x00,
    0x01, 0x00, 0x00, 0x00, 0x00, 0x00, 0x00, 0x00, 0x00, 0x00, 0x00, 0x00,
    0x00, 0x00, 0x00, 0x00, 0x00, 0x00, 0x00, 0x00, 0x00, 0x00, 0x03, 0x00,
    0x01, 0x01, 0x01, 0x00, 0x01, 0x08, 0x07, 0x07, 0x07, 0x07, 0x07, 0x07,
    0x07, 0x07, 0x07, 0x07, 0x07, 0x17, 0x17, 0x18, 0x0b, 0x0b, 0x53, 0x4e,
    0x38, 0x20, 0x0b, 0x18, 0x17, 0x17, 0x17, 0x17, 0x17, 0x17, 0x17, 0x17,
    0x17, 0x17, 0x17, 0x17, 0x17, 0x26, 0x18, 0x0b, 0x20, 0x13, 0x16, 0x13,
    0x20, 0x0b, 0x17, 0x17, 0x18, 0x0b, 0x17, 0x0b, 0x0b, 0x18, 0x0b, 0x18,
    0x0b, 0x18, 0x0b, 0x0b, 0x18, 0x0b, 0x0b, 0x0b, 0x0b, 0x1c, 0x14, 0x14,
    0x1c, 0x0b, 0x0b, 0x18, 0x17, 0x0b, 0x18, 0x0b, 0x18, 0x0b, 0x17, 0x17,
    0x17, 0x17, 0x17, 0x18, 0x0b, 0x0b, 0x17, 0x18, 0x17, 0x17, 0x18, 0x0b,
    0x20, 0x21, 0x22, 0x14, 0x24, 0x20, 0x0b, 0x17, 0x17, 0x0b, 0x17, 0x17,
    0x07, 0x07, 0x07, 0x07, 0x07, 0x07, 0x01, 0x01, 0x01, 0x01, 0x00, 0x00,
    0x00, 0x00, 0x00, 0x00, 0x00, 0x00, 0x00, 0x00, 0x00, 0x00, 0x00, 0x00,
    0x00, 0x00, 0x07, 0x07, 0x07, 0x07, 0x07, 0x07, 0x17, 0x17, 0x17, 0x0b,
    0x17, 0x17, 0x20, 0x24, 0x14, 0x14, 0x21, 0x20, 0x0b, 0x18, 0x0b, 0x17,
    0x0b, 0x17, 0x17, 0x26, 0x17, 0x17, 0x26, 0x17, 0x17, 0x17, 0x17, 0x17,
    0x17, 0x17, 0x18, 0x0b, 0x0b, 0x0b, 0x0b, 0x20, 0x1a, 0x14, 0x13, 0x20,
    0x0b, 0x18, 0x17, 0x17, 0x17, 0x17, 0x17, 0x18, 0x18, 0x0b, 0x0b, 0x0b,
    0x0b, 0x18, 0x0b, 0x0b, 0x0b, 0x0b, 0x0b, 0x0b, 0x1c, 0x3f, 0x3b, 0x24,
    0x18, 0x17, 0x18, 0x17, 0x17, 0x17, 0x18, 0x0b, 0x0b, 0x0b, 0x0b, 0x18,
    0x0b, 0x0b, 0x18, 0x0b, 0x17, 0x17, 0x18, 0x19, 0x13, 0x50, 0x13, 0x0b,
    0x0b, 0x17, 0x17, 0x28, 0x07, 0x07, 0x07, 0x07, 0x07, 0x07, 0x07, 0x08,
    0x07, 0x07, 0x01, 0x01, 0x01, 0x00, 0x01, 0x01, 0x01, 0x00, 0x01, 0x00,
    0x00, 0x00, 0x00, 0x01, 0x00, 0x00, 0x00, 0x00, 0x00, 0x00, 0x00, 0x00,
    0x00, 0x00, 0x00, 0x00, 0x00, 0x00, 0x00, 0x00, 0x00, 0x00, 0x00, 0x00,
    0x00, 0x00, 0x03, 0x00, 0x00, 0x00, 0x01, 0x01, 0x00, 0x01, 0x07, 0x07,
    0x07, 0x07, 0x07, 0x07, 0x07, 0x07, 0x07, 0x07, 0x07, 0x0a, 0x18, 0x18,
    0x0b, 0x53, 0x0f, 0x38, 0x19, 0x0b, 0x0b, 0x17, 0x17, 0x17, 0x26, 0x17,
    0x17, 0x18, 0x17, 0x18, 0x17, 0x18, 0x18, 0x0b, 0x17, 0x17, 0x18, 0x0b,
    0x1c, 0x3b, 0x3f, 0x19, 0x17, 0x17, 0x17, 0x18, 0x0b, 0x17, 0x18, 0x0b,
    0x0b, 0x0b, 0x0b, 0x0b, 0x18, 0x0b, 0x0b, 0x18, 0x17, 0x0b, 0x18, 0x17,
    0x20, 0x13, 0x14, 0x1b, 0x20, 0x0b, 0x18, 0x17, 0x0b, 0x18, 0x0b, 0x0b,
    0x18, 0x0b, 0x17, 0x26, 0x17, 0x17, 0x17, 0x18, 0x0b, 0x0b, 0x18, 0x0b,
    0x17, 0x18, 0x0b, 0x0b, 0x20, 0x1a, 0x25, 0x2a, 0x1c, 0x20, 0x18, 0x0b,
    0x0b, 0x17, 0x17, 0x17, 0x07, 0x07, 0x07, 0x07, 0x08, 0x01, 0x01, 0x01,
    0x01, 0x01, 0x04, 0x01, 0x00, 0x00, 0x00, 0x00, 0x00, 0x00, 0x00, 0x00,
    0x00, 0x00, 0x00, 0x00, 0x00, 0x00, 0x08, 0x07, 0x07, 0x07, 0x07, 0x07,
    0x17, 0x26, 0x17, 0x17, 0x17, 0x17, 0x3c, 0x20, 0x1a, 0x14, 0x1b, 0x1c,
    0x0b, 0x0b, 0x17, 0x17, 0x17, 0x17, 0x17, 0x17, 0x17, 0x17, 0x17, 0x26,
    0x17, 0x17, 0x26, 0x17, 0x17, 0x17, 0x18, 0x0b, 0x0b, 0x18, 0x0b, 0x20,
    0x24, 0x14, 0x1a, 0x1c, 0x0b, 0x18, 0x17, 0x17, 0x26, 0x17, 0x17, 0x18,
    0x0b, 0x0b, 0x18, 0x0b, 0x0b, 0x17, 0x18, 0x0b, 0x0b, 0x18, 0x0b, 0x0b,
    0x20, 0x24, 0x4b, 0x3b, 0x19, 0x0b, 0x0b, 0x18, 0x0b, 0x17, 0x0b, 0x17,
    0x17, 0x18, 0x0b, 0x0b, 0x18, 0x0b, 0x0b, 0x18, 0x17, 0x17, 0x17, 0x0b,
    0x20, 0x38, 0x50, 0x13, 0x3a, 0x0b, 0x17, 0x07, 0x07, 0x07, 0x07, 0x07,
    0x07, 0x07, 0x07, 0x07, 0x07, 0x01, 0x01, 0x01, 0x01, 0x01, 0x00, 0x00,
    0x00, 0x00, 0x00, 0x00, 0x00, 0x00, 0x00, 0x00, 0x00, 0x00, 0x00, 0x00,
    0x00, 0x00, 0x00, 0x00, 0x00, 0x00, 0x00, 0x00, 0x00, 0x00, 0x00, 0x00,
    0x00, 0x00, 0x00, 0x00, 0x00, 0x00, 0x00, 0x00, 0x00, 0x00, 0x00, 0x01,
    0x01, 0x01, 0x00, 0x07, 0x07, 0x51, 0x07, 0x07, 0x07, 0x07, 0x07, 0x0a,
    0x0a, 0x0a, 0x0b, 0x0c, 0x38, 0x4e, 0x38, 0x0c, 0x0b, 0x0b, 0x17, 0x17,
    0x17, 0x17, 0x17, 0x26, 0x17, 0x17, 0x18, 0x17, 0x17, 0x17, 0x17, 0x18,
    0x0b, 0x0b, 0x0b, 0x19, 0x3b, 0x3b, 0x1c, 0x0b, 0x18, 0x17, 0x17, 0x18,
    0x0b, 0x0b, 0x18, 0x0b, 0x0b, 0x18, 0x0b, 0x0b, 0x0b, 0x0b, 0x0b, 0x0b,
    0x0b, 0x0b, 0x18, 0x0b, 0x24, 0x14, 0x14, 0x24, 0x20, 0x18, 0x17, 0x17,
    0x0b, 0x0b, 0x0b, 0x0b, 0x0b, 0x18, 0x0b, 0x17, 0x26, 0x17, 0x18, 0x0b,
    0x0b, 0x18, 0x0b, 0x0b, 0x17, 0x18, 0x0b, 0x0b, 0x1c, 0x22, 0x14, 0x2f,
    0x20, 0x18, 0x0b, 0x18, 0x18, 0x18, 0x17, 0x17, 0x07, 0x07, 0x07, 0x07,
    0x07, 0x01, 0x01, 0x01, 0x01, 0x00, 0x04, 0x00, 0x00, 0x00, 0x00, 0x00,
    0x00, 0x00, 0x00, 0x00, 0x00, 0x00, 0x00, 0x00, 0x00, 0x01, 0x00, 0x07,
    0x07, 0x07, 0x07, 0x07, 0x07, 0x17, 0x17, 0x26, 0x17, 0x17, 0x17, 0x29,
    0x24, 0x14, 0x14, 0x24, 0x18, 0x18, 0x0b, 0x17, 0x26, 0x18, 0x17, 0x17,
    0x26, 0x17, 0x17, 0x17, 0x0a, 0x17, 0x17, 0x26, 0x17, 0x17, 0x18, 0x17,
    0x17, 0x18, 0x0b, 0x0b, 0x19, 0x1a, 0x14, 0x39, 0x20, 0x17, 0x0b, 0x17,
    0x17, 0x17, 0x17, 0x0b, 0x0b, 0x0b, 0x18, 0x0b, 0x0b, 0x17, 0x0b, 0x18,
    0x17, 0x17, 0x18, 0x18, 0x0b, 0x20, 0x1a, 0x4b, 0x39, 0x20, 0x0b, 0x17,
    0x18, 0x18, 0x17, 0x17, 0x17, 0x18, 0x0b, 0x0b, 0x0b, 0x0b, 0x0b, 0x0b,
    0x17, 0x17, 0x17, 0x17, 0x0b, 0x19, 0x13, 0x50, 0x13, 0x0c, 0x18, 0x07,
    0x07, 0x0a, 0x07, 0x07, 0x07, 0x07, 0x08, 0x07, 0x01, 0x01, 0x01, 0x01,
    0x00, 0x00, 0x00, 0x00, 0x00, 0x00, 0x00, 0x00, 0x00, 0x00, 0x00, 0x01,
    0x00, 0x00, 0x00, 0x00, 0x00, 0x00, 0x00, 0x00, 0x00, 0x00, 0x00, 0x00,
    0x00, 0x00, 0x00, 0x00, 0x00, 0x00, 0x00, 0x00, 0x00, 0x00, 0x00, 0x00,
    0x00, 0x00, 0x00, 0x00, 0x01, 0x01, 0x01, 0x01, 0x07, 0x07, 0x08, 0x07,
    0x07, 0x07, 0x07, 0x0a, 0x0a, 0x18, 0x0c, 0x38, 0x50, 0x38, 0x0c, 0x0b,
    0x0b, 0x18, 0x18, 0x17, 0x17, 0x26, 0x17, 0x18, 0x17, 0x0b, 0x18, 0x17,
    0x17, 0x17, 0x17, 0x18, 0x0b, 0x18, 0x19, 0x13, 0x16, 0x39, 0x20, 0x0b,
    0x17, 0x17, 0x17, 0x0b, 0x0b, 0x0b, 0x0b, 0x0b, 0x18, 0x0b, 0x0b, 0x18,
    0x0b, 0x18, 0x0b, 0x18, 0x0b, 0x0b, 0x0b, 0x29, 0x3e, 0x14, 0x1a, 0x20,
    0x0b, 0x17, 0x0b, 0x18, 0x0b, 0x0b, 0x18, 0x0b, 0x0b, 0x0b, 0x17, 0x17,
    0x17, 0x17, 0x18, 0x0b, 0x0b, 0x0b, 0x17, 0x18, 0x17, 0x0b, 0x0b, 0x29,
    0x24, 0x22, 0x14, 0x24, 0x20, 0x0b, 0x17, 0x17, 0x0b, 0x0b, 0x17, 0x17,
    0x28, 0x07, 0x07, 0x08, 0x08, 0x01, 0x01, 0x01, 0x01, 0x04, 0x00, 0x00,
    0x00, 0x00, 0x00, 0x00, 0x00, 0x00, 0x00, 0x00, 0x00, 0x00, 0x00, 0x00,
    0x00, 0x00, 0x01, 0x07, 0x07, 0x07, 0x07, 0x07, 0x07, 0x17, 0x17, 0x17,
    0x18, 0x17, 0x17, 0x20, 0x2e, 0x1a, 0x14, 0x1a, 0x20, 0x0b, 0x17, 0x17,
    0x17, 0x18, 0x17, 0x17, 0x17, 0x26, 0x17, 0x17, 0x26, 0x17, 0x17, 0x17,
    0x17, 0x17, 0x17, 0x0b, 0x17, 0x17, 0x17, 0x18, 0x0b, 0x24, 0x14, 0x2a,
    0x1c, 0x0b, 0x18, 0x18, 0x0b, 0x17, 0x17, 0x17, 0x18, 0x0b, 0x0b, 0x18,
    0x0b, 0x0b, 0x18, 0x0b, 0x0b, 0x0b, 0x0b, 0x0b, 0x18, 0x0b, 0x19, 0x3b,
    0x42, 0x24, 0x29, 0x0b, 0x0b, 0x0b, 0x18, 0x0b, 0x18, 0x0b, 0x0b, 0x18,
    0x0b, 0x0b, 0x18, 0x18, 0x17, 0x17, 0x26, 0x17, 0x17, 0x18, 0x0b, 0x38,
    0xd9, 0x10, 0x0c, 0x07, 0x07, 0x07, 0x07, 0x0a, 0x0a, 0x08, 0x07, 0x01,
    0x01, 0x01, 0x01, 0x01, 0x04, 0x00, 0x01, 0x00, 0x00, 0x00, 0x00, 0x00,
    0x00, 0x00, 0x00, 0x01, 0x00, 0x00, 0x00, 0x00, 0x00, 0x00, 0x00, 0x00,
    0x00, 0x00, 0x00, 0x00, 0x00, 0x00, 0x00, 0x00, 0x00, 0x00, 0x00, 0x00,
    0x00, 0x00, 0x00, 0x00, 0x00, 0x03, 0x00, 0x00, 0x00, 0x00, 0x00, 0x00,
    0x07, 0x08, 0x07, 0x07, 0x07, 0x07, 0x07, 0x0a, 0x0a, 0x0d, 0x10, 0x4e,
    0x4f, 0x0b, 0x0b, 0x0b, 0x0b, 0x0b, 0x17, 0x17, 0x18, 0x0b, 0x0b, 0x0b,
    0x18, 0x17, 0x0b, 0x18, 0x17, 0x18, 0x18, 0x0b, 0x0b, 0x20, 0x24, 0x14,
    0x3f, 0x19, 0x0b, 0x18, 0x0b, 0x17, 0x18, 0x18, 0x0b, 0x18, 0x17, 0x0b,
    0x0b, 0x0b, 0x0b, 0x0b, 0x18, 0x0b, 0x0b, 0x0b, 0x18, 0x0b, 0x0b, 0x24,
    0x14, 0x41, 0x24, 0x29, 0x0b, 0x0b, 0x17, 0x18, 0x0b, 0x0b, 0x18, 0x0b,
    0x0b, 0x18, 0x17, 0x07, 0x17, 0x17, 0x18, 0x0b, 0x0b, 0x18, 0x0b, 0x17,
    0x17, 0x0b, 0x18, 0x1c, 0x1a, 0x14, 0x1b, 0x20, 0x29, 0x0b, 0x0b, 0x0b,
    0x17, 0x17, 0x17, 0x0a, 0x0a, 0x07, 0x07, 0x07, 0x01, 0x01, 0x01, 0x00,
    0x01, 0x00, 0x00, 0x00, 0x00, 0x00, 0x00, 0x00, 0x00, 0x00, 0x00, 0x00,
    0x00, 0x00, 0x00, 0x00, 0x00, 0x01, 0x01, 0x08, 0x07, 0x07, 0x07, 0x07,
    0x07, 0x17, 0x17, 0x17, 0x17, 0x17, 0x17, 0x17, 0x29, 0x2f, 0x14, 0x25,
    0x1c, 0x20, 0x18, 0x0b, 0x17, 0x17, 0x17, 0x17, 0x17, 0x17, 0x17, 0x17,
    0x17, 0x17, 0x17, 0x26, 0x17, 0x17, 0x18, 0x17, 0x18, 0x17, 0x17, 0x17,
    0x18, 0x19, 0x1a, 0x14, 0x1a, 0x20, 0x17, 0x17, 0x18, 0x17, 0x17, 0x26,
    0x0b, 0x0b, 0x0b, 0x0b, 0x18, 0x0b, 0x0b, 0x0b, 0x17, 0x17, 0x18, 0x17,
    0x0b, 0x0b, 0x0b, 0x24, 0x42, 0x3b, 0x1c, 0x0b, 0x0b, 0x0b, 0x0b, 0x0b,
    0x0b, 0x0b, 0x0b, 0x18, 0x0b, 0x0b, 0x0b, 0x18, 0x17, 0x17, 0x17, 0x17,
    0x17, 0x17, 0x0b, 0x0b, 0x48, 0x4e, 0xda, 0x07, 0x0a, 0x07, 0x0a, 0x0a,
    0x0a, 0x0a, 0x01, 0x01, 0x03, 0x00, 0x01, 0x01, 0x01, 0x00, 0x01, 0x00,
    0x00, 0x00, 0x04, 0x00, 0x00, 0x00, 0x00, 0x01, 0x00, 0x00, 0x00, 0x00,
    0x00, 0x00, 0x00, 0x00, 0x00, 0x00, 0x00, 0x00, 0x00, 0x00, 0x00, 0x00,
    0x00, 0x01, 0x00, 0x00, 0x00, 0x00, 0x00, 0x00, 0x00, 0x00, 0x00, 0x00,
    0x00, 0x00, 0x00, 0x00, 0x03, 0x00, 0x08, 0x07, 0x07, 0x08, 0x0a, 0x0a,
    0x0a, 0x4c, 0x46, 0x47, 0x0b, 0x0b, 0x0b, 0x17, 0x17, 0x17, 0x18, 0x17,
    0x17, 0x17, 0x17, 0x17, 0x0b, 0x0b, 0x0b, 0x0b, 0x0b, 0x0b, 0x0b, 0x0b,
    0x18, 0x24, 0x3b, 0x3b, 0x1c, 0x20, 0x17, 0x18, 0x17, 0x0b, 0x18, 0x0b,
    0x0b, 0x0b, 0x18, 0x0b, 0x18, 0x18, 0x0b, 0x0b, 0x0b, 0x17, 0x17, 0x17,
    0x17, 0x17, 0x29, 0x3b, 0x15, 0x1a, 0x20, 0x0b, 0x18, 0x17, 0x17, 0x0b,
    0x0b, 0x0b, 0x0b, 0x18, 0x0b, 0x0b, 0x17, 0x17, 0x17, 0x17, 0x18, 0x0b,
    0x0b, 0x18, 0x0b, 0x17, 0x18, 0x0b, 0x0b, 0x24, 0x14, 0x14, 0x24, 0x20,
    0x18, 0x0b, 0x18, 0x18, 0x0b, 0x17, 0x26, 0x0a, 0x07, 0x07, 0x07, 0x08,
    0x01, 0x04, 0x01, 0x00, 0x03, 0x00, 0x00, 0x00, 0x00, 0x00, 0x00, 0x00,
    0x00, 0x00, 0x00, 0x00, 0x00, 0x00, 0x00, 0x00, 0x00, 0x00, 0x00, 0x00,
    0x07, 0x07, 0x07, 0x07, 0x07, 0x26, 0x17, 0x26, 0x17, 0x18, 0x17, 0x17,
    0x29, 0x24, 0x14, 0x22, 0x21, 0x20, 0x0b, 0x17, 0x17, 0x17, 0x26, 0x17,
    0x17, 0x26, 0x17, 0x17, 0x26, 0x17, 0x0a, 0x18, 0x17, 0x17, 0x17, 0x18,
    0x17, 0x17, 0x18, 0x0b, 0x0b, 0x20, 0x24, 0x42, 0x41, 0x1c, 0x0b, 0x17,
    0x18, 0x17, 0x17, 0x17, 0x17, 0x17, 0x18, 0x0b, 0x17, 0x17, 0x18, 0x18,
    0x0b, 0x0b, 0x18, 0x0b, 0x0b, 0x18, 0x0b, 0x20, 0x13, 0x41, 0x1a, 0x19,
    0x18, 0x0b, 0x0b, 0x18, 0x0b, 0x0b, 0x18, 0x17, 0x0b, 0x0b, 0x0b, 0x0b,
    0x17, 0x17, 0x17, 0x26, 0x17, 0x17, 0x07, 0x0b, 0x0b, 0x0c, 0x0d, 0x07,
    0x0a, 0x0a, 0x0a, 0x0a, 0x09, 0x01, 0x01, 0x01, 0x01, 0x01, 0x01, 0x00,
    0x00, 0x00, 0x00, 0x00, 0x00, 0x00, 0x04, 0x00, 0x00, 0x00, 0x00, 0x00,
    0x00, 0x00, 0x00, 0x00, 0x00, 0x00, 0x00, 0x00, 0x00, 0x00, 0x00, 0x00,
    0x00, 0x00, 0x00, 0x00, 0x00, 0x00, 0x00, 0x00, 0x00, 0x00, 0x00, 0x00,
    0x00, 0x00, 0x01, 0x00, 0x00, 0x03, 0x00, 0x00, 0x03, 0x01, 0x00, 0x08,
    0x07, 0x07, 0x07, 0x07, 0x0a, 0x0d, 0x0c, 0x0b, 0x0a, 0x0a, 0x07, 0x17,
    0x17, 0x17, 0x18, 0x17, 0x17, 0x17, 0x18, 0x18, 0x0b, 0x18, 0x0b, 0x18,
    0x0b, 0x0b, 0x0b, 0x18, 0x19, 0x3b, 0x4b, 0x1d, 0x20, 0x18, 0x0b, 0x17,
    0x17, 0x0b, 0x0b, 0x0b, 0x0b, 0x0b, 0x0b, 0x0b, 0x0b, 0x0b, 0x17, 0x18,
    0x0b, 0x17, 0x17, 0x17, 0x18, 0x20, 0x24, 0x14, 0x14, 0x24, 0x20, 0x0b,
    0x17, 0x17, 0x17, 0x18, 0x18, 0x0b, 0x17, 0x0b, 0x18, 0x17, 0x17, 0x26,
    0x17, 0x17, 0x18, 0x0b, 0x0b, 0x0b, 0x0b, 0x17, 0x18, 0x0b, 0x20, 0x3e,
    0x22, 0x2c, 0x19, 0x18, 0x0b, 0x0b, 0x0b, 0x0b, 0x17, 0x17, 0x17, 0x0a,
    0x07, 0x07, 0x07, 0x08, 0x01, 0x01, 0x00, 0x01, 0x00, 0x00, 0x00, 0x00,
    0x00, 0x00, 0x00, 0x00, 0x00, 0x00, 0x00, 0x00, 0x00, 0x00, 0x00, 0x00,
    0x00, 0x00, 0x00, 0x01, 0x08, 0x08, 0x07, 0x07, 0x07, 0x07, 0x17, 0x17,
    0x17, 0x17, 0x17, 0x17, 0x18, 0x19, 0x1b, 0x27, 0x1a, 0x19, 0x0b, 0x17,
    0x17, 0x26, 0x17, 0x17, 0x17, 0x26, 0x17, 0x17, 0x18, 0x18, 0x0b, 0x0b,
    0x18, 0x17, 0x17, 0x17, 0x17, 0x18, 0x17, 0x0b, 0x0b, 0x0b, 0x1c, 0x1a,
    0x14, 0x1a, 0x19, 0x0b, 0x17, 0x17, 0x17, 0x17, 0x17, 0x17, 0x17, 0x17,
    0x17, 0x17, 0x17, 0x0b, 0x0b, 0x18, 0x0b, 0x0b, 0x0b, 0x0b, 0x0b, 0x0b,
    0x20, 0x13, 0x4b, 0x1a, 0x19, 0x0b, 0x18, 0x17, 0x17, 0x18, 0x0b, 0x17,
    0x17, 0x17, 0x17, 0x17, 0x26, 0x17, 0x17, 0x17, 0x07, 0x07, 0x07, 0x07,
    0x07, 0x07, 0x07, 0x07, 0x0a, 0x09, 0x0a, 0x00, 0x01, 0x01, 0x00, 0x01,
    0x00, 0x00, 0x00, 0x03, 0x00, 0x00, 0x00, 0x00, 0x00, 0x00, 0x00, 0x00,
    0x00, 0x00, 0x00, 0x00, 0x00, 0x00, 0x00, 0x00, 0x00, 0x00, 0x00, 0x00,
    0x00, 0x00, 0x00, 0x00, 0x00, 0x00, 0x00, 0x00, 0x00, 0x00, 0x00, 0x00,
    0x00, 0x00, 0x00, 0x00, 0x00, 0x01, 0x00, 0x00, 0x00, 0x00, 0x00, 0x00,
    0x00, 0x00, 0x01, 0x08, 0x07, 0x07, 0x07, 0x07, 0x07, 0x07, 0x0a, 0x07,
    0x07, 0x07, 0x0a, 0x07, 0x17, 0x17, 0x17, 0x17, 0x17, 0x17, 0x17, 0x18,
    0x17, 0x17, 0x17, 0x18, 0x0b, 0x17, 0x18, 0x1c, 0x1b, 0x16, 0x39, 0x20,
    0x0b, 0x17, 0x17, 0x18, 0x17, 0x17, 0x18, 0x0b, 0x18, 0x17, 0x17, 0x17,
    0x17, 0x18, 0x17, 0x17, 0x17, 0x17, 0x26, 0x17, 0x18, 0x19, 0x1a, 0x14,
    0x21, 0x20, 0x18, 0x17, 0x17, 0x17, 0x17, 0x17, 0x17, 0x17, 0x17, 0x17,
    0x17, 0x17, 0x17, 0x17, 0x17, 0x17, 0x18, 0x0b, 0x0b, 0x18, 0x17, 0x17,
    0x0b, 0x0b, 0x24, 0x2a, 0x14, 0x1a, 0x20, 0x17, 0x17, 0x0b, 0x17, 0x18,
    0x18, 0x17, 0x07, 0x07, 0x07, 0x07, 0x0a, 0x08, 0x03, 0x00, 0x00, 0x00,
    0x00, 0x00, 0x00, 0x00, 0x00, 0x00, 0x00, 0x00, 0x00, 0x00, 0x00, 0x00,
    0x00, 0x00, 0x00, 0x00, 0x00, 0x00, 0x00, 0x01, 0x08, 0x07, 0x07, 0x07,
    0x07, 0x07, 0x17, 0x17, 0x26, 0x17, 0x17, 0x17, 0x18, 0x20, 0x24, 0x14,
    0x22, 0x21, 0x20, 0x18, 0x17, 0x17, 0x17, 0x17, 0x17, 0x17, 0x17, 0x17,
    0x17, 0x0b, 0x0b, 0x0b, 0x18, 0x17, 0x18, 0x17, 0x0b, 0x18, 0x17, 0x17,
    0x17, 0x18, 0x0b, 0x1c, 0x42, 0x14, 0x21, 0x20, 0x17, 0x26, 0x18, 0x17,
    0x18, 0x17, 0x17, 0x26, 0x17, 0x18, 0x0b, 0x0b, 0x0b, 0x0b, 0x0b, 0x18,
    0x0b, 0x0b, 0x18, 0x0b, 0x0b, 0x19, 0x3f, 0x16, 0x39, 0x20, 0x0b, 0x17,
    0x17, 0x17, 0x17, 0x17, 0x17, 0x26, 0x17, 0x17, 0x07, 0x07, 0x07, 0x07,
    0x07, 0x07, 0x07, 0x07, 0x07, 0x0a, 0x07, 0x07, 0x0a, 0x09, 0x09, 0x00,
    0x01, 0x00, 0x01, 0x00, 0x00, 0x00, 0x01, 0x03, 0x00, 0x00, 0x00, 0x00,
    0x00, 0x00, 0x00, 0x00, 0x00, 0x00, 0x00, 0x00, 0x00, 0x00, 0x00, 0x00,
    0x00, 0x00, 0x00, 0x00, 0x00, 0x00, 0x00, 0x00, 0x00, 0x00, 0x00, 0x00,
    0x00, 0x00, 0x00, 0x00, 0x00, 0x00, 0x00, 0x00, 0x00, 0x00, 0x00, 0x00,
    0x01, 0x00, 0x03, 0x00, 0x00, 0x03, 0x01, 0x03, 0x01, 0x08, 0x07, 0x07,
    0x07, 0x07, 0x07, 0x07, 0x07, 0x07, 0x07, 0x0a, 0x28, 0x17, 0x18, 0x17,
    0x26, 0x17, 0x17, 0x17, 0x17, 0x17, 0x0b, 0x0b, 0x18, 0x0b, 0x20, 0x13,
    0x16, 0x39, 0x19, 0x18, 0x0b, 0x17, 0x18, 0x0b, 0x0b, 0x17, 0x18, 0x0b,
    0x17, 0x17, 0x17, 0x17, 0x17, 0x17, 0x17, 0x17, 0x18, 0x17, 0x17, 0x17,
    0x20, 0x21, 0x14, 0x3f, 0x19, 0x0b, 0x17, 0x17, 0x26, 0x17, 0x17, 0x17,
    0x17, 0x17, 0x26, 0x17, 0x17, 0x26, 0x17, 0x17, 0x26, 0x17, 0x0b, 0x17,
    0x0b, 0x18, 0x17, 0x17, 0x18, 0x29, 0x21, 0x14, 0x25, 0x24, 0x20, 0x17,
    0x17, 0x17, 0x17, 0x18, 0x17, 0x17, 0x07, 0x07, 0x07, 0x09, 0x07, 0x00,
    0x00, 0x00, 0x00, 0x00, 0x00, 0x00, 0x00, 0x00, 0x00, 0x00, 0x00, 0x00,
    0x00, 0x00, 0x00, 0x00, 0x00, 0x00, 0x00, 0x00, 0x00, 0x00, 0x00, 0x01,
    0x00, 0x07, 0x07, 0x07, 0x07, 0x07, 0x07, 0x17, 0x17, 0x26, 0x17, 0x17,
    0x17, 0x29, 0x1c, 0x1b, 0x27, 0x1b, 0x19, 0x18, 0x18, 0x17, 0x18, 0x17,
    0x17, 0x26, 0x17, 0x17, 0x17, 0x17, 0x17, 0x18, 0x0b, 0x0b, 0x0b, 0x18,
    0x0b, 0x0b, 0x18, 0x17, 0x17, 0x18, 0x0b, 0x20, 0x39, 0x14, 0x1a, 0x1c,
    0x0b, 0x18, 0x17, 0x18, 0x17, 0x18, 0x17, 0x17, 0x17, 0x17, 0x18, 0x18,
    0x0b, 0x0b, 0x18, 0x0b, 0x0b, 0x18, 0x0b, 0x0b, 0x18, 0x0b, 0x1c, 0x3b,
    0x16, 0x13, 0x20, 0x18, 0x18, 0x17, 0x17, 0x17, 0x26, 0x17, 0x17, 0x17,
    0x07, 0x07, 0x07, 0x28, 0x07, 0x07, 0x07, 0x07, 0x07, 0x0a, 0x07, 0x0a,
    0x0a, 0x08, 0x01, 0x01, 0x01, 0x01, 0x01, 0x00, 0x00, 0x03, 0x00, 0x00,
    0x00, 0x00, 0x00, 0x00, 0x00, 0x00, 0x00, 0x00, 0x00, 0x00, 0x00, 0x00,
    0x00, 0x00, 0x00, 0x00, 0x00, 0x00, 0x00, 0x00, 0x00, 0x00, 0x00, 0x00,
    0x00, 0x00, 0x00, 0x00, 0x00, 0x00, 0x00, 0x00, 0x00, 0x00, 0x00, 0x00,
    0x00, 0x00, 0x00, 0x00, 0x00, 0x00, 0x03, 0x00, 0x00, 0x00, 0x00, 0x01,
    0x01, 0x01, 0x08, 0x07, 0x08, 0x07, 0x07, 0x07, 0x07, 0x07, 0x07, 0x07,
    0x07, 0x07, 0x07, 0x07, 0x17, 0x17, 0x17, 0x17, 0x17, 0x18, 0x18, 0x0b,
    0x0b, 0x20, 0x13, 0x16, 0x3f, 0x19, 0x0b, 0x0b, 0x18, 0x0b, 0x0b, 0x18,
    0x0b, 0x17, 0x0b, 0x18, 0x17, 0x17, 0x26, 0x17, 0x17, 0x26, 0x17, 0x17,
    0x18, 0x18, 0x0b, 0x20, 0x24, 0x42, 0x14, 0x1d, 0x0b, 0x18, 0x17, 0x17,
    0x17, 0x26, 0x17, 0x26, 0x17, 0x17, 0x17, 0x17, 0x17, 0x17, 0x17, 0x17,
    0x17, 0x18, 0x0b, 0x17, 0x17, 0x18, 0x17, 0x17, 0x0b, 0x19, 0x1a, 0x14,
    0x1b, 0x20, 0x18, 0x17, 0x17, 0x17, 0x17, 0x17, 0x17, 0x07, 0x07, 0x07,
    0x07, 0x07, 0x08, 0x00, 0x00, 0x00, 0x00, 0x00, 0x00, 0x00, 0x00, 0x00,
    0x00, 0x00, 0x00, 0x00, 0x00, 0x00, 0x00, 0x00, 0x00, 0x00, 0x00, 0x00,
    0x00, 0x00, 0x00, 0x00, 0x01, 0x07, 0x07, 0x07, 0x07, 0x07, 0x07, 0x17,
    0x17, 0x17, 0x17, 0x17, 0x17, 0x18, 0x20, 0x21, 0x22, 0x25, 0x24, 0x0b,
    0x0b, 0x0b, 0x17, 0x17, 0x17, 0x26, 0x17, 0x17, 0x26, 0x17, 0x18, 0x0b,
    0x0b, 0x0b, 0x17, 0x17, 0x0b, 0x0b, 0x17, 0x17, 0x17, 0x17, 0x17, 0x0b,
    0x20, 0x1a, 0x14, 0x1b, 0x20, 0x0b, 0x0b, 0x0b, 0x17, 0x17, 0x17, 0x17,
    0x17, 0x17, 0x17, 0x17, 0x17, 0x18, 0x17, 0x17, 0x17, 0x17, 0x0b, 0x17,
    0x18, 0x0b, 0x0b, 0x1c, 0x3b, 0x15, 0x13, 0x0b, 0x0b, 0x18, 0x17, 0x17,
    0x17, 0x17, 0x17, 0x26, 0x07, 0x07, 0x07, 0x07, 0x07, 0x07, 0x07, 0x07,
    0x07, 0x07, 0x08, 0x07, 0x08, 0x01, 0x01, 0x01, 0x01, 0x01, 0x01, 0x00,
    0x00, 0x00, 0x00, 0x00, 0x00, 0x03, 0x00, 0x00, 0x00, 0x00, 0x00, 0x00,
    0x00, 0x00, 0x00, 0x00, 0x00, 0x00, 0x00, 0x00, 0x00, 0x00, 0x00, 0x00,
    0x00, 0x00, 0x00, 0x00, 0x00, 0x00, 0x00, 0x00, 0x00, 0x00, 0x00, 0x00,
    0x00, 0x00, 0x00, 0x00, 0x00, 0x00, 0x00, 0x00, 0x00, 0x01, 0x03, 0x00,
    0x00, 0x00, 0x00, 0x00, 0x00, 0x00, 0x01, 0x08, 0x08, 0x0a, 0x07, 0x08,
    0x07, 0x07, 0x07, 0x07, 0x07, 0x07, 0x07, 0x07, 0x0a, 0x0a, 0x26, 0x17,
    0x17, 0x18, 0x0b, 0x0b, 0x20, 0x13, 0x16, 0x3f, 0x19, 0x0b, 0x18, 0x0b,
    0x0b, 0x0b, 0x0b, 0x0b, 0x18, 0x17, 0x0b, 0x18, 0x17, 0x17, 0x17, 0x17,
    0x17, 0x17, 0x18, 0x0b, 0x0b, 0x0b, 0x18, 0x40, 0x1a, 0x14, 0x1b, 0x19,
    0x18, 0x0b, 0x17, 0x17, 0x18, 0x17, 0x17, 0x17, 0x26, 0x17, 0x17, 0x26,
    0x17, 0x17, 0x26, 0x17, 0x17, 0x18, 0x17, 0x17, 0x17, 0x18, 0x17, 0x17,
    0x20, 0x21, 0x14, 0x25, 0x24, 0x29, 0x18, 0x0b, 0x18, 0x17, 0x17, 0x17,
    0x17, 0x07, 0x07, 0x07, 0x07, 0x07, 0x00, 0x01, 0x00, 0x00, 0x00, 0x00,
    0x00, 0x00, 0x00, 0x00, 0x00, 0x00, 0x00, 0x00, 0x00, 0x00, 0x00, 0x00,
    0x00, 0x00, 0x00, 0x00, 0x00, 0x00, 0x00, 0x00, 0x01, 0xdb, 0x07, 0x07,
    0x07, 0x07, 0x07, 0x26, 0x17, 0x17, 0x26, 0x17, 0x17, 0x0b, 0x20, 0x24,
    0x2a, 0x14, 0x1a, 0x20, 0x0b, 0x18, 0x17, 0x17, 0x17, 0x17, 0x17, 0x17,
    0x17, 0x17, 0x17, 0x18, 0x0b, 0x18, 0x17, 0x17, 0x18, 0x18, 0x0b, 0x18,
    0x18, 0x17, 0x17, 0x18, 0x20, 0x24, 0x14, 0x14, 0x21, 0x20, 0x17, 0x18,
    0x17, 0x17, 0x26, 0x17, 0x17, 0x26, 0x0b, 0x0b, 0x18, 0x0b, 0x17, 0x17,
    0x17, 0x17, 0x17, 0x18, 0x0b, 0x0b, 0x0b, 0x0b, 0x1c, 0x3b, 0x4a, 0x13,
    0x20, 0x0b, 0x17, 0x17, 0x28, 0x07, 0x07, 0x07, 0x07, 0x07, 0x07, 0x07,
    0x07, 0x07, 0x07, 0x07, 0x07, 0x08, 0x0a, 0x04, 0x00, 0x01, 0x01, 0x04,
    0x01, 0x01, 0x01, 0x00, 0x00, 0x00, 0x00, 0x00, 0x02, 0x00, 0x00, 0x00,
    0x00, 0x00, 0x00, 0x00, 0x00, 0x00, 0x00, 0x00, 0x00, 0x00, 0x00, 0x00,
    0x00, 0x00, 0x00, 0x00, 0x00, 0x00, 0x00, 0x00, 0x00, 0x00, 0x00, 0x00,
    0x00, 0x00, 0x00, 0x00, 0x00, 0x00, 0x00, 0x00, 0x00, 0x00, 0x00, 0x00,
    0x00, 0x00, 0x00, 0x00, 0x00, 0x01, 0x01, 0x00, 0x01, 0x01, 0x00, 0x01,
    0x07, 0x09, 0x07, 0x07, 0x07, 0x0a, 0x07, 0x07, 0x07, 0x07, 0x07, 0x0a,
    0x07, 0x07, 0x07, 0x17, 0x17, 0x17, 0x0b, 0x19, 0x13, 0x16, 0x3f, 0x1c,
    0x0b, 0x18, 0x0b, 0x0b, 0x18, 0x0b, 0x0b, 0x18, 0x0b, 0x17, 0x0b, 0x0b,
    0x17, 0x17, 0x26, 0x17, 0x17, 0x17, 0x18, 0x0b, 0x0b, 0x0b, 0x20, 0x13,
    0x14, 0x1b, 0x1c, 0x20, 0x0b, 0x18, 0x0b, 0x18, 0x0b, 0x17, 0x18, 0x17,
    0x17, 0x17, 0x17, 0x26, 0x17, 0x17, 0x17, 0x17, 0x18, 0x0b, 0x17, 0x17,
    0x17, 0x17, 0x17, 0x18, 0x1c, 0x1a, 0x14, 0x1b, 0x20, 0x20, 0x17, 0x0b,
    0x18, 0x17, 0x17, 0x26, 0x07, 0x07, 0x07, 0x07, 0x07, 0x08, 0x01, 0x03,
    0x00, 0x00, 0x00, 0x00, 0x00, 0x00, 0x00, 0x00, 0x00, 0x00, 0x00, 0x00,
    0x00, 0x00, 0x00, 0x00, 0x00, 0x00, 0x00, 0x00, 0x00, 0x00, 0x00, 0x00,
    0x01, 0x00, 0x07, 0x07, 0x07, 0x07, 0x07, 0x07, 0x17, 0x17, 0x17, 0x26,
    0x17, 0x17, 0x18, 0x20, 0x2f, 0x14, 0x2a, 0x24, 0x18, 0x0b, 0x18, 0x17,
    0x17, 0x26, 0x17, 0x17, 0x26, 0x17, 0x17, 0x0b, 0x18, 0x0b, 0x0b, 0x18,
    0x17, 0x17, 0x0b, 0x0b, 0x0b, 0x18, 0x0b, 0x0b, 0x18, 0x20, 0x21, 0x14,
    0x3f, 0x1c, 0x18, 0x17, 0x17, 0x17, 0x17, 0x17, 0x17, 0x18, 0x18, 0x0b,
    0x0b, 0x0b, 0x17, 0x17, 0x26, 0x18, 0x0b, 0x17, 0x17, 0x18, 0x0b, 0x0b,
    0x0b, 0x1c, 0x3b, 0x16, 0x21, 0x0b, 0x18, 0x17, 0x07, 0x0a, 0x07, 0x0a,
    0x07, 0x07, 0x07, 0x07, 0x07, 0x07, 0x07, 0x07, 0x08, 0x0a, 0x08, 0x04,
    0x01, 0x01, 0x01, 0x01, 0x04, 0x01, 0x01, 0x00, 0x01, 0x00, 0x00, 0x00,
    0x00, 0x00, 0x00, 0x00, 0x00, 0x00, 0x00, 0x00, 0x00, 0x00, 0x00, 0x00,
    0x00, 0x00, 0x00, 0x00, 0x00, 0x00, 0x00, 0x00, 0x00, 0x00, 0x00, 0x00,
    0x00, 0x00, 0x00, 0x00, 0x00, 0x00, 0x00, 0x00, 0x00, 0x00, 0x00, 0x00,
    0x00, 0x00, 0x00, 0x00, 0x00, 0x00, 0x01, 0x00, 0x00, 0x03, 0x00, 0x01,
    0x01, 0x01, 0x01, 0x01, 0x08, 0x0a, 0x0a, 0x07, 0x07, 0x07, 0x07, 0x07,
    0x07, 0x07, 0x07, 0x0a, 0x0a, 0x07, 0x07, 0x17, 0x17, 0x18, 0x40, 0x13,
    0x15, 0x3b, 0x1c, 0x0b, 0x0b, 0x0b, 0x0b, 0x0b, 0x18, 0x0b, 0x0b, 0x0b,
    0x0b, 0x17, 0x18, 0x18, 0x17, 0x17, 0x17, 0x26, 0x17, 0x17, 0x18, 0x0b,
    0x18, 0x20, 0x24, 0x14, 0x14, 0x1d, 0x20, 0x18, 0x0b, 0x0b, 0x17, 0x0b,
    0x17, 0x0b, 0x18, 0x17, 0x17, 0x17, 0x17, 0x17, 0x17, 0x17, 0x26, 0x17,
    0x18, 0x0b, 0x18, 0x17, 0x17, 0x18, 0x17, 0x20, 0x21, 0x25, 0x14, 0x21,
    0x20, 0x17, 0x17, 0x17, 0x18, 0x0b, 0x17, 0x17, 0x07, 0x07, 0x07, 0x07,
    0x0a, 0x08, 0x01, 0x01, 0x00, 0x00, 0x00, 0x00, 0x00, 0x00, 0x00, 0x00,
    0x00, 0x00, 0x00, 0x00, 0x00, 0x00, 0x00, 0x00, 0x00, 0x00, 0x00, 0x00,
    0x00, 0x00, 0x00, 0x00, 0x01, 0x00, 0x08, 0x07, 0x07, 0x07, 0x07, 0x07,
    0x17, 0x17, 0x17, 0x17, 0x17, 0x17, 0x18, 0x20, 0x24, 0x1a, 0x27, 0x1b,
    0x19, 0x0b, 0x18, 0x18, 0x17, 0x17, 0x17, 0x17, 0x17, 0x17, 0x17, 0x17,
    0x0b, 0x0b, 0x0b, 0x0b, 0x17, 0x17, 0x17, 0x17, 0x0b, 0x0b, 0x0b, 0x0b,
    0x0b, 0x0b, 0x1c, 0x1a, 0x14, 0x1a, 0x20, 0x0b, 0x17, 0x17, 0x26, 0x17,
    0x18, 0x0b, 0x17, 0x17, 0x17, 0x17, 0x17, 0x17, 0x17, 0x17, 0x17, 0x17,
    0x17, 0x18, 0x0b, 0x0b, 0x18, 0x0b, 0x1c, 0x3f, 0x15, 0x13, 0x19, 0x0b,
    0x18, 0x0a, 0x07, 0x0a, 0x07, 0x07, 0x07, 0x07, 0x07, 0x07, 0x07, 0x0a,
    0x08, 0x09, 0x01, 0x00, 0x01, 0x01, 0x01, 0x01, 0x00, 0x00, 0x00, 0x00,
    0x01, 0x00, 0x00, 0x00, 0x00, 0x00, 0x00, 0x00, 0x00, 0x00, 0x00, 0x00,
    0x00, 0x00, 0x00, 0x00, 0x00, 0x00, 0x00, 0x00, 0x00, 0x00, 0x00, 0x00,
    0x00, 0x00, 0x00, 0x00, 0x00, 0x00, 0x00, 0x00, 0x00, 0x00, 0x00, 0x00,
    0x00, 0x00, 0x00, 0x00, 0x00, 0x00, 0x00, 0x00, 0x00, 0x00, 0x00, 0x00,
    0x00, 0x00, 0x03, 0x00, 0x00, 0x03, 0x01, 0x01, 0x00, 0x01, 0x08, 0x07,
    0x07, 0x07, 0x07, 0x07, 0x07, 0x07, 0x07, 0x07, 0x0a, 0x07, 0x07, 0x17,
    0x18, 0x19, 0x38, 0x15, 0x3b, 0x19, 0x0b, 0x17, 0x17, 0x18, 0x0b, 0x0b,
    0x0b, 0x18, 0x0b, 0x18, 0x0b, 0x0b, 0x0b, 0x18, 0x17, 0x17, 0x17, 0x17,
    0x17, 0x17, 0x17, 0x18, 0x0b, 0x1c, 0x1a, 0x14, 0x1b, 0x19, 0x0b, 0x18,
    0x0b, 0x0b, 0x17, 0x17, 0x17, 0x17, 0x18, 0x17, 0x17, 0x26, 0x17, 0x17,
    0x26, 0x17, 0x17, 0x17, 0x0b, 0x18, 0x0b, 0x17, 0x17, 0x17, 0x18, 0x1c,
    0x1a, 0x27, 0x1b, 0x2e, 0x3c, 0x17, 0x17, 0x17, 0x17, 0x18, 0x17, 0x17,
    0x07, 0x07, 0x07, 0x07, 0x08, 0x01, 0x01, 0x00, 0x00, 0x00, 0x00, 0x00,
    0x00, 0x00, 0x00, 0x00, 0x00, 0x00, 0x00, 0x00, 0x00, 0x00, 0x00, 0x00,
    0x00, 0x00, 0x00, 0x00, 0x00, 0x00, 0x00, 0x00, 0x00, 0x00, 0x01, 0x08,
    0x07, 0x07, 0x07, 0x07, 0x28, 0x17, 0x17, 0x26, 0x17, 0x17, 0x17, 0x18,
    0x20, 0x21, 0x22, 0x14, 0x24, 0x20, 0x0b, 0x17, 0x17, 0x17, 0x26, 0x17,
    0x17, 0x26, 0x17, 0x17, 0x18, 0x18, 0x0b, 0x0b, 0x17, 0x17, 0x17, 0x18,
    0x18, 0x0b, 0x18, 0x0b, 0x0b, 0x0b, 0x20, 0x24, 0x3b, 0x14, 0x39, 0x29,
    0x18, 0x0b, 0x17, 0x17, 0x17, 0x0b, 0x0b, 0x17, 0x17, 0x26, 0x17, 0x17,
    0x17, 0x17, 0x17, 0x17, 0x17, 0x17, 0x17, 0x17, 0x18, 0x17, 0x0b, 0x19,
    0x3b, 0x16, 0x52, 0x19, 0x0b, 0x07, 0x0a, 0x0a, 0x0a, 0x07, 0x07, 0x07,
    0x07, 0x07, 0x0a, 0x0a, 0x0a, 0x07, 0x08, 0x01, 0x01, 0x01, 0x01, 0x01,
    0x01, 0x00, 0x01, 0x00, 0x00, 0x00, 0x00, 0x00, 0x00, 0x00, 0x00, 0x00,
    0x00, 0x00, 0x00, 0x00, 0x00, 0x00, 0x00, 0x00, 0x00, 0x00, 0x00, 0x00,
    0x00, 0x00, 0x00, 0x00, 0x00, 0x00, 0x00, 0x00, 0x00, 0x00, 0x00, 0x00,
    0x00, 0x00, 0x00, 0x00, 0x00, 0x00, 0x00, 0x00, 0x00, 0x00, 0x00, 0x00,
    0x00, 0x00, 0x00, 0x00, 0x00, 0x00, 0x00, 0x00, 0x03, 0x00, 0x01, 0x01,
    0x01, 0x00, 0x01, 0x00, 0x08, 0x08, 0x0a, 0x07, 0x07, 0x07, 0x07, 0x07,
    0x07, 0x07, 0x0a, 0x18, 0x19, 0x38, 0x4a, 0x38, 0x19, 0x0b, 0x18, 0x0b,
    0x18, 0x0b, 0x18, 0x0b, 0x0b, 0x0b, 0x0b, 0x18, 0x0b, 0x0b, 0x0b, 0x17,
    0x17, 0x17, 0x26, 0x17, 0x17, 0x17, 0x18, 0x0b, 0x19, 0x1a, 0x14, 0x1b,
    0x1c, 0x0b, 0x18, 0x17, 0x17, 0x18, 0x18, 0x17, 0x17, 0x17, 0x18, 0x17,
    0x17, 0x17, 0x17, 0x17, 0x17, 0x17, 0x17, 0x18, 0x0b, 0x0b, 0x18, 0x0b,
    0x17, 0x18, 0x20, 0x21, 0x14, 0x14, 0x24, 0x20, 0x17, 0x17, 0x17, 0x18,
    0x17, 0x17, 0x17, 0x28, 0x07, 0x07, 0x0a, 0x07, 0x07, 0x01, 0x01, 0x00,
    0x00, 0x00, 0x00, 0x00, 0x00, 0x00, 0x00, 0x00, 0x00, 0x00, 0x00, 0x00,
    0x00, 0x00, 0x00, 0x00, 0x00, 0x00, 0x00, 0x00, 0x00, 0x00, 0x00, 0x00,
    0x00, 0x00, 0x01, 0x07, 0x07, 0x07, 0x07, 0x07, 0x07, 0x17, 0x17, 0x17,
    0x26, 0x17, 0x17, 0x0b, 0x20, 0x1c, 0x1b, 0x27, 0x1a, 0x20, 0x0b, 0x17,
    0x17, 0x17, 0x18, 0x17, 0x17, 0x26, 0x17, 0x17, 0x17, 0x18, 0x0b, 0x18,
    0x18, 0x17, 0x17, 0x18, 0x17, 0x0b, 0x0b, 0x18, 0x18, 0x17, 0x0b, 0x20,
    0x24, 0x14, 0x14, 0x24, 0x20, 0x18, 0x17, 0x17, 0x18, 0x17, 0x17, 0x17,
    0x18, 0x18, 0x18, 0x17, 0x26, 0x17, 0x26, 0x18, 0x17, 0x18, 0x17, 0x0b,
    0x0b, 0x17, 0x17, 0x18, 0x19, 0x3b, 0x16, 0x3b, 0x19, 0x0b, 0x07, 0x0a,
    0x07, 0x07, 0x07, 0x07, 0x0a, 0x08, 0x0a, 0x09, 0x0a, 0x07, 0x04, 0x01,
    0x01, 0x01, 0x01, 0x01, 0x03, 0x00, 0x00, 0x04, 0x04, 0x04, 0x04, 0x00,
    0x00, 0x00, 0x00, 0x00, 0x00, 0x00, 0x00, 0x00, 0x00, 0x00, 0x00, 0x00,
    0x00, 0x00, 0x00, 0x00, 0x00, 0x00, 0x00, 0x00, 0x00, 0x00, 0x00, 0x00,
    0x00, 0x00, 0x00, 0x00, 0x00, 0x00, 0x00, 0x00, 0x00, 0x00, 0x00, 0x00,
    0x00, 0x00, 0x00, 0x00, 0x00, 0x04, 0x00, 0x00, 0x00, 0x00, 0x00, 0x00,
    0x00, 0x03, 0x00, 0x00, 0x01, 0x00, 0x01, 0x00, 0x00, 0x07, 0x08, 0x07,
    0x07, 0x07, 0x07, 0x07, 0x07, 0x07, 0x18, 0x47, 0x3b, 0x15, 0x13, 0x19,
    0x0b, 0x0b, 0x0b, 0x0b, 0x0b, 0x0b, 0x0b, 0x18, 0x0b, 0x0b, 0x0b, 0x0b,
    0x18, 0x0b, 0x18, 0x0b, 0x18, 0x18, 0x0b, 0x17, 0x17, 0x26, 0x0b, 0x20,
    0x21, 0x14, 0x14, 0x24, 0x20, 0x18, 0x17, 0x17, 0x17, 0x17, 0x17, 0x17,
    0x17, 0x18, 0x0b, 0x0b, 0x17, 0x17, 0x26, 0x17, 0x17, 0x26, 0x17, 0x18,
    0x0b, 0x0b, 0x17, 0x17, 0x17, 0x29, 0x1c, 0x1b, 0x14, 0x1b, 0x2e, 0x3c,
    0x17, 0x17, 0x17, 0x18, 0x17, 0x17, 0x17, 0x07, 0x07, 0x08, 0x07, 0x07,
    0x00, 0x00, 0x01, 0x00, 0x00, 0x00, 0x00, 0x00, 0x00, 0x00, 0x00, 0x00,
    0x00, 0x00, 0x00, 0x00, 0x00, 0x00, 0x00, 0x00, 0x00, 0x00, 0x00, 0x00,
    0x00, 0x00, 0x00, 0x00, 0x00, 0x01, 0x00, 0x01, 0x08, 0x07, 0x07, 0x07,
    0x07, 0x07, 0x17, 0x17, 0x17, 0x17, 0x17, 0x18, 0x0b, 0x20, 0x24, 0x14,
    0x14, 0x21, 0x20, 0x18, 0x18, 0x0b, 0x18, 0x17, 0x17, 0x17, 0x17, 0x17,
    0x18, 0x0b, 0x0b, 0x0b, 0x17, 0x17, 0x17, 0x18, 0x17, 0x17, 0x0b, 0x0b,
    0x0b, 0x18, 0x0b, 0x18, 0x19, 0x1a, 0x14, 0x3f, 0x24, 0x29, 0x0b, 0x18,
    0x0b, 0x17, 0x17, 0x17, 0x18, 0x0b, 0x17, 0x17, 0x17, 0x17, 0x17, 0x17,
    0x18, 0x17, 0x17, 0x18, 0x18, 0x17, 0x17, 0x0b, 0x0b, 0x19, 0x13, 0x4a,
    0x46, 0x0d, 0x07, 0x07, 0x07, 0x07, 0x0a, 0x0a, 0x09, 0x0a, 0x09, 0x04,
    0x04, 0x04, 0x00, 0x04, 0x01, 0x01, 0x04, 0x00, 0x00, 0x00, 0x00, 0x00,
    0x00, 0x00, 0x00, 0x00, 0x00, 0x00, 0x00, 0x00, 0x00, 0x00, 0x00, 0x00,
    0x00, 0x00, 0x00, 0x00, 0x00, 0x00, 0x00, 0x00, 0x00, 0x00, 0x00, 0x00,
    0x00, 0x00, 0x00, 0x00, 0x00, 0x00, 0x00, 0x00, 0x00, 0x00, 0x00, 0x00,
    0x00, 0x00, 0x00, 0x00, 0x00, 0x00, 0x00, 0x00, 0x00, 0x00, 0x00, 0x00,
    0x00, 0x00, 0x00, 0x00, 0x00, 0x49, 0x00, 0x00, 0x00, 0x00, 0x00, 0x00,
    0x01, 0x08, 0x08, 0x07, 0x07, 0x08, 0x07, 0x07, 0x07, 0x07, 0x0b, 0x46,
    0x4a, 0x13, 0x0c, 0x0b, 0x0b, 0x18, 0x0b, 0x0b, 0x18, 0x0b, 0x0b, 0x0b,
    0x18, 0x0b, 0x0b, 0x18, 0x0b, 0x17, 0x0b, 0x0b, 0x0b, 0x0b, 0x18, 0x0b,
    0x17, 0x18, 0x20, 0x24, 0x14, 0x14, 0x1d, 0x20, 0x17, 0x0b, 0x17, 0x17,
    0x17, 0x18, 0x17, 0x17, 0x18, 0x0b, 0x17, 0x18, 0x18, 0x18, 0x17, 0x17,
    0x17, 0x17, 0x17, 0x0b, 0x18, 0x17, 0x17, 0x17, 0x18, 0x20, 0x21, 0x14,
    0x25, 0x24, 0x29, 0x0b, 0x17, 0x17, 0x17, 0x17, 0x17, 0x17, 0x2b, 0x07,
    0x07, 0x08, 0x07, 0x07, 0x00, 0x01, 0x01, 0x00, 0x00, 0x00, 0x00, 0x00,
    0x00, 0x00, 0x00, 0x00, 0x00, 0x00, 0x00, 0x00, 0x00, 0x00, 0x00, 0x00,
    0x00, 0x00, 0x00, 0x00, 0x00, 0x00, 0x00, 0x01, 0x04, 0x01, 0x01, 0x01,
    0x08, 0x07, 0x07, 0x07, 0x07, 0x07, 0x26, 0x17, 0x17, 0x17, 0x17, 0x17,
    0x18, 0x20, 0x20, 0x1a, 0x14, 0x2c, 0x19, 0x0b, 0x0b, 0x0b, 0x0b, 0x18,
    0x17, 0x17, 0x17, 0x17, 0x17, 0x17, 0x0b, 0x18, 0x17, 0x17, 0x18, 0x17,
    0x17, 0x18, 0x0b, 0x0b, 0x0b, 0x0b, 0x0b, 0x0b, 0x0b, 0x19, 0x1a, 0x14,
    0x1a, 0x1c, 0x0b, 0x0b, 0x18, 0x17, 0x17, 0x17, 0x18, 0x0b, 0x0b, 0x17,
    0x17, 0x17, 0x17, 0x17, 0x18, 0x17, 0x17, 0x17, 0x17, 0x17, 0x17, 0x17,
    0x0b, 0x0b, 0x0b, 0x31, 0x32, 0xc9, 0x0a, 0x07, 0x07, 0x07, 0x0a, 0x0a,
    0x0a, 0x06, 0x04, 0x01, 0x00, 0x01, 0x01, 0x01, 0x01, 0x00, 0x04, 0x00,
    0x00, 0x00, 0x00, 0x00, 0x00, 0x00, 0x00, 0x00, 0x00, 0x00, 0x00, 0x00,
    0x00, 0x00, 0x00, 0x00, 0x00, 0x00, 0x00, 0x00, 0x00, 0x00, 0x00, 0x00,
    0x00, 0x00, 0x00, 0x00, 0x00, 0x00, 0x00, 0x00, 0x00, 0x00, 0x00, 0x00,
    0x00, 0x00, 0x00, 0x00, 0x00, 0x00, 0x00, 0x00, 0x00, 0x00, 0x00, 0x00,
    0x00, 0x00, 0x00, 0x00, 0x00, 0x00, 0x00, 0x00, 0x00, 0x00, 0x00, 0x00,
    0x00, 0x00, 0x00, 0x01, 0x01, 0x01, 0x00, 0x07, 0x08, 0x07, 0x07, 0x07,
    0x07, 0x07, 0x0b, 0x4c, 0x47, 0x0b, 0x0b, 0x0a, 0x0a, 0x0b, 0x18, 0x0b,
    0x0b, 0x18, 0x0b, 0x0b, 0x0b, 0x18, 0x17, 0x17, 0x17, 0x18, 0x0b, 0x0b,
    0x0b, 0x17, 0x18, 0x0b, 0x0b, 0x29, 0x24, 0x42, 0x14, 0x1b, 0x19, 0x18,
    0x17, 0x17, 0x17, 0x17, 0x17, 0x18, 0x18, 0x17, 0x17, 0x17, 0x17, 0x17,
    0x17, 0x17, 0x17, 0x17, 0x26, 0x17, 0x17, 0x17, 0x18, 0x17, 0x18, 0x18,
    0x0b, 0x24, 0x2a, 0x14, 0x1a, 0x19, 0x0b, 0x17, 0x17, 0x18, 0x17, 0x18,
    0x18, 0x17, 0x07, 0x07, 0x07, 0x08, 0x08, 0x08, 0x01, 0x01, 0x01, 0x00,
    0x00, 0x00, 0x00, 0x00, 0x00, 0x00, 0x00, 0x00, 0x00, 0x00, 0x00, 0x00,
    0x00, 0x00, 0x00, 0x00, 0x00, 0x00, 0x00, 0x00, 0x00, 0x00, 0x00, 0x00,
    0x00, 0x00, 0x01, 0x00, 0x01, 0x0a, 0x08, 0x0a, 0x07, 0x07, 0x07, 0x17,
    0x26, 0x17, 0x17, 0x17, 0x17, 0x18, 0x20, 0x24, 0x22, 0x14, 0x21, 0x20,
    0x0b, 0x18, 0x0b, 0x0b, 0x17, 0x26, 0x18, 0x17, 0x17, 0x18, 0x0b, 0x0b,
    0x18, 0x0b, 0x0b, 0x17, 0x0b, 0x18, 0x0b, 0x18, 0x0b, 0x0b, 0x18, 0x0b,
    0x0b, 0x0b, 0x1c, 0x1a, 0x14, 0x1b, 0x19, 0x0b, 0x18, 0x17, 0x18, 0x17,
    0x0b, 0x18, 0x0b, 0x17, 0x26, 0x17, 0x17, 0x17, 0x17, 0x17, 0x17, 0x17,
    0x17, 0x17, 0x26, 0x17, 0x07, 0x07, 0x0b, 0x0b, 0x0b, 0x0a, 0x0a, 0x07,
    0x07, 0x09, 0x0a, 0x01, 0x04, 0x01, 0x01, 0x01, 0x01, 0x01, 0x00, 0x00,
    0x00, 0x00, 0x00, 0x00, 0x00, 0x00, 0x00, 0x00, 0x00, 0x00, 0x00, 0x00,
    0x00, 0x00, 0x00, 0x00, 0x00, 0x00, 0x00, 0x00, 0x00, 0x00, 0x00, 0x00,
    0x00, 0x00, 0x00, 0x00, 0x00, 0x00, 0x00, 0x00, 0x00, 0x00, 0x00, 0x00,
    0x00, 0x00, 0x00, 0x00, 0x00, 0x00, 0x00, 0x00, 0x00, 0x00, 0x00, 0x00,
    0x00, 0x00, 0x00, 0x00, 0x00, 0x00, 0x00, 0x00, 0x00, 0x00, 0x00, 0x00,
    0x00, 0x00, 0x00, 0x00, 0x00, 0x00, 0x03, 0x00, 0x00, 0x01, 0x01, 0x01,
    0x08, 0x07, 0x07, 0x07, 0x07, 0x07, 0x07, 0x0a, 0x18, 0x0b, 0x0a, 0x07,
    0x07, 0x0a, 0x17, 0x0a, 0x0b, 0x17, 0x18, 0x0b, 0x0b, 0x0b, 0x18, 0x0b,
    0x0b, 0x18, 0x0b, 0x18, 0x0b, 0x0b, 0x0b, 0x0b, 0x18, 0x19, 0x3b, 0x16,
    0x1b, 0x19, 0x0b, 0x17, 0x17, 0x26, 0x17, 0x18, 0x17, 0x17, 0x0b, 0x17,
    0x17, 0x17, 0x17, 0x17, 0x17, 0x17, 0x17, 0x17, 0x17, 0x26, 0x17, 0x17,
    0x17, 0x0b, 0x0b, 0x0b, 0x20, 0x1a, 0x14, 0x25, 0x24, 0x29, 0x0b, 0x18,
    0x17, 0x17, 0x18, 0x0b, 0x17, 0x07, 0x0a, 0x07, 0x07, 0x07, 0x0a, 0x00,
    0x01, 0x01, 0x00, 0x00, 0x00, 0x00, 0x00, 0x00, 0x00, 0x00, 0x00, 0x00,
    0x00, 0x00, 0x00, 0x00, 0x00, 0x00, 0x00, 0x00, 0x00, 0x00, 0x00, 0x00,
    0x00, 0x00, 0x00, 0x00, 0x01, 0x01, 0x00, 0x01, 0x01, 0x07, 0x07, 0x07,
    0x07, 0x07, 0x07, 0x17, 0x17, 0x26, 0x17, 0x17, 0x17, 0x18, 0x20, 0x20,
    0x3e, 0x14, 0x14, 0x24, 0x29, 0x0b, 0x0b, 0x18, 0x0b, 0x0b, 0x17, 0x17,
    0x18, 0x17, 0x17, 0x0b, 0x18, 0x0b, 0x0b, 0x17, 0x17, 0x17, 0x17, 0x0b,
    0x18, 0x0b, 0x0b, 0x17, 0x18, 0x0b, 0x0b, 0x1c, 0x1a, 0x14, 0x3e, 0x19,
    0x0b, 0x0b, 0x18, 0x0b, 0x0b, 0x0b, 0x17, 0x17, 0x17, 0x26, 0x17, 0x17,
    0x17, 0x18, 0x18, 0x17, 0x17, 0x07, 0x07, 0x07, 0x07, 0x07, 0x07, 0x07,
    0x07, 0x0a, 0x07, 0x0a, 0x0a, 0x09, 0x08, 0x00, 0x01, 0x01, 0x01, 0x06,
    0x02, 0x06, 0x06, 0x00, 0x00, 0x00, 0x00, 0x00, 0x00, 0x00, 0x00, 0x00,
    0x00, 0x00, 0x00, 0x00, 0x00, 0x00, 0x00, 0x00, 0x00, 0x00, 0x00, 0x00,
    0x00, 0x00, 0x00, 0x00, 0x00, 0x00, 0x00, 0x00, 0x00, 0x00, 0x00, 0x00,
    0x00, 0x00, 0x00, 0x00, 0x00, 0x00, 0x00, 0x00, 0x00, 0x00, 0x00, 0x00,
    0x00, 0x00, 0x00, 0x00, 0x00, 0x00, 0x00, 0x00, 0x00, 0x00, 0x00, 0x00,
    0x00, 0x00, 0x00, 0x00, 0x00, 0x00, 0x00, 0x00, 0x00, 0x00, 0x00, 0x01,
    0x01, 0x00, 0x01, 0x01, 0x08, 0x08, 0x08, 0x08, 0x07, 0xd8, 0x07, 0x07,
    0x07, 0x07, 0x07, 0x07, 0x07, 0x07, 0x0a, 0x0a, 0x0a, 0x0b, 0x0b, 0x18,
    0x17, 0x17, 0x17, 0x17, 0x0b, 0x17, 0x0b, 0x0b, 0x18, 0x0b, 0x0b, 0x18,
    0x1c, 0x1b, 0x14, 0x1b, 0x1c, 0x18, 0x17, 0x17, 0x17, 0x18, 0x17, 0x18,
    0x0b, 0x17, 0x17, 0x17, 0x26, 0x17, 0x17, 0x26, 0x17, 0x17, 0x26, 0x17,
    0x17, 0x17, 0x17, 0x17, 0x17, 0x18, 0x0b, 0x20, 0x24, 0x14, 0x14, 0x1d,
    0x20, 0x0b, 0x18, 0x0b, 0x17, 0x17, 0x17, 0x18, 0x0a, 0x07, 0x07, 0x07,
    0x07, 0x07, 0x01, 0x01, 0x04, 0x00, 0x03, 0x00, 0x00, 0x00, 0x00, 0x00,
    0x00, 0x00, 0x00, 0x00, 0x00, 0x00, 0x00, 0x00, 0x00, 0x00, 0x00, 0x00,
    0x00, 0x00, 0x00, 0x00, 0x00, 0x00, 0x00, 0x00, 0x00, 0x00, 0x01, 0x01,
    0x01, 0x01, 0x07, 0x07, 0x07, 0x07, 0x07, 0x07, 0x17, 0x17, 0x18, 0x17,
    0x18, 0x0b, 0x0b, 0x20, 0x24, 0x22, 0x14, 0x1b, 0x19, 0x20, 0x0b, 0x18,
    0x17, 0x0b, 0x17, 0x17, 0x18, 0x0b, 0x17, 0x18, 0x0b, 0x0b, 0x18, 0x18,
    0x17, 0x17, 0x17, 0x18, 0x0b, 0x0b, 0x18, 0x17, 0x0b, 0x18, 0x0b, 0x20,
    0x24, 0x42, 0x14, 0x13, 0x19, 0x0b, 0x17, 0x18, 0x0b, 0x18, 0x17, 0x17,
    0x17, 0x17, 0x26, 0x17, 0x17, 0x18, 0x07, 0x07, 0x07, 0x07, 0x07, 0x07,
    0x07, 0x07, 0x07, 0x07, 0x07, 0x07, 0x0a, 0x0a, 0x04, 0x04, 0x00, 0x00,
    0x06, 0x03, 0x03, 0x03, 0x06, 0x01, 0x01, 0x00, 0x00, 0x00, 0x00, 0x00,
    0x00, 0x00, 0x00, 0x00, 0x00, 0x00, 0x00, 0x00, 0x00, 0x00, 0x00, 0x00,
    0x00, 0x00, 0x00, 0x00, 0x00, 0x00, 0x00, 0x00, 0x00, 0x00, 0x00, 0x00,
    0x00, 0x00, 0x00, 0x00, 0x00, 0x00, 0x00, 0x00, 0x00, 0x00, 0x00, 0x00,
    0x00, 0x00, 0x00, 0x00, 0x00, 0x00, 0x00, 0x00, 0x00, 0x00, 0x00, 0x00,
    0x00, 0x00, 0x00, 0x00, 0x00, 0x00, 0x00, 0x00, 0x00, 0x00, 0x00, 0x00,
    0x00, 0x00, 0x00, 0x01, 0x00, 0x01, 0x01, 0x01, 0x00, 0x01, 0x01, 0x07,
    0x07, 0x07, 0x07, 0x07, 0x07, 0x07, 0x07, 0x07, 0x07, 0x07, 0x0a, 0x07,
    0x07, 0x07, 0x17, 0x17, 0x17, 0x17, 0x17, 0x17, 0x17, 0x18, 0x0b, 0x0b,
    0x18, 0x0b, 0x0b, 0x19, 0x1a, 0x14, 0x3f, 0x24, 0x18, 0x0b, 0x18, 0x0b,
    0x17, 0x0b, 0x0b, 0x0b, 0x18, 0x18, 0x17, 0x17, 0x17, 0x17, 0x18, 0x17,
    0x17, 0x17, 0x26, 0x17, 0x17, 0x26, 0x17, 0x17, 0x17, 0x18, 0x29, 0x1c,
    0x1a, 0x14, 0x1a, 0x19, 0x0b, 0x0b, 0x0b, 0x18, 0x17, 0x18, 0x17, 0x17,
    0x0a, 0x07, 0x07, 0x07, 0x07, 0x07, 0x00, 0x01, 0x00, 0x00, 0x00, 0x03,
    0x00, 0x00, 0x00, 0x00, 0x00, 0x00, 0x00, 0x00, 0x00, 0x00, 0x00, 0x00,
    0x00, 0x00, 0x00, 0x00, 0x00, 0x00, 0x00, 0x00, 0x00, 0x00, 0x00, 0x00,
    0x00, 0x00, 0x01, 0x00, 0x01, 0x01, 0x07, 0x07, 0x07, 0x07, 0x07, 0x07,
    0x17, 0x17, 0x17, 0x18, 0x0b, 0x0b, 0x18, 0x0b, 0x20, 0x21, 0x14, 0x14,
    0x21, 0x20, 0x0b, 0x0b, 0x18, 0x17, 0x17, 0x18, 0x0b, 0x17, 0x17, 0x17,
    0x0b, 0x0b, 0x0b, 0x18, 0x17, 0x17, 0x17, 0x18, 0x0b, 0x0b, 0x17, 0x17,
    0x0b, 0x0b, 0x0b, 0x0b, 0x20, 0x1d, 0x14, 0x14, 0x13, 0x20, 0x0b, 0x0b,
    0x0b, 0x17, 0x17, 0x26, 0x17, 0x17, 0x17, 0x17, 0x17, 0x17, 0x07, 0x07,
    0x0a, 0x07, 0x07, 0x07, 0x07, 0x07, 0x07, 0x07, 0x07, 0x07, 0x08, 0x04,
    0x00, 0x00, 0x00, 0x01, 0x00, 0x00, 0x00, 0x03, 0x00, 0x00, 0x00, 0x00,
    0x00, 0x00, 0x00, 0x00, 0x00, 0x00, 0x00, 0x00, 0x00, 0x00, 0x00, 0x00,
    0x00, 0x00, 0x00, 0x00, 0x00, 0x00, 0x00, 0x00, 0x00, 0x00, 0x00, 0x00,
    0x00, 0x00, 0x00, 0x00, 0x00, 0x00, 0x00, 0x00, 0x00, 0x00, 0x00, 0x00,
    0x00, 0x00, 0x00, 0x00, 0x00, 0x00, 0x00, 0x00, 0x00, 0x00, 0x00, 0x00,
    0x00, 0x00, 0x00, 0x00, 0x00, 0x00, 0x00, 0x00, 0x00, 0x00, 0x00, 0x00,
    0x00, 0x00, 0x00, 0x00, 0x00, 0x00, 0x03, 0x00, 0x00, 0x00, 0x01, 0x01,
    0x01, 0x00, 0x01, 0x01, 0x07, 0x07, 0x07, 0x07, 0x07, 0x07, 0x07, 0x07,
    0x07, 0x07, 0x07, 0x07, 0x0a, 0x0a, 0x07, 0x17, 0x17, 0x26, 0x17, 0x17,
    0x17, 0x17, 0x18, 0x0b, 0x0b, 0x18, 0x19, 0x1a, 0x16, 0x3b, 0x24, 0x20,
    0x0b, 0x0b, 0x0b, 0x18, 0x18, 0x0b, 0x0b, 0x17, 0x17, 0x0b, 0x17, 0x17,
    0x17, 0x26, 0x18, 0x17, 0x17, 0x18, 0x17, 0x17, 0x17, 0x17, 0x26, 0x17,
    0x18, 0x0b, 0x20, 0x21, 0x14, 0x14, 0x24, 0x20, 0x18, 0x17, 0x17, 0x0b,
    0x0b, 0x18, 0x17, 0x0a, 0x07, 0x07, 0x07, 0x07, 0x08, 0x01, 0x01, 0x01,
    0x01, 0x00, 0x01, 0x00, 0x00, 0x00, 0x00, 0x00, 0x00, 0x00, 0x00, 0x00,
    0x00, 0x00, 0x00, 0x00, 0x00, 0x00, 0x00, 0x00, 0x00, 0x00, 0x00, 0x00,
    0x00, 0x00, 0x00, 0x00, 0x00, 0x00, 0x00, 0x00, 0x01, 0x00, 0x01, 0x08,
    0x07, 0x07, 0x07, 0x07, 0x07, 0x17, 0x17, 0x18, 0x0b, 0x0b, 0x18, 0x0b,
    0x0b, 0x19, 0x1b, 0x14, 0x2a, 0x24, 0x20, 0x18, 0x0b, 0x17, 0x17, 0x18,
    0x17, 0x17, 0x17, 0x17, 0x18, 0x0b, 0x0b, 0x0b, 0x18, 0x0b, 0x17, 0x17,
    0x17, 0x18, 0x0b, 0x18, 0x18, 0x0b, 0x18, 0x0b, 0x0b, 0x0b, 0x21, 0x14,
    0x14, 0x1d, 0x20, 0x18, 0x17, 0x17, 0x17, 0x17, 0x17, 0x26, 0x17, 0x07,
    0x0a, 0x07, 0x07, 0x07, 0x07, 0x07, 0x07, 0x07, 0x0a, 0x07, 0x07, 0x07,
    0x08, 0x51, 0x07, 0x00, 0x01, 0x04, 0x01, 0x01, 0x00, 0x00, 0x00, 0x00,
    0x00, 0x00, 0x00, 0x00, 0x00, 0x00, 0x00, 0x00, 0x00, 0x00, 0x00, 0x00,
    0x00, 0x00, 0x00, 0x00, 0x00, 0x00, 0x00, 0x00, 0x00, 0x00, 0x00, 0x00,
    0x00, 0x00, 0x00, 0x00, 0x00, 0x00, 0x00, 0x00, 0x00, 0x00, 0x00, 0x00,
    0x00, 0x00, 0x00, 0x00, 0x00, 0x00, 0x00, 0x00, 0x00, 0x00, 0x00, 0x00,
    0x00, 0x00, 0x00, 0x00, 0x00, 0x00, 0x00, 0x00, 0x00, 0x00, 0x00, 0x00,
    0x00, 0x00, 0x00, 0x00, 0x00, 0x00, 0x00, 0x00, 0x00, 0x00, 0x00, 0x00,
    0x00, 0x00, 0x01, 0x01, 0x00, 0x01, 0x01, 0x01, 0x01, 0x08, 0x07, 0x07,
    0x07, 0x07, 0x07, 0x07, 0x07, 0x07, 0x07, 0x07, 0x07, 0x07, 0x0a, 0x07,
    0x07, 0x07, 0x17, 0x26, 0x17, 0x17, 0x17, 0x0b, 0x0b, 0x19, 0x1a, 0x15,
    0x14, 0x1c, 0x0b, 0x18, 0x0b, 0x0b, 0x0b, 0x0b, 0x0b, 0x18, 0x17, 0x17,
    0x17, 0x18, 0x17, 0x17, 0x17, 0x17, 0x18, 0x17, 0x17, 0x17, 0x17, 0x18,
    0x17, 0x17, 0x18, 0x0b, 0x0b, 0x20, 0x24, 0x22, 0x14, 0x1d, 0x20, 0x20,
    0x17, 0x17, 0x17, 0x18, 0x17, 0x17, 0x0a, 0x0a, 0x0a, 0x0a, 0x07, 0x09,
    0x08, 0x00, 0x01, 0x01, 0x01, 0x03, 0x00, 0x00, 0x00, 0x00, 0x00, 0x00,
    0x00, 0x00, 0x00, 0x00, 0x00, 0x00, 0x00, 0x00, 0x00, 0x00, 0x00, 0x00,
    0x00, 0x00, 0x00, 0x00, 0x00, 0x00, 0x00, 0x00, 0x00, 0x00, 0x01, 0x00,
    0x01, 0x01, 0x01, 0x08, 0x09, 0x07, 0x07, 0x07, 0x28, 0x17, 0x17, 0x17,
    0x18, 0x0b, 0x0b, 0x17, 0x17, 0x20, 0x24, 0x22, 0x14, 0x1a, 0x19, 0x0b,
    0x0b, 0x18, 0x17, 0x17, 0x17, 0x17, 0x26, 0x17, 0x17, 0x18, 0x0b, 0x0b,
    0x0b, 0x18, 0x17, 0x17, 0x18, 0x0b, 0x0b, 0x0b, 0x0b, 0x0b, 0x0b, 0x18,
    0x0b, 0x0b, 0x20, 0x1d, 0x14, 0x14, 0x21, 0x19, 0x18, 0x17, 0x17, 0x17,
    0x17, 0x17, 0x28, 0x0a, 0x07, 0x07, 0x07, 0x07, 0x07, 0x0a, 0x07, 0x0a,
    0x0a, 0x0a, 0x0a, 0x07, 0x09, 0x07, 0x07, 0x01, 0x01, 0x00, 0x01, 0x03,
    0x00, 0x03, 0x00, 0x00, 0x00, 0x03, 0x00, 0x00, 0x00, 0x00, 0x00, 0x00,
    0x00, 0x00, 0x00, 0x00, 0x00, 0x00, 0x00, 0x00, 0x00, 0x00, 0x00, 0x00,
    0x00, 0x00, 0x00, 0x00, 0x00, 0x00, 0x00, 0x00, 0x00, 0x00, 0x00, 0x00,
    0x00, 0x00, 0x00, 0x00, 0x00, 0x00, 0x00, 0x00, 0x00, 0x00, 0x00, 0x00,
    0x00, 0x00, 0x00, 0x00, 0x00, 0x00, 0x00, 0x00, 0x00, 0x00, 0x00, 0x00,
    0x00, 0x00, 0x00, 0x00, 0x00, 0x00, 0x00, 0x00, 0x00, 0x00, 0x00, 0x00,
    0x00, 0x00, 0x00, 0x00, 0x00, 0x01, 0x01, 0x01, 0x01, 0x01, 0x01, 0x01,
    0x00, 0x01, 0x07, 0x07, 0x07, 0x07, 0x07, 0x07, 0x07, 0x07, 0x07, 0x07,
    0x07, 0x07, 0x07, 0x0a, 0x07, 0x07, 0x07, 0x17, 0x17, 0x17, 0x18, 0x18,
    0x19, 0x1a, 0x16, 0x3f, 0x24, 0x0b, 0x0b, 0x18, 0x17, 0x18, 0x0b, 0x0b,
    0x0b, 0x0b, 0x17, 0x17, 0x17, 0x17, 0x26, 0x17, 0x17, 0x17, 0x0b, 0x17,
    0x18, 0x17, 0x17, 0x17, 0x17, 0x18, 0x0b, 0x0b, 0x18, 0x19, 0x1a, 0x14,
    0x25, 0x1c, 0x20, 0x18, 0x17, 0x17, 0x18, 0x0b, 0x17, 0x17, 0x07, 0x07,
    0x0a, 0x0a, 0x07, 0x07, 0x04, 0x01, 0x01, 0x01, 0x01, 0x04, 0x00, 0x00,
    0x00, 0x00, 0x00, 0x00, 0x00, 0x00, 0x00, 0x00, 0x00, 0x00, 0x00, 0x00,
    0x00, 0x00, 0x00, 0x00, 0x00, 0x00, 0x00, 0x00, 0x00, 0x00, 0x00, 0x00,
    0x00, 0x00, 0x00, 0x00, 0x00, 0x01, 0x01, 0x01, 0x08, 0x07, 0x07, 0x07,
    0x07, 0x07, 0x17, 0x18, 0x0b, 0x0b, 0x0b, 0x18, 0x17, 0x18, 0x20, 0x2f,
    0x14, 0x25, 0x21, 0x20, 0x0b, 0x18, 0x17, 0x17, 0x17, 0x17, 0x17, 0x17,
    0x17, 0x18, 0x0b, 0x0b, 0x18, 0x0b, 0x17, 0x17, 0x18, 0x17, 0x0b, 0x0b,
    0x17, 0x17, 0x18, 0x0b, 0x0b, 0x18, 0x0b, 0x20, 0x21, 0x14, 0x14, 0x1d,
    0x19, 0x18, 0x17, 0x26, 0x17, 0x07, 0x07, 0x0a, 0x07, 0x07, 0x07, 0x07,
    0x07, 0x07, 0x0a, 0x09, 0x0a, 0x0a, 0x0a, 0x0a, 0x01, 0x07, 0x06, 0x01,
    0x00, 0x04, 0x01, 0x00, 0x00, 0x00, 0x00, 0x00, 0x00, 0x00, 0x00, 0x00,
    0x00, 0x00, 0x00, 0x00, 0x00, 0x00, 0x00, 0x00, 0x00, 0x00, 0x00, 0x00,
    0x00, 0x00, 0x00, 0x00, 0x00, 0x00, 0x00, 0x00, 0x00, 0x00, 0x00, 0x00,
    0x00, 0x00, 0x00, 0x00, 0x00, 0x00, 0x00, 0x00, 0x00, 0x00, 0x00, 0x00,
    0x00, 0x00, 0x00, 0x00, 0x00, 0x00, 0x00, 0x00, 0x00, 0x00, 0x00, 0x00,
    0x00, 0x00, 0x00, 0x00, 0x00, 0x00, 0x00, 0x00, 0x00, 0x00, 0x00, 0x00,
    0x00, 0x00, 0x00, 0x00, 0x00, 0x00, 0x00, 0x00, 0x04, 0x00, 0x00, 0x00,
    0x01, 0x01, 0x01, 0x01, 0x01, 0x01, 0x08, 0x09, 0x0a, 0x09, 0x07, 0x07,
    0x07, 0x07, 0x07, 0x07, 0x07, 0x07, 0x07, 0x0a, 0x07, 0x07, 0x0a, 0x0a,
    0x17, 0x18, 0x0b, 0x19, 0x1a, 0x16, 0x23, 0x24, 0x18, 0x0b, 0x17, 0x17,
    0x17, 0x0b, 0x18, 0x17, 0x18, 0x17, 0x17, 0x26, 0x17, 0x17, 0x17, 0x17,
    0x26, 0x17, 0x17, 0x17, 0x17, 0x17, 0x17, 0x17, 0x17, 0x18, 0x0b, 0x0b,
    0x20, 0x21, 0x14, 0x14, 0x1d, 0x20, 0x18, 0x17, 0x17, 0x18, 0x0b, 0x0b,
    0x18, 0x07, 0x07, 0x07, 0x07, 0x07, 0x07, 0x04, 0x01, 0x01, 0x01, 0x01,
    0x04, 0x01, 0x00, 0x00, 0x00, 0x00, 0x00, 0x00, 0x00, 0x00, 0x00, 0x00,
    0x00, 0x00, 0x00, 0x00, 0x00, 0x00, 0x00, 0x00, 0x00, 0x00, 0x00, 0x00,
    0x00, 0x00, 0x00, 0x00, 0x00, 0x00, 0x00, 0x00, 0x00, 0x00, 0x01, 0x00,
    0x07, 0x07, 0x07, 0x07, 0x07, 0x07, 0x17, 0x18, 0x0b, 0x0b, 0x18, 0x0b,
    0x0b, 0x18, 0x0b, 0x1c, 0x1a, 0x14, 0x1f, 0x24, 0x20, 0x0b, 0x18, 0x18,
    0x17, 0x17, 0x26, 0x18, 0x0b, 0x17, 0x17, 0x18, 0x0b, 0x0b, 0x18, 0x17,
    0x17, 0x17, 0x18, 0x18, 0x17, 0x17, 0x17, 0x0b, 0x0b, 0x18, 0x0b, 0x0b,
    0x20, 0x1d, 0x14, 0x14, 0x13, 0x19, 0x0b, 0x17, 0x07, 0x0a, 0x0a, 0x0a,
    0x07, 0x07, 0x07, 0x07, 0x07, 0x07, 0x0a, 0x0a, 0x0a, 0x0a, 0x0a, 0x04,
    0x00, 0x01, 0x01, 0x01, 0x04, 0x04, 0x01, 0x00, 0x00, 0x00, 0x00, 0x00,
    0x00, 0x00, 0x00, 0x00, 0x00, 0x00, 0x00, 0x00, 0x00, 0x00, 0x00, 0x00,
    0x00, 0x00, 0x00, 0x00, 0x00, 0x00, 0x00, 0x00, 0x00, 0x00, 0x00, 0x00,
    0x00, 0x00, 0x00, 0x00, 0x00, 0x00, 0x00, 0x00, 0x00, 0x00, 0x00, 0x00,
    0x00, 0x00, 0x00, 0x00, 0x00, 0x00, 0x00, 0x00, 0x00, 0x00, 0x00, 0x00,
    0x00, 0x00, 0x00, 0x00, 0x00, 0x00, 0x00, 0x00, 0x00, 0x00, 0x00, 0x00,
    0x00, 0x00, 0x00, 0x00, 0x00, 0x00, 0x00, 0x00, 0x00, 0x00, 0x00, 0x00,
    0x00, 0x00, 0x00, 0x04, 0x06, 0x06, 0x00, 0x01, 0x01, 0x01, 0x01, 0x00,
    0x08, 0x07, 0x0a, 0x0a, 0x07, 0x07, 0x07, 0x07, 0x07, 0x07, 0x07, 0x07,
    0x07, 0x07, 0x07, 0x07, 0x18, 0x18, 0x19, 0x1b, 0x14, 0x3f, 0x1c, 0x0b,
    0x18, 0x17, 0x17, 0x17, 0x17, 0x17, 0x0b, 0x17, 0x18, 0x17, 0x17, 0x17,
    0x17, 0x26, 0x17, 0x17, 0x17, 0x17, 0x26, 0x17, 0x17, 0x26, 0x17, 0x17,
    0x18, 0x17, 0x0b, 0x29, 0x24, 0x25, 0x14, 0x1a, 0x19, 0x0b, 0x0b, 0x17,
    0x18, 0x0b, 0x0b, 0x0b, 0x17, 0x07, 0x07, 0x07, 0x07, 0x07, 0x07, 0x00,
    0x01, 0x01, 0x01, 0x01, 0x04, 0x01, 0x00, 0x00, 0x00, 0x00, 0x00, 0x00,
    0x00, 0x00, 0x00, 0x00, 0x00, 0x00, 0x00, 0x00, 0x00, 0x00, 0x00, 0x00,
    0x00, 0x00, 0x00, 0x00, 0x00, 0x00, 0x00, 0x00, 0x00, 0x00, 0x04, 0x00,
    0x00, 0x03, 0x01, 0x01, 0x04, 0x07, 0x08, 0x0a, 0x07, 0x07, 0x07, 0x0b,
    0x0b, 0x0b, 0x18, 0x0b, 0x0b, 0x0b, 0x0b, 0x20, 0x24, 0x2a, 0x14, 0x1a,
    0x19, 0x0b, 0x0b, 0x0b, 0x18, 0x0b, 0x0b, 0x18, 0x17, 0x17, 0x17, 0x17,
    0x0b, 0x0b, 0x18, 0x17, 0x0b, 0x17, 0x17, 0x0b, 0x18, 0x0b, 0x18, 0x0b,
    0x0b, 0x0b, 0x0b, 0x0b, 0x0b, 0x20, 0x24, 0x3b, 0x15, 0x1e, 0x19, 0x18,
    0x07, 0x07, 0x07, 0x07, 0x07, 0x07, 0x07, 0x07, 0x07, 0x07, 0x07, 0x51,
    0x37, 0x09, 0x0a, 0x04, 0x00, 0x04, 0x00, 0x01, 0x04, 0x01, 0x03, 0x00,
    0x01, 0x01, 0x00, 0x00, 0x00, 0x00, 0x00, 0x00, 0x00, 0x00, 0x00, 0x00,
    0x00, 0x00, 0x00, 0x00, 0x00, 0x00, 0x00, 0x00, 0x00, 0x00, 0x00, 0x00,
    0x00, 0x00, 0x00, 0x00, 0x00, 0x00, 0x00, 0x00, 0x00, 0x00, 0x00, 0x00,
    0x00, 0x00, 0x00, 0x00, 0x00, 0x00, 0x00, 0x00, 0x00, 0x00, 0x00, 0x00,
    0x00, 0x00, 0x00, 0x00, 0x00, 0x00, 0x00, 0x00, 0x00, 0x00, 0x00, 0x00,
    0x00, 0x00, 0x00, 0x00, 0x00, 0x00, 0x00, 0x00, 0x00, 0x00, 0x00, 0x00,
    0x00, 0x00, 0x00, 0x00, 0x00, 0x00, 0x00, 0x00, 0x01, 0x00, 0x00, 0x01,
    0x00, 0x01, 0x01, 0x01, 0x01, 0x08, 0x0a, 0x07, 0x08, 0x07, 0x07, 0x07,
    0x07, 0x07, 0x07, 0x07, 0x07, 0x07, 0x07, 0x18, 0x0b, 0x19, 0x1e, 0x16,
    0x3f, 0x1c, 0x0b, 0x18, 0x0b, 0x17, 0x17, 0x26, 0x17, 0x17, 0x17, 0x18,
    0x0b, 0x17, 0x17, 0x18, 0x18, 0x17, 0x17, 0x17, 0x17, 0x17, 0x18, 0x18,
    0x17, 0x17, 0x17, 0x26, 0x18, 0x17, 0x20, 0x44, 0x22, 0x14, 0x1b, 0x1c,
    0x20, 0x18, 0x17, 0x17, 0x0b, 0x18, 0x0b, 0x17, 0x07, 0x07, 0x07, 0x07,
    0x07, 0x08, 0x08, 0x00, 0x04, 0x00, 0x04, 0x00, 0x00, 0x04, 0x00, 0x00,
    0x00, 0x00, 0x00, 0x00, 0x00, 0x00, 0x00, 0x00, 0x00, 0x00, 0x00, 0x00,
    0x00, 0x00, 0x00, 0x00, 0x00, 0x00, 0x00, 0x00, 0x00, 0x00, 0x00, 0x00,
    0x00, 0x00, 0x00, 0x00, 0x00, 0x00, 0x00, 0x01, 0x04, 0x04, 0x08, 0x07,
    0x07, 0x07, 0x07, 0x07, 0x18, 0x0b, 0x0b, 0x0b, 0x18, 0x0b, 0x0b, 0x18,
    0x20, 0x24, 0x22, 0x14, 0x21, 0x19, 0x0b, 0x0b, 0x0b, 0x0b, 0x17, 0x17,
    0x17, 0x18, 0x18, 0x17, 0x0b, 0x18, 0x17, 0x17, 0x17, 0x17, 0x17, 0x17,
    0x17, 0x17, 0x18, 0x0b, 0x0b, 0x18, 0x0b, 0x18, 0x18, 0x0b, 0x0b, 0x1c,
    0x1f, 0x14, 0x3b, 0x1c, 0x0b, 0x0a, 0x07, 0x07, 0x07, 0x07, 0x07, 0x07,
    0x07, 0x51, 0x07, 0x51, 0x08, 0x07, 0x07, 0x04, 0x04, 0x01, 0x01, 0x01,
    0x04, 0x01, 0x06, 0x00, 0x00, 0x00, 0x00, 0x00, 0x00, 0x00, 0x00, 0x00,
    0x00, 0x00, 0x00, 0x00, 0x00, 0x00, 0x00, 0x00, 0x00, 0x00, 0x00, 0x00,
    0x00, 0x00, 0x00, 0x00, 0x00, 0x00, 0x00, 0x00, 0x00, 0x00, 0x00, 0x00,
    0x00, 0x00, 0x00, 0x00, 0x00, 0x00, 0x00, 0x00, 0x00, 0x00, 0x00, 0x00,
    0x00, 0x00, 0x00, 0x00, 0x00, 0x00, 0x00, 0x00, 0x00, 0x00, 0x00, 0x00,
    0x00, 0x00, 0x00, 0x00, 0x00, 0x00, 0x00, 0x00, 0x00, 0x00, 0x00, 0x00,
    0x00, 0x00, 0x00, 0x00, 0x00, 0x00, 0x00, 0x00, 0x00, 0x00, 0x00, 0x00,
    0x00, 0x03, 0x00, 0x00, 0x03, 0x01, 0x00, 0x01, 0x00, 0x00, 0x01, 0x08,
    0x08, 0x08, 0x07, 0x08, 0x07, 0x07, 0x07, 0x07, 0x07, 0x07, 0x0a, 0x0c,
    0x13, 0x23, 0x16, 0x3b, 0x19, 0x0b, 0x18, 0x0b, 0x17, 0x17, 0x17, 0x17,
    0x17, 0x17, 0x17, 0x17, 0x17, 0x17, 0x17, 0x17, 0x17, 0x17, 0x17, 0x26,
    0x17, 0x17, 0x18, 0x0b, 0x0b, 0x17, 0x17, 0x17, 0x0b, 0x20, 0x2e, 0x1a,
    0x14, 0x2c, 0x24, 0x20, 0x29, 0x17, 0x17, 0x17, 0x18, 0x0b, 0x0b, 0x17,
    0x07, 0x07, 0x07, 0x07, 0x0a, 0x08, 0x01, 0x00, 0x01, 0x01, 0x04, 0x00,
    0x00, 0x00, 0x00, 0x00, 0x00, 0x00, 0x00, 0x00, 0x00, 0x00, 0x00, 0x00,
    0x00, 0x00, 0x00, 0x00, 0x00, 0x00, 0x00, 0x00, 0x00, 0x00, 0x00, 0x00,
    0x00, 0x00, 0x00, 0x00, 0x00, 0x00, 0x00, 0x00, 0x00, 0x00, 0x00, 0x00,
    0x04, 0x04, 0x01, 0x07, 0x07, 0x07, 0x07, 0x07, 0x17, 0x0b, 0x0b, 0x0b,
    0x18, 0x0b, 0x17, 0x18, 0x0b, 0x2e, 0x2f, 0x14, 0x14, 0x21, 0x20, 0x18,
    0x0b, 0x18, 0x0b, 0x0b, 0x0b, 0x17, 0x17, 0x17, 0x18, 0x0b, 0x0b, 0x18,
    0x17, 0x17, 0x26, 0x17, 0x17, 0x17, 0x0b, 0x17, 0x17, 0x17, 0x0b, 0x0b,
    0x0b, 0x17, 0x18, 0x0b, 0x19, 0x1a, 0x15, 0x11, 0x48, 0x0b, 0x0a, 0x07,
    0x07, 0x07, 0x07, 0x07, 0x07, 0x08, 0x07, 0x08, 0x00, 0x00, 0x01, 0x01,
    0x01, 0x01, 0x06, 0x04, 0x04, 0x01, 0x04, 0x00, 0x00, 0x00, 0x00, 0x00,
    0x00, 0x00, 0x00, 0x00, 0x00, 0x00, 0x00, 0x00, 0x00, 0x00, 0x00, 0x00,
    0x00, 0x00, 0x00, 0x00, 0x00, 0x00, 0x00, 0x00, 0x00, 0x00, 0x00, 0x00,
    0x00, 0x00, 0x00, 0x00, 0x00, 0x00, 0x00, 0x00, 0x00, 0x00, 0x00, 0x00,
    0x00, 0x00, 0x00, 0x00, 0x00, 0x00, 0x00, 0x00, 0x00, 0x00, 0x00, 0x00,
    0x00, 0x00, 0x00, 0x00, 0x00, 0x00, 0x00, 0x00, 0x00, 0x00, 0x00, 0x00,
    0x00, 0x00, 0x00, 0x00, 0x00, 0x00, 0x00, 0x00, 0x00, 0x00, 0x00, 0x00,
    0x00, 0x00, 0x00, 0x00, 0x00, 0x00, 0x00, 0x00, 0x00, 0x00, 0x00, 0x00,
    0x01, 0x00, 0x04, 0x01, 0x01, 0x08, 0x08, 0x07, 0x07, 0x07, 0x07, 0x07,
    0x07, 0x07, 0x0b, 0x38, 0x16, 0x15, 0x39, 0x19, 0x0b, 0x0b, 0x17, 0x17,
    0x17, 0x17, 0x26, 0x17, 0x17, 0x26, 0x17, 0x17, 0x26, 0x17, 0x17, 0x17,
    0x17, 0x17, 0x26, 0x17, 0x17, 0x17, 0x17, 0x17, 0x17, 0x26, 0x17, 0x17,
    0x29, 0x19, 0x21, 0x14, 0x14, 0x21, 0x20, 0x20, 0x17, 0x17, 0x17, 0x18,
    0x0b, 0x0b, 0x17, 0x07, 0x07, 0x07, 0x07, 0x07, 0x0a, 0x00, 0x00, 0x01,
    0x01, 0x01, 0x04, 0x06, 0x00, 0x00, 0x00, 0x00, 0x00, 0x00, 0x00, 0x00,
    0x00, 0x00, 0x00, 0x00, 0x00, 0x00, 0x00, 0x00, 0x00, 0x00, 0x00, 0x00,
    0x00, 0x00, 0x00, 0x00, 0x00, 0x00, 0x00, 0x00, 0x00, 0x00, 0x00, 0x00,
    0x00, 0x00, 0x00, 0x01, 0x04, 0x00, 0x04, 0x09, 0x07, 0x07, 0x07, 0x07,
    0x07, 0x18, 0x0b, 0x0b, 0x0b, 0x0b, 0x0b, 0x17, 0x0b, 0x20, 0x1c, 0x1b,
    0x27, 0x25, 0x24, 0x0b, 0x18, 0x0b, 0x18, 0x0b, 0x18, 0x17, 0x0b, 0x17,
    0x0b, 0x17, 0x0b, 0x18, 0x0b, 0x17, 0x17, 0x17, 0x17, 0x17, 0x17, 0x17,
    0x18, 0x18, 0x0b, 0x0b, 0x0b, 0x17, 0x0b, 0x0b, 0x0b, 0x20, 0x13, 0x11,
    0x10, 0x0b, 0x0a, 0x07, 0x51, 0x07, 0x07, 0x08, 0x07, 0x01, 0x01, 0x01,
    0x01, 0x01, 0x01, 0x01, 0x01, 0x01, 0x04, 0x00, 0x04, 0x04, 0x00, 0x00,
    0x00, 0x00, 0x00, 0x00, 0x04, 0x00, 0x00, 0x00, 0x00, 0x00, 0x00, 0x00,
    0x00, 0x00, 0x00, 0x00, 0x00, 0x00, 0x00, 0x00, 0x00, 0x00, 0x00, 0x00,
    0x00, 0x00, 0x00, 0x00, 0x00, 0x00, 0x00, 0x00, 0x00, 0x00, 0x00, 0x00,
    0x00, 0x00, 0x00, 0x00, 0x00, 0x00, 0x00, 0x00, 0x00, 0x00, 0x00, 0x00,
    0x00, 0x00, 0x00, 0x00, 0x00, 0x00, 0x00, 0x00, 0x00, 0x00, 0x00, 0x00,
    0x00, 0x00, 0x00, 0x00, 0x00, 0x00, 0x00, 0x00, 0x00, 0x00, 0x00, 0x00,
    0x00, 0x00, 0x00, 0x00, 0x00, 0x00, 0x00, 0x00, 0x00, 0x00, 0x00, 0x00,
    0x00, 0x00, 0x00, 0x00, 0x01, 0x01, 0x01, 0x04, 0x01, 0x01, 0x01, 0x07,
    0x07, 0x07, 0x07, 0x07, 0x0a, 0x0a, 0x0b, 0x10, 0x11, 0x39, 0x19, 0x18,
    0x0b, 0x0b, 0x18, 0x18, 0x17, 0x17, 0x17, 0x17, 0x26, 0x17, 0x17, 0x17,
    0x17, 0x26, 0x17, 0x26, 0x17, 0x17, 0x17, 0x17, 0x17, 0x26, 0x17, 0x17,
    0x17, 0x17, 0x17, 0x17, 0x29, 0x24, 0x14, 0x14, 0x1b, 0x1c, 0x29, 0x0b,
    0x17, 0x17, 0x18, 0x0b, 0x0b, 0x17, 0x17, 0x28, 0x07, 0x07, 0x07, 0x0a,
    0x07, 0x00, 0x04, 0x01, 0x01, 0x04, 0x00, 0x00, 0x00, 0x00, 0x00, 0x00,
    0x00, 0x00, 0x00, 0x00, 0x00, 0x00, 0x00, 0x00, 0x00, 0x00, 0x00, 0x00,
    0x00, 0x00, 0x00, 0x00, 0x00, 0x00, 0x00, 0x00, 0x00, 0x00, 0x00, 0x00,
    0x00, 0x00, 0x00, 0x00, 0x00, 0x00, 0x00, 0x00, 0x00, 0x00, 0x01, 0x01,
    0x07, 0x07, 0x07, 0x07, 0x07, 0x0a, 0x18, 0x0b, 0x18, 0x0b, 0x18, 0x17,
    0x17, 0x18, 0x20, 0x24, 0x2a, 0x14, 0x1a, 0x1c, 0x20, 0x0b, 0x0b, 0x0b,
    0x18, 0x0b, 0x18, 0x17, 0x17, 0x17, 0x17, 0x18, 0x0b, 0x17, 0x17, 0x26,
    0x17, 0x26, 0x17, 0x17, 0x18, 0x0b, 0x0b, 0x18, 0x18, 0x0b, 0x18, 0x17,
    0x0b, 0x0b, 0x0c, 0x55, 0x0c, 0x07, 0x51, 0x51, 0x07, 0x07, 0x08, 0x01,
    0x01, 0x00, 0x01, 0x00, 0x01, 0x01, 0x00, 0x00, 0x01, 0x01, 0x04, 0x00,
    0x00, 0x04, 0x00, 0x00, 0x01, 0x00, 0x00, 0x00, 0x00, 0x00, 0x00, 0x00,
    0x00, 0x00, 0x00, 0x00, 0x00, 0x00, 0x00, 0x00, 0x00, 0x00, 0x00, 0x00,
    0x00, 0x00, 0x00, 0x00, 0x00, 0x00, 0x00, 0x00, 0x00, 0x00, 0x00, 0x00,
    0x00, 0x00, 0x00, 0x00, 0x00, 0x00, 0x00, 0x00, 0x00, 0x00, 0x00, 0x00,
    0x00, 0x00, 0x00, 0x00, 0x00, 0x00, 0x00, 0x00, 0x00, 0x00, 0x00, 0x00,
    0x00, 0x00, 0x00, 0x00, 0x00, 0x00, 0x00, 0x00, 0x00, 0x00, 0x00, 0x00,
    0x00, 0x00, 0x00, 0x00, 0x00, 0x00, 0x00, 0x00, 0x00, 0x00, 0x00, 0x00,
    0x00, 0x00, 0x00, 0x00, 0x00, 0x00, 0x00, 0x00, 0x00, 0x01, 0x01, 0x01,
    0x01, 0x01, 0x00, 0x01, 0x07, 0x08, 0x07, 0x0a, 0x0a, 0x07, 0x07, 0x0d,
    0x0d, 0x0b, 0x0b, 0x18, 0x0b, 0x0b, 0x0b, 0x18, 0x17, 0x17, 0x17, 0x17,
    0x17, 0x17, 0x26, 0x17, 0x17, 0x17, 0x17, 0x17, 0x26, 0x17, 0x17, 0x26,
    0x17, 0x17, 0x17, 0x26, 0x17, 0x17, 0x18, 0x29, 0x24, 0x2a, 0xdc, 0x1b,
    0x1c, 0x20, 0x0b, 0x17, 0x17, 0x18, 0x0b, 0x0b, 0x17, 0x17, 0x07, 0x07,
    0x07, 0x07, 0x0a, 0x0a, 0x04, 0x04, 0x00, 0x01, 0x01, 0x00, 0x01, 0x00,
    0x00, 0x00, 0x00, 0x00, 0x00, 0x00, 0x00, 0x00, 0x00, 0x00, 0x00, 0x00,
    0x00, 0x00, 0x00, 0x00, 0x00, 0x00, 0x00, 0x00, 0x00, 0x00, 0x00, 0x00,
    0x00, 0x00, 0x00, 0x00, 0x00, 0x00, 0x00, 0x00, 0x00, 0x00, 0x00, 0x00,
    0x01, 0x00, 0x04, 0x01, 0x07, 0x08, 0x0a, 0x07, 0x07, 0x0a, 0x07, 0x0b,
    0x0b, 0x0b, 0x18, 0x0b, 0x0b, 0x18, 0x0b, 0x20, 0x24, 0x22, 0x14, 0x1a,
    0x1c, 0x0b, 0x0b, 0x0b, 0x0b, 0x0b, 0x0b, 0x18, 0x17, 0x17, 0x17, 0x17,
    0x17, 0x17, 0x26, 0x17, 0x17, 0x17, 0x17, 0x17, 0x17, 0x17, 0x17, 0x17,
    0x17, 0x0b, 0x0a, 0x0a, 0x0a, 0x07, 0x0a, 0x07, 0x07, 0x51, 0x51, 0x09,
    0x0a, 0x04, 0x00, 0x01, 0x01, 0x01, 0x01, 0x00, 0x04, 0x00, 0x00, 0x01,
    0x00, 0x03, 0x00, 0x01, 0x00, 0x00, 0x00, 0x00, 0x00, 0x00, 0x00, 0x00,
    0x00, 0x00, 0x00, 0x00, 0x00, 0x00, 0x00, 0x00, 0x00, 0x00, 0x00, 0x00,
    0x00, 0x00, 0x00, 0x00, 0x00, 0x00, 0x00, 0x00, 0x00, 0x00, 0x00, 0x00,
    0x00, 0x00, 0x00, 0x00, 0x00, 0x00, 0x00, 0x00, 0x00, 0x00, 0x00, 0x00,
    0x00, 0x00, 0x00, 0x00, 0x00, 0x00, 0x00, 0x00, 0x00, 0x00, 0x00, 0x00,
    0x00, 0x00, 0x00, 0x00, 0x00, 0x00, 0x00, 0x00, 0x00, 0x00, 0x00, 0x00,
    0x00, 0x00, 0x00, 0x00, 0x00, 0x00, 0x00, 0x00, 0x00, 0x00, 0x00, 0x00,
    0x00, 0x00, 0x00, 0x00, 0x00, 0x00, 0x00, 0x00, 0x00, 0x00, 0x00, 0x00,
    0x00, 0x00, 0x01, 0x01, 0x01, 0x01, 0x01, 0x00, 0x00, 0x08, 0x07, 0x08,
    0x09, 0x07, 0x07, 0x07, 0x07, 0x07, 0x07, 0x07, 0x0a, 0x0a, 0x0a, 0x0a,
    0x0a, 0x17, 0x26, 0x17, 0x17, 0x17, 0x17, 0x26, 0x17, 0x17, 0x17, 0x17,
    0x17, 0x17, 0x17, 0x17, 0x17, 0x17, 0x17, 0x18, 0x18, 0x0b, 0x20, 0x19,
    0x1a, 0x27, 0x2c, 0x24, 0x29, 0x17, 0x17, 0x17, 0x18, 0x0b, 0x0b, 0x18,
    0x17, 0x07, 0x0a, 0x07, 0x07, 0x08, 0x09, 0x00, 0x04, 0x01, 0x01, 0x01,
    0x00, 0x00, 0x00, 0x00, 0x00, 0x00, 0x00, 0x00, 0x00, 0x00, 0x00, 0x00,
    0x00, 0x00, 0x00, 0x00, 0x00, 0x00, 0x00, 0x00, 0x00, 0x00, 0x00, 0x00,
    0x00, 0x00, 0x00, 0x00, 0x00, 0x00, 0x00, 0x00, 0x00, 0x00, 0x00, 0x00,
    0x00, 0x00, 0x00, 0x00, 0x01, 0x01, 0x04, 0x04, 0x01, 0x07, 0x07, 0x07,
    0x07, 0x07, 0x07, 0x0b, 0x0b, 0x0b, 0x0b, 0x0b, 0x18, 0x0b, 0x0b, 0x29,
    0x20, 0x21, 0x14, 0x14, 0x3e, 0x20, 0x18, 0x17, 0x0b, 0x17, 0x17, 0x18,
    0x17, 0x17, 0x26, 0x17, 0x17, 0x17, 0x17, 0x17, 0x07, 0x07, 0x28, 0x17,
    0x17, 0x07, 0x17, 0x07, 0x07, 0x0a, 0x07, 0x0a, 0x07, 0x07, 0x07, 0x07,
    0x51, 0x51, 0x0a, 0x0a, 0x08, 0x01, 0x01, 0x00, 0x00, 0x01, 0x00, 0x01,
    0x01, 0x00, 0x01, 0x01, 0x03, 0x00, 0x00, 0x01, 0x01, 0x00, 0x00, 0x00,
    0x00, 0x00, 0x00, 0x00, 0x00, 0x00, 0x00, 0x00, 0x00, 0x00, 0x00, 0x00,
    0x00, 0x00, 0x00, 0x00, 0x00, 0x00, 0x00, 0x00, 0x00, 0x00, 0x00, 0x00,
    0x00, 0x00, 0x00, 0x00, 0x00, 0x00, 0x00, 0x00, 0x00, 0x00, 0x00, 0x00,
    0x00, 0x00, 0x00, 0x00, 0x00, 0x00, 0x00, 0x00, 0x00, 0x00, 0x00, 0x00,
    0x00, 0x00, 0x00, 0x00, 0x00, 0x00, 0x00, 0x00, 0x00, 0x00, 0x00, 0x00,
    0x00, 0x00, 0x00, 0x00, 0x00, 0x00, 0x00, 0x00, 0x00, 0x00, 0x00, 0x00,
    0x00, 0x00, 0x00, 0x00, 0x00, 0x00, 0x00, 0x00, 0x00, 0x00, 0x00, 0x00,
    0x00, 0x00, 0x00, 0x03, 0x00, 0x03, 0x01, 0x01, 0x01, 0x01, 0x01, 0x01,
    0x01, 0x01, 0x08, 0x07, 0x0a, 0x08, 0x07, 0x07, 0x07, 0x07, 0x07, 0x07,
    0x0a, 0x07, 0x07, 0x07, 0x0a, 0x07, 0x0a, 0x0a, 0x28, 0x0a, 0x07, 0x17,
    0x17, 0x26, 0x17, 0x17, 0x26, 0x17, 0x18, 0x17, 0x26, 0x17, 0x18, 0x0b,
    0x0b, 0x0b, 0x1c, 0x1a, 0x14, 0x25, 0x21, 0x20, 0x0b, 0x17, 0x17, 0x18,
    0x17, 0x0b, 0x17, 0x17, 0x07, 0x07, 0x07, 0x07, 0x07, 0x07, 0x08, 0x04,
    0x01, 0x00, 0x00, 0x00, 0x00, 0x04, 0x00, 0x00, 0x00, 0x00, 0x00, 0x00,
    0x00, 0x00, 0x00, 0x00, 0x00, 0x00, 0x00, 0x00, 0x00, 0x00, 0x00, 0x00,
    0x00, 0x00, 0x00, 0x00, 0x00, 0x00, 0x00, 0x00, 0x00, 0x00, 0x00, 0x00,
    0x00, 0x00, 0x00, 0x00, 0x00, 0x00, 0x00, 0x00, 0x00, 0x00, 0x00, 0x04,
    0x00, 0x00, 0x0a, 0x07, 0x07, 0x07, 0x07, 0x07, 0x17, 0x18, 0x0b, 0x0b,
    0x0b, 0x0b, 0x18, 0x0b, 0x0b, 0x20, 0x1b, 0x14, 0x14, 0x1d, 0x20, 0x18,
    0x18, 0x17, 0x17, 0x18, 0x17, 0x17, 0x17, 0x17, 0x26, 0x17, 0x17, 0x28,
    0x07, 0x07, 0x07, 0x07, 0x07, 0x28, 0x07, 0x0a, 0x0a, 0x07, 0x07, 0x07,
    0x07, 0x07, 0x07, 0x07, 0x51, 0x0a, 0x0a, 0x09, 0x04, 0x00, 0x00, 0x01,
    0x01, 0x00, 0x01, 0x01, 0x00, 0x00, 0x00, 0x01, 0x00, 0x04, 0x00, 0x00,
    0x00, 0x00, 0x00, 0x00, 0x00, 0x00, 0x00, 0x00, 0x00, 0x00, 0x00, 0x00,
    0x00, 0x00, 0x00, 0x00, 0x00, 0x00, 0x00, 0x00, 0x00, 0x00, 0x00, 0x00,
    0x00, 0x00, 0x00, 0x00, 0x00, 0x00, 0x00, 0x00, 0x00, 0x00, 0x00, 0x00,
    0x00, 0x00, 0x00, 0x00, 0x00, 0x00, 0x00, 0x00, 0x00, 0x00, 0x00, 0x00,
    0x00, 0x00, 0x00, 0x00, 0x00, 0x00, 0x00, 0x00, 0x00, 0x00, 0x00, 0x00,
    0x00, 0x00, 0x00, 0x00, 0x00, 0x00, 0x00, 0x00, 0x00, 0x00, 0x00, 0x00,
    0x00, 0x00, 0x00, 0x00, 0x00, 0x00, 0x00, 0x00, 0x00, 0x00, 0x00, 0x00,
    0x00, 0x00, 0x00, 0x00, 0x00, 0x00, 0x00, 0x00, 0x00, 0x00, 0x00, 0x04,
    0x04, 0x01, 0x01, 0x00, 0x00, 0x01, 0x01, 0x07, 0x0a, 0x07, 0x07, 0x07,
    0x07, 0x07, 0x07, 0x07, 0x07, 0x07, 0x07, 0x07, 0x07, 0x07, 0x07, 0x07,
    0x07, 0x0a, 0x07, 0x17, 0x17, 0x17, 0x26, 0x17, 0x17, 0x17, 0x18, 0x17,
    0x17, 0x17, 0x18, 0x0b, 0x0b, 0x40, 0x1a, 0x14, 0x25, 0x21, 0x19, 0x0b,
    0x18, 0x17, 0x17, 0x18, 0x17, 0x17, 0x17, 0x0a, 0x0a, 0x07, 0x07, 0x07,
    0x08, 0x08, 0x01, 0x01, 0x04, 0x01, 0x01, 0x04, 0x00, 0x00, 0x00, 0x00,
    0x00, 0x00, 0x00, 0x00, 0x00, 0x00, 0x00, 0x00, 0x00, 0x00, 0x00, 0x00,
    0x00, 0x00, 0x00, 0x00, 0x00, 0x00, 0x00, 0x00, 0x00, 0x00, 0x00, 0x00,
    0x00, 0x00, 0x00, 0x00, 0x00, 0x00, 0x00, 0x00, 0x00, 0x00, 0x00, 0x00,
    0x00, 0x00, 0x00, 0x04, 0x04, 0x04, 0x04, 0x07, 0x07, 0x0a, 0x07, 0x07,
    0x07, 0x17, 0x18, 0x0b, 0x0b, 0x18, 0x0b, 0x0b, 0x0b, 0x0b, 0x19, 0x1a,
    0x14, 0x14, 0x1d, 0x20, 0x0b, 0x0b, 0x17, 0x18, 0x0b, 0x17, 0x17, 0x17,
    0x17, 0x17, 0x17, 0x07, 0x0a, 0x0a, 0x0a, 0x07, 0x0a, 0x0a, 0x0a, 0x07,
    0x07, 0x07, 0x07, 0x07, 0x07, 0x07, 0x07, 0x07, 0x08, 0x0a, 0x07, 0x09,
    0x00, 0x04, 0x01, 0x01, 0x04, 0x01, 0x01, 0x03, 0x00, 0x01, 0x00, 0x00,
    0x00, 0x00, 0x00, 0x00, 0x00, 0x00, 0x00, 0x00, 0x00, 0x00, 0x00, 0x00,
    0x00, 0x00, 0x00, 0x00, 0x00, 0x00, 0x00, 0x00, 0x00, 0x00, 0x00, 0x00,
    0x00, 0x00, 0x00, 0x00, 0x00, 0x00, 0x00, 0x00, 0x00, 0x00, 0x00, 0x00,
    0x00, 0x00, 0x00, 0x00, 0x00, 0x00, 0x00, 0x00, 0x00, 0x00, 0x00, 0x00,
    0x00, 0x00, 0x00, 0x00, 0x00, 0x00, 0x00, 0x00, 0x00, 0x00, 0x00, 0x00,
    0x00, 0x00, 0x00, 0x00, 0x00, 0x00, 0x00, 0x00, 0x00, 0x00, 0x00, 0x00,
    0x00, 0x00, 0x00, 0x00, 0x00, 0x00, 0x00, 0x00, 0x00, 0x00, 0x00, 0x00,
    0x00, 0x00, 0x00, 0x00, 0x00, 0x00, 0x00, 0x00, 0x00, 0x00, 0x00, 0x00,
    0x00, 0x00, 0x00, 0x00, 0x01, 0x04, 0x01, 0x00, 0x01, 0x00, 0x01, 0x08,
    0x0a, 0x08, 0x07, 0x07, 0x07, 0x07, 0x08, 0x07, 0x07, 0x07, 0x07, 0x07,
    0x07, 0x07, 0x07, 0x07, 0x07, 0x07, 0x07, 0x07, 0x07, 0x07, 0x17, 0x17,
    0x17, 0x17, 0x17, 0x17, 0x18, 0x0b, 0x0b, 0x20, 0x19, 0x1a, 0x14, 0x14,
    0x2f, 0x1c, 0x0b, 0x18, 0x0b, 0x0b, 0x18, 0x17, 0x17, 0x18, 0x17, 0x07,
    0x28, 0x07, 0x07, 0x07, 0x08, 0x01, 0x01, 0x01, 0x01, 0x01, 0x00, 0x01,
    0x00, 0x00, 0x00, 0x00, 0x00, 0x00, 0x00, 0x00, 0x00, 0x00, 0x00, 0x00,
    0x00, 0x00, 0x00, 0x00, 0x00, 0x00, 0x00, 0x00, 0x00, 0x00, 0x00, 0x00,
    0x00, 0x00, 0x00, 0x00, 0x00, 0x00, 0x00, 0x00, 0x00, 0x00, 0x00, 0x00,
    0x00, 0x00, 0x00, 0x00, 0x00, 0x00, 0x00, 0x04, 0x04, 0x01, 0x01, 0x08,
    0x0a, 0x07, 0x07, 0x07, 0x07, 0x17, 0x18, 0x0b, 0x0b, 0x0b, 0x0b, 0x18,
    0x0b, 0x0b, 0x20, 0x1c, 0x1a, 0x14, 0x14, 0x21, 0x20, 0x17, 0x17, 0x18,
    0x0b, 0x17, 0x26, 0x17, 0x17, 0x26, 0x17, 0x07, 0x07, 0x07, 0x07, 0x07,
    0x07, 0x07, 0x0a, 0x07, 0x07, 0x07, 0x07, 0x07, 0x07, 0x07, 0x07, 0x07,
    0x07, 0x0a, 0x07, 0x08, 0x04, 0x04, 0x01, 0x01, 0x01, 0x00, 0x00, 0x00,
    0x01, 0x00, 0x00, 0x00, 0x00, 0x00, 0x00, 0x00, 0x00, 0x00, 0x00, 0x00,
    0x00, 0x00, 0x00, 0x00, 0x00, 0x00, 0x00, 0x00, 0x00, 0x00, 0x00, 0x00,
    0x00, 0x00, 0x00, 0x00, 0x00, 0x00, 0x00, 0x00, 0x00, 0x00, 0x00, 0x00,
    0x00, 0x00, 0x00, 0x00, 0x00, 0x00, 0x00, 0x00, 0x00, 0x00, 0x00, 0x00,
    0x00, 0x00, 0x00, 0x00, 0x00, 0x00, 0x00, 0x00, 0x00, 0x00, 0x00, 0x00,
    0x00, 0x00, 0x00, 0x00, 0x00, 0x00, 0x00, 0x00, 0x00, 0x00, 0x00, 0x00,
    0x00, 0x00, 0x00, 0x00, 0x00, 0x00, 0x00, 0x00, 0x00, 0x00, 0x00, 0x00,
    0x00, 0x00, 0x00, 0x00, 0x00, 0x00, 0x00, 0x00, 0x00, 0x00, 0x00, 0x00,
    0x00, 0x00, 0x00, 0x00, 0x00, 0x00, 0x00, 0x00, 0x00, 0x00, 0x01, 0x00,
    0x01, 0x01, 0x01, 0x00, 0x0a, 0x0a, 0x09, 0x07, 0x08, 0x07, 0x07, 0x07,
    0x07, 0x07, 0x07, 0x07, 0x07, 0x07, 0x07, 0x07, 0x07, 0x07, 0x07, 0x0a,
    0x07, 0x07, 0x17, 0x26, 0x17, 0x17, 0x17, 0x18, 0x18, 0x0b, 0x0b, 0x40,
    0x1a, 0x14, 0x14, 0x1b, 0x1c, 0x20, 0x18, 0x17, 0x17, 0x0b, 0x17, 0x17,
    0x17, 0x17, 0x17, 0x07, 0x07, 0x07, 0x07, 0x07, 0x03, 0x01, 0x01, 0x01,
    0x04, 0x01, 0x00, 0x00, 0x00, 0x00, 0x00, 0x00, 0x00, 0x00, 0x00, 0x00,
    0x00, 0x00, 0x00, 0x00, 0x00, 0x00, 0x00, 0x00, 0x00, 0x00, 0x00, 0x00,
    0x00, 0x00, 0x00, 0x00, 0x00, 0x00, 0x00, 0x00, 0x00, 0x00, 0x00, 0x00,
    0x00, 0x00, 0x00, 0x00, 0x00, 0x00, 0x00, 0x00, 0x00, 0x00, 0x01, 0x00,
    0x00, 0x04, 0x04, 0x04, 0x08, 0x0a, 0x07, 0x07, 0x07, 0x07, 0x0b, 0x18,
    0x0b, 0x0b, 0x18, 0x17, 0x17, 0x17, 0x18, 0x20, 0x1c, 0x1b, 0x14, 0x14,
    0x21, 0x20, 0x0b, 0x17, 0x17, 0x18, 0x17, 0x17, 0x17, 0x17, 0x17, 0x07,
    0x07, 0x07, 0x07, 0x07, 0x07, 0x07, 0x07, 0x07, 0x07, 0x07, 0x07, 0x07,
    0x07, 0x07, 0x07, 0x08, 0x07, 0x04, 0x00, 0x04, 0x01, 0x04, 0x01, 0x01,
    0x01, 0x01, 0x00, 0x01, 0x00, 0x00, 0x00, 0x00, 0x00, 0x00, 0x00, 0x00,
    0x00, 0x00, 0x00, 0x00, 0x00, 0x00, 0x00, 0x00, 0x00, 0x00, 0x00, 0x00,
    0x00, 0x00, 0x00, 0x00, 0x00, 0x00, 0x00, 0x00, 0x00, 0x00, 0x00, 0x00,
    0x00, 0x00, 0x00, 0x00, 0x00, 0x00, 0x00, 0x00, 0x00, 0x00, 0x00, 0x00,
    0x00, 0x00, 0x00, 0x00, 0x00, 0x00, 0x00, 0x00, 0x00, 0x00, 0x00, 0x00,
    0x00, 0x00, 0x00, 0x00, 0x00, 0x00, 0x00, 0x00, 0x00, 0x00, 0x00, 0x00,
    0x00, 0x00, 0x00, 0x00, 0x00, 0x00, 0x00, 0x00, 0x00, 0x00, 0x00, 0x00,
    0x00, 0x00, 0x00, 0x00, 0x00, 0x00, 0x00, 0x00, 0x00, 0x00, 0x00, 0x00,
    0x00, 0x00, 0x00, 0x00, 0x00, 0x00, 0x00, 0x00, 0x00, 0x00, 0x00, 0x01,
    0x01, 0x01, 0x04, 0x04, 0x01, 0x01, 0x01, 0x01, 0x01, 0x01, 0x0a, 0x08,
    0x08, 0x08, 0x07, 0x07, 0x07, 0x07, 0x07, 0x07, 0x0a, 0x07, 0x07, 0x07,
    0x07, 0x07, 0x07, 0x0a, 0x0a, 0x07, 0x07, 0x17, 0x26, 0x18, 0x0b, 0x0b,
    0x0b, 0x0b, 0x19, 0x21, 0x14, 0x2d, 0x1b, 0x1c, 0x0b, 0x18, 0x17, 0x0b,
    0x18, 0x17, 0x17, 0x17, 0x17, 0x26, 0x0a, 0x07, 0x07, 0x07, 0x07, 0x08,
    0x00, 0x01, 0x04, 0x04, 0x00, 0x04, 0x00, 0x00, 0x00, 0x00, 0x00, 0x00,
    0x00, 0x00, 0x00, 0x00, 0x00, 0x00, 0x00, 0x00, 0x00, 0x00, 0x00, 0x00,
    0x00, 0x00, 0x00, 0x00, 0x00, 0x00, 0x00, 0x00, 0x00, 0x00, 0x00, 0x00,
    0x00, 0x00, 0x00, 0x00, 0x00, 0x00, 0x00, 0x00, 0x00, 0x00, 0x00, 0x00,
    0x00, 0x00, 0x00, 0x04, 0x00, 0x04, 0x04, 0x04, 0x00, 0x09, 0x08, 0x07,
    0x0a, 0x0a, 0x07, 0x0b, 0x17, 0x18, 0x0b, 0x0b, 0x17, 0x17, 0x17, 0x17,
    0x20, 0x24, 0x1a, 0x14, 0x25, 0x21, 0x29, 0x0b, 0x0b, 0x18, 0x0b, 0x18,
    0x17, 0x17, 0x26, 0x07, 0x07, 0x07, 0x07, 0x07, 0x07, 0x07, 0x07, 0x07,
    0x07, 0x07, 0x07, 0x07, 0x07, 0x07, 0x07, 0x07, 0x04, 0x04, 0x00, 0x04,
    0x04, 0x04, 0x01, 0x01, 0x01, 0x03, 0x03, 0x00, 0x00, 0x00, 0x00, 0x00,
    0x00, 0x00, 0x00, 0x00, 0x00, 0x00, 0x00, 0x00, 0x00, 0x00, 0x00, 0x00,
    0x00, 0x00, 0x00, 0x00, 0x00, 0x00, 0x00, 0x00, 0x00, 0x00, 0x00, 0x00,
    0x00, 0x00, 0x00, 0x00, 0x00, 0x00, 0x00, 0x00, 0x00, 0x00, 0x00, 0x00,
    0x00, 0x00, 0x00, 0x00, 0x00, 0x00, 0x00, 0x00, 0x00, 0x00, 0x00, 0x00,
    0x00, 0x00, 0x00, 0x00, 0x00, 0x00, 0x00, 0x00, 0x00, 0x00, 0x00, 0x00,
    0x00, 0x00, 0x00, 0x00, 0x00, 0x00, 0x00, 0x00, 0x00, 0x00, 0x00, 0x00,
    0x00, 0x00, 0x00, 0x00, 0x00, 0x00, 0x00, 0x00, 0x00, 0x00, 0x00, 0x00,
    0x00, 0x00, 0x00, 0x00, 0x00, 0x00, 0x00, 0x00, 0x00, 0x00, 0x00, 0x00,
    0x00, 0x00, 0x00, 0x00, 0x00, 0x00, 0x00, 0x00, 0x01, 0x01, 0x00, 0x01,
    0x01, 0x01, 0x04, 0x07, 0x0a, 0x09, 0x07, 0x07, 0x07, 0x07, 0x0a, 0x07,
    0x07, 0x07, 0x07, 0x07, 0x07, 0x07, 0x07, 0x07, 0x07, 0x07, 0x07, 0x17,
    0x0b, 0x18, 0x0b, 0x0b, 0x18, 0x20, 0x21, 0x14, 0x14, 0x1b, 0x1c, 0x29,
    0x0b, 0x17, 0x0b, 0x0b, 0x18, 0x17, 0x17, 0x26, 0x17, 0x0a, 0x07, 0x07,
    0x07, 0x07, 0x0a, 0x04, 0x00, 0x04, 0x04, 0x04, 0x00, 0x00, 0x00, 0x00,
    0x00, 0x00, 0x00, 0x00, 0x00, 0x00, 0x00, 0x00, 0x00, 0x00, 0x00, 0x00,
    0x00, 0x00, 0x00, 0x00, 0x00, 0x00, 0x00, 0x00, 0x00, 0x00, 0x00, 0x00,
    0x00, 0x00, 0x00, 0x00, 0x00, 0x00, 0x00, 0x00, 0x00, 0x00, 0x00, 0x00,
    0x00, 0x00, 0x00, 0x00, 0x00, 0x00, 0x00, 0x00, 0x00, 0x00, 0x04, 0x04,
    0x04, 0x04, 0x07, 0x07, 0x07, 0x0a, 0x07, 0x17, 0x17, 0x0b, 0x17, 0x17,
    0x17, 0x26, 0x17, 0x17, 0x17, 0x29, 0x24, 0x2c, 0x14, 0x14, 0x21, 0x20,
    0x0b, 0x0b, 0x18, 0x0b, 0x18, 0x17, 0x07, 0x07, 0x07, 0x07, 0x07, 0x07,
    0x07, 0x07, 0x07, 0x07, 0x07, 0x07, 0x08, 0x07, 0x08, 0x0a, 0x08, 0x04,
    0x00, 0x00, 0x04, 0x01, 0x01, 0x04, 0x01, 0x01, 0x00, 0x00, 0x00, 0x00,
    0x00, 0x00, 0x00, 0x00, 0x00, 0x00, 0x00, 0x00, 0x00, 0x00, 0x00, 0x00,
    0x00, 0x00, 0x00, 0x00, 0x00, 0x00, 0x00, 0x00, 0x00, 0x00, 0x00, 0x00,
    0x00, 0x00, 0x00, 0x00, 0x00, 0x00, 0x00, 0x00, 0x00, 0x00, 0x00, 0x00,
    0x00, 0x00, 0x00, 0x00, 0x00, 0x00, 0x00, 0x00, 0x00, 0x00, 0x00, 0x00,
    0x00, 0x00, 0x00, 0x00, 0x00, 0x00, 0x00, 0x00, 0x00, 0x00, 0x00, 0x00,
    0x00, 0x00, 0x00, 0x00, 0x00, 0x00, 0x00, 0x00, 0x00, 0x00, 0x00, 0x00,
    0x00, 0x00, 0x00, 0x00, 0x00, 0x00, 0x00, 0x00, 0x00, 0x00, 0x00, 0x00,
    0x00, 0x00, 0x00, 0x00, 0x00, 0x00, 0x00, 0x00, 0x00, 0x00, 0x00, 0x00,
    0x00, 0x00, 0x00, 0x00, 0x00, 0x00, 0x00, 0x00, 0x00, 0x00, 0x00, 0x00,
    0x00, 0x00, 0x04, 0x01, 0x01, 0x01, 0x04, 0x04, 0x0a, 0x0a, 0x09, 0x08,
    0x07, 0x07, 0x07, 0x07, 0x07, 0x07, 0x07, 0x07, 0x07, 0x07, 0x07, 0x07,
    0x07, 0x0a, 0x07, 0x17, 0x0b, 0x0b, 0x0b, 0x18, 0x20, 0x21, 0x14, 0x14,
    0x1b, 0x19, 0x17, 0x17, 0x17, 0x18, 0x0b, 0x0b, 0x17, 0x17, 0x17, 0x17,
    0x18, 0x0a, 0x0a, 0x07, 0x07, 0x0a, 0x04, 0x04, 0x04, 0x00, 0x04, 0x06,
    0x03, 0x00, 0x00, 0x00, 0x00, 0x00, 0x00, 0x00, 0x00, 0x00, 0x00, 0x00,
    0x00, 0x00, 0x00, 0x00, 0x00, 0x00, 0x00, 0x00, 0x00, 0x00, 0x00, 0x00,
    0x00, 0x00, 0x00, 0x00, 0x00, 0x00, 0x00, 0x00, 0x00, 0x00, 0x00, 0x00,
    0x00, 0x00, 0x00, 0x00, 0x00, 0x00, 0x00, 0x00, 0x00, 0x00, 0x00, 0x00,
    0x01, 0x00, 0x00, 0x04, 0x00, 0x04, 0x04, 0x0a, 0x07, 0x07, 0x07, 0x07,
    0x17, 0x17, 0x18, 0x18, 0x0b, 0x18, 0x17, 0x17, 0x17, 0x18, 0x20, 0x1c,
    0x1a, 0x14, 0x14, 0x1d, 0x20, 0x0b, 0x17, 0x17, 0x17, 0x17, 0x07, 0x07,
    0x07, 0x07, 0x07, 0x07, 0x07, 0x07, 0x0a, 0x07, 0x07, 0x07, 0x07, 0x08,
    0x07, 0x08, 0x00, 0x01, 0x01, 0x00, 0x04, 0x01, 0x01, 0x00, 0x00, 0x04,
    0x00, 0x00, 0x00, 0x00, 0x00, 0x00, 0x00, 0x00, 0x00, 0x00, 0x00, 0x00,
    0x00, 0x00, 0x00, 0x00, 0x00, 0x00, 0x00, 0x00, 0x00, 0x00, 0x00, 0x00,
    0x00, 0x00, 0x00, 0x00, 0x00, 0x00, 0x00, 0x00, 0x00, 0x00, 0x00, 0x00,
    0x00, 0x00, 0x00, 0x00, 0x00, 0x00, 0x00, 0x00, 0x00, 0x00, 0x00, 0x00,
    0x00, 0x00, 0x00, 0x00, 0x00, 0x00, 0x00, 0x00, 0x00, 0x00, 0x00, 0x00,
    0x00, 0x00, 0x00, 0x00, 0x00, 0x00, 0x00, 0x00, 0x00, 0x00, 0x00, 0x00,
    0x00, 0x00, 0x00, 0x00, 0x00, 0x00, 0x00, 0x00, 0x00, 0x00, 0x00, 0x00,
    0x00, 0x00, 0x00, 0x00, 0x00, 0x00, 0x00, 0x00, 0x00, 0x00, 0x00, 0x00,
    0x00, 0x00, 0x00, 0x00, 0x00, 0x00, 0x00, 0x00, 0x00, 0x00, 0x00, 0x00,
    0x00, 0x00, 0x00, 0x00, 0x00, 0x00, 0x00, 0x01, 0x01, 0x04, 0x00, 0x04,
    0x04, 0x04, 0x07, 0x0a, 0x08, 0x08, 0x07, 0x07, 0x07, 0x07, 0x07, 0x07,
    0x07, 0x07, 0x07, 0x07, 0x07, 0x07, 0x17, 0x17, 0x18, 0x0b, 0x0b, 0x19,
    0x1a, 0x14, 0x14, 0x1b, 0x19, 0x0b, 0x17, 0x17, 0x17, 0x18, 0x0b, 0x17,
    0x17, 0x17, 0x17, 0x18, 0x0a, 0x07, 0x07, 0x08, 0x0a, 0x00, 0x04, 0x01,
    0x04, 0x04, 0x04, 0x00, 0x00, 0x00, 0x00, 0x00, 0x00, 0x00, 0x00, 0x00,
    0x00, 0x00, 0x00, 0x00, 0x00, 0x00, 0x00, 0x00, 0x00, 0x00, 0x00, 0x00,
    0x00, 0x00, 0x00, 0x00, 0x00, 0x00, 0x00, 0x00, 0x00, 0x00, 0x00, 0x00,
    0x00, 0x00, 0x00, 0x00, 0x00, 0x00, 0x00, 0x00, 0x00, 0x00, 0x00, 0x00,
    0x00, 0x00, 0x00, 0x00, 0x00, 0x00, 0x00, 0x00, 0x00, 0x04, 0x04, 0x09,
    0x0a, 0x07, 0x07, 0x07, 0x07, 0x17, 0x17, 0x17, 0x0b, 0x0b, 0x18, 0x17,
    0x17, 0x17, 0x17, 0x20, 0x24, 0x1a, 0x14, 0x14, 0x21, 0x20, 0x0b, 0x18,
    0x17, 0x17, 0x07, 0x07, 0x07, 0x07, 0x07, 0x07, 0x07, 0x07, 0x07, 0x0a,
    0x07, 0x0a, 0x08, 0x07, 0x00, 0x01, 0x00, 0x00, 0x04, 0x01, 0x01, 0x01,
    0x00, 0x00, 0x00, 0x06, 0x00, 0x00, 0x01, 0x00, 0x04, 0x00, 0x00, 0x00,
    0x00, 0x00, 0x00, 0x00, 0x00, 0x00, 0x00, 0x00, 0x00, 0x00, 0x00, 0x00,
    0x00, 0x00, 0x00, 0x00, 0x00, 0x00, 0x00, 0x00, 0x00, 0x00, 0x00, 0x00,
    0x00, 0x00, 0x00, 0x00, 0x00, 0x00, 0x00, 0x00, 0x00, 0x00, 0x00, 0x00,
    0x00, 0x00, 0x00, 0x00, 0x00, 0x00, 0x00, 0x00, 0x00, 0x00, 0x00, 0x00,
    0x00, 0x00, 0x00, 0x00, 0x00, 0x00, 0x00, 0x00, 0x00, 0x00, 0x00, 0x00,
    0x00, 0x00, 0x00, 0x00, 0x00, 0x00, 0x00, 0x00, 0x00, 0x00, 0x00, 0x00,
    0x00, 0x00, 0x00, 0x00, 0x00, 0x00, 0x00, 0x00, 0x00, 0x00, 0x00, 0x00,
    0x00, 0x00, 0x00, 0x00, 0x00, 0x00, 0x00, 0x00, 0x00, 0x00, 0x00, 0x00,
    0x00, 0x00, 0x00, 0x00, 0x00, 0x00, 0x00, 0x00, 0x04, 0x04, 0x00, 0x00,
    0x00, 0x01, 0x04, 0x04, 0x04, 0x00, 0x01, 0x08, 0x09, 0x08, 0x08, 0x07,
    0x07, 0x07, 0x07, 0x07, 0x07, 0x07, 0x07, 0x07, 0x07, 0x07, 0x17, 0x18,
    0x18, 0x0b, 0x19, 0x1a, 0x14, 0x2d, 0x1b, 0x1c, 0x0b, 0x17, 0x26, 0x18,
    0x0b, 0x0b, 0x18, 0x17, 0x17, 0x26, 0x18, 0x07, 0x07, 0x07, 0x0a, 0x08,
    0x04, 0x04, 0x04, 0x04, 0x04, 0x04, 0x00, 0x00, 0x00, 0x00, 0x00, 0x00,
    0x00, 0x00, 0x00, 0x00, 0x00, 0x00, 0x00, 0x00, 0x00, 0x00, 0x00, 0x00,
    0x00, 0x00, 0x00, 0x00, 0x00, 0x00, 0x00, 0x00, 0x00, 0x00, 0x00, 0x00,
    0x00, 0x00, 0x00, 0x00, 0x00, 0x00, 0x00, 0x00, 0x00, 0x00, 0x00, 0x00,
    0x00, 0x00, 0x00, 0x00, 0x00, 0x00, 0x00, 0x00, 0x00, 0x00, 0x04, 0x00,
    0x00, 0x04, 0x04, 0x00, 0x09, 0x0a, 0x07, 0x07, 0x07, 0x07, 0x17, 0x17,
    0x18, 0x0b, 0x0b, 0x18, 0x17, 0x17, 0x17, 0x17, 0x20, 0x24, 0x1a, 0x14,
    0x14, 0x21, 0x19, 0x0b, 0x18, 0x17, 0x17, 0x07, 0x07, 0x07, 0x07, 0x07,
    0x08, 0x07, 0x07, 0x09, 0x0a, 0x09, 0x08, 0x00, 0x01, 0x01, 0x01, 0x01,
    0x01, 0x01, 0x01, 0x04, 0x06, 0x00, 0x03, 0x00, 0x00, 0x00, 0x01, 0x00,
    0x04, 0x00, 0x00, 0x00, 0x00, 0x00, 0x00, 0x00, 0x00, 0x00, 0x00, 0x00,
    0x00, 0x00, 0x00, 0x00, 0x00, 0x00, 0x00, 0x00, 0x00, 0x00, 0x00, 0x00,
    0x00, 0x00, 0x00, 0x00, 0x00, 0x00, 0x00, 0x00, 0x00, 0x00, 0x00, 0x00,
    0x00, 0x00, 0x00, 0x00, 0x00, 0x00, 0x00, 0x00, 0x00, 0x00, 0x00, 0x00,
    0x00, 0x00, 0x00, 0x00, 0x00, 0x00, 0x00, 0x00, 0x00, 0x00, 0x00, 0x00,
    0x00, 0x00, 0x00, 0x00, 0x00, 0x00, 0x00, 0x00, 0x00, 0x00, 0x00, 0x00,
    0x00, 0x00, 0x00, 0x00, 0x00, 0x00, 0x00, 0x00, 0x00, 0x00, 0x00, 0x00,
    0x00, 0x00, 0x00, 0x00, 0x00, 0x00, 0x00, 0x00, 0x00, 0x00, 0x00, 0x00,
    0x00, 0x00, 0x00, 0x00, 0x00, 0x00, 0x00, 0x00, 0x00, 0x01, 0x00, 0x00,
    0x00, 0x00, 0x00, 0x00, 0x00, 0x01, 0x04, 0x04, 0x04, 0x01, 0x01, 0x00,
    0x00, 0x04, 0x09, 0x07, 0x07, 0x07, 0x07, 0x07, 0x07, 0x07, 0x07, 0x07,
    0x07, 0x17, 0x18, 0x0b, 0x0b, 0x19, 0x13, 0x14, 0x14, 0x1b, 0x19, 0x18,
    0x0b, 0x0b, 0x18, 0x0b, 0x0b, 0x0b, 0x17, 0x18, 0x17, 0x17, 0x0a, 0x07,
    0x07, 0x07, 0x07, 0x04, 0x00, 0x04, 0x04, 0x04, 0x00, 0x00, 0x00, 0x00,
    0x00, 0x00, 0x00, 0x00, 0x00, 0x00, 0x00, 0x00, 0x00, 0x00, 0x00, 0x00,
    0x00, 0x00, 0x00, 0x00, 0x00, 0x00, 0x00, 0x00, 0x00, 0x00, 0x00, 0x00,
    0x00, 0x00, 0x00, 0x00, 0x00, 0x00, 0x00, 0x00, 0x00, 0x00, 0x00, 0x00,
    0x00, 0x00, 0x00, 0x00, 0x00, 0x00, 0x00, 0x00, 0x00, 0x00, 0x00, 0x00,
    0x00, 0x00, 0x01, 0x00, 0x04, 0x04, 0x04, 0x00, 0x00, 0x09, 0x08, 0x07,
    0x07, 0x07, 0x07, 0x17, 0x17, 0x18, 0x17, 0x17, 0x17, 0x26, 0x17, 0x17,
    0x18, 0x20, 0x1c, 0x1b, 0x14, 0x14, 0x13, 0x19, 0x0b, 0x18, 0x07, 0x0a,
    0x07, 0x07, 0x07, 0x07, 0x07, 0x0a, 0x07, 0x08, 0x04, 0x00, 0x04, 0x04,
    0x01, 0x01, 0x01, 0x00, 0x01, 0x00, 0x00, 0x01, 0x00, 0x01, 0x00, 0x00,
    0x00, 0x00, 0x00, 0x00, 0x00, 0x00, 0x00, 0x00, 0x00, 0x00, 0x00, 0x00,
    0x00, 0x00, 0x00, 0x00, 0x00, 0x00, 0x00, 0x00, 0x00, 0x00, 0x00, 0x00,
    0x00, 0x00, 0x00, 0x00, 0x00, 0x00, 0x00, 0x00, 0x00, 0x00, 0x00, 0x00,
    0x00, 0x00, 0x00, 0x00, 0x00, 0x00, 0x00, 0x00, 0x00, 0x00, 0x00, 0x00,
    0x00, 0x00, 0x00, 0x00, 0x00, 0x00, 0x00, 0x00, 0x00, 0x00, 0x00, 0x00,
    0x00, 0x00, 0x00, 0x00, 0x00, 0x00, 0x00, 0x00, 0x00, 0x00, 0x00, 0x00,
    0x00, 0x00, 0x00, 0x00, 0x00, 0x00, 0x00, 0x00, 0x00, 0x00, 0x00, 0x00,
    0x00, 0x00, 0x00, 0x00, 0x00, 0x00, 0x00, 0x00, 0x00, 0x00, 0x00, 0x00,
    0x00, 0x00, 0x00, 0x00, 0x00, 0x00, 0x00, 0x00, 0x00, 0x00, 0x00, 0x00,
    0x00, 0x00, 0x00, 0x00, 0x00, 0x00, 0x00, 0x03, 0x00, 0x00, 0x00, 0x01,
    0x01, 0x01, 0x01, 0x01, 0x01, 0x00, 0x01, 0x08, 0x09, 0x08, 0x08, 0x08,
    0x07, 0x07, 0x07, 0x07, 0x07, 0x07, 0x18, 0x0b, 0x19, 0x1a, 0x14, 0x14,
    0x39, 0x19, 0x0b, 0x18, 0x0b, 0x0b, 0x0b, 0x0b, 0x18, 0x17, 0x17, 0x17,
    0x18, 0x0a, 0x07, 0x07, 0x07, 0x07, 0x08, 0x04, 0x04, 0x01, 0x01, 0x00,
    0x01, 0x00, 0x00, 0x00, 0x00, 0x00, 0x00, 0x00, 0x00, 0x00, 0x00, 0x00,
    0x00, 0x00, 0x00, 0x00, 0x00, 0x00, 0x00, 0x00, 0x00, 0x00, 0x00, 0x00,
    0x00, 0x00, 0x00, 0x00, 0x00, 0x00, 0x00, 0x00, 0x00, 0x00, 0x00, 0x00,
    0x00, 0x00, 0x00, 0x00, 0x00, 0x00, 0x00, 0x00, 0x00, 0x00, 0x00, 0x00,
    0x00, 0x00, 0x00, 0x00, 0x00, 0x00, 0x00, 0x01, 0x00, 0x00, 0x04, 0x04,
    0x04, 0x04, 0x0a, 0x09, 0x07, 0x07, 0x07, 0x07, 0x07, 0x17, 0x18, 0x17,
    0x18, 0x0b, 0x17, 0x17, 0x17, 0x18, 0x0b, 0x19, 0x1b, 0x14, 0x14, 0x1b,
    0x19, 0x0b, 0x18, 0x37, 0x07, 0x07, 0x07, 0x07, 0x0a, 0x0a, 0x04, 0x01,
    0x00, 0x01, 0x01, 0x01, 0x01, 0x01, 0x01, 0x01, 0x01, 0x04, 0x00, 0x00,
    0x03, 0x04, 0x00, 0x00, 0x00, 0x00, 0x00, 0x00, 0x00, 0x00, 0x00, 0x00,
    0x00, 0x00, 0x00, 0x00, 0x00, 0x00, 0x00, 0x00, 0x00, 0x00, 0x00, 0x00,
    0x00, 0x00, 0x00, 0x00, 0x00, 0x00, 0x00, 0x00, 0x00, 0x00, 0x00, 0x00,
    0x00, 0x00, 0x00, 0x00, 0x00, 0x00, 0x00, 0x00, 0x00, 0x00, 0x00, 0x00,
    0x00, 0x00, 0x00, 0x00, 0x00, 0x00, 0x00, 0x00, 0x00, 0x00, 0x00, 0x00,
    0x00, 0x00, 0x00, 0x00, 0x00, 0x00, 0x00, 0x00, 0x00, 0x00, 0x00, 0x00,
    0x00, 0x00, 0x00, 0x00, 0x00, 0x00, 0x00, 0x00, 0x00, 0x00, 0x00, 0x00,
    0x00, 0x00, 0x00, 0x00, 0x00, 0x00, 0x00, 0x00, 0x00, 0x00, 0x00, 0x00,
    0x00, 0x00, 0x00, 0x00, 0x00, 0x00, 0x00, 0x00, 0x00, 0x00, 0x00, 0x00,
    0x00, 0x00, 0x00, 0x00, 0x00, 0x00, 0x00, 0x00, 0x00, 0x00, 0x00, 0x00,
    0x00, 0x00, 0x03, 0x00, 0x00, 0x01, 0x01, 0x01, 0x01, 0x01, 0x01, 0x04,
    0x04, 0x08, 0x0a, 0x08, 0x07, 0x07, 0x07, 0x07, 0x07, 0x07, 0x0b, 0x1c,
    0x1a, 0x14, 0x14, 0x1d, 0x19, 0x0b, 0x18, 0x0b, 0x0b, 0x17, 0x18, 0x0b,
    0x17, 0x17, 0x17, 0x18, 0x07, 0x07, 0x07, 0x07, 0x07, 0x08, 0x01, 0x01,
    0x04, 0x01, 0x04, 0x01, 0x00, 0x00, 0x00, 0x00, 0x00, 0x00, 0x00, 0x00,
    0x00, 0x00, 0x00, 0x00, 0x00, 0x00, 0x00, 0x00, 0x00, 0x00, 0x00, 0x00,
    0x00, 0x00, 0x00, 0x00, 0x00, 0x00, 0x00, 0x00, 0x00, 0x00, 0x00, 0x00,
    0x00, 0x00, 0x00, 0x00, 0x00, 0x00, 0x00, 0x00, 0x00, 0x00, 0x00, 0x00,
    0x00, 0x00, 0x00, 0x00, 0x00, 0x00, 0x00, 0x00, 0x00, 0x00, 0x00, 0x00,
    0x04, 0x04, 0x04, 0x04, 0x04, 0x04, 0x04, 0x0a, 0x09, 0x07, 0x07, 0x07,
    0x0a, 0x17, 0x17, 0x0b, 0x0b, 0x18, 0x18, 0x0b, 0x0b, 0x17, 0x18, 0x0b,
    0x19, 0x13, 0x14, 0x14, 0x1f, 0x12, 0x0b, 0x0a, 0x07, 0x07, 0x07, 0x07,
    0x07, 0x04, 0x01, 0x01, 0x01, 0x01, 0x00, 0x01, 0x00, 0x00, 0x00, 0x01,
    0x00, 0x04, 0x00, 0x00, 0x01, 0x00, 0x00, 0x00, 0x00, 0x00, 0x00, 0x00,
    0x00, 0x00, 0x00, 0x00, 0x00, 0x00, 0x00, 0x00, 0x00, 0x00, 0x00, 0x00,
    0x00, 0x00, 0x00, 0x00, 0x00, 0x00, 0x00, 0x00, 0x00, 0x00, 0x00, 0x00,
    0x00, 0x00, 0x00, 0x00, 0x00, 0x00, 0x00, 0x00, 0x00, 0x00, 0x00, 0x00,
    0x00, 0x00, 0x00, 0x00, 0x00, 0x00, 0x00, 0x00, 0x00, 0x00, 0x00, 0x00,
    0x00, 0x00, 0x00, 0x00, 0x00, 0x00, 0x00, 0x00, 0x00, 0x00, 0x00, 0x00,
    0x00, 0x00, 0x00, 0x00, 0x00, 0x00, 0x00, 0x00, 0x00, 0x00, 0x00, 0x00,
    0x00, 0x00, 0x00, 0x00, 0x00, 0x00, 0x00, 0x00, 0x00, 0x00, 0x00, 0x00,
    0x00, 0x00, 0x00, 0x00, 0x00, 0x00, 0x00, 0x00, 0x00, 0x00, 0x00, 0x00,
    0x00, 0x00, 0x00, 0x00, 0x00, 0x00, 0x00, 0x00, 0x00, 0x00, 0x00, 0x00,
    0x00, 0x00, 0x00, 0x00, 0x00, 0x00, 0x01, 0x00, 0x00, 0x01, 0x01, 0x01,
    0x00, 0x01, 0x04, 0x04, 0x00, 0x04, 0x00, 0x0a, 0x0a, 0x07, 0x07, 0x07,
    0x0a, 0x18, 0x21, 0x14, 0x14, 0x23, 0x1d, 0x19, 0x0b, 0x18, 0x0b, 0x0b,
    0x0b, 0x18, 0x17, 0x17, 0x17, 0x17, 0x18, 0x0a, 0x07, 0x07, 0x07, 0x0a,
    0x07, 0x08, 0x01, 0x04, 0x00, 0x01, 0x03, 0x01, 0x00, 0x00, 0x00, 0x00,
    0x00, 0x00, 0x00, 0x00, 0x00, 0x00, 0x00, 0x00, 0x00, 0x00, 0x00, 0x00,
    0x00, 0x00, 0x00, 0x00, 0x00, 0x00, 0x00, 0x00, 0x00, 0x00, 0x00, 0x00,
    0x00, 0x00, 0x00, 0x00, 0x00, 0x00, 0x00, 0x00, 0x00, 0x00, 0x00, 0x00,
    0x00, 0x00, 0x00, 0x00, 0x00, 0x00, 0x00, 0x00, 0x00, 0x00, 0x00, 0x00,
    0x00, 0x00, 0x00, 0x00, 0x01, 0x01, 0x01, 0x04, 0x04, 0x04, 0x04, 0x04,
    0x0a, 0x09, 0x07, 0x07, 0x07, 0x07, 0x07, 0x17, 0x17, 0x17, 0x0b, 0x18,
    0x0b, 0x0b, 0x0b, 0x0b, 0x0b, 0x0b, 0x1d, 0x22, 0x14, 0x1e, 0x48, 0x0b,
    0x07, 0x07, 0x07, 0x07, 0x07, 0x04, 0x01, 0x00, 0x04, 0x06, 0x01, 0x03,
    0x00, 0x03, 0x00, 0x00, 0x00, 0x00, 0x00, 0x00, 0x01, 0x00, 0x00, 0x00,
    0x00, 0x00, 0x00, 0x00, 0x00, 0x00, 0x00, 0x00, 0x00, 0x00, 0x00, 0x00,
    0x00, 0x00, 0x00, 0x00, 0x00, 0x00, 0x00, 0x00, 0x00, 0x00, 0x00, 0x00,
    0x00, 0x00, 0x00, 0x00, 0x00, 0x00, 0x00, 0x00, 0x00, 0x00, 0x00, 0x00,
    0x00, 0x00, 0x00, 0x00, 0x00, 0x00, 0x00, 0x00, 0x00, 0x00, 0x00, 0x00,
    0x00, 0x00, 0x00, 0x00, 0x00, 0x00, 0x00, 0x00, 0x00, 0x00, 0x00, 0x00,
    0x00, 0x00, 0x00, 0x00, 0x00, 0x00, 0x00, 0x00, 0x00, 0x00, 0x00, 0x00,
    0x00, 0x00, 0x00, 0x00, 0x00, 0x00, 0x00, 0x00, 0x00, 0x00, 0x00, 0x00,
    0x00, 0x00, 0x00, 0x00, 0x00, 0x00, 0x00, 0x00, 0x00, 0x00, 0x00, 0x00,
    0x00, 0x00, 0x00, 0x00, 0x00, 0x00, 0x00, 0x00, 0x00, 0x00, 0x00, 0x00,
    0x00, 0x00, 0x00, 0x00, 0x00, 0x00, 0x00, 0x00, 0x00, 0x00, 0x00, 0x00,
    0x00, 0x00, 0x00, 0x01, 0x01, 0x01, 0x04, 0x01, 0x01, 0x04, 0x04, 0x0a,
    0x07, 0x07, 0x07, 0x07, 0x0c, 0x13, 0x14, 0x14, 0x23, 0x1c, 0x0b, 0x18,
    0x0b, 0x17, 0x0b, 0x0b, 0x18, 0x0b, 0x0b, 0x18, 0x17, 0x17, 0x07, 0x07,
    0x07, 0x07, 0x08, 0x08, 0x09, 0x00, 0x01, 0x04, 0x01, 0x00, 0x00, 0x00,
    0x00, 0x00, 0x00, 0x00, 0x00, 0x00, 0x00, 0x00, 0x00, 0x00, 0x00, 0x00,
    0x00, 0x00, 0x00, 0x00, 0x00, 0x00, 0x00, 0x00, 0x00, 0x00, 0x00, 0x00,
    0x00, 0x00, 0x00, 0x00, 0x00, 0x00, 0x00, 0x00, 0x00, 0x00, 0x00, 0x00,
    0x00, 0x00, 0x00, 0x00, 0x00, 0x00, 0x00, 0x00, 0x00, 0x00, 0x00, 0x00,
    0x00, 0x00, 0x00, 0x00, 0x00, 0x00, 0x00, 0x00, 0x00, 0x01, 0x00, 0x01,
    0x04, 0x04, 0x04, 0x04, 0x04, 0x07, 0x07, 0x07, 0x07, 0x07, 0x07, 0x17,
    0x17, 0x17, 0x17, 0x17, 0x18, 0x0b, 0x18, 0x0b, 0x0b, 0x0b, 0x0b, 0x24,
    0x56, 0x16, 0x11, 0x0c, 0x07, 0x07, 0x07, 0x07, 0x08, 0x01, 0x01, 0x04,
    0x04, 0x01, 0x01, 0x03, 0x00, 0x00, 0x00, 0x00, 0x00, 0x00, 0x00, 0x01,
    0x05, 0x00, 0x00, 0x00, 0x00, 0x00, 0x00, 0x00, 0x00, 0x00, 0x00, 0x00,
    0x00, 0x00, 0x00, 0x00, 0x00, 0x00, 0x00, 0x00, 0x00, 0x00, 0x00, 0x00,
    0x00, 0x00, 0x00, 0x00, 0x00, 0x00, 0x00, 0x00, 0x00, 0x00, 0x00, 0x00,
    0x00, 0x00, 0x00, 0x00, 0x00, 0x00, 0x00, 0x00, 0x00, 0x00, 0x00, 0x00,
    0x00, 0x00, 0x00, 0x00, 0x00, 0x00, 0x00, 0x00, 0x00, 0x00, 0x00, 0x00,
    0x00, 0x00, 0x00, 0x00, 0x00, 0x00, 0x00, 0x00, 0x00, 0x00, 0x00, 0x00,
    0x00, 0x00, 0x00, 0x00, 0x00, 0x00, 0x00, 0x00, 0x00, 0x00, 0x00, 0x00,
    0x00, 0x00, 0x00, 0x00, 0x00, 0x00, 0x00, 0x00, 0x00, 0x00, 0x00, 0x00,
    0x00, 0x00, 0x00, 0x00, 0x00, 0x00, 0x00, 0x00, 0x00, 0x00, 0x00, 0x00,
    0x00, 0x00, 0x00, 0x00, 0x00, 0x00, 0x00, 0x00, 0x00, 0x00, 0x00, 0x00,
    0x00, 0x00, 0x00, 0x00, 0x00, 0x00, 0x00, 0x00, 0x01, 0x01, 0x01, 0x01,
    0x01, 0x04, 0x08, 0x0a, 0x07, 0x07, 0x0a, 0x07, 0x0d, 0x4a, 0x15, 0x1f,
    0x19, 0x0b, 0x18, 0x0b, 0x17, 0x17, 0x17, 0x18, 0x0b, 0x0b, 0x0b, 0x17,
    0x17, 0x07, 0x07, 0x07, 0x07, 0x07, 0x07, 0x09, 0x00, 0x04, 0x04, 0x01,
    0x01, 0x00, 0x00, 0x00, 0x00, 0x00, 0x00, 0x00, 0x00, 0x00, 0x00, 0x00,
    0x00, 0x00, 0x00, 0x00, 0x00, 0x00, 0x00, 0x00, 0x00, 0x00, 0x00, 0x00,
    0x00, 0x00, 0x00, 0x00, 0x00, 0x00, 0x00, 0x00, 0x00, 0x00, 0x00, 0x00,
    0x00, 0x00, 0x00, 0x00, 0x00, 0x00, 0x00, 0x00, 0x00, 0x00, 0x00, 0x00,
    0x00, 0x00, 0x00, 0x00, 0x00, 0x00, 0x00, 0x00, 0x00, 0x00, 0x00, 0x00,
    0x00, 0x00, 0x00, 0x01, 0x04, 0x04, 0x04, 0x04, 0x04, 0x00, 0x07, 0x0a,
    0x07, 0x07, 0x07, 0x07, 0x28, 0x17, 0x17, 0x18, 0x0b, 0x0b, 0x17, 0x18,
    0x0b, 0x18, 0x0b, 0x0b, 0x19, 0x38, 0x52, 0x0c, 0x07, 0x07, 0x07, 0x07,
    0x09, 0x01, 0x01, 0x04, 0x01, 0x01, 0x01, 0x03, 0x00, 0x00, 0x00, 0x00,
    0x00, 0x00, 0x00, 0x00, 0x00, 0x00, 0x00, 0x00, 0x00, 0x00, 0x00, 0x00,
    0x00, 0x00, 0x00, 0x00, 0x00, 0x00, 0x00, 0x00, 0x00, 0x00, 0x00, 0x00,
    0x00, 0x00, 0x00, 0x00, 0x00, 0x00, 0x00, 0x00, 0x00, 0x00, 0x00, 0x00,
    0x00, 0x00, 0x00, 0x00, 0x00, 0x00, 0x00, 0x00, 0x00, 0x00, 0x00, 0x00,
    0x00, 0x00, 0x00, 0x00, 0x00, 0x00, 0x00, 0x00, 0x00, 0x00, 0x00, 0x00,
    0x00, 0x00, 0x00, 0x00, 0x00, 0x00, 0x00, 0x00, 0x00, 0x00, 0x00, 0x00,
    0x00, 0x00, 0x00, 0x00, 0x00, 0x00, 0x00, 0x00, 0x00, 0x00, 0x00, 0x00,
    0x00, 0x00, 0x00, 0x00, 0x00, 0x00, 0x00, 0x00, 0x00, 0x00, 0x00, 0x00,
    0x00, 0x00, 0x00, 0x00, 0x00, 0x00, 0x00, 0x00, 0x00, 0x00, 0x00, 0x00,
    0x00, 0x00, 0x00, 0x00, 0x00, 0x00, 0x00, 0x00, 0x00, 0x00, 0x00, 0x00,
    0x00, 0x00, 0x00, 0x00, 0x00, 0x00, 0x00, 0x00, 0x00, 0x00, 0x00, 0x00,
    0x00, 0x01, 0x01, 0x04, 0x04, 0x01, 0x00, 0x09, 0x0a, 0x0a, 0x07, 0x0a,
    0x3a, 0x31, 0x38, 0x0c, 0x0b, 0x0b, 0x0b, 0x17, 0x17, 0x17, 0x18, 0x17,
    0x0a, 0x18, 0x0a, 0x0a, 0x07, 0x07, 0x07, 0x07, 0x07, 0x07, 0x08, 0x00,
    0x01, 0x04, 0x00, 0x00, 0x00, 0x00, 0x00, 0x00, 0x00, 0x00, 0x00, 0x00,
    0x00, 0x00, 0x00, 0x00, 0x00, 0x00, 0x00, 0x00, 0x00, 0x00, 0x00, 0x00,
    0x00, 0x00, 0x00, 0x00, 0x00, 0x00, 0x00, 0x00, 0x00, 0x00, 0x00, 0x00,
    0x00, 0x00, 0x00, 0x00, 0x00, 0x00, 0x00, 0x00, 0x00, 0x00, 0x00, 0x00,
    0x00, 0x00, 0x00, 0x00, 0x00, 0x00, 0x00, 0x00, 0x00, 0x00, 0x00, 0x00,
    0x00, 0x00, 0x00, 0x00, 0x00, 0x00, 0x00, 0x00, 0x00, 0x00, 0x04, 0x04,
    0x04, 0x00, 0x04, 0x07, 0x07, 0x07, 0x07, 0x07, 0x07, 0x07, 0x17, 0x17,
    0x18, 0x0b, 0x17, 0x17, 0x17, 0x18, 0x17, 0x0b, 0x18, 0x0b, 0x0b, 0x0a,
    0x07, 0x07, 0x07, 0x0a, 0x09, 0x01, 0x01, 0x01, 0x04, 0x00, 0x00, 0x00,
    0x00, 0x00, 0x00, 0x00, 0x00, 0x00, 0x00, 0x00, 0x00, 0x00, 0x00, 0x00,
    0x00, 0x00, 0x00, 0x00, 0x00, 0x00, 0x00, 0x00, 0x00, 0x00, 0x00, 0x00,
    0x00, 0x00, 0x00, 0x00, 0x00, 0x00, 0x00, 0x00, 0x00, 0x00, 0x00, 0x00,
    0x00, 0x00, 0x00, 0x00, 0x00, 0x00, 0x00, 0x00, 0x00, 0x00, 0x00, 0x00,
    0x00, 0x00, 0x00, 0x00, 0x00, 0x00, 0x00, 0x00, 0x00, 0x00, 0x00, 0x00,
    0x00, 0x00, 0x00, 0x00, 0x00, 0x00, 0x00, 0x00, 0x00, 0x00, 0x00, 0x00,
    0x00, 0x00, 0x00, 0x00, 0x00, 0x00, 0x00, 0x00, 0x00, 0x00, 0x00, 0x00,
    0x00, 0x00, 0x00, 0x00, 0x00, 0x00, 0x00, 0x00, 0x00, 0x00, 0x00, 0x00,
    0x00, 0x00, 0x00, 0x00, 0x00, 0x00, 0x00, 0x00, 0x00, 0x00, 0x00, 0x00,
    0x00, 0x00, 0x00, 0x00, 0x00, 0x00, 0x00, 0x00, 0x00, 0x00, 0x00, 0x00,
    0x00, 0x00, 0x00, 0x00, 0x00, 0x00, 0x00, 0x00, 0x00, 0x00, 0x00, 0x00,
    0x00, 0x00, 0x00, 0x00, 0x00, 0x00, 0x00, 0x01, 0x01, 0x01, 0x01, 0x09,
    0x0a, 0x07, 0x07, 0x07, 0x0a, 0x0a, 0x0b, 0x0b, 0x17, 0x17, 0x18, 0x17,
    0x17, 0x18, 0x17, 0x07, 0x07, 0x07, 0x07, 0x07, 0x07, 0x07, 0x07, 0x07,
    0x07, 0x08, 0x00, 0x01, 0x01, 0x06, 0x00, 0x00, 0x00, 0x00, 0x00, 0x00,
    0x00, 0x00, 0x00, 0x00, 0x00, 0x00, 0x00, 0x00, 0x00, 0x00, 0x00, 0x00,
    0x00, 0x00, 0x00, 0x00, 0x00, 0x00, 0x00, 0x00, 0x00, 0x00, 0x00, 0x00,
    0x00, 0x00, 0x00, 0x00, 0x00, 0x00, 0x00, 0x00, 0x00, 0x00, 0x00, 0x00,
    0x00, 0x00, 0x00, 0x00, 0x00, 0x00, 0x00, 0x00, 0x00, 0x00, 0x00, 0x00,
    0x00, 0x00, 0x00, 0x00, 0x00, 0x00, 0x00, 0x00, 0x00, 0x00, 0x00, 0x00,
    0x00, 0x00, 0x04, 0x04, 0x04, 0x01, 0x01, 0x04, 0x0a, 0x07, 0x07, 0x07,
    0x07, 0x07, 0x07, 0x07, 0x0a, 0x17, 0x07, 0x07, 0x07, 0x07, 0x07, 0x0a,
    0x0a, 0x07, 0x0a, 0x0a, 0x07, 0x07, 0x0a, 0x09, 0x00, 0x01, 0x01, 0x01,
    0x01, 0x00, 0x00, 0x00, 0x00, 0x00, 0x00, 0x00, 0x00, 0x00, 0x00, 0x00,
    0x00, 0x00, 0x00, 0x00, 0x00, 0x00, 0x00, 0x00, 0x00, 0x00, 0x00, 0x00,
    0x00, 0x00, 0x00, 0x00, 0x00, 0x00, 0x00, 0x00, 0x00, 0x00, 0x00, 0x00,
    0x00, 0x00, 0x00, 0x00, 0x00, 0x00, 0x00, 0x00, 0x00, 0x00, 0x00, 0x00,
    0x00, 0x00, 0x00, 0x00, 0x00, 0x00, 0x00, 0x00, 0x00, 0x00, 0x00, 0x00,
    0x00, 0x00, 0x00, 0x00, 0x00, 0x00, 0x00, 0x00, 0x00, 0x00, 0x00, 0x00,
    0x00, 0x00, 0x00, 0x00, 0x00, 0x00, 0x00, 0x00, 0x00, 0x00, 0x00, 0x00,
    0x00, 0x00, 0x00, 0x00, 0x00, 0x00, 0x00, 0x00, 0x00, 0x00, 0x00, 0x00,
    0x00, 0x00, 0x00, 0x00, 0x00, 0x00, 0x00, 0x00, 0x00, 0x00, 0x00, 0x00,
    0x00, 0x00, 0x00, 0x00, 0x00, 0x00, 0x00, 0x00, 0x00, 0x00, 0x00, 0x00,
    0x00, 0x00, 0x00, 0x00, 0x00, 0x00, 0x00, 0x00, 0x00, 0x00, 0x00, 0x00,
    0x00, 0x00, 0x00, 0x00, 0x00, 0x00, 0x00, 0x00, 0x00, 0x00, 0x01, 0x01,
    0x01, 0x01, 0x01, 0x00, 0x09, 0x08, 0x07, 0x07, 0x07, 0x07, 0x0a, 0x07,
    0x07, 0x07, 0x07, 0x0a, 0x0a, 0x07, 0x07, 0x07, 0x07, 0x07, 0x07, 0x07,
    0x07, 0x07, 0x07, 0x07, 0x08, 0x01, 0x01, 0x01, 0x04, 0x01, 0x00, 0x00,
    0x00, 0x00, 0x00, 0x00, 0x00, 0x00, 0x00, 0x00, 0x00, 0x00, 0x00, 0x00,
    0x00, 0x00, 0x00, 0x00, 0x00, 0x00, 0x00, 0x00, 0x00, 0x00, 0x00, 0x00,
    0x00, 0x00, 0x00, 0x00, 0x00, 0x00, 0x00, 0x00, 0x00, 0x00, 0x00, 0x00,
    0x00, 0x00, 0x00, 0x00, 0x00, 0x00, 0x00, 0x00, 0x00, 0x00, 0x00, 0x00,
    0x00, 0x00, 0x00, 0x00, 0x00, 0x00, 0x00, 0x00, 0x00, 0x00, 0x00, 0x00,
    0x00, 0x00, 0x00, 0x00, 0x00, 0x00, 0x00, 0x01, 0x04, 0x04, 0x00, 0x01,
    0x01, 0x07, 0x07, 0x07, 0x08, 0x07, 0x07, 0x07, 0x07, 0x0a, 0x07, 0x07,
    0x07, 0x07, 0x07, 0x07, 0x07, 0x07, 0x0a, 0x0a, 0x07, 0x07, 0x07, 0x09,
    0x01, 0x01, 0x01, 0x00, 0x00, 0x00, 0x00, 0x00, 0x00, 0x00, 0x00, 0x00,
    0x00, 0x00, 0x00, 0x00, 0x00, 0x00, 0x00, 0x00, 0x00, 0x00, 0x00, 0x00,
    0x00, 0x00, 0x00, 0x00, 0x00, 0x00, 0x00, 0x00, 0x00, 0x00, 0x00, 0x00,
    0x00, 0x00, 0x00, 0x00, 0x00, 0x00, 0x00, 0x00, 0x00, 0x00, 0x00, 0x00,
    0x00, 0x00, 0x00, 0x00, 0x00, 0x00, 0x00, 0x00, 0x00, 0x00, 0x00, 0x00,
    0x00, 0x00, 0x00, 0x00, 0x00, 0x00, 0x00, 0x00, 0x00, 0x00, 0x00, 0x00,
    0x00, 0x00, 0x00, 0x00, 0x00, 0x00, 0x00, 0x00, 0x00, 0x00, 0x00, 0x00,
    0x00, 0x00, 0x00, 0x00, 0x00, 0x00, 0x00, 0x00, 0x00, 0x00, 0x00, 0x00,
    0x00, 0x00, 0x00, 0x00, 0x00, 0x00, 0x00, 0x00, 0x00, 0x00, 0x00, 0x00,
    0x00, 0x00, 0x00, 0x00, 0x00, 0x00, 0x00, 0x00, 0x00, 0x00, 0x00, 0x00,
    0x00, 0x00, 0x00, 0x00, 0x00, 0x00, 0x00, 0x00, 0x00, 0x00, 0x00, 0x00,
    0x00, 0x00, 0x00, 0x00, 0x00, 0x00, 0x00, 0x00, 0x00, 0x00, 0x00, 0x00,
    0x00, 0x00, 0x00, 0x01, 0x01, 0x01, 0x01, 0x04, 0x09, 0x07, 0x0a, 0x0a,
    0x07, 0x07, 0x07, 0x07, 0x07, 0x07, 0x0a, 0x07, 0x0a, 0x07, 0x07, 0x07,
    0x07, 0x07, 0x07, 0x07, 0x07, 0x07, 0x07, 0x07, 0x01, 0x01, 0x04, 0x04,
    0x00, 0x00, 0x00, 0x00, 0x00, 0x00, 0x00, 0x00, 0x00, 0x00, 0x00, 0x00,
    0x00, 0x00, 0x00, 0x00, 0x00, 0x00, 0x00, 0x00, 0x00, 0x00, 0x00, 0x00,
    0x00, 0x00, 0x00, 0x00, 0x00, 0x00, 0x00, 0x00, 0x00, 0x00, 0x00, 0x00,
    0x00, 0x00, 0x00, 0x00, 0x00, 0x00, 0x00, 0x00, 0x00, 0x00, 0x00, 0x00,
    0x00, 0x00, 0x00, 0x00, 0x00, 0x00, 0x00, 0x00, 0x00, 0x00, 0x00, 0x00,
    0x00, 0x00, 0x00, 0x00, 0x00, 0x00, 0x00, 0x00, 0x00, 0x00, 0x00, 0x01,
    0x00, 0x00, 0x01, 0x01, 0x01, 0x00, 0x07, 0x07, 0x07, 0x07, 0x07, 0x07,
    0x07, 0x0a, 0x07, 0x07, 0x0a, 0x07, 0x07, 0x07, 0x07, 0x07, 0x0a, 0x07,
    0x08, 0x07, 0x08, 0x08, 0x04, 0x01, 0x00, 0x03, 0x03, 0x00, 0x00, 0x00,
    0x00, 0x00, 0x00, 0x00, 0x00, 0x00, 0x00, 0x00, 0x00, 0x00, 0x00, 0x00,
    0x00, 0x00, 0x00, 0x00, 0x00, 0x00, 0x00, 0x00, 0x00, 0x00, 0x00, 0x00,
    0x00, 0x00, 0x00, 0x00, 0x00, 0x00, 0x00, 0x00, 0x00, 0x00, 0x00, 0x00,
    0x00, 0x00, 0x00, 0x00, 0x00, 0x00, 0x00, 0x00, 0x00, 0x00, 0x00, 0x00,
    0x00, 0x00, 0x00, 0x00, 0x00, 0x00, 0x00, 0x00, 0x00, 0x00, 0x00, 0x00,
    0x00, 0x00, 0x00, 0x00, 0x00, 0x00, 0x00, 0x00, 0x00, 0x00, 0x00, 0x00,
    0x00, 0x00, 0x00, 0x00, 0x00, 0x00, 0x00, 0x00, 0x00, 0x00, 0x00, 0x00,
    0x00, 0x00, 0x00, 0x00, 0x00, 0x00, 0x00, 0x00, 0x00, 0x00, 0x00, 0x00,
    0x00, 0x00, 0x00, 0x00, 0x00, 0x00, 0x00, 0x00, 0x00, 0x00, 0x00, 0x00,
    0x00, 0x00, 0x00, 0x00, 0x00, 0x00, 0x00, 0x00, 0x00, 0x00, 0x00, 0x00,
    0x00, 0x00, 0x00, 0x00, 0x00, 0x00, 0x00, 0x00, 0x00, 0x00, 0x00, 0x00,
    0x00, 0x00, 0x00, 0x00, 0x00, 0x01, 0x00, 0x01, 0x01, 0x01, 0x01, 0x04,
    0x00, 0x0a, 0x07, 0x08, 0x07, 0x07, 0x07, 0x07, 0x07, 0x07, 0x07, 0x07,
    0x07, 0x07, 0x07, 0x07, 0x07, 0x07, 0x07, 0x07, 0x07, 0x07, 0x07, 0x01,
    0x01, 0x00, 0x04, 0x06, 0x00, 0x00, 0x00, 0x00, 0x00, 0x00, 0x00, 0x00,
    0x00, 0x00, 0x00, 0x00, 0x00, 0x00, 0x00, 0x00, 0x00, 0x00, 0x00, 0x00,
    0x00, 0x00, 0x00, 0x00, 0x00, 0x00, 0x00, 0x00, 0x00, 0x00, 0x00, 0x00,
    0x00, 0x00, 0x00, 0x00, 0x00, 0x00, 0x00, 0x00, 0x00, 0x00, 0x00, 0x00,
    0x00, 0x00, 0x00, 0x00, 0x00, 0x00, 0x00, 0x00, 0x00, 0x00, 0x00, 0x00,
    0x00, 0x00, 0x00, 0x00, 0x00, 0x00, 0x00, 0x00, 0x00, 0x00, 0x00, 0x00,
    0x00, 0x00, 0x00, 0x00, 0x01, 0x01, 0x01, 0x00, 0x01, 0x00, 0x01, 0x08,
    0x08, 0x07, 0x07, 0x0a, 0x07, 0x07, 0x07, 0x07, 0x07, 0x07, 0x07, 0x07,
    0x07, 0x0a, 0x09, 0x07, 0x0a, 0x08, 0x01, 0x00, 0x01, 0x00, 0x00, 0x00,
    0x03, 0x00, 0x00, 0x00, 0x00, 0x00, 0x00, 0x00, 0x00, 0x00, 0x00, 0x00,
    0x00, 0x00, 0x00, 0x00, 0x00, 0x00, 0x00, 0x00, 0x00, 0x00, 0x00, 0x00,
    0x00, 0x00, 0x00, 0x00, 0x00, 0x00, 0x00, 0x00, 0x00, 0x00, 0x00, 0x00,
    0x00, 0x00, 0x00, 0x00, 0x00, 0x00, 0x00, 0x00, 0x00, 0x00, 0x00, 0x00,
    0x00, 0x00, 0x00, 0x00, 0x00, 0x00, 0x00, 0x00, 0x00, 0x00, 0x00, 0x00,
    0x00, 0x00, 0x00, 0x00, 0x00, 0x00, 0x00, 0x00, 0x00, 0x00, 0x00, 0x00,
    0x00, 0x00, 0x00, 0x00, 0x00, 0x00, 0x00, 0x00, 0x00, 0x00, 0x00, 0x00,
    0x00, 0x00, 0x00, 0x00, 0x00, 0x00, 0x00, 0x00, 0x00, 0x00, 0x00, 0x00,
    0x00, 0x00, 0x00, 0x00, 0x00, 0x00, 0x00, 0x00, 0x00, 0x00, 0x00, 0x00,
    0x00, 0x00, 0x00, 0x00, 0x00, 0x00, 0x00, 0x00, 0x00, 0x00, 0x00, 0x00,
    0x00, 0x00, 0x00, 0x00, 0x00, 0x00, 0x00, 0x00, 0x00, 0x00, 0x00, 0x00,
    0x00, 0x00, 0x00, 0x00, 0x00, 0x00, 0x00, 0x00, 0x00, 0x00, 0x00, 0x00,
    0x03, 0x01, 0x01, 0x04, 0x04, 0x04, 0x09, 0x07, 0x08, 0x07, 0x07, 0x08,
    0x07, 0x07, 0x07, 0x07, 0x07, 0x07, 0x07, 0x07, 0x08, 0x07, 0x07, 0x07,
    0x08, 0x08, 0x07, 0x01, 0x04, 0x00, 0x00, 0x00, 0x00, 0x00, 0x00, 0x00,
    0x00, 0x00, 0x00, 0x00, 0x00, 0x00, 0x00, 0x00, 0x00, 0x00, 0x00, 0x00,
    0x00, 0x00, 0x00, 0x00, 0x00, 0x00, 0x00, 0x00, 0x00, 0x00, 0x00, 0x00,
    0x00, 0x00, 0x00, 0x00, 0x00, 0x00, 0x00, 0x00, 0x00, 0x00, 0x00, 0x00,
    0x00, 0x00, 0x00, 0x00, 0x00, 0x00, 0x00, 0x00, 0x00, 0x00, 0x00, 0x00,
    0x00, 0x00, 0x00, 0x00, 0x00, 0x00, 0x00, 0x00, 0x00, 0x00, 0x00, 0x00,
    0x00, 0x00, 0x00, 0x00, 0x00, 0x00, 0x00, 0x00, 0x00, 0x01, 0x01, 0x04,
    0x01, 0x01, 0x01, 0x01, 0x08, 0x07, 0x08, 0x07, 0x07, 0x08, 0x07, 0x07,
    0x07, 0x07, 0x07, 0x07, 0x07, 0x07, 0x09, 0x09, 0x0a, 0x01, 0x01, 0x01,
    0x01, 0x00, 0x00, 0x00, 0x00, 0x00, 0x00, 0x00, 0x00, 0x00, 0x00, 0x00,
    0x00, 0x00, 0x00, 0x00, 0x00, 0x00, 0x00, 0x00, 0x00, 0x00, 0x00, 0x00,
    0x00, 0x00, 0x00, 0x00, 0x00, 0x00, 0x00, 0x00, 0x00, 0x00, 0x00, 0x00,
    0x00, 0x00, 0x00, 0x00, 0x00, 0x00, 0x00, 0x00, 0x00, 0x00, 0x00, 0x00,
    0x00, 0x00, 0x00, 0x00, 0x00, 0x00, 0x00, 0x00, 0x00, 0x00, 0x00, 0x00,
    0x00, 0x00, 0x00, 0x00, 0x00, 0x00, 0x00, 0x00, 0x00, 0x00, 0x00, 0x00,
    0x00, 0x00, 0x00, 0x00, 0x00, 0x00, 0x00, 0x00, 0x00, 0x00, 0x00, 0x00,
    0x00, 0x00, 0x00, 0x00, 0x00, 0x00, 0x00, 0x00, 0x00, 0x00, 0x00, 0x00,
    0x00, 0x00, 0x00, 0x00, 0x00, 0x00, 0x00, 0x00, 0x00, 0x00, 0x00, 0x00,
    0x00, 0x00, 0x00, 0x00, 0x00, 0x00, 0x00, 0x00, 0x00, 0x00, 0x00, 0x00,
    0x00, 0x00, 0x00, 0x00, 0x00, 0x00, 0x00, 0x00, 0x00, 0x00, 0x00, 0x00,
    0x00, 0x00, 0x00, 0x00, 0x00, 0x00, 0x00, 0x00, 0x00, 0x00, 0x00, 0x00,
    0x00, 0x00, 0x01, 0x00, 0x01, 0x01, 0x01, 0x04, 0x01, 0x00, 0x00, 0x09,
    0x07, 0x08, 0x0a, 0x07, 0x07, 0x07, 0x07, 0x07, 0x07, 0x07, 0x07, 0x07,
    0x07, 0x08, 0x08, 0x08, 0x08, 0x00, 0x01, 0x04, 0x04, 0x00, 0x00, 0x00,
    0x00, 0x00, 0x00, 0x00, 0x00, 0x00, 0x00, 0x00, 0x00, 0x00, 0x00, 0x00,
    0x00, 0x00, 0x00, 0x00, 0x00, 0x00, 0x00, 0x00, 0x00, 0x00, 0x00, 0x00,
    0x00, 0x00, 0x00, 0x00, 0x00, 0x00, 0x00, 0x00, 0x00, 0x00, 0x00, 0x00,
    0x00, 0x00, 0x00, 0x00, 0x00, 0x00, 0x00, 0x00, 0x00, 0x00, 0x00, 0x00,
    0x00, 0x00, 0x00, 0x00, 0x00, 0x00, 0x00, 0x00, 0x00, 0x00, 0x00, 0x00,
    0x00, 0x00, 0x00, 0x00, 0x00, 0x00, 0x00, 0x00, 0x00, 0x00, 0x00, 0x00,
    0x00, 0x00, 0x00, 0x01, 0x01, 0x01, 0x01, 0x00, 0x01, 0x01, 0x07, 0x07,
    0x07, 0x07, 0x07, 0x07, 0x07, 0x07, 0x07, 0x07, 0x08, 0x0a, 0x0a, 0x0a,
    0x04, 0x00, 0x01, 0x01, 0x01, 0x01, 0x00, 0x03, 0x00, 0x00, 0x00, 0x00,
    0x00, 0x00, 0x00, 0x00, 0x00, 0x00, 0x00, 0x00, 0x00, 0x00, 0x00, 0x00,
    0x00, 0x00, 0x00, 0x00, 0x00, 0x00, 0x00, 0x00, 0x00, 0x00, 0x00, 0x00,
    0x00, 0x00, 0x00, 0x00, 0x00, 0x00, 0x00, 0x00, 0x00, 0x00, 0x00, 0x00,
    0x00, 0x00, 0x00, 0x00, 0x00, 0x00, 0x00, 0x00, 0x00, 0x00, 0x00, 0x00,
    0x00, 0x00, 0x00, 0x00, 0x00, 0x00, 0x00, 0x00, 0x00, 0x00, 0x00, 0x00,
    0x00, 0x00, 0x00, 0x00, 0x00, 0x00, 0x00, 0x00, 0x00, 0x00, 0x00, 0x00,
    0x00, 0x00, 0x00, 0x00, 0x00, 0x00, 0x00, 0x00, 0x00, 0x00, 0x00, 0x00,
    0x00, 0x00, 0x00, 0x00, 0x00, 0x00, 0x00, 0x00, 0x00, 0x00, 0x00, 0x00,
    0x00, 0x00, 0x00, 0x00, 0x00, 0x00, 0x00, 0x00, 0x00, 0x00, 0x00, 0x00,
    0x00, 0x00, 0x00, 0x00, 0x00, 0x00, 0x00, 0x00, 0x00, 0x00, 0x00, 0x00,
    0x00, 0x00, 0x00, 0x00, 0x00, 0x00, 0x00, 0x00, 0x00, 0x00, 0x00, 0x00,
    0x00, 0x00, 0x00, 0x00, 0x00, 0x00, 0x00, 0x00, 0x00, 0x00, 0x00, 0x01,
    0x01, 0x04, 0x01, 0x03, 0x07, 0x08, 0x09, 0x07, 0x0a, 0x0a, 0x0a, 0x0a,
    0x07, 0x07, 0x09, 0x07, 0x07, 0x01, 0x01, 0x01, 0x01, 0x01, 0x04, 0x04,
    0x06, 0x00, 0x00, 0x00, 0x00, 0x00, 0x00, 0x00, 0x00, 0x00, 0x00, 0x00,
    0x00, 0x00, 0x00, 0x00, 0x00, 0x00, 0x00, 0x00, 0x00, 0x00, 0x00, 0x00,
    0x00, 0x00, 0x00, 0x00, 0x00, 0x00, 0x00, 0x00, 0x00, 0x00, 0x00, 0x00,
    0x00, 0x00, 0x00, 0x00, 0x00, 0x00, 0x00, 0x00, 0x00, 0x00, 0x00, 0x00,
    0x00, 0x00, 0x00, 0x00, 0x00, 0x00, 0x00, 0x00, 0x00, 0x00, 0x00, 0x00,
    0x00, 0x00, 0x00, 0x00, 0x00, 0x00, 0x00, 0x00, 0x00, 0x00, 0x00, 0x00,
    0x00, 0x00, 0x00, 0x00, 0x00, 0x00, 0x00, 0x00, 0x00, 0x01, 0x01, 0x01,
    0x01, 0x01, 0x01, 0x04, 0x09, 0x09, 0x09, 0x08, 0x07, 0x07, 0x0a, 0x07,
    0x08, 0x04, 0x00, 0x00, 0x00, 0x01, 0x00, 0x01, 0x01, 0x00, 0x00, 0x03,
    0x00, 0x00, 0x00, 0x00, 0x00, 0x00, 0x00, 0x00, 0x00, 0x00, 0x00, 0x00,
    0x00, 0x00, 0x00, 0x00, 0x00, 0x00, 0x00, 0x00, 0x00, 0x00, 0x00, 0x00,
    0x00, 0x00, 0x00, 0x00, 0x00, 0x00, 0x00, 0x00, 0x00, 0x00, 0x00, 0x00,
    0x00, 0x00, 0x00, 0x00, 0x00, 0x00, 0x00, 0x00, 0x00, 0x00, 0x00, 0x00,
    0x00, 0x00, 0x00, 0x00, 0x00, 0x00, 0x00, 0x00, 0x00, 0x00, 0x00, 0x00,
    0x00, 0x00, 0x00, 0x00, 0x00, 0x00, 0x00, 0x00, 0x00, 0x00, 0x00, 0x00,
    0x00, 0x00, 0x00, 0x00, 0x00, 0x00, 0x00, 0x00, 0x00, 0x00, 0x00, 0x00,
    0x00, 0x00, 0x00, 0x00, 0x00, 0x00, 0x00, 0x00, 0x00, 0x00, 0x00, 0x00,
    0x00, 0x00, 0x00, 0x00, 0x00, 0x00, 0x00, 0x00, 0x00, 0x00, 0x00, 0x00,
    0x00, 0x00, 0x00, 0x00, 0x00, 0x00, 0x00, 0x00, 0x00, 0x00, 0x00, 0x00,
    0x00, 0x00, 0x00, 0x00, 0x00, 0x00, 0x00, 0x00, 0x00, 0x00, 0x00, 0x00,
    0x00, 0x00, 0x00, 0x00, 0x00, 0x00, 0x00, 0x00, 0x00, 0x00, 0x00, 0x06,
    0x00, 0x00, 0x00, 0x01, 0x01, 0x04, 0x01, 0x01, 0x00, 0x04, 0x07, 0x09,
    0x09, 0x0a, 0x07, 0x07, 0x0a, 0x01, 0x07, 0x00, 0x01, 0x01, 0x00, 0x01,
    0x01, 0x01, 0x06, 0x00, 0x00, 0x00, 0x00, 0x00, 0x00, 0x00, 0x00, 0x00,
    0x00, 0x00, 0x00, 0x00, 0x00, 0x00, 0x00, 0x00, 0x00, 0x00, 0x00, 0x00,
    0x00, 0x00, 0x00, 0x00, 0x00, 0x00, 0x00, 0x00, 0x00, 0x00, 0x00, 0x00,
    0x00, 0x00, 0x00, 0x00, 0x00, 0x00, 0x00, 0x00, 0x00, 0x00, 0x00, 0x00,
    0x00, 0x00, 0x00, 0x00, 0x00, 0x00, 0x00, 0x00, 0x00, 0x00, 0x00, 0x00,
    0x00, 0x00, 0x00, 0x00, 0x00, 0x00, 0x00, 0x00, 0x00, 0x00, 0x00, 0x00,
    0x00, 0x00, 0x00, 0x00, 0x00, 0x00, 0x00, 0x00, 0x00, 0x00, 0x00, 0x00,
    0x00, 0x00, 0x00, 0x01, 0x01, 0x00, 0x01, 0x01, 0x01, 0x00, 0x07, 0x04,
    0x0a, 0x0a, 0x07, 0x01, 0x04, 0x00, 0x04, 0x04, 0x04, 0x01, 0x01, 0x01,
    0x04, 0x00, 0x00, 0x00, 0x00, 0x00, 0x00, 0x00, 0x00, 0x00, 0x00, 0x00,
    0x00, 0x00, 0x00, 0x00, 0x00, 0x00, 0x00, 0x00, 0x00, 0x00, 0x00, 0x00,
    0x00, 0x00, 0x00, 0x00, 0x00, 0x00, 0x00, 0x00, 0x00, 0x00, 0x00, 0x00,
    0x00, 0x00, 0x00, 0x00, 0x00, 0x00, 0x00, 0x00, 0x00, 0x00, 0x00, 0x00,
    0x00, 0x00, 0x00, 0x00, 0x00, 0x00, 0x00, 0x00, 0x00, 0x00, 0x00, 0x00,
    0x00, 0x00, 0x00, 0x00, 0x00, 0x00, 0x00, 0x00, 0x00, 0x00, 0x00, 0x00,
    0x00, 0x00, 0x00, 0x00, 0x00, 0x00, 0x00, 0x00, 0x00, 0x00, 0x00, 0x00,
    0x00, 0x00, 0x00, 0x00, 0x00, 0x00, 0x00, 0x00, 0x00, 0x00, 0x00, 0x00,
    0x00, 0x00, 0x00, 0x00, 0x00, 0x00, 0x00, 0x00, 0x00, 0x00, 0x00, 0x00,
    0x00, 0x00, 0x00, 0x00, 0x00, 0x00, 0x00, 0x00, 0x00, 0x00, 0x00, 0x00,
    0x00, 0x00, 0x00, 0x00, 0x00, 0x00, 0x00, 0x00, 0x00, 0x00, 0x00, 0x00,
    0x00, 0x00, 0x00, 0x00, 0x00, 0x00, 0x00, 0x00, 0x00, 0x00, 0x00, 0x00,
    0x00, 0x00, 0x00, 0x00, 0x00, 0x00, 0x00, 0x01, 0x01, 0x04, 0x04, 0x01,
    0x04, 0x00, 0x04, 0x09, 0x0a, 0x07, 0x08, 0x07, 0x01, 0x03, 0x03, 0x00,
    0x01, 0x01, 0x01, 0x00, 0x01, 0x01, 0x04, 0x00, 0x00, 0x00, 0x00, 0x00,
    0x00, 0x00, 0x00, 0x00, 0x00, 0x00, 0x00, 0x00, 0x00, 0x00, 0x00, 0x00,
    0x00, 0x00, 0x00, 0x00, 0x00, 0x00, 0x00, 0x00, 0x00, 0x00, 0x00, 0x00,
    0x00, 0x00, 0x00, 0x00, 0x00, 0x00, 0x00, 0x00, 0x00, 0x00, 0x00, 0x00,
    0x00, 0x00, 0x00, 0x00, 0x00, 0x00, 0x00, 0x00, 0x00, 0x00, 0x00, 0x00,
    0x00, 0x00, 0x00, 0x00, 0x00, 0x00, 0x00, 0x00, 0x00, 0x00, 0x00, 0x00,
    0x00, 0x00, 0x00, 0x00, 0x00, 0x00, 0x00, 0x00, 0x00, 0x00, 0x00, 0x00,
    0x00, 0x00, 0x00, 0x00, 0x00, 0x00, 0x00, 0x00, 0x00, 0x00, 0x03, 0x01,
    0x03, 0x03, 0x01, 0x01, 0x01, 0x01, 0x00, 0x01, 0x01, 0x01, 0x01, 0x06,
    0x04, 0x06, 0x06, 0x04, 0x04, 0x03, 0x00, 0x00, 0x00, 0x00, 0x00, 0x00,
    0x00, 0x00, 0x00, 0x00, 0x00, 0x00, 0x00, 0x00, 0x00, 0x00, 0x00, 0x00,
    0x00, 0x00, 0x00, 0x00, 0x00, 0x00, 0x00, 0x00, 0x00, 0x00, 0x00, 0x00,
    0x00, 0x00, 0x00, 0x00, 0x00, 0x00, 0x00, 0x00, 0x00, 0x00, 0x00, 0x00,
    0x00, 0x00, 0x00, 0x00, 0x00, 0x00, 0x00, 0x00, 0x00, 0x00, 0x00, 0x00,
    0x00, 0x00, 0x00, 0x00, 0x00, 0x00, 0x00, 0x00, 0x00, 0x00, 0x00, 0x00,
    0x00, 0x00, 0x00, 0x00, 0x00, 0x00, 0x00, 0x00, 0x00, 0x00, 0x00, 0x00,
    0x00, 0x00, 0x00, 0x00, 0x00, 0x00, 0x00, 0x00, 0x00, 0x00, 0x00, 0x00,
    0x00, 0x00, 0x00, 0x00, 0x00, 0x00, 0x00, 0x00, 0x00, 0x00, 0x00, 0x00,
    0x00, 0x00, 0x00, 0x00, 0x00, 0x00, 0x00, 0x00, 0x00, 0x00, 0x00, 0x00,
    0x00, 0x00, 0x00, 0x00, 0x00, 0x00, 0x00, 0x00, 0x00, 0x00, 0x00, 0x00,
    0x00, 0x00, 0x00, 0x00, 0x00, 0x00, 0x00, 0x00, 0x00, 0x00, 0x00, 0x00,
    0x00, 0x00, 0x00, 0x00, 0x00, 0x00, 0x00, 0x00, 0x00, 0x00, 0x00, 0x04,
    0x04, 0x04, 0x03, 0x01, 0x00, 0x01, 0x00, 0x03, 0x03, 0x03, 0x03, 0x03,
    0x03, 0x01, 0x01, 0x01, 0x01, 0x00, 0x01, 0x01, 0x03, 0x00, 0x00, 0x00,
    0x00, 0x00, 0x00, 0x00, 0x00, 0x00, 0x00, 0x00, 0x00, 0x00, 0x00, 0x00,
    0x00, 0x00, 0x00, 0x00, 0x00, 0x00, 0x00, 0x00, 0x00, 0x00, 0x00, 0x00,
    0x00, 0x00, 0x00, 0x00, 0x00, 0x00, 0x00, 0x00, 0x00, 0x00, 0x00, 0x00,
    0x00, 0x00, 0x00, 0x00, 0x00, 0x00, 0x00, 0x00, 0x00, 0x00, 0x00, 0x00,
    0x00, 0x00, 0x00, 0x00, 0x00, 0x00, 0x00, 0x00, 0x00, 0x00, 0x00, 0x00,
    0x00, 0x00, 0x00, 0x00, 0x00, 0x00, 0x00, 0x00, 0x00, 0x00, 0x00, 0x00,
    0x00, 0x00, 0x00, 0x00, 0x00, 0x00, 0x00, 0x00, 0x00, 0x00, 0x00, 0x00,
    0x00, 0x03, 0x00, 0x00, 0x01, 0x01, 0x01, 0x01, 0x01, 0x00, 0x01, 0x01,
    0x00, 0x04, 0x01, 0x01, 0x01, 0x01, 0x01, 0x00, 0x00, 0x03, 0x03, 0x03,
    0x00, 0x06, 0x00, 0x00, 0x00, 0x00, 0x00, 0x00, 0x00, 0x00, 0x00, 0x00,
    0x00, 0x00, 0x00, 0x00, 0x00, 0x00, 0x00, 0x00, 0x00, 0x00, 0x00, 0x00,
    0x00, 0x00, 0x00, 0x00, 0x00, 0x00, 0x00, 0x00, 0x00, 0x00, 0x00, 0x00,
    0x00, 0x00, 0x00, 0x00, 0x00, 0x00, 0x00, 0x00, 0x00, 0x00, 0x00, 0x00,
    0x00, 0x00, 0x00, 0x00, 0x00, 0x00, 0x00, 0x00, 0x00, 0x00, 0x00, 0x00,
    0x00, 0x00, 0x00, 0x00, 0x00, 0x00, 0x00, 0x00, 0x00, 0x00, 0x00, 0x00,
    0x00, 0x00, 0x00, 0x00, 0x00, 0x00, 0x00, 0x00, 0x00, 0x00, 0x00, 0x00,
    0x00, 0x00, 0x00, 0x00, 0x00, 0x00, 0x00, 0x00, 0x00, 0x00, 0x00, 0x00,
    0x00, 0x00, 0x00, 0x00, 0x00, 0x00, 0x00, 0x00, 0x00, 0x00, 0x00, 0x00,
    0x00, 0x00, 0x00, 0x00, 0x00, 0x00, 0x00, 0x00, 0x00, 0x00, 0x00, 0x00,
    0x00, 0x00, 0x00, 0x00, 0x00, 0x00, 0x00, 0x00, 0x00, 0x00, 0x00, 0x00,
    0x00, 0x00, 0x00, 0x00, 0x00, 0x00, 0x00, 0x00, 0x00, 0x00, 0x00, 0x00,
    0x00, 0x00, 0x00, 0x01, 0x04, 0x04, 0x01, 0x04, 0x01, 0x01, 0x00, 0x01,
    0x01, 0x01, 0x01, 0x01, 0x06, 0x01, 0x00, 0x01, 0x01, 0x00, 0x00, 0x00,
    0x00, 0x00, 0x00, 0x00, 0x00, 0x00, 0x00, 0x00, 0x00, 0x00, 0x00, 0x00,
    0x00, 0x00, 0x00, 0x00, 0x00, 0x00, 0x00, 0x00, 0x00, 0x00, 0x00, 0x00,
    0x00, 0x00, 0x00, 0x00, 0x00, 0x00, 0x00, 0x00, 0x00, 0x00, 0x00, 0x00,
    0x00, 0x00, 0x00, 0x00, 0x00, 0x00, 0x00, 0x00, 0x00, 0x00, 0x00, 0x00,
    0x00, 0x00, 0x00, 0x00, 0x00, 0x00, 0x00, 0x00, 0x00, 0x00, 0x00, 0x00,
    0x00, 0x00, 0x00, 0x00, 0x00, 0x00, 0x00, 0x00, 0x00, 0x00, 0x00, 0x00,
    0x00, 0x00, 0x00, 0x00, 0x00, 0x00, 0x00, 0x00, 0x00, 0x00, 0x00, 0x00,
    0x00, 0x00, 0x00, 0x00, 0x00, 0x00, 0x03, 0x00, 0x01, 0x01, 0x01, 0x01,
    0x01, 0x01, 0x01, 0x01, 0x01, 0x03, 0x00, 0x01, 0x01, 0x03, 0x00, 0x03,
    0x00, 0x00, 0x00, 0x00, 0x00, 0x00, 0x00, 0x00, 0x00, 0x00, 0x00, 0x00,
    0x00, 0x00, 0x00, 0x00, 0x00, 0x00, 0x00, 0x00, 0x00, 0x00, 0x00, 0x00,
    0x00, 0x00, 0x00, 0x00, 0x00, 0x00, 0x00, 0x00, 0x00, 0x00, 0x00, 0x00,
    0x00, 0x00, 0x00, 0x00, 0x00, 0x00, 0x00, 0x00, 0x00, 0x00, 0x00, 0x00,
    0x00, 0x00, 0x00, 0x00, 0x00, 0x00, 0x00, 0x00, 0x00, 0x00, 0x00, 0x00,
    0x00, 0x00, 0x00, 0x00, 0x00, 0x00, 0x00, 0x00, 0x00, 0x00, 0x00, 0x00,
    0x00, 0x00, 0x00, 0x00, 0x00, 0x00, 0x00, 0x00, 0x00, 0x00, 0x00, 0x00,
    0x00, 0x00, 0x00, 0x00, 0x00, 0x00, 0x00, 0x00, 0x00, 0x00, 0x00, 0x00,
    0x00, 0x00, 0x00, 0x00, 0x00, 0x00, 0x00, 0x00, 0x00, 0x00, 0x00, 0x00,
    0x00, 0x00, 0x00, 0x00, 0x00, 0x00, 0x00, 0x00, 0x00, 0x00, 0x00, 0x00,
    0x00, 0x00, 0x00, 0x00, 0x00, 0x00, 0x00, 0x00, 0x00, 0x00, 0x00, 0x00,
    0x00, 0x00, 0x00, 0x00, 0x00, 0x00, 0x00, 0x00, 0x00, 0x00, 0x00, 0x00,
    0x00, 0x00, 0x00, 0x00, 0x00, 0x00, 0x00, 0x00, 0x01, 0x01, 0x00, 0x00,
    0x03, 0x01, 0x01, 0x00, 0x00, 0x01, 0x01, 0x01, 0x00, 0x00, 0x00, 0x03,
    0x03, 0x00, 0x00, 0x00, 0x00, 0x00, 0x00, 0x00, 0x01, 0x00, 0x00, 0x00,
    0x00, 0x00, 0x00, 0x00, 0x00, 0x00, 0x00, 0x00, 0x00, 0x00, 0x00, 0x00,
    0x00, 0x00, 0x00, 0x00, 0x00, 0x00, 0x00, 0x00, 0x00, 0x00, 0x00, 0x00,
    0x00, 0x00, 0x00, 0x00, 0x00, 0x00, 0x00, 0x00, 0x00, 0x00, 0x00, 0x00,
    0x00, 0x00, 0x00, 0x00, 0x00, 0x00, 0x00, 0x00, 0x00, 0x00, 0x00, 0x00,
    0x00, 0x00, 0x00, 0x00, 0x00, 0x00, 0x00, 0x00, 0x00, 0x00, 0x00, 0x00,
    0x00, 0x00, 0x00, 0x00, 0x00, 0x00, 0x00, 0x00, 0x00, 0x00, 0x00, 0x00,
    0x00, 0x00, 0x00, 0x00, 0x00, 0x00, 0x00, 0x00, 0x00, 0x00, 0x00, 0x00,
    0x03, 0x03, 0x01, 0x01, 0x01, 0x00, 0x00, 0x00, 0x00, 0x00, 0x00, 0x00,
    0x00, 0x03, 0x00, 0x01, 0x00, 0x00, 0x00, 0x00, 0x00, 0x00, 0x00, 0x00,
    0x00, 0x00, 0x00, 0x00, 0x00, 0x00, 0x00, 0x00, 0x00, 0x00, 0x00, 0x00,
    0x00, 0x00, 0x00, 0x00, 0x00, 0x00, 0x00, 0x00, 0x00, 0x00, 0x00, 0x00,
    0x00, 0x00, 0x00, 0x00, 0x00, 0x00, 0x00, 0x00, 0x00, 0x00, 0x00, 0x00,
    0x00, 0x00, 0x00, 0x00, 0x00, 0x00, 0x00, 0x00, 0x00, 0x00, 0x00, 0x00,
    0x00, 0x00, 0x00, 0x00, 0x00, 0x00, 0x00, 0x00, 0x00, 0x00, 0x00, 0x00,
    0x00, 0x00, 0x00, 0x00, 0x00, 0x00, 0x00, 0x00, 0x00, 0x00, 0x00, 0x00,
    0x00, 0x00, 0x00, 0x00, 0x00, 0x00, 0x00, 0x00, 0x00, 0x00, 0x00, 0x00,
    0x00, 0x00, 0x00, 0x00, 0x00, 0x00, 0x00, 0x00, 0x00, 0x00, 0x00, 0x00,
    0x00, 0x00, 0x00, 0x00, 0x00, 0x00, 0x00, 0x00, 0x00, 0x00, 0x00, 0x00,
    0x00, 0x00, 0x00, 0x00, 0x00, 0x00, 0x00, 0x00, 0x00, 0x00, 0x00, 0x00,
    0x00, 0x00, 0x00, 0x00, 0x00, 0x00, 0x00, 0x00, 0x00, 0x00, 0x00, 0x00,
    0x00, 0x00, 0x00, 0x00, 0x00, 0x00, 0x00, 0x00, 0x00, 0x00, 0x00, 0x00,
    0x00, 0x00, 0x00, 0x00, 0x00, 0x00, 0x00, 0x00, 0x00, 0x00, 0x00, 0x00,
    0x00, 0x00, 0x00, 0x00, 0x00, 0x00, 0x01, 0x00, 0x00, 0x00, 0x00, 0x00,
    0x00, 0x00, 0x00, 0x00, 0x00, 0x00, 0x00, 0x00, 0x00, 0x00, 0x00, 0x00,
    0x00, 0x00, 0x00, 0x00, 0x00, 0x00, 0x00, 0x00, 0x00, 0x00, 0x00, 0x00,
    0x00, 0x00, 0x00, 0x00, 0x00, 0x00, 0x00, 0x00, 0x00, 0x00, 0x00, 0x00,
    0x00, 0x00, 0x00, 0x00, 0x00, 0x00, 0x00, 0x00, 0x00, 0x00, 0x00, 0x00,
    0x00, 0x00, 0x00, 0x00, 0x00, 0x00, 0x00, 0x00, 0x00, 0x00, 0x00, 0x00,
    0x00, 0x00, 0x00, 0x00, 0x00, 0x00, 0x00, 0x00, 0x00, 0x00, 0x00, 0x00,
    0x00, 0x00, 0x00, 0x00, 0x00, 0x00, 0x00, 0x00, 0x00, 0x00, 0x00, 0x00,
    0x00, 0x00, 0x00, 0x00, 0x00, 0x00, 0x00, 0x00, 0x01, 0x00, 0x00, 0x00,
    0x00, 0x00, 0x00, 0x00, 0x00, 0x00, 0x00, 0x00, 0x00, 0x00, 0x00, 0x00,
    0x00, 0x00, 0x00, 0x00, 0x00, 0x00, 0x00, 0x00, 0x00, 0x00, 0x00, 0x00,
    0x00, 0x00, 0x00, 0x00, 0x00, 0x00, 0x00, 0x00, 0x00, 0x00, 0x00, 0x00,
    0x00, 0x00, 0x00, 0x00, 0x00, 0x00, 0x00, 0x00, 0x00, 0x00, 0x00, 0x00,
    0x00, 0x00, 0x00, 0x00, 0x00, 0x00, 0x00, 0x00, 0x00, 0x00, 0x00, 0x00,
    0x00, 0x00, 0x00, 0x00, 0x00, 0x00, 0x00, 0x00, 0x00, 0x00, 0x00, 0x00,
    0x00, 0x00, 0x00, 0x00, 0x00, 0x00, 0x00, 0x00, 0x00, 0x00, 0x00, 0x00,
    0x00, 0x00, 0x00, 0x00, 0x00, 0x00, 0x00, 0x00, 0x00, 0x00, 0x00, 0x00,
    0x00, 0x00, 0x00, 0x00, 0x00, 0x00, 0x00, 0x00, 0x00, 0x00, 0x00, 0x00,
    0x00, 0x00, 0x00, 0x00, 0x00, 0x00, 0x00, 0x00, 0x00, 0x00, 0x00, 0x00,
    0x00, 0x00, 0x00, 0x00, 0x00, 0x00, 0x00, 0x00, 0x00, 0x00, 0x00, 0x00,
    0x00, 0x00, 0x00, 0x00, 0x00, 0x00, 0x00, 0x00, 0x00, 0x00, 0x00, 0x00,
    0x00, 0x00, 0x00, 0x00, 0x00, 0x00, 0x00, 0x00, 0x00, 0x00, 0x00, 0x00,
    0x00, 0x00, 0x00, 0x00, 0x00, 0x00, 0x00, 0x00, 0x00, 0x00, 0x00, 0x03,
    0x00, 0x00, 0x00, 0x00, 0x00, 0x00, 0x00, 0x00, 0x00, 0x00, 0x00, 0x00,
    0x00, 0x00, 0x00, 0x00, 0x00, 0x00, 0x00, 0x00, 0x00, 0x00, 0x00, 0x00,
    0x00, 0x00, 0x00, 0x00, 0x00, 0x00, 0x00, 0x00, 0x00, 0x00, 0x00, 0x00,
    0x00, 0x00, 0x00, 0x00, 0x00, 0x00, 0x00, 0x00, 0x00, 0x00, 0x00, 0x00,
    0x00, 0x00, 0x00, 0x00, 0x00, 0x00, 0x00, 0x00, 0x00, 0x00, 0x00, 0x00,
    0x00, 0x00, 0x00, 0x00, 0x00, 0x00, 0x00, 0x00, 0x00, 0x00, 0x00, 0x00,
    0x00, 0x00, 0x00, 0x00, 0x00, 0x00, 0x00, 0x00, 0x00, 0x00, 0x00, 0x00,
    0x00, 0x00, 0x00, 0x00, 0x00, 0x00, 0x00, 0x00, 0x00, 0x00, 0x00, 0x00,
    0x00, 0x00, 0x00, 0x00, 0x00, 0x00, 0x00, 0x00, 0x00, 0x00, 0x00, 0x00,
    0x00, 0x00, 0x00, 0x00, 0x00, 0x01, 0x00, 0x00, 0x00, 0x00, 0x00, 0x00,
    0x00, 0x00, 0x00, 0x00, 0x00, 0x00, 0x00, 0x00, 0x00, 0x00, 0x00, 0x00,
    0x00, 0x00, 0x00, 0x00, 0x00, 0x00, 0x00, 0x00, 0x00, 0x00, 0x00, 0x00,
    0x00, 0x00, 0x00, 0x00, 0x00, 0x00, 0x00, 0x00, 0x00, 0x00, 0x00, 0x00,
    0x00, 0x00, 0x00, 0x00, 0x00, 0x00, 0x00, 0x00, 0x00, 0x00, 0x00, 0x00,
    0x00, 0x00, 0x00, 0x00, 0x00, 0x00, 0x00, 0x00, 0x00, 0x00, 0x00, 0x00,
    0x00, 0x00, 0x00, 0x00, 0x00, 0x00, 0x00, 0x00, 0x00, 0x00, 0x00, 0x00,
    0x00, 0x00, 0x00, 0x00, 0x00, 0x00, 0x00, 0x00, 0x00, 0x00, 0x00, 0x00,
    0x00, 0x00, 0x00, 0x00, 0x00, 0x00, 0x00, 0x00, 0x00, 0x00, 0x00, 0x00,
    0x00, 0x00, 0x00, 0x00, 0x00, 0x00, 0x00, 0x00, 0x00, 0x00, 0x00, 0x00,
    0x00, 0x00, 0x00, 0x00, 0x00, 0x00, 0x00, 0x00, 0x00, 0x00, 0x00, 0x00,
    0x00, 0x00, 0x00, 0x00, 0x00, 0x00, 0x00, 0x00, 0x00, 0x00, 0x00, 0x00,
    0x00, 0x00, 0x00, 0x00, 0x00, 0x00, 0x00, 0x00, 0x00, 0x00, 0x00, 0x00,
    0x00, 0x00, 0x00, 0x00, 0x00, 0x00, 0x00, 0x01, 0x00, 0x00, 0x00, 0x01,
    0x01, 0x01, 0x00, 0x00, 0x00, 0x00, 0x00, 0x00, 0x00, 0x00, 0x01, 0x00,
    0x00, 0x00, 0x01, 0x01, 0x00, 0x00, 0x00, 0x00, 0x00, 0x00, 0x00, 0x00,
    0x00, 0x00, 0x00, 0x00, 0x00, 0x00, 0x00, 0x00, 0x00, 0x00, 0x00, 0x00,
    0x00, 0x00, 0x00, 0x00, 0x00, 0x00, 0x00, 0x00, 0x00, 0x00, 0x00, 0x00,
    0x00, 0x00, 0x00, 0x00, 0x00, 0x00, 0x00, 0x00, 0x00, 0x00, 0x00, 0x00,
    0x00, 0x00, 0x00, 0x00, 0x00, 0x00, 0x00, 0x00, 0x00, 0x00, 0x00, 0x00,
    0x00, 0x00, 0x00, 0x00, 0x00, 0x00, 0x00, 0x00, 0x00, 0x00, 0x00, 0x00,
    0x00, 0x00, 0x00, 0x00, 0x00, 0x00, 0x00, 0x00, 0x00, 0x00, 0x00, 0x00,
    0x00, 0x00, 0x00, 0x00, 0x00, 0x00, 0x00, 0x00, 0x00, 0x00, 0x00, 0x00,
    0x00, 0x00, 0x00, 0x00, 0x00, 0x00, 0x00, 0x00, 0x00, 0x00, 0x00, 0x00,
    0x00, 0x00, 0x00, 0x00, 0x00, 0x00, 0x00, 0x00, 0x00, 0x00, 0x00, 0x00,
    0x00, 0x00, 0x00, 0x00, 0x00, 0x00, 0x00, 0x00, 0x00, 0x00, 0x00, 0x00,
    0x00, 0x00, 0x00, 0x00, 0x00, 0x00, 0x00, 0x00, 0x00, 0x00, 0x00, 0x00,
    0x00, 0x00, 0x00, 0x00, 0x00, 0x00, 0x00, 0x00, 0x00, 0x00, 0x00, 0x00,
    0x00, 0x00, 0x00, 0x00, 0x00, 0x00, 0x00, 0x00, 0x00, 0x00, 0x00, 0x00,
    0x00, 0x00, 0x00, 0x00, 0x00, 0x00, 0x00, 0x00, 0x00, 0x00, 0x00, 0x00,
    0x00, 0x00, 0x00, 0x00, 0x00, 0x00, 0x00, 0x00, 0x00, 0x00, 0x00, 0x00,
    0x00, 0x00, 0x00, 0x00, 0x00, 0x00, 0x00, 0x00, 0x00, 0x00, 0x00, 0x00,
    0x00, 0x00, 0x00, 0x00, 0x00, 0x00, 0x00, 0x00, 0x00, 0x00, 0x00, 0x00,
    0x00, 0x00, 0x00, 0x00, 0x00, 0x00, 0x00, 0x00, 0x00, 0x00, 0x00, 0x00,
    0x00, 0x00, 0x00, 0x00, 0x00, 0x00, 0x00, 0x00, 0x00, 0x00, 0x00, 0x00,
    0x00, 0x00, 0x00, 0x00, 0x00, 0x00, 0x00, 0x00, 0x00, 0x00, 0x00, 0x00,
    0x00, 0x00, 0x00, 0x00, 0x00, 0x00, 0x00, 0x00, 0x00, 0x00, 0x00, 0x00,
    0x00, 0x00, 0x00, 0x00, 0x00, 0x00, 0x00, 0x00, 0x03, 0x00, 0x03, 0x00,
    0x00, 0x00, 0x00, 0x00, 0x00, 0x00, 0x00, 0x00, 0x00, 0x00, 0x00, 0x00,
    0x00, 0x00, 0x00, 0x00, 0x00, 0x00, 0x00, 0x00, 0x00, 0x00, 0x00, 0x00,
    0x00, 0x00, 0x00, 0x00, 0x00, 0x00, 0x00, 0x00, 0x00, 0x00, 0x00, 0x00,
    0x00, 0x00, 0x00, 0x00, 0x00, 0x00, 0x00, 0x00, 0x00, 0x00, 0x00, 0x00,
    0x00, 0x00, 0x00, 0x00
};

LOCATION_PRAGMA_32("ExtFlashSection")
KEEP extern const unsigned char image_deco_sonar_extra_data[] LOCATION_ATTRIBUTE_32("ExtFlashSection") = { // 221 ARGB8888 CLUT entries.
    0x00, 0x00, 0xdd, 0x00,
    0x00, 0x00, 0x00, 0x00, 0xb8, 0x00, 0x50, 0x10, 0xb8, 0x20, 0x70, 0x10,
    0xb8, 0x10, 0x48, 0x10, 0xb8, 0x00, 0x68, 0x10, 0xb8, 0x38, 0x70, 0x10,
    0xb8, 0x10, 0x68, 0x10, 0xc0, 0x00, 0x50, 0x30, 0xb8, 0x00, 0x50, 0x20,
    0xb8, 0x00, 0x60, 0x20, 0xc0, 0x00, 0x60, 0x30, 0xd0, 0x00, 0x60, 0x51,
    0xd0, 0x00, 0x80, 0x51, 0xd0, 0x10, 0x80, 0x51, 0xe0, 0x10, 0xa0, 0x6d,
    0xe8, 0x30, 0xb0, 0x9e, 0xe8, 0x30, 0xa8, 0x8e, 0xf0, 0x30, 0xc0, 0xae,
    0xe0, 0x08, 0xa0, 0x71, 0xe8, 0x10, 0xa8, 0x8e, 0xf0, 0x20, 0xc0, 0xcf,
    0xf0, 0x30, 0xc0, 0xc3, 0xf0, 0x30, 0xc0, 0xbe, 0xd0, 0x00, 0x58, 0x41,
    0xd0, 0x00, 0x60, 0x4d, 0xd8, 0x00, 0x80, 0x61, 0xe8, 0x10, 0xb0, 0x9e,
    0xe8, 0x10, 0xb0, 0xa2, 0xe0, 0x00, 0x88, 0x71, 0xe8, 0x08, 0xa0, 0x92,
    0xf0, 0x20, 0xc0, 0xae, 0xe8, 0x18, 0xc0, 0xae, 0xd8, 0x00, 0x70, 0x61,
    0xe8, 0x08, 0xa0, 0x8e, 0xf0, 0x18, 0xc0, 0xbe, 0xf0, 0x20, 0xc0, 0xb2,
    0xe0, 0x00, 0x90, 0x82, 0xf0, 0x18, 0xc0, 0xc3, 0xd0, 0x00, 0x58, 0x3c,
    0xf8, 0x20, 0xc8, 0xdf, 0xc0, 0x00, 0x50, 0x2c, 0xd8, 0x00, 0x70, 0x5d,
    0xf0, 0x18, 0xb8, 0xbe, 0xc0, 0x00, 0x60, 0x2c, 0xf0, 0x18, 0xb8, 0xc3,
    0xf0, 0x20, 0xc0, 0xd3, 0xe0, 0x00, 0x78, 0x71, 0xe8, 0x08, 0xa8, 0xa2,
    0xd8, 0x10, 0xa0, 0x61, 0xe0, 0x20, 0xa0, 0x71, 0xe0, 0x38, 0xa0, 0x71,
    0xe8, 0x38, 0xc0, 0x8e, 0xd8, 0x00, 0xa0, 0x61, 0xe0, 0x08, 0xa0, 0x6d,
    0xf0, 0x40, 0xc8, 0xbe, 0xc8, 0x10, 0x68, 0x30, 0xe8, 0x20, 0xa8, 0x8e,
    0xe8, 0x10, 0xa8, 0x92, 0xd0, 0x00, 0x80, 0x4d, 0xe8, 0x20, 0xb0, 0x9e,
    0xd8, 0x00, 0x58, 0x5d, 0xd8, 0x00, 0x58, 0x61, 0xe8, 0x08, 0xa8, 0x9e,
    0xe8, 0x20, 0xb0, 0xa2, 0xd8, 0x00, 0x80, 0x5d, 0xf0, 0x20, 0xb8, 0xc3,
    0xf0, 0x20, 0xb8, 0xbe, 0xd8, 0x20, 0x90, 0x51, 0xe0, 0x00, 0x90, 0x7d,
    0xe8, 0x50, 0xb0, 0x8e, 0xe0, 0x40, 0xb0, 0x8e, 0xd8, 0x10, 0x88, 0x61,
    0xe0, 0x10, 0xa0, 0x71, 0xb0, 0x30, 0x50, 0x10, 0xf0, 0x30, 0xc0, 0xb2,
    0xf0, 0x30, 0xb8, 0xbe, 0xd8, 0x30, 0xa0, 0x61, 0xd0, 0x30, 0x90, 0x51,
    0xe8, 0x40, 0xb8, 0x9e, 0xe0, 0x10, 0x90, 0x71, 0xe8, 0x30, 0xb0, 0xa2,
    0xc0, 0x10, 0x50, 0x20, 0xe8, 0x20, 0xa8, 0x92, 0xe0, 0x10, 0x98, 0x82,
    0xe0, 0x40, 0xa8, 0x71, 0xd8, 0x20, 0x90, 0x61, 0xe8, 0x18, 0xc0, 0xb2,
    0xe8, 0x30, 0xa8, 0x92, 0xc8, 0x30, 0x70, 0x30, 0xb8, 0x10, 0x58, 0x20,
    0xd8, 0x40, 0xa0, 0x61, 0xd0, 0x48, 0x88, 0x41, 0xe0, 0x50, 0xa0, 0x61,
    0xe0, 0x20, 0x98, 0x82, 0xd8, 0x30, 0xa0, 0x5d, 0xb8, 0x18, 0x60, 0x20,
    0xd8, 0x30, 0x98, 0x61, 0xd8, 0x40, 0xa0, 0x5d, 0xe0, 0x40, 0xa8, 0x6d,
    0xe0, 0x00, 0x88, 0x6d, 0xc8, 0x20, 0x70, 0x30, 0xb8, 0x48, 0x70, 0x10,
    0xb8, 0x50, 0x88, 0x10, 0xb8, 0x48, 0x88, 0x10, 0xc0, 0x48, 0x80, 0x10,
    0xb8, 0x40, 0x58, 0x10, 0xd8, 0x20, 0x90, 0x5d, 0xb8, 0x28, 0x68, 0x20,
    0xb8, 0x38, 0x78, 0x20, 0xb8, 0x48, 0x80, 0x20, 0xb8, 0x58, 0x80, 0x20,
    0xb8, 0x60, 0x88, 0x20, 0xc0, 0x68, 0x90, 0x30, 0xb8, 0x50, 0x78, 0x20,
    0xc0, 0x40, 0x78, 0x30, 0xb8, 0x48, 0x70, 0x20, 0xc0, 0x38, 0x58, 0x20,
    0xb8, 0x30, 0x58, 0x20, 0xe0, 0x20, 0x98, 0x7d, 0xc0, 0x20, 0x58, 0x20,
    0xc8, 0x48, 0x80, 0x30, 0xc0, 0x58, 0x88, 0x30, 0xc0, 0x70, 0x90, 0x30,
    0xc0, 0x80, 0xa0, 0x30, 0xc0, 0x78, 0xa0, 0x30, 0xb8, 0x60, 0x78, 0x20,
    0xc0, 0x60, 0x78, 0x20, 0xe0, 0x30, 0x98, 0x6d, 0xc8, 0x90, 0xb0, 0x30,
    0xc0, 0x50, 0x78, 0x20, 0xd0, 0x10, 0x78, 0x51, 0xe0, 0x30, 0x98, 0x82,
    0xe0, 0x20, 0x90, 0x71, 0xc8, 0xa0, 0xb8, 0x30, 0xc8, 0x80, 0x98, 0x30,
    0xe0, 0x20, 0x90, 0x6d, 0xd8, 0x10, 0x78, 0x5d, 0xd0, 0x98, 0xb0, 0x51,
    0xd0, 0xa0, 0xb8, 0x41, 0xd0, 0xa8, 0xc0, 0x51, 0xd8, 0x30, 0x98, 0x5d,
    0xd0, 0x88, 0xa8, 0x41, 0xd0, 0x98, 0xb0, 0x4d, 0xd0, 0xb0, 0xc0, 0x4d,
    0xd0, 0xb0, 0xc0, 0x51, 0xd0, 0x78, 0xa0, 0x41, 0xd0, 0xa8, 0xc0, 0x4d,
    0xd8, 0xb0, 0xc8, 0x5d, 0xd8, 0xc0, 0xc8, 0x61, 0xd8, 0xc0, 0xd0, 0x51,
    0xd0, 0x80, 0x98, 0x41, 0xc8, 0x68, 0xa0, 0x30, 0xd8, 0xb0, 0xc8, 0x61,
    0xd0, 0xb0, 0xb8, 0x4d, 0xd0, 0x78, 0x98, 0x41, 0xe0, 0xc0, 0xd0, 0x71,
    0xe0, 0xc0, 0xd0, 0x6d, 0xe0, 0xd0, 0xd8, 0x82, 0xe0, 0xd0, 0xd8, 0x7d,
    0xe8, 0xe0, 0xe0, 0x8e, 0xe0, 0xd0, 0xd0, 0x6d, 0xd0, 0xb0, 0xb8, 0x51,
    0xc8, 0x60, 0x90, 0x41, 0xe0, 0x10, 0x98, 0x7d, 0xd8, 0xa0, 0xb8, 0x61,
    0xe8, 0xd8, 0xe0, 0x9e, 0xf0, 0xe8, 0xf0, 0xbe, 0xf8, 0xf0, 0xf8, 0xef,
    0xf0, 0xf0, 0xf0, 0xcf, 0xf0, 0xe0, 0xe8, 0xae, 0xd8, 0xb0, 0xb8, 0x61,
    0xc8, 0x50, 0x88, 0x41, 0xc8, 0x38, 0x78, 0x41, 0xf0, 0x30, 0xb8, 0xc3,
    0xd8, 0xa8, 0xc0, 0x61, 0xc8, 0x60, 0x90, 0x3c, 0xe0, 0x10, 0x90, 0x6d,
    0xd8, 0x98, 0xc0, 0x61, 0xe0, 0xb8, 0xc8, 0x71, 0xf8, 0xf0, 0xf8, 0xf3,
    0xe8, 0xd8, 0xe0, 0xa2, 0xc8, 0x20, 0x70, 0x41, 0xe0, 0x30, 0x98, 0x71,
    0xd0, 0x78, 0xa0, 0x3c, 0xe0, 0xc8, 0xd8, 0x82, 0xf8, 0xe8, 0xf0, 0xef,
    0xc8, 0x20, 0x70, 0x2c, 0xd8, 0xa8, 0xc0, 0x5d, 0xc8, 0x50, 0x88, 0x3c,
    0xd8, 0x98, 0xb0, 0x5d, 0xf0, 0xe0, 0xe8, 0xb2, 0xd8, 0x98, 0xb0, 0x61,
    0xe0, 0xb8, 0xc8, 0x6d, 0xf0, 0xe8, 0xf0, 0xc3, 0xd8, 0x10, 0x88, 0x5d,
    0xe0, 0x00, 0x78, 0x6d, 0xe0, 0xc8, 0xe0, 0x82, 0xe8, 0xe0, 0xe0, 0x92,
    0xd8, 0xd0, 0xd8, 0x71, 0xd8, 0xc0, 0xc8, 0x5d, 0xc0, 0x58, 0x88, 0x2c,
    0xd0, 0x10, 0x80, 0x4d, 0xc0, 0x38, 0x80, 0x20, 0xb8, 0x70, 0xa0, 0x20,
    0xb8, 0x70, 0x98, 0x20, 0xc8, 0x28, 0x88, 0x20, 0xc0, 0x40, 0x70, 0x10,
    0xc0, 0x58, 0x88, 0x10, 0xb8, 0x60, 0x98, 0x10, 0xb8, 0x38, 0x80, 0x10,
    0xd0, 0x10, 0x78, 0x4d, 0xd8, 0x28, 0xa0, 0x4d, 0xd8, 0x50, 0xa0, 0x71,
    0xd0, 0x50, 0xa0, 0x4d, 0xf0, 0x40, 0xb8, 0xbe, 0xe0, 0x40, 0xb0, 0x92,
    0xc0, 0x00, 0x38, 0x20, 0xe8, 0x40, 0xb8, 0xa2, 0xd8, 0x28, 0xa0, 0x61,
    0xb8, 0x00, 0x38, 0x20, 0xf8, 0x18, 0xc8, 0xdf
};
