// 4.26.1 0x4cc9d7f9 D2 AY R0 FL8_ARGB8888 U565 N0 SExtFlashSection EExtFlashSection CNO_COMPRESSION
// Generated by imageconverter. Please, do not edit!

#include <touchgfx/hal/Config.hpp>

LOCATION_PRAGMA_32("ExtFlashSection")
KEEP extern const unsigned char image_boot_emblem[] LOCATION_ATTRIBUTE_32("ExtFlashSection") = { // 168x154 L8_ARGB8888 pixels.
    0x00, 0x00, 0x00, 0x00, 0x00, 0x00, 0x00, 0x00, 0x00, 0x00, 0x00, 0x00,
    0x00, 0x00, 0x00, 0x00, 0x00, 0x00, 0x00, 0x00, 0x00, 0x00, 0x00, 0x00,
    0x00, 0x00, 0x00, 0x00, 0x00, 0x00, 0x00, 0x00, 0x00, 0x00, 0x00, 0x00,
    0x00, 0x00, 0x00, 0x00, 0x00, 0x00, 0x00, 0x00, 0x00, 0x00, 0x00, 0x00,
    0x00, 0x00, 0x00, 0x00, 0x00, 0x00, 0x00, 0x00, 0x00, 0x00, 0x00, 0x00,
    0x00, 0x00, 0x00, 0x00, 0x00, 0x00, 0x00, 0x00, 0x00, 0x00, 0x00, 0x00,
    0x00, 0x00, 0x00, 0x00, 0x00, 0x00, 0x00, 0x00, 0x00, 0x00, 0x01, 0x00,
    0x00, 0x02, 0x03, 0x04, 0x05, 0x06, 0x00, 0x00, 0x01, 0x00, 0x00, 0x00,
    0x00, 0x00, 0x00, 0x00, 0x00, 0x00, 0x00, 0x00, 0x00, 0x00, 0x00, 0x00,
    0x00, 0x00, 0x00, 0x00, 0x00, 0x00, 0x00, 0x00, 0x00, 0x00, 0x00, 0x00,
    0x00, 0x00, 0x00, 0x00, 0x00, 0x00, 0x00, 0x00, 0x00, 0x00, 0x00, 0x00,
    0x00, 0x00, 0x00, 0x00, 0x00, 0x00, 0x00, 0x00, 0x00, 0x00, 0x00, 0x00,
    0x00, 0x00, 0x00, 0x00, 0x00, 0x00, 0x00, 0x00, 0x00, 0x00, 0x00, 0x00,
    0x00, 0x00, 0x00, 0x00, 0x00, 0x00, 0x00, 0x00, 0x00, 0x00, 0x00, 0x00,
    0x00, 0x00, 0x00, 0x00, 0x00, 0x00, 0x00, 0x00, 0x00, 0x00, 0x00, 0x00,
    0x00, 0x00, 0x00, 0x00, 0x00, 0x00, 0x00, 0x00, 0x00, 0x00, 0x00, 0x00,
    0x00, 0x00, 0x00, 0x00, 0x00, 0x00, 0x00, 0x00, 0x00, 0x00, 0x00, 0x00,
    0x00, 0x00, 0x00, 0x00, 0x00, 0x00, 0x00, 0x00, 0x00, 0x00, 0x00, 0x00,
    0x00, 0x00, 0x00, 0x00, 0x00, 0x00, 0x00, 0x00, 0x00, 0x00, 0x00, 0x00,
    0x00, 0x00, 0x00, 0x00, 0x00, 0x00, 0x00, 0x00, 0x00, 0x00, 0x00, 0x00,
    0x00, 0x00, 0x00, 0x00, 0x00, 0x00, 0x00, 0x00, 0x07, 0x01, 0x00, 0x08,
    0x09, 0x0a, 0x0b, 0x0b, 0x0b, 0x0c, 0x0d, 0x0e, 0x00, 0x07, 0x07, 0x00,
    0x00, 0x00, 0x00, 0x00, 0x00, 0x00, 0x00, 0x00, 0x00, 0x00, 0x00, 0x00,
    0x00, 0x00, 0x00, 0x00, 0x00, 0x00, 0x00, 0x00, 0x00, 0x00, 0x00, 0x00,
    0x00, 0x00, 0x00, 0x00, 0x00, 0x00, 0x00, 0x00, 0x00, 0x00, 0x00, 0x00,
    0x00, 0x00, 0x00, 0x00, 0x00, 0x00, 0x00, 0x00, 0x00, 0x00, 0x00, 0x00,
    0x00, 0x00, 0x00, 0x00, 0x00, 0x00, 0x00, 0x00, 0x00, 0x00, 0x00, 0x00,
    0x00, 0x00, 0x00, 0x00, 0x00, 0x00, 0x00, 0x00, 0x00, 0x00, 0x00, 0x00,
    0x00, 0x00, 0x00, 0x00, 0x00, 0x00, 0x00, 0x00, 0x00, 0x00, 0x00, 0x00,
    0x00, 0x00, 0x00, 0x00, 0x00, 0x00, 0x00, 0x00, 0x00, 0x00, 0x00, 0x00,
    0x00, 0x00, 0x00, 0x00, 0x00, 0x00, 0x00, 0x00, 0x00, 0x00, 0x00, 0x00,
    0x00, 0x00, 0x00, 0x00, 0x00, 0x00, 0x00, 0x00, 0x00, 0x00, 0x00, 0x00,
    0x00, 0x00, 0x00, 0x00, 0x00, 0x00, 0x00, 0x00, 0x00, 0x00, 0x00, 0x00,
    0x00, 0x00, 0x00, 0x00, 0x00, 0x00, 0x00, 0x00, 0x00, 0x00, 0x00, 0x00,
    0x00, 0x00, 0x00, 0x00, 0x00, 0x00, 0x00, 0x01, 0x00, 0x00, 0x0f, 0x04,
    0x0b, 0x0b, 0x10, 0x10, 0x0b, 0x0b, 0x0b, 0x11, 0x12, 0x00, 0x00, 0x01,
    0x07, 0x00, 0x00, 0x00, 0x00, 0x00, 0x00, 0x00, 0x00, 0x00, 0x00, 0x00,
    0x00, 0x00, 0x00, 0x00, 0x00, 0x00, 0x00, 0x00, 0x00, 0x00, 0x00, 0x00,
    0x00, 0x00, 0x00, 0x00, 0x00, 0x00, 0x00, 0x00, 0x00, 0x00, 0x00, 0x00,
    0x00, 0x00, 0x00, 0x00, 0x00, 0x00, 0x00, 0x00, 0x00, 0x00, 0x00, 0x00,
    0x00, 0x00, 0x00, 0x00, 0x00, 0x00, 0x00, 0x00, 0x00, 0x00, 0x00, 0x00,
    0x00, 0x00, 0x00, 0x00, 0x00, 0x00, 0x00, 0x00, 0x00, 0x00, 0x00, 0x00,
    0x00, 0x00, 0x00, 0x00, 0x00, 0x00, 0x00, 0x00, 0x00, 0x00, 0x00, 0x00,
    0x00, 0x00, 0x00, 0x00, 0x00, 0x00, 0x00, 0x00, 0x00, 0x00, 0x00, 0x00,
    0x00, 0x00, 0x00, 0x00, 0x00, 0x00, 0x00, 0x00, 0x00, 0x00, 0x00, 0x00,
    0x00, 0x00, 0x00, 0x00, 0x00, 0x00, 0x00, 0x00, 0x00, 0x00, 0x00, 0x00,
    0x00, 0x00, 0x00, 0x00, 0x00, 0x00, 0x00, 0x00, 0x00, 0x00, 0x00, 0x00,
    0x00, 0x00, 0x00, 0x00, 0x00, 0x00, 0x00, 0x00, 0x00, 0x00, 0x00, 0x00,
    0x00, 0x00, 0x00, 0x00, 0x00, 0x07, 0x07, 0x00, 0x13, 0x14, 0x0b, 0x0b,
    0x10, 0x10, 0x0b, 0x0b, 0x0b, 0x0b, 0x15, 0x0b, 0x0b, 0x16, 0x17, 0x00,
    0x00, 0x01, 0x00, 0x00, 0x00, 0x00, 0x00, 0x00, 0x00, 0x00, 0x00, 0x00,
    0x00, 0x00, 0x00, 0x00, 0x00, 0x00, 0x00, 0x00, 0x00, 0x00, 0x00, 0x00,
    0x00, 0x00, 0x00, 0x00, 0x00, 0x00, 0x00, 0x00, 0x00, 0x00, 0x00, 0x00,
    0x00, 0x00, 0x00, 0x00, 0x00, 0x00, 0x00, 0x00, 0x00, 0x00, 0x00, 0x00,
    0x00, 0x00, 0x00, 0x00, 0x00, 0x00, 0x00, 0x00, 0x00, 0x00, 0x00, 0x00,
    0x00, 0x00, 0x00, 0x00, 0x00, 0x00, 0x00, 0x00, 0x00, 0x00, 0x00, 0x00,
    0x00, 0x00, 0x00, 0x00, 0x00, 0x00, 0x00, 0x00, 0x00, 0x00, 0x00, 0x00,
    0x00, 0x00, 0x00, 0x00, 0x00, 0x00, 0x00, 0x00, 0x00, 0x00, 0x00, 0x00,
    0x00, 0x00, 0x00, 0x00, 0x00, 0x00, 0x00, 0x00, 0x00, 0x00, 0x00, 0x00,
    0x00, 0x00, 0x00, 0x00, 0x00, 0x00, 0x00, 0x00, 0x00, 0x00, 0x00, 0x00,
    0x00, 0x00, 0x00, 0x00, 0x00, 0x00, 0x00, 0x00, 0x00, 0x00, 0x00, 0x00,
    0x00, 0x00, 0x00, 0x00, 0x00, 0x00, 0x00, 0x00, 0x00, 0x00, 0x00, 0x00,
    0x00, 0x00, 0x00, 0x00, 0x07, 0x00, 0x00, 0x18, 0x0a, 0x0b, 0x10, 0x10,
    0x10, 0x0b, 0x0b, 0x0b, 0x0b, 0x0b, 0x0b, 0x10, 0x10, 0x0b, 0x10, 0x19,
    0x1a, 0x00, 0x07, 0x00, 0x00, 0x00, 0x00, 0x00, 0x00, 0x00, 0x00, 0x00,
    0x00, 0x00, 0x00, 0x00, 0x00, 0x00, 0x00, 0x00, 0x00, 0x00, 0x00, 0x00,
    0x00, 0x00, 0x00, 0x00, 0x00, 0x00, 0x00, 0x00, 0x00, 0x00, 0x00, 0x00,
    0x00, 0x00, 0x00, 0x00, 0x00, 0x00, 0x00, 0x00, 0x00, 0x00, 0x00, 0x00,
    0x00, 0x00, 0x00, 0x00, 0x00, 0x00, 0x00, 0x00, 0x00, 0x00, 0x00, 0x00,
    0x00, 0x00, 0x00, 0x00, 0x00, 0x00, 0x00, 0x00, 0x00, 0x00, 0x00, 0x00,
    0x00, 0x00, 0x00, 0x00, 0x00, 0x00, 0x00, 0x00, 0x00, 0x00, 0x00, 0x00,
    0x00, 0x00, 0x00, 0x00, 0x00, 0x00, 0x00, 0x00, 0x00, 0x00, 0x00, 0x00,
    0x00, 0x00, 0x00, 0x00, 0x00, 0x00, 0x00, 0x00, 0x00, 0x00, 0x00, 0x00,
    0x00, 0x00, 0x00, 0x00, 0x00, 0x00, 0x00, 0x00, 0x00, 0x00, 0x00, 0x00,
    0x00, 0x00, 0x00, 0x00, 0x00, 0x00, 0x00, 0x00, 0x00, 0x00, 0x00, 0x00,
    0x00, 0x00, 0x00, 0x00, 0x00, 0x00, 0x00, 0x00, 0x00, 0x00, 0x00, 0x00,
    0x00, 0x00, 0x00, 0x07, 0x00, 0x1b, 0x1c, 0x0b, 0x0b, 0x10, 0x10, 0x0b,
    0x0b, 0x0b, 0x10, 0x10, 0x10, 0x0b, 0x0b, 0x0b, 0x0b, 0x10, 0x0b, 0x0b,
    0x1d, 0x1e, 0x00, 0x07, 0x00, 0x00, 0x00, 0x00, 0x00, 0x00, 0x00, 0x00,
    0x00, 0x00, 0x00, 0x00, 0x00, 0x00, 0x00, 0x00, 0x00, 0x00, 0x00, 0x00,
    0x00, 0x00, 0x00, 0x00, 0x00, 0x00, 0x00, 0x00, 0x00, 0x00, 0x00, 0x00,
    0x00, 0x00, 0x00, 0x00, 0x00, 0x00, 0x00, 0x00, 0x00, 0x00, 0x00, 0x00,
    0x00, 0x00, 0x00, 0x00, 0x00, 0x00, 0x00, 0x00, 0x00, 0x00, 0x00, 0x00,
    0x00, 0x00, 0x00, 0x00, 0x00, 0x00, 0x00, 0x00, 0x00, 0x00, 0x00, 0x00,
    0x00, 0x00, 0x00, 0x00, 0x00, 0x00, 0x00, 0x00, 0x00, 0x00, 0x00, 0x00,
    0x00, 0x00, 0x00, 0x00, 0x00, 0x00, 0x00, 0x00, 0x00, 0x00, 0x00, 0x00,
    0x00, 0x00, 0x00, 0x00, 0x00, 0x00, 0x00, 0x00, 0x00, 0x00, 0x00, 0x00,
    0x00, 0x00, 0x00, 0x00, 0x00, 0x00, 0x00, 0x00, 0x00, 0x00, 0x00, 0x00,
    0x00, 0x00, 0x00, 0x00, 0x00, 0x00, 0x00, 0x00, 0x00, 0x00, 0x00, 0x00,
    0x00, 0x00, 0x00, 0x00, 0x00, 0x00, 0x00, 0x00, 0x00, 0x00, 0x00, 0x00,
    0x00, 0x00, 0x07, 0x07, 0x1f, 0x0a, 0x0b, 0x10, 0x10, 0x0b, 0x0b, 0x0b,
    0x10, 0x10, 0x10, 0x10, 0x10, 0x10, 0x0b, 0x0b, 0x0b, 0x0b, 0x0b, 0x15,
    0x0b, 0x0b, 0x20, 0x00, 0x01, 0x00, 0x00, 0x00, 0x00, 0x00, 0x00, 0x00,
    0x00, 0x00, 0x00, 0x00, 0x00, 0x00, 0x00, 0x00, 0x00, 0x00, 0x00, 0x00,
    0x00, 0x00, 0x00, 0x00, 0x00, 0x00, 0x00, 0x00, 0x00, 0x00, 0x00, 0x00,
    0x00, 0x00, 0x00, 0x00, 0x00, 0x00, 0x00, 0x00, 0x00, 0x00, 0x00, 0x00,
    0x00, 0x00, 0x00, 0x00, 0x00, 0x00, 0x00, 0x00, 0x00, 0x00, 0x00, 0x00,
    0x00, 0x00, 0x00, 0x00, 0x00, 0x00, 0x00, 0x00, 0x00, 0x00, 0x00, 0x00,
    0x00, 0x00, 0x00, 0x00, 0x00, 0x00, 0x00, 0x00, 0x00, 0x00, 0x00, 0x00,
    0x00, 0x00, 0x00, 0x00, 0x00, 0x00, 0x00, 0x00, 0x00, 0x00, 0x00, 0x00,
    0x00, 0x00, 0x00, 0x00, 0x00, 0x00, 0x00, 0x00, 0x00, 0x00, 0x00, 0x00,
    0x00, 0x00, 0x00, 0x00, 0x00, 0x00, 0x00, 0x00, 0x00, 0x00, 0x00, 0x00,
    0x00, 0x00, 0x00, 0x00, 0x00, 0x00, 0x00, 0x00, 0x00, 0x00, 0x00, 0x00,
    0x00, 0x00, 0x00, 0x00, 0x00, 0x00, 0x00, 0x00, 0x00, 0x00, 0x00, 0x00,
    0x00, 0x00, 0x01, 0x00, 0x18, 0x0b, 0x15, 0x10, 0x0b, 0x10, 0x0b, 0x0b,
    0x10, 0x0b, 0x0b, 0x0b, 0x0b, 0x0b, 0x10, 0x10, 0x0b, 0x0b, 0x10, 0x0b,
    0x15, 0x0b, 0x09, 0x00, 0x01, 0x00, 0x00, 0x00, 0x00, 0x00, 0x00, 0x00,
    0x00, 0x00, 0x00, 0x00, 0x00, 0x00, 0x00, 0x00, 0x00, 0x00, 0x00, 0x00,
    0x00, 0x00, 0x00, 0x00, 0x00, 0x00, 0x00, 0x00, 0x00, 0x00, 0x00, 0x00,
    0x00, 0x00, 0x00, 0x00, 0x00, 0x00, 0x00, 0x00, 0x00, 0x00, 0x00, 0x00,
    0x00, 0x00, 0x00, 0x00, 0x00, 0x00, 0x00, 0x00, 0x00, 0x00, 0x00, 0x00,
    0x00, 0x00, 0x00, 0x00, 0x00, 0x00, 0x00, 0x00, 0x00, 0x00, 0x00, 0x00,
    0x00, 0x00, 0x00, 0x00, 0x00, 0x00, 0x00, 0x00, 0x00, 0x00, 0x00, 0x00,
    0x00, 0x00, 0x00, 0x00, 0x00, 0x00, 0x00, 0x00, 0x00, 0x00, 0x00, 0x00,
    0x00, 0x00, 0x00, 0x00, 0x00, 0x00, 0x00, 0x00, 0x00, 0x00, 0x00, 0x00,
    0x00, 0x00, 0x00, 0x00, 0x00, 0x00, 0x00, 0x00, 0x00, 0x00, 0x00, 0x00,
    0x00, 0x00, 0x00, 0x00, 0x00, 0x00, 0x00, 0x00, 0x00, 0x00, 0x00, 0x00,
    0x00, 0x00, 0x00, 0x00, 0x00, 0x00, 0x00, 0x00, 0x00, 0x00, 0x00, 0x00,
    0x00, 0x00, 0x01, 0x00, 0x21, 0x0b, 0x10, 0x0b, 0x0b, 0x0b, 0x0b, 0x10,
    0x0b, 0x22, 0x21, 0x23, 0x18, 0x1c, 0x0b, 0x10, 0x10, 0x0b, 0x0b, 0x0b,
    0x10, 0x0b, 0x09, 0x00, 0x01, 0x00, 0x00, 0x00, 0x00, 0x00, 0x00, 0x00,
    0x00, 0x00, 0x00, 0x00, 0x00, 0x00, 0x00, 0x00, 0x00, 0x00, 0x00, 0x00,
    0x00, 0x00, 0x00, 0x00, 0x00, 0x00, 0x00, 0x00, 0x00, 0x00, 0x00, 0x00,
    0x00, 0x00, 0x00, 0x00, 0x00, 0x00, 0x00, 0x00, 0x00, 0x00, 0x00, 0x00,
    0x00, 0x00, 0x00, 0x00, 0x00, 0x00, 0x00, 0x00, 0x00, 0x00, 0x00, 0x00,
    0x00, 0x00, 0x00, 0x00, 0x00, 0x00, 0x00, 0x00, 0x00, 0x00, 0x00, 0x00,
    0x00, 0x00, 0x00, 0x00, 0x00, 0x00, 0x00, 0x00, 0x00, 0x00, 0x00, 0x00,
    0x00, 0x00, 0x00, 0x00, 0x00, 0x00, 0x00, 0x00, 0x00, 0x00, 0x00, 0x00,
    0x00, 0x00, 0x00, 0x00, 0x00, 0x00, 0x00, 0x00, 0x00, 0x00, 0x00, 0x00,
    0x00, 0x00, 0x00, 0x00, 0x00, 0x00, 0x00, 0x00, 0x00, 0x00, 0x00, 0x00,
    0x00, 0x00, 0x00, 0x00, 0x00, 0x00, 0x00, 0x00, 0x00, 0x00, 0x00, 0x00,
    0x00, 0x00, 0x00, 0x00, 0x00, 0x00, 0x00, 0x00, 0x00, 0x00, 0x00, 0x00,
    0x00, 0x00, 0x01, 0x00, 0x1e, 0x0b, 0x15, 0x10, 0x10, 0x0b, 0x10, 0x0b,
    0x24, 0x00, 0x00, 0x00, 0x00, 0x00, 0x25, 0x0b, 0x10, 0x0b, 0x0b, 0x10,
    0x10, 0x0b, 0x26, 0x00, 0x01, 0x00, 0x00, 0x00, 0x00, 0x00, 0x00, 0x00,
    0x00, 0x00, 0x00, 0x00, 0x00, 0x00, 0x00, 0x00, 0x00, 0x00, 0x00, 0x00,
    0x00, 0x00, 0x00, 0x00, 0x00, 0x00, 0x00, 0x00, 0x00, 0x00, 0x00, 0x00,
    0x00, 0x00, 0x00, 0x00, 0x00, 0x00, 0x00, 0x00, 0x00, 0x00, 0x00, 0x00,
    0x00, 0x00, 0x00, 0x00, 0x00, 0x00, 0x00, 0x00, 0x00, 0x00, 0x00, 0x00,
    0x00, 0x00, 0x00, 0x00, 0x00, 0x00, 0x00, 0x00, 0x00, 0x00, 0x00, 0x00,
    0x00, 0x00, 0x00, 0x00, 0x00, 0x00, 0x00, 0x00, 0x00, 0x00, 0x00, 0x00,
    0x00, 0x00, 0x00, 0x00, 0x00, 0x00, 0x00, 0x00, 0x00, 0x00, 0x00, 0x00,
    0x00, 0x00, 0x00, 0x00, 0x00, 0x00, 0x00, 0x00, 0x00, 0x00, 0x00, 0x00,
    0x00, 0x00, 0x00, 0x00, 0x00, 0x00, 0x00, 0x00, 0x00, 0x00, 0x00, 0x00,
    0x00, 0x00, 0x00, 0x00, 0x00, 0x00, 0x00, 0x00, 0x00, 0x00, 0x00, 0x00,
    0x00, 0x00, 0x00, 0x00, 0x00, 0x00, 0x00, 0x00, 0x00, 0x00, 0x00, 0x00,
    0x00, 0x00, 0x01, 0x00, 0x1e, 0x0b, 0x10, 0x0b, 0x0b, 0x10, 0x0b, 0x27,
    0x00, 0x07, 0x01, 0x01, 0x01, 0x01, 0x00, 0x19, 0x0b, 0x10, 0x0b, 0x0b,
    0x10, 0x0b, 0x28, 0x00, 0x01, 0x00, 0x00, 0x00, 0x00, 0x00, 0x00, 0x00,
    0x00, 0x00, 0x00, 0x00, 0x00, 0x00, 0x00, 0x00, 0x00, 0x00, 0x00, 0x00,
    0x00, 0x00, 0x00, 0x00, 0x00, 0x00, 0x00, 0x00, 0x00, 0x00, 0x00, 0x00,
    0x00, 0x00, 0x00, 0x00, 0x00, 0x00, 0x00, 0x00, 0x00, 0x00, 0x00, 0x00,
    0x00, 0x00, 0x00, 0x00, 0x00, 0x00, 0x00, 0x00, 0x00, 0x00, 0x00, 0x00,
    0x00, 0x00, 0x00, 0x00, 0x00, 0x00, 0x00, 0x00, 0x00, 0x00, 0x00, 0x00,
    0x00, 0x00, 0x00, 0x00, 0x00, 0x00, 0x00, 0x00, 0x00, 0x00, 0x00, 0x00,
    0x00, 0x00, 0x00, 0x00, 0x00, 0x00, 0x00, 0x00, 0x00, 0x00, 0x00, 0x00,
    0x00, 0x00, 0x00, 0x00, 0x00, 0x00, 0x00, 0x00, 0x00, 0x00, 0x00, 0x00,
    0x00, 0x00, 0x00, 0x00, 0x00, 0x00, 0x00, 0x00, 0x00, 0x00, 0x00, 0x00,
    0x00, 0x00, 0x00, 0x00, 0x00, 0x00, 0x00, 0x00, 0x00, 0x00, 0x00, 0x00,
    0x00, 0x00, 0x00, 0x00, 0x00, 0x00, 0x00, 0x00, 0x00, 0x00, 0x00, 0x00,
    0x00, 0x00, 0x01, 0x00, 0x1e, 0x0b, 0x10, 0x10, 0x0b, 0x10, 0x0b, 0x29,
    0x07, 0x01, 0x00, 0x00, 0x00, 0x01, 0x07, 0x2a, 0x10, 0x10, 0x0b, 0x0b,
    0x10, 0x0b, 0x2b, 0x00, 0x01, 0x00, 0x00, 0x00, 0x00, 0x00, 0x00, 0x00,
    0x00, 0x00, 0x00, 0x00, 0x00, 0x00, 0x00, 0x00, 0x00, 0x00, 0x00, 0x00,
    0x00, 0x00, 0x00, 0x00, 0x00, 0x00, 0x00, 0x00, 0x00, 0x00, 0x00, 0x00,
    0x00, 0x00, 0x00, 0x00, 0x00, 0x00, 0x00, 0x00, 0x00, 0x00, 0x00, 0x00,
    0x00, 0x00, 0x00, 0x00, 0x00, 0x00, 0x00, 0x00, 0x00, 0x00, 0x00, 0x00,
    0x00, 0x00, 0x00, 0x00, 0x00, 0x00, 0x00, 0x00, 0x00, 0x00, 0x00, 0x00,
    0x00, 0x00, 0x00, 0x00, 0x00, 0x00, 0x00, 0x00, 0x00, 0x00, 0x00, 0x00,
    0x00, 0x00, 0x00, 0x00, 0x00, 0x00, 0x00, 0x00, 0x00, 0x00, 0x00, 0x00,
    0x00, 0x00, 0x00, 0x00, 0x00, 0x00, 0x00, 0x00, 0x00, 0x00, 0x00, 0x00,
    0x00, 0x00, 0x00, 0x00, 0x00, 0x00, 0x00, 0x00, 0x00, 0x00, 0x00, 0x00,
    0x00, 0x00, 0x00, 0x00, 0x00, 0x00, 0x00, 0x00, 0x00, 0x00, 0x00, 0x00,
    0x00, 0x00, 0x00, 0x00, 0x00, 0x00, 0x00, 0x00, 0x00, 0x00, 0x00, 0x00,
    0x00, 0x00, 0x01, 0x00, 0x1e, 0x0b, 0x10, 0x0b, 0x0b, 0x0b, 0x10, 0x2c,
    0x00, 0x01, 0x00, 0x00, 0x00, 0x07, 0x00, 0x2d, 0x15, 0x0b, 0x10, 0x0b,
    0x15, 0x0b, 0x2e, 0x00, 0x01, 0x00, 0x00, 0x00, 0x00, 0x00, 0x00, 0x00,
    0x00, 0x00, 0x00, 0x00, 0x00, 0x00, 0x00, 0x00, 0x00, 0x00, 0x00, 0x00,
    0x00, 0x00, 0x00, 0x00, 0x00, 0x00, 0x00, 0x00, 0x00, 0x00, 0x00, 0x00,
    0x00, 0x00, 0x00, 0x00, 0x00, 0x00, 0x00, 0x00, 0x00, 0x00, 0x00, 0x00,
    0x00, 0x00, 0x00, 0x00, 0x00, 0x00, 0x00, 0x00, 0x00, 0x00, 0x00, 0x00,
    0x00, 0x00, 0x00, 0x00, 0x00, 0x00, 0x00, 0x00, 0x00, 0x00, 0x00, 0x00,
    0x00, 0x00, 0x00, 0x00, 0x00, 0x00, 0x00, 0x00, 0x00, 0x00, 0x00, 0x00,
    0x00, 0x00, 0x00, 0x00, 0x00, 0x00, 0x00, 0x00, 0x00, 0x00, 0x00, 0x00,
    0x00, 0x00, 0x00, 0x00, 0x00, 0x00, 0x00, 0x00, 0x00, 0x00, 0x00, 0x00,
    0x00, 0x00, 0x00, 0x00, 0x00, 0x00, 0x00, 0x00, 0x00, 0x00, 0x00, 0x00,
    0x00, 0x00, 0x00, 0x00, 0x00, 0x00, 0x00, 0x00, 0x00, 0x00, 0x00, 0x00,
    0x00, 0x00, 0x00, 0x00, 0x00, 0x00, 0x00, 0x00, 0x00, 0x00, 0x00, 0x00,
    0x00, 0x00, 0x01, 0x00, 0x2f, 0x0b, 0x10, 0x0b, 0x0b, 0x10, 0x0b, 0x0f,
    0x07, 0x01, 0x00, 0x00, 0x00, 0x01, 0x01, 0x20, 0x0b, 0x10, 0x10, 0x10,
    0x10, 0x0b, 0x2f, 0x00, 0x01, 0x00, 0x00, 0x00, 0x00, 0x00, 0x00, 0x00,
    0x00, 0x00, 0x00, 0x00, 0x00, 0x00, 0x00, 0x00, 0x00, 0x00, 0x00, 0x00,
    0x00, 0x00, 0x00, 0x00, 0x00, 0x00, 0x00, 0x00, 0x00, 0x00, 0x00, 0x00,
    0x00, 0x00, 0x00, 0x00, 0x00, 0x00, 0x00, 0x00, 0x00, 0x00, 0x00, 0x00,
    0x00, 0x00, 0x00, 0x00, 0x00, 0x00, 0x00, 0x00, 0x00, 0x00, 0x00, 0x00,
    0x00, 0x00, 0x00, 0x00, 0x00, 0x00, 0x00, 0x00, 0x00, 0x00, 0x00, 0x00,
    0x00, 0x00, 0x00, 0x00, 0x00, 0x00, 0x00, 0x00, 0x00, 0x00, 0x00, 0x00,
    0x00, 0x00, 0x00, 0x00, 0x00, 0x00, 0x00, 0x00, 0x00, 0x00, 0x00, 0x00,
    0x00, 0x00, 0x00, 0x00, 0x00, 0x00, 0x00, 0x00, 0x00, 0x00, 0x00, 0x00,
    0x00, 0x00, 0x00, 0x00, 0x00, 0x00, 0x00, 0x00, 0x00, 0x00, 0x00, 0x00,
    0x00, 0x00, 0x00, 0x00, 0x00, 0x00, 0x00, 0x00, 0x00, 0x00, 0x00, 0x00,
    0x00, 0x00, 0x00, 0x00, 0x00, 0x00, 0x00, 0x00, 0x00, 0x00, 0x00, 0x00,
    0x00, 0x00, 0x01, 0x00, 0x30, 0x0b, 0x10, 0x0b, 0x10, 0x10, 0x0b, 0x19,
    0x00, 0x01, 0x01, 0x07, 0x01, 0x31, 0x00, 0x14, 0x0b, 0x10, 0x0b, 0x0b,
    0x10, 0x0b, 0x30, 0x00, 0x01, 0x00, 0x00, 0x00, 0x00, 0x00, 0x00, 0x00,
    0x00, 0x00, 0x00, 0x00, 0x00, 0x00, 0x00, 0x00, 0x00, 0x00, 0x00, 0x00,
    0x00, 0x00, 0x00, 0x00, 0x00, 0x00, 0x00, 0x00, 0x00, 0x00, 0x00, 0x00,
    0x00, 0x00, 0x00, 0x00, 0x00, 0x00, 0x00, 0x00, 0x00, 0x00, 0x00, 0x00,
    0x00, 0x00, 0x00, 0x00, 0x00, 0x00, 0x00, 0x00, 0x00, 0x00, 0x00, 0x00,
    0x00, 0x00, 0x00, 0x00, 0x00, 0x00, 0x00, 0x00, 0x00, 0x00, 0x00, 0x00,
    0x00, 0x00, 0x00, 0x00, 0x00, 0x00, 0x00, 0x00, 0x00, 0x00, 0x00, 0x00,
    0x00, 0x00, 0x00, 0x00, 0x00, 0x00, 0x00, 0x00, 0x00, 0x00, 0x00, 0x00,
    0x00, 0x00, 0x00, 0x00, 0x00, 0x00, 0x00, 0x00, 0x00, 0x00, 0x00, 0x00,
    0x00, 0x00, 0x00, 0x00, 0x00, 0x00, 0x00, 0x00, 0x00, 0x00, 0x00, 0x00,
    0x00, 0x00, 0x00, 0x00, 0x00, 0x00, 0x00, 0x00, 0x00, 0x00, 0x00, 0x00,
    0x00, 0x00, 0x00, 0x00, 0x00, 0x00, 0x00, 0x00, 0x00, 0x00, 0x00, 0x00,
    0x00, 0x00, 0x01, 0x00, 0x21, 0x0b, 0x10, 0x10, 0x10, 0x10, 0x10, 0x0b,
    0x32, 0x00, 0x00, 0x00, 0x00, 0x00, 0x33, 0x10, 0x0b, 0x0b, 0x10, 0x0b,
    0x10, 0x0b, 0x30, 0x00, 0x01, 0x00, 0x00, 0x00, 0x00, 0x00, 0x00, 0x00,
    0x00, 0x00, 0x00, 0x00, 0x00, 0x00, 0x00, 0x00, 0x00, 0x00, 0x00, 0x00,
    0x00, 0x00, 0x00, 0x00, 0x00, 0x00, 0x00, 0x00, 0x00, 0x00, 0x00, 0x00,
    0x00, 0x00, 0x00, 0x00, 0x00, 0x00, 0x00, 0x00, 0x00, 0x00, 0x00, 0x00,
    0x00, 0x00, 0x00, 0x00, 0x00, 0x00, 0x00, 0x00, 0x00, 0x00, 0x00, 0x00,
    0x00, 0x00, 0x00, 0x00, 0x00, 0x00, 0x00, 0x00, 0x00, 0x00, 0x00, 0x00,
    0x00, 0x00, 0x00, 0x00, 0x00, 0x00, 0x00, 0x00, 0x00, 0x00, 0x00, 0x00,
    0x00, 0x00, 0x00, 0x00, 0x00, 0x00, 0x00, 0x00, 0x00, 0x00, 0x00, 0x00,
    0x00, 0x00, 0x00, 0x00, 0x00, 0x00, 0x00, 0x00, 0x00, 0x00, 0x00, 0x00,
    0x00, 0x00, 0x00, 0x00, 0x00, 0x00, 0x00, 0x00, 0x00, 0x00, 0x00, 0x00,
    0x00, 0x00, 0x00, 0x00, 0x00, 0x00, 0x00, 0x00, 0x00, 0x00, 0x00, 0x00,
    0x00, 0x00, 0x00, 0x00, 0x00, 0x00, 0x00, 0x00, 0x00, 0x00, 0x00, 0x00,
    0x00, 0x00, 0x01, 0x00, 0x2f, 0x0b, 0x15, 0x0b, 0x10, 0x0b, 0x0b, 0x10,
    0x0b, 0x19, 0x0f, 0x34, 0x17, 0x35, 0x10, 0x10, 0x10, 0x0b, 0x10, 0x10,
    0x10, 0x0b, 0x2f, 0x00, 0x01, 0x00, 0x00, 0x00, 0x00, 0x00, 0x00, 0x00,
    0x00, 0x00, 0x00, 0x00, 0x00, 0x00, 0x00, 0x00, 0x00, 0x00, 0x00, 0x00,
    0x00, 0x00, 0x00, 0x00, 0x00, 0x00, 0x00, 0x00, 0x00, 0x00, 0x00, 0x00,
    0x00, 0x00, 0x00, 0x00, 0x00, 0x00, 0x00, 0x00, 0x00, 0x00, 0x00, 0x00,
    0x00, 0x00, 0x00, 0x00, 0x00, 0x00, 0x00, 0x00, 0x00, 0x00, 0x00, 0x00,
    0x00, 0x00, 0x00, 0x00, 0x00, 0x00, 0x00, 0x00, 0x00, 0x00, 0x00, 0x00,
    0x00, 0x00, 0x00, 0x00, 0x00, 0x00, 0x00, 0x00, 0x00, 0x00, 0x00, 0x00,
    0x00, 0x00, 0x00, 0x00, 0x00, 0x00, 0x00, 0x00, 0x00, 0x00, 0x00, 0x00,
    0x00, 0x00, 0x00, 0x00, 0x00, 0x00, 0x00, 0x00, 0x00, 0x00, 0x00, 0x00,
    0x00, 0x00, 0x00, 0x00, 0x00, 0x00, 0x00, 0x00, 0x00, 0x00, 0x00, 0x00,
    0x00, 0x00, 0x00, 0x00, 0x00, 0x00, 0x00, 0x00, 0x00, 0x00, 0x00, 0x00,
    0x00, 0x00, 0x00, 0x00, 0x00, 0x00, 0x00, 0x00, 0x00, 0x00, 0x00, 0x00,
    0x00, 0x00, 0x01, 0x00, 0x32, 0x0b, 0x10, 0x0b, 0x10, 0x0b, 0x0b, 0x0b,
    0x10, 0x0b, 0x0b, 0x15, 0x0b, 0x0b, 0x0b, 0x0b, 0x10, 0x0b, 0x0b, 0x0b,
    0x15, 0x0b, 0x1e, 0x00, 0x01, 0x00, 0x00, 0x00, 0x00, 0x00, 0x00, 0x00,
    0x00, 0x00, 0x00, 0x00, 0x00, 0x00, 0x00, 0x00, 0x00, 0x00, 0x00, 0x00,
    0x00, 0x00, 0x00, 0x00, 0x00, 0x00, 0x00, 0x00, 0x00, 0x00, 0x00, 0x00,
    0x00, 0x00, 0x00, 0x00, 0x00, 0x00, 0x00, 0x00, 0x00, 0x00, 0x00, 0x00,
    0x00, 0x00, 0x00, 0x00, 0x00, 0x00, 0x00, 0x00, 0x00, 0x00, 0x00, 0x00,
    0x00, 0x00, 0x00, 0x00, 0x00, 0x00, 0x00, 0x00, 0x00, 0x00, 0x00, 0x00,
    0x00, 0x00, 0x00, 0x00, 0x00, 0x00, 0x00, 0x00, 0x00, 0x00, 0x00, 0x00,
    0x00, 0x00, 0x00, 0x00, 0x00, 0x00, 0x00, 0x00, 0x00, 0x00, 0x00, 0x00,
    0x00, 0x00, 0x00, 0x00, 0x00, 0x00, 0x00, 0x00, 0x00, 0x00, 0x00, 0x00,
    0x00, 0x00, 0x00, 0x00, 0x00, 0x00, 0x00, 0x00, 0x00, 0x00, 0x00, 0x00,
    0x00, 0x00, 0x00, 0x00, 0x00, 0x00, 0x00, 0x00, 0x00, 0x00, 0x00, 0x00,
    0x00, 0x00, 0x00, 0x00, 0x00, 0x00, 0x00, 0x00, 0x00, 0x00, 0x00, 0x00,
    0x00, 0x00, 0x01, 0x00, 0x17, 0x0b, 0x0b, 0x10, 0x0b, 0x10, 0x0b, 0x0b,
    0x10, 0x10, 0x10, 0x0b, 0x0b, 0x10, 0x10, 0x0b, 0x10, 0x0b, 0x0b, 0x10,
    0x0b, 0x0c, 0x36, 0x00, 0x07, 0x00, 0x00, 0x00, 0x00, 0x00, 0x00, 0x00,
    0x00, 0x00, 0x00, 0x00, 0x00, 0x00, 0x00, 0x00, 0x00, 0x00, 0x00, 0x00,
    0x00, 0x00, 0x00, 0x00, 0x00, 0x00, 0x00, 0x00, 0x00, 0x00, 0x00, 0x00,
    0x00, 0x00, 0x00, 0x00, 0x00, 0x00, 0x00, 0x00, 0x00, 0x00, 0x00, 0x00,
    0x00, 0x00, 0x00, 0x00, 0x00, 0x00, 0x00, 0x00, 0x00, 0x00, 0x00, 0x00,
    0x00, 0x00, 0x00, 0x00, 0x00, 0x00, 0x00, 0x00, 0x00, 0x00, 0x00, 0x00,
    0x00, 0x00, 0x00, 0x00, 0x00, 0x00, 0x00, 0x00, 0x00, 0x00, 0x00, 0x00,
    0x00, 0x00, 0x00, 0x00, 0x00, 0x00, 0x00, 0x00, 0x00, 0x00, 0x00, 0x00,
    0x00, 0x00, 0x00, 0x00, 0x00, 0x00, 0x00, 0x00, 0x00, 0x00, 0x00, 0x00,
    0x00, 0x00, 0x00, 0x00, 0x00, 0x00, 0x00, 0x00, 0x00, 0x00, 0x00, 0x00,
    0x00, 0x00, 0x00, 0x00, 0x00, 0x00, 0x00, 0x00, 0x00, 0x00, 0x00, 0x00,
    0x00, 0x00, 0x00, 0x00, 0x00, 0x00, 0x00, 0x00, 0x00, 0x00, 0x00, 0x00,
    0x00, 0x00, 0x01, 0x00, 0x37, 0x0b, 0x10, 0x0b, 0x0b, 0x10, 0x0b, 0x0b,
    0x0b, 0x0b, 0x0b, 0x0b, 0x0b, 0x0b, 0x10, 0x10, 0x0b, 0x10, 0x10, 0x0b,
    0x38, 0x39, 0x00, 0x07, 0x00, 0x00, 0x00, 0x00, 0x00, 0x00, 0x00, 0x00,
    0x00, 0x00, 0x00, 0x00, 0x00, 0x00, 0x00, 0x00, 0x00, 0x00, 0x00, 0x00,
    0x00, 0x00, 0x00, 0x00, 0x00, 0x00, 0x00, 0x00, 0x00, 0x00, 0x00, 0x00,
    0x00, 0x00, 0x00, 0x00, 0x00, 0x00, 0x00, 0x00, 0x00, 0x00, 0x00, 0x00,
    0x00, 0x00, 0x00, 0x00, 0x00, 0x00, 0x00, 0x00, 0x00, 0x00, 0x00, 0x00,
    0x00, 0x00, 0x00, 0x00, 0x00, 0x00, 0x00, 0x00, 0x00, 0x00, 0x00, 0x00,
    0x00, 0x00, 0x00, 0x00, 0x00, 0x00, 0x00, 0x00, 0x00, 0x00, 0x00, 0x00,
    0x00, 0x00, 0x00, 0x00, 0x00, 0x00, 0x00, 0x00, 0x00, 0x00, 0x00, 0x00,
    0x00, 0x00, 0x00, 0x00, 0x00, 0x00, 0x00, 0x00, 0x00, 0x00, 0x00, 0x00,
    0x00, 0x00, 0x00, 0x00, 0x00, 0x00, 0x00, 0x00, 0x00, 0x00, 0x00, 0x00,
    0x00, 0x00, 0x00, 0x00, 0x00, 0x00, 0x00, 0x00, 0x00, 0x00, 0x00, 0x00,
    0x00, 0x00, 0x00, 0x00, 0x00, 0x00, 0x00, 0x00, 0x00, 0x00, 0x00, 0x00,
    0x00, 0x00, 0x01, 0x00, 0x3a, 0x0b, 0x0b, 0x10, 0x0b, 0x10, 0x10, 0x0b,
    0x0b, 0x10, 0x10, 0x0b, 0x0b, 0x0b, 0x0b, 0x10, 0x10, 0x0b, 0x15, 0x24,
    0x3b, 0x00, 0x07, 0x00, 0x00, 0x00, 0x00, 0x00, 0x00, 0x00, 0x00, 0x00,
    0x00, 0x00, 0x00, 0x00, 0x00, 0x00, 0x00, 0x00, 0x00, 0x00, 0x00, 0x00,
    0x00, 0x00, 0x00, 0x00, 0x00, 0x00, 0x00, 0x00, 0x00, 0x00, 0x00, 0x00,
    0x00, 0x00, 0x00, 0x00, 0x00, 0x00, 0x00, 0x00, 0x00, 0x00, 0x00, 0x00,
    0x00, 0x00, 0x00, 0x00, 0x00, 0x00, 0x00, 0x00, 0x00, 0x00, 0x00, 0x00,
    0x00, 0x00, 0x00, 0x00, 0x00, 0x00, 0x00, 0x00, 0x00, 0x00, 0x00, 0x00,
    0x00, 0x00, 0x00, 0x00, 0x00, 0x00, 0x00, 0x00, 0x00, 0x00, 0x00, 0x00,
    0x00, 0x00, 0x00, 0x00, 0x00, 0x00, 0x00, 0x00, 0x00, 0x00, 0x00, 0x00,
    0x00, 0x00, 0x00, 0x00, 0x00, 0x00, 0x00, 0x00, 0x00, 0x00, 0x00, 0x00,
    0x00, 0x00, 0x00, 0x00, 0x00, 0x00, 0x00, 0x00, 0x00, 0x00, 0x00, 0x00,
    0x00, 0x00, 0x00, 0x00, 0x00, 0x00, 0x00, 0x00, 0x00, 0x00, 0x00, 0x00,
    0x00, 0x00, 0x00, 0x00, 0x00, 0x00, 0x00, 0x00, 0x00, 0x00, 0x00, 0x00,
    0x00, 0x00, 0x01, 0x00, 0x17, 0x0b, 0x10, 0x10, 0x0b, 0x0b, 0x10, 0x0b,
    0x0b, 0x10, 0x10, 0x0b, 0x10, 0x0b, 0x10, 0x0b, 0x0b, 0x1c, 0x2c, 0x00,
    0x00, 0x01, 0x00, 0x00, 0x00, 0x00, 0x00, 0x00, 0x00, 0x00, 0x00, 0x00,
    0x00, 0x00, 0x00, 0x00, 0x00, 0x00, 0x00, 0x00, 0x00, 0x00, 0x00, 0x00,
    0x00, 0x00, 0x00, 0x00, 0x00, 0x00, 0x00, 0x00, 0x00, 0x00, 0x00, 0x00,
    0x00, 0x00, 0x00, 0x00, 0x00, 0x00, 0x00, 0x00, 0x00, 0x00, 0x00, 0x00,
    0x00, 0x00, 0x00, 0x00, 0x00, 0x00, 0x00, 0x00, 0x00, 0x00, 0x00, 0x00,
    0x00, 0x00, 0x00, 0x00, 0x00, 0x00, 0x00, 0x00, 0x00, 0x00, 0x00, 0x00,
    0x00, 0x00, 0x00, 0x00, 0x00, 0x00, 0x00, 0x00, 0x00, 0x00, 0x00, 0x00,
    0x00, 0x00, 0x00, 0x00, 0x00, 0x00, 0x00, 0x00, 0x00, 0x00, 0x00, 0x00,
    0x00, 0x00, 0x00, 0x00, 0x00, 0x00, 0x00, 0x00, 0x00, 0x00, 0x00, 0x00,
    0x00, 0x00, 0x00, 0x00, 0x00, 0x00, 0x00, 0x00, 0x00, 0x00, 0x00, 0x00,
    0x00, 0x00, 0x00, 0x00, 0x00, 0x00, 0x00, 0x00, 0x00, 0x00, 0x00, 0x00,
    0x00, 0x00, 0x00, 0x00, 0x00, 0x00, 0x00, 0x00, 0x00, 0x00, 0x00, 0x00,
    0x00, 0x00, 0x01, 0x00, 0x3c, 0x0b, 0x10, 0x0b, 0x0b, 0x10, 0x0b, 0x10,
    0x0b, 0x0b, 0x10, 0x10, 0x10, 0x10, 0x0b, 0x0a, 0x3d, 0x00, 0x00, 0x01,
    0x07, 0x00, 0x00, 0x00, 0x00, 0x00, 0x00, 0x00, 0x00, 0x00, 0x00, 0x00,
    0x00, 0x00, 0x00, 0x00, 0x00, 0x00, 0x00, 0x00, 0x00, 0x00, 0x00, 0x00,
    0x00, 0x00, 0x00, 0x00, 0x00, 0x00, 0x00, 0x00, 0x00, 0x00, 0x00, 0x00,
    0x00, 0x00, 0x00, 0x00, 0x00, 0x00, 0x00, 0x00, 0x00, 0x00, 0x00, 0x00,
    0x00, 0x00, 0x00, 0x00, 0x00, 0x00, 0x00, 0x00, 0x00, 0x00, 0x00, 0x00,
    0x00, 0x00, 0x00, 0x00, 0x00, 0x00, 0x00, 0x00, 0x00, 0x00, 0x00, 0x00,
    0x00, 0x00, 0x00, 0x00, 0x00, 0x00, 0x00, 0x00, 0x00, 0x00, 0x00, 0x00,
    0x00, 0x00, 0x00, 0x00, 0x00, 0x00, 0x00, 0x00, 0x00, 0x00, 0x00, 0x00,
    0x00, 0x00, 0x00, 0x00, 0x00, 0x00, 0x00, 0x00, 0x00, 0x00, 0x00, 0x00,
    0x00, 0x00, 0x00, 0x00, 0x00, 0x00, 0x00, 0x00, 0x00, 0x00, 0x00, 0x00,
    0x00, 0x00, 0x00, 0x00, 0x00, 0x00, 0x00, 0x00, 0x00, 0x00, 0x00, 0x00,
    0x00, 0x00, 0x00, 0x00, 0x00, 0x00, 0x00, 0x00, 0x00, 0x00, 0x00, 0x00,
    0x00, 0x00, 0x01, 0x00, 0x3c, 0x0b, 0x10, 0x0b, 0x0b, 0x10, 0x0b, 0x0b,
    0x0b, 0x0b, 0x0b, 0x0b, 0x0b, 0x15, 0x35, 0x1f, 0x00, 0x01, 0x01, 0x00,
    0x00, 0x00, 0x00, 0x00, 0x00, 0x00, 0x00, 0x00, 0x00, 0x00, 0x00, 0x00,
    0x00, 0x00, 0x00, 0x00, 0x00, 0x00, 0x00, 0x00, 0x00, 0x00, 0x00, 0x00,
    0x00, 0x00, 0x00, 0x00, 0x00, 0x00, 0x00, 0x00, 0x00, 0x00, 0x00, 0x00,
    0x00, 0x00, 0x00, 0x00, 0x00, 0x00, 0x00, 0x00, 0x00, 0x00, 0x00, 0x00,
    0x00, 0x00, 0x00, 0x00, 0x00, 0x00, 0x00, 0x00, 0x00, 0x00, 0x00, 0x00,
    0x00, 0x00, 0x00, 0x00, 0x00, 0x00, 0x00, 0x00, 0x00, 0x00, 0x00, 0x00,
    0x00, 0x00, 0x00, 0x00, 0x00, 0x00, 0x00, 0x00, 0x00, 0x00, 0x00, 0x00,
    0x00, 0x00, 0x00, 0x00, 0x00, 0x00, 0x00, 0x00, 0x00, 0x00, 0x00, 0x00,
    0x00, 0x00, 0x00, 0x00, 0x00, 0x00, 0x00, 0x00, 0x00, 0x00, 0x00, 0x00,
    0x00, 0x00, 0x00, 0x00, 0x00, 0x00, 0x00, 0x00, 0x00, 0x00, 0x00, 0x00,
    0x00, 0x00, 0x00, 0x00, 0x00, 0x00, 0x00, 0x00, 0x00, 0x00, 0x00, 0x00,
    0x00, 0x00, 0x00, 0x00, 0x00, 0x00, 0x00, 0x00, 0x00, 0x00, 0x00, 0x00,
    0x00, 0x00, 0x07, 0x00, 0x3a, 0x0b, 0x10, 0x0b, 0x0b, 0x10, 0x0b, 0x0b,
    0x0b, 0x15, 0x3e, 0x1c, 0x05, 0x37, 0x00, 0x00, 0x01, 0x00, 0x00, 0x00,
    0x00, 0x00, 0x00, 0x00, 0x00, 0x00, 0x00, 0x00, 0x00, 0x00, 0x00, 0x00,
    0x00, 0x00, 0x00, 0x00, 0x00, 0x00, 0x00, 0x00, 0x00, 0x00, 0x00, 0x00,
    0x00, 0x00, 0x00, 0x00, 0x00, 0x00, 0x00, 0x00, 0x00, 0x00, 0x00, 0x00,
    0x00, 0x00, 0x00, 0x00, 0x00, 0x00, 0x00, 0x00, 0x00, 0x00, 0x00, 0x00,
    0x00, 0x00, 0x00, 0x00, 0x00, 0x00, 0x00, 0x00, 0x00, 0x00, 0x00, 0x00,
    0x00, 0x00, 0x00, 0x00, 0x00, 0x00, 0x00, 0x00, 0x00, 0x00, 0x00, 0x00,
    0x00, 0x00, 0x00, 0x00, 0x00, 0x00, 0x00, 0x00, 0x00, 0x00, 0x00, 0x00,
    0x00, 0x00, 0x00, 0x00, 0x00, 0x00, 0x00, 0x00, 0x00, 0x00, 0x00, 0x00,
    0x00, 0x00, 0x00, 0x00, 0x00, 0x00, 0x00, 0x00, 0x00, 0x00, 0x00, 0x00,
    0x00, 0x00, 0x00, 0x00, 0x00, 0x00, 0x00, 0x00, 0x00, 0x00, 0x00, 0x00,
    0x00, 0x00, 0x00, 0x00, 0x00, 0x00, 0x00, 0x00, 0x00, 0x00, 0x00, 0x00,
    0x00, 0x00, 0x00, 0x00, 0x00, 0x00, 0x00, 0x00, 0x00, 0x00, 0x00, 0x00,
    0x00, 0x00, 0x01, 0x00, 0x3a, 0x0b, 0x0b, 0x10, 0x0b, 0x0b, 0x10, 0x0b,
    0x0b, 0x10, 0x3f, 0x00, 0x00, 0x00, 0x01, 0x07, 0x00, 0x00, 0x00, 0x00,
    0x00, 0x00, 0x00, 0x00, 0x00, 0x00, 0x00, 0x00, 0x00, 0x00, 0x00, 0x00,
    0x00, 0x00, 0x00, 0x00, 0x00, 0x00, 0x00, 0x00, 0x00, 0x00, 0x00, 0x00,
    0x00, 0x00, 0x00, 0x00, 0x00, 0x00, 0x00, 0x00, 0x00, 0x00, 0x00, 0x00,
    0x00, 0x00, 0x00, 0x00, 0x00, 0x00, 0x00, 0x00, 0x00, 0x00, 0x00, 0x00,
    0x00, 0x00, 0x00, 0x00, 0x00, 0x00, 0x00, 0x00, 0x00, 0x00, 0x00, 0x00,
    0x00, 0x00, 0x00, 0x00, 0x00, 0x00, 0x00, 0x00, 0x00, 0x00, 0x00, 0x00,
    0x00, 0x00, 0x00, 0x00, 0x00, 0x00, 0x00, 0x00, 0x00, 0x00, 0x00, 0x00,
    0x00, 0x00, 0x00, 0x00, 0x00, 0x00, 0x00, 0x00, 0x00, 0x00, 0x00, 0x00,
    0x00, 0x00, 0x00, 0x00, 0x00, 0x00, 0x00, 0x00, 0x00, 0x00, 0x00, 0x00,
    0x00, 0x00, 0x00, 0x00, 0x00, 0x00, 0x00, 0x00, 0x00, 0x00, 0x00, 0x00,
    0x00, 0x00, 0x00, 0x00, 0x00, 0x00, 0x00, 0x00, 0x00, 0x00, 0x00, 0x00,
    0x00, 0x00, 0x00, 0x00, 0x00, 0x00, 0x00, 0x00, 0x00, 0x00, 0x00, 0x00,
    0x00, 0x00, 0x01, 0x00, 0x3a, 0x0b, 0x10, 0x10, 0x0b, 0x0b, 0x10, 0x0b,
    0x0b, 0x10, 0x40, 0x07, 0x01, 0x01, 0x00, 0x00, 0x00, 0x00, 0x00, 0x00,
    0x00, 0x00, 0x00, 0x00, 0x00, 0x00, 0x00, 0x00, 0x00, 0x00, 0x00, 0x00,
    0x00, 0x00, 0x00, 0x00, 0x00, 0x00, 0x00, 0x00, 0x00, 0x00, 0x00, 0x00,
    0x00, 0x00, 0x00, 0x00, 0x00, 0x00, 0x00, 0x00, 0x00, 0x00, 0x00, 0x00,
    0x00, 0x00, 0x00, 0x00, 0x00, 0x00, 0x00, 0x00, 0x00, 0x00, 0x00, 0x00,
    0x00, 0x00, 0x00, 0x00, 0x00, 0x00, 0x00, 0x00, 0x00, 0x00, 0x00, 0x00,
    0x00, 0x00, 0x00, 0x00, 0x00, 0x00, 0x00, 0x00, 0x00, 0x00, 0x00, 0x00,
    0x00, 0x00, 0x00, 0x00, 0x00, 0x00, 0x00, 0x00, 0x00, 0x00, 0x00, 0x00,
    0x00, 0x00, 0x00, 0x00, 0x00, 0x00, 0x00, 0x00, 0x00, 0x00, 0x00, 0x00,
    0x00, 0x00, 0x00, 0x00, 0x00, 0x00, 0x00, 0x00, 0x00, 0x00, 0x00, 0x00,
    0x00, 0x00, 0x00, 0x00, 0x00, 0x00, 0x00, 0x00, 0x00, 0x00, 0x00, 0x00,
    0x00, 0x00, 0x00, 0x00, 0x00, 0x00, 0x00, 0x00, 0x00, 0x00, 0x00, 0x00,
    0x00, 0x00, 0x00, 0x00, 0x00, 0x00, 0x00, 0x00, 0x00, 0x00, 0x00, 0x00,
    0x00, 0x00, 0x01, 0x00, 0x37, 0x0b, 0x10, 0x10, 0x0b, 0x10, 0x10, 0x10,
    0x0b, 0x10, 0x41, 0x00, 0x07, 0x00, 0x00, 0x00, 0x00, 0x00, 0x00, 0x00,
    0x00, 0x00, 0x00, 0x00, 0x00, 0x00, 0x00, 0x00, 0x00, 0x00, 0x00, 0x00,
    0x00, 0x00, 0x00, 0x00, 0x00, 0x00, 0x00, 0x00, 0x00, 0x00, 0x00, 0x00,
    0x00, 0x00, 0x00, 0x00, 0x00, 0x00, 0x00, 0x00, 0x00, 0x00, 0x00, 0x00,
    0x00, 0x00, 0x00, 0x00, 0x00, 0x00, 0x00, 0x00, 0x00, 0x00, 0x00, 0x00,
    0x00, 0x00, 0x00, 0x00, 0x00, 0x00, 0x00, 0x00, 0x00, 0x00, 0x00, 0x00,
    0x00, 0x00, 0x00, 0x00, 0x00, 0x00, 0x00, 0x00, 0x00, 0x00, 0x00, 0x00,
    0x00, 0x00, 0x00, 0x00, 0x00, 0x00, 0x00, 0x00, 0x00, 0x00, 0x00, 0x00,
    0x00, 0x00, 0x00, 0x00, 0x00, 0x00, 0x00, 0x00, 0x00, 0x00, 0x00, 0x00,
    0x00, 0x00, 0x00, 0x00, 0x00, 0x00, 0x00, 0x00, 0x00, 0x00, 0x00, 0x00,
    0x00, 0x00, 0x00, 0x00, 0x00, 0x00, 0x00, 0x00, 0x00, 0x00, 0x00, 0x00,
    0x00, 0x00, 0x00, 0x00, 0x00, 0x00, 0x00, 0x00, 0x00, 0x00, 0x00, 0x00,
    0x00, 0x00, 0x00, 0x00, 0x00, 0x00, 0x00, 0x00, 0x00, 0x00, 0x00, 0x00,
    0x00, 0x00, 0x01, 0x00, 0x3c, 0x0b, 0x0b, 0x0b, 0x0b, 0x0b, 0x0b, 0x10,
    0x0b, 0x0b, 0x42, 0x00, 0x01, 0x00, 0x00, 0x00, 0x00, 0x00, 0x00, 0x00,
    0x00, 0x00, 0x00, 0x00, 0x00, 0x00, 0x00, 0x00, 0x00, 0x00, 0x00, 0x00,
    0x00, 0x00, 0x00, 0x00, 0x00, 0x00, 0x00, 0x00, 0x00, 0x00, 0x00, 0x00,
    0x00, 0x00, 0x00, 0x00, 0x00, 0x00, 0x00, 0x00, 0x00, 0x00, 0x00, 0x00,
    0x00, 0x00, 0x00, 0x00, 0x00, 0x00, 0x00, 0x00, 0x00, 0x00, 0x00, 0x00,
    0x00, 0x00, 0x00, 0x00, 0x00, 0x00, 0x00, 0x00, 0x00, 0x00, 0x00, 0x00,
    0x00, 0x00, 0x00, 0x00, 0x00, 0x00, 0x00, 0x00, 0x00, 0x00, 0x00, 0x00,
    0x00, 0x00, 0x00, 0x00, 0x00, 0x00, 0x00, 0x00, 0x00, 0x00, 0x00, 0x00,
    0x00, 0x00, 0x00, 0x00, 0x00, 0x00, 0x00, 0x00, 0x00, 0x00, 0x00, 0x00,
    0x00, 0x00, 0x00, 0x00, 0x00, 0x00, 0x00, 0x00, 0x00, 0x00, 0x00, 0x00,
    0x00, 0x00, 0x00, 0x00, 0x00, 0x00, 0x00, 0x00, 0x00, 0x00, 0x00, 0x00,
    0x00, 0x00, 0x00, 0x00, 0x00, 0x00, 0x00, 0x00, 0x00, 0x00, 0x00, 0x00,
    0x00, 0x00, 0x00, 0x00, 0x00, 0x00, 0x00, 0x00, 0x00, 0x00, 0x00, 0x00,
    0x00, 0x00, 0x01, 0x00, 0x17, 0x0b, 0x10, 0x10, 0x10, 0x0b, 0x0b, 0x0b,
    0x0b, 0x10, 0x42, 0x00, 0x07, 0x00, 0x00, 0x00, 0x00, 0x00, 0x00, 0x00,
    0x00, 0x00, 0x00, 0x00, 0x00, 0x00, 0x00, 0x00, 0x00, 0x00, 0x00, 0x00,
    0x00, 0x00, 0x00, 0x00, 0x00, 0x00, 0x00, 0x00, 0x00, 0x00, 0x00, 0x00,
    0x00, 0x00, 0x00, 0x00, 0x00, 0x00, 0x00, 0x00, 0x00, 0x00, 0x00, 0x00,
    0x00, 0x00, 0x00, 0x00, 0x00, 0x00, 0x00, 0x00, 0x00, 0x00, 0x00, 0x00,
    0x00, 0x00, 0x00, 0x00, 0x00, 0x00, 0x00, 0x00, 0x00, 0x00, 0x00, 0x00,
    0x00, 0x00, 0x00, 0x00, 0x00, 0x00, 0x00, 0x00, 0x00, 0x00, 0x00, 0x00,
    0x00, 0x00, 0x00, 0x00, 0x00, 0x00, 0x00, 0x00, 0x00, 0x00, 0x00, 0x00,
    0x00, 0x00, 0x00, 0x00, 0x00, 0x00, 0x00, 0x00, 0x00, 0x00, 0x00, 0x00,
    0x00, 0x00, 0x00, 0x00, 0x00, 0x00, 0x00, 0x00, 0x00, 0x00, 0x00, 0x00,
    0x00, 0x00, 0x00, 0x00, 0x00, 0x00, 0x00, 0x00, 0x00, 0x00, 0x00, 0x00,
    0x00, 0x00, 0x00, 0x00, 0x00, 0x00, 0x00, 0x00, 0x00, 0x00, 0x00, 0x00,
    0x00, 0x00, 0x00, 0x00, 0x00, 0x00, 0x00, 0x00, 0x00, 0x00, 0x00, 0x00,
    0x00, 0x00, 0x07, 0x00, 0x20, 0x0b, 0x10, 0x0b, 0x10, 0x0b, 0x0b, 0x10,
    0x0b, 0x10, 0x42, 0x00, 0x07, 0x00, 0x00, 0x00, 0x00, 0x00, 0x00, 0x00,
    0x00, 0x00, 0x00, 0x00, 0x00, 0x00, 0x00, 0x00, 0x00, 0x00, 0x00, 0x00,
    0x00, 0x00, 0x00, 0x00, 0x00, 0x00, 0x00, 0x00, 0x00, 0x00, 0x00, 0x00,
    0x00, 0x00, 0x00, 0x00, 0x00, 0x00, 0x00, 0x00, 0x00, 0x00, 0x00, 0x00,
    0x00, 0x00, 0x00, 0x00, 0x00, 0x00, 0x00, 0x00, 0x00, 0x00, 0x00, 0x00,
    0x00, 0x00, 0x00, 0x00, 0x00, 0x00, 0x00, 0x00, 0x00, 0x00, 0x00, 0x00,
    0x00, 0x00, 0x00, 0x00, 0x00, 0x00, 0x00, 0x00, 0x00, 0x00, 0x00, 0x00,
    0x00, 0x00, 0x00, 0x00, 0x00, 0x00, 0x00, 0x00, 0x00, 0x00, 0x00, 0x00,
    0x00, 0x00, 0x00, 0x00, 0x00, 0x00, 0x00, 0x00, 0x00, 0x00, 0x00, 0x00,
    0x00, 0x00, 0x00, 0x00, 0x00, 0x00, 0x00, 0x00, 0x00, 0x00, 0x00, 0x00,
    0x00, 0x00, 0x00, 0x00, 0x00, 0x00, 0x00, 0x00, 0x00, 0x00, 0x00, 0x00,
    0x00, 0x00, 0x00, 0x00, 0x00, 0x00, 0x00, 0x00, 0x00, 0x00, 0x00, 0x00,
    0x00, 0x00, 0x00, 0x00, 0x00, 0x00, 0x00, 0x00, 0x00, 0x00, 0x00, 0x00,
    0x00, 0x00, 0x01, 0x00, 0x3a, 0x0b, 0x0b, 0x0b, 0x0b, 0x10, 0x0b, 0x0b,
    0x0b, 0x10, 0x42, 0x00, 0x01, 0x00, 0x00, 0x00, 0x00, 0x00, 0x00, 0x00,
    0x00, 0x00, 0x00, 0x00, 0x00, 0x00, 0x00, 0x00, 0x00, 0x00, 0x00, 0x00,
    0x00, 0x00, 0x00, 0x00, 0x00, 0x00, 0x00, 0x00, 0x00, 0x00, 0x00, 0x00,
    0x00, 0x00, 0x00, 0x00, 0x00, 0x00, 0x00, 0x00, 0x00, 0x00, 0x00, 0x00,
    0x00, 0x00, 0x00, 0x00, 0x00, 0x00, 0x00, 0x00, 0x00, 0x00, 0x00, 0x00,
    0x00, 0x00, 0x00, 0x00, 0x00, 0x00, 0x00, 0x00, 0x00, 0x00, 0x00, 0x00,
    0x00, 0x00, 0x00, 0x00, 0x00, 0x00, 0x00, 0x00, 0x00, 0x00, 0x00, 0x00,
    0x00, 0x00, 0x00, 0x00, 0x00, 0x00, 0x00, 0x00, 0x00, 0x00, 0x00, 0x00,
    0x00, 0x00, 0x00, 0x00, 0x00, 0x00, 0x00, 0x00, 0x00, 0x00, 0x00, 0x00,
    0x00, 0x00, 0x00, 0x00, 0x00, 0x00, 0x00, 0x00, 0x00, 0x00, 0x00, 0x00,
    0x00, 0x00, 0x00, 0x00, 0x00, 0x00, 0x00, 0x00, 0x00, 0x00, 0x00, 0x00,
    0x00, 0x00, 0x00, 0x00, 0x00, 0x00, 0x00, 0x00, 0x00, 0x00, 0x00, 0x00,
    0x00, 0x00, 0x00, 0x00, 0x00, 0x00, 0x00, 0x00, 0x00, 0x00, 0x00, 0x00,
    0x00, 0x00, 0x01, 0x00, 0x3c, 0x0b, 0x10, 0x0b, 0x0b, 0x0b, 0x0b, 0x0b,
    0x0b, 0x10, 0x1b, 0x00, 0x07, 0x00, 0x00, 0x00, 0x00, 0x00, 0x00, 0x00,
    0x00, 0x00, 0x00, 0x00, 0x00, 0x00, 0x00, 0x00, 0x00, 0x00, 0x00, 0x00,
    0x00, 0x00, 0x00, 0x00, 0x00, 0x00, 0x00, 0x00, 0x00, 0x00, 0x00, 0x00,
    0x00, 0x00, 0x00, 0x00, 0x00, 0x00, 0x00, 0x00, 0x00, 0x00, 0x00, 0x00,
    0x00, 0x00, 0x00, 0x00, 0x00, 0x00, 0x00, 0x00, 0x00, 0x00, 0x00, 0x00,
    0x00, 0x00, 0x00, 0x00, 0x00, 0x00, 0x00, 0x00, 0x00, 0x00, 0x00, 0x00,
    0x00, 0x00, 0x00, 0x00, 0x00, 0x00, 0x00, 0x00, 0x00, 0x00, 0x00, 0x00,
    0x00, 0x00, 0x00, 0x00, 0x00, 0x00, 0x00, 0x00, 0x00, 0x00, 0x00, 0x00,
    0x00, 0x00, 0x00, 0x00, 0x00, 0x00, 0x00, 0x00, 0x00, 0x00, 0x00, 0x00,
    0x00, 0x00, 0x00, 0x00, 0x00, 0x00, 0x00, 0x00, 0x00, 0x00, 0x00, 0x00,
    0x00, 0x00, 0x00, 0x00, 0x00, 0x00, 0x00, 0x00, 0x00, 0x00, 0x00, 0x00,
    0x00, 0x00, 0x00, 0x00, 0x00, 0x00, 0x00, 0x00, 0x00, 0x00, 0x00, 0x00,
    0x00, 0x00, 0x00, 0x00, 0x00, 0x00, 0x00, 0x00, 0x00, 0x00, 0x00, 0x00,
    0x00, 0x00, 0x01, 0x00, 0x3a, 0x0b, 0x0b, 0x0b, 0x0b, 0x10, 0x10, 0x10,
    0x0b, 0x10, 0x1b, 0x00, 0x01, 0x00, 0x00, 0x00, 0x00, 0x00, 0x00, 0x00,
    0x00, 0x00, 0x00, 0x00, 0x00, 0x00, 0x00, 0x00, 0x00, 0x00, 0x00, 0x00,
    0x00, 0x00, 0x00, 0x00, 0x00, 0x00, 0x00, 0x00, 0x00, 0x00, 0x00, 0x00,
    0x00, 0x00, 0x00, 0x00, 0x00, 0x00, 0x00, 0x00, 0x00, 0x00, 0x00, 0x00,
    0x00, 0x00, 0x00, 0x00, 0x00, 0x00, 0x00, 0x00, 0x00, 0x00, 0x00, 0x00,
    0x00, 0x00, 0x00, 0x00, 0x00, 0x00, 0x00, 0x00, 0x00, 0x00, 0x00, 0x00,
    0x00, 0x00, 0x00, 0x00, 0x00, 0x00, 0x00, 0x00, 0x00, 0x00, 0x00, 0x00,
    0x00, 0x00, 0x00, 0x00, 0x00, 0x00, 0x00, 0x00, 0x00, 0x00, 0x00, 0x00,
    0x00, 0x00, 0x00, 0x00, 0x00, 0x00, 0x00, 0x00, 0x00, 0x00, 0x00, 0x00,
    0x00, 0x00, 0x00, 0x00, 0x00, 0x00, 0x00, 0x00, 0x00, 0x00, 0x00, 0x00,
    0x00, 0x00, 0x00, 0x00, 0x00, 0x00, 0x00, 0x00, 0x00, 0x00, 0x00, 0x00,
    0x00, 0x00, 0x00, 0x00, 0x00, 0x00, 0x00, 0x00, 0x00, 0x00, 0x00, 0x00,
    0x00, 0x00, 0x00, 0x00, 0x00, 0x00, 0x00, 0x00, 0x00, 0x00, 0x00, 0x00,
    0x00, 0x00, 0x01, 0x00, 0x17, 0x0b, 0x10, 0x10, 0x10, 0x0b, 0x0b, 0x10,
    0x0b, 0x10, 0x1b, 0x00, 0x01, 0x00, 0x00, 0x00, 0x00, 0x00, 0x00, 0x00,
    0x00, 0x00, 0x00, 0x00, 0x00, 0x00, 0x00, 0x00, 0x00, 0x00, 0x00, 0x00,
    0x00, 0x00, 0x00, 0x00, 0x00, 0x00, 0x00, 0x00, 0x00, 0x00, 0x00, 0x00,
    0x00, 0x00, 0x00, 0x00, 0x00, 0x00, 0x00, 0x00, 0x00, 0x00, 0x00, 0x00,
    0x00, 0x00, 0x00, 0x00, 0x00, 0x00, 0x00, 0x00, 0x00, 0x00, 0x00, 0x00,
    0x00, 0x00, 0x00, 0x00, 0x00, 0x00, 0x00, 0x00, 0x00, 0x00, 0x00, 0x00,
    0x00, 0x00, 0x00, 0x00, 0x00, 0x00, 0x00, 0x00, 0x00, 0x00, 0x00, 0x00,
    0x00, 0x00, 0x00, 0x00, 0x00, 0x00, 0x00, 0x00, 0x00, 0x00, 0x00, 0x00,
    0x00, 0x00, 0x00, 0x00, 0x00, 0x00, 0x00, 0x00, 0x00, 0x00, 0x00, 0x00,
    0x00, 0x00, 0x00, 0x00, 0x00, 0x00, 0x00, 0x00, 0x00, 0x00, 0x00, 0x00,
    0x00, 0x00, 0x00, 0x00, 0x00, 0x00, 0x00, 0x00, 0x00, 0x00, 0x00, 0x00,
    0x00, 0x00, 0x00, 0x00, 0x00, 0x00, 0x00, 0x00, 0x00, 0x00, 0x00, 0x00,
    0x00, 0x00, 0x00, 0x00, 0x00, 0x00, 0x00, 0x00, 0x00, 0x00, 0x00, 0x00,
    0x00, 0x00, 0x01, 0x00, 0x3c, 0x0b, 0x10, 0x0b, 0x0b, 0x0b, 0x0b, 0x0b,
    0x0b, 0x0b, 0x42, 0x00, 0x07, 0x00, 0x00, 0x00, 0x00, 0x00, 0x00, 0x00,
    0x00, 0x00, 0x00, 0x00, 0x00, 0x00, 0x00, 0x00, 0x00, 0x00, 0x00, 0x00,
    0x00, 0x00, 0x00, 0x00, 0x00, 0x00, 0x00, 0x00, 0x00, 0x00, 0x00, 0x00,
    0x00, 0x00, 0x00, 0x00, 0x00, 0x00, 0x00, 0x00, 0x00, 0x00, 0x00, 0x00,
    0x00, 0x00, 0x00, 0x00, 0x00, 0x00, 0x00, 0x00, 0x00, 0x00, 0x00, 0x00,
    0x00, 0x00, 0x00, 0x00, 0x00, 0x00, 0x00, 0x00, 0x00, 0x00, 0x00, 0x00,
    0x00, 0x00, 0x00, 0x00, 0x00, 0x00, 0x00, 0x00, 0x00, 0x00, 0x00, 0x00,
    0x00, 0x00, 0x00, 0x00, 0x00, 0x00, 0x00, 0x00, 0x00, 0x00, 0x00, 0x00,
    0x00, 0x00, 0x00, 0x00, 0x00, 0x00, 0x00, 0x00, 0x00, 0x00, 0x00, 0x00,
    0x00, 0x00, 0x00, 0x00, 0x00, 0x00, 0x00, 0x00, 0x00, 0x00, 0x00, 0x00,
    0x00, 0x00, 0x00, 0x00, 0x00, 0x00, 0x00, 0x00, 0x00, 0x00, 0x00, 0x00,
    0x00, 0x00, 0x00, 0x00, 0x00, 0x00, 0x00, 0x00, 0x00, 0x00, 0x00, 0x00,
    0x00, 0x00, 0x00, 0x00, 0x00, 0x00, 0x00, 0x00, 0x00, 0x00, 0x00, 0x00,
    0x00, 0x00, 0x07, 0x00, 0x20, 0x0b, 0x0b, 0x0b, 0x0b, 0x10, 0x0b, 0x0b,
    0x0b, 0x10, 0x42, 0x00, 0x07, 0x00, 0x00, 0x00, 0x00, 0x00, 0x00, 0x00,
    0x00, 0x00, 0x00, 0x00, 0x00, 0x00, 0x00, 0x00, 0x00, 0x00, 0x00, 0x00,
    0x00, 0x00, 0x00, 0x00, 0x00, 0x00, 0x00, 0x00, 0x00, 0x00, 0x00, 0x00,
    0x00, 0x00, 0x00, 0x00, 0x00, 0x00, 0x00, 0x00, 0x00, 0x00, 0x00, 0x00,
    0x00, 0x00, 0x00, 0x00, 0x00, 0x00, 0x00, 0x00, 0x00, 0x00, 0x00, 0x00,
    0x00, 0x00, 0x00, 0x00, 0x00, 0x00, 0x00, 0x00, 0x00, 0x00, 0x00, 0x00,
    0x00, 0x00, 0x00, 0x00, 0x00, 0x00, 0x00, 0x00, 0x00, 0x00, 0x00, 0x00,
    0x00, 0x00, 0x00, 0x00, 0x00, 0x00, 0x00, 0x00, 0x00, 0x00, 0x00, 0x00,
    0x00, 0x00, 0x00, 0x00, 0x00, 0x00, 0x00, 0x00, 0x00, 0x00, 0x00, 0x00,
    0x00, 0x00, 0x00, 0x00, 0x00, 0x00, 0x00, 0x00, 0x00, 0x00, 0x00, 0x00,
    0x00, 0x00, 0x00, 0x00, 0x00, 0x00, 0x00, 0x00, 0x00, 0x00, 0x00, 0x00,
    0x00, 0x00, 0x00, 0x00, 0x00, 0x00, 0x00, 0x00, 0x00, 0x00, 0x00, 0x00,
    0x00, 0x00, 0x00, 0x00, 0x00, 0x00, 0x00, 0x00, 0x00, 0x00, 0x00, 0x00,
    0x00, 0x00, 0x01, 0x00, 0x3a, 0x0b, 0x10, 0x10, 0x0b, 0x10, 0x0b, 0x10,
    0x0b, 0x10, 0x42, 0x00, 0x01, 0x00, 0x00, 0x00, 0x00, 0x00, 0x00, 0x00,
    0x00, 0x00, 0x00, 0x00, 0x00, 0x00, 0x00, 0x00, 0x00, 0x00, 0x00, 0x00,
    0x00, 0x00, 0x00, 0x00, 0x00, 0x00, 0x00, 0x00, 0x00, 0x00, 0x00, 0x00,
    0x00, 0x00, 0x00, 0x00, 0x00, 0x00, 0x00, 0x00, 0x00, 0x00, 0x00, 0x00,
    0x00, 0x00, 0x00, 0x00, 0x00, 0x00, 0x00, 0x00, 0x00, 0x00, 0x00, 0x00,
    0x00, 0x00, 0x00, 0x00, 0x00, 0x00, 0x00, 0x00, 0x00, 0x00, 0x00, 0x00,
    0x00, 0x00, 0x00, 0x00, 0x00, 0x00, 0x00, 0x00, 0x00, 0x00, 0x00, 0x00,
    0x00, 0x00, 0x00, 0x00, 0x00, 0x00, 0x00, 0x00, 0x00, 0x00, 0x00, 0x00,
    0x00, 0x00, 0x00, 0x00, 0x00, 0x00, 0x00, 0x00, 0x00, 0x00, 0x00, 0x00,
    0x00, 0x00, 0x00, 0x00, 0x00, 0x00, 0x00, 0x00, 0x00, 0x00, 0x00, 0x00,
    0x00, 0x00, 0x00, 0x00, 0x00, 0x00, 0x00, 0x00, 0x00, 0x00, 0x00, 0x00,
    0x00, 0x00, 0x00, 0x00, 0x00, 0x00, 0x00, 0x00, 0x00, 0x00, 0x00, 0x00,
    0x00, 0x00, 0x00, 0x00, 0x00, 0x00, 0x00, 0x00, 0x00, 0x00, 0x00, 0x00,
    0x00, 0x00, 0x01, 0x00, 0x17, 0x0b, 0x0b, 0x10, 0x0b, 0x0b, 0x10, 0x0b,
    0x0b, 0x10, 0x42, 0x00, 0x07, 0x00, 0x00, 0x00, 0x00, 0x00, 0x00, 0x00,
    0x00, 0x00, 0x00, 0x00, 0x00, 0x00, 0x00, 0x00, 0x00, 0x00, 0x00, 0x00,
    0x00, 0x00, 0x00, 0x00, 0x00, 0x00, 0x00, 0x00, 0x00, 0x00, 0x00, 0x00,
    0x00, 0x00, 0x00, 0x00, 0x00, 0x00, 0x00, 0x00, 0x00, 0x00, 0x00, 0x00,
    0x00, 0x00, 0x00, 0x00, 0x00, 0x00, 0x00, 0x00, 0x00, 0x00, 0x00, 0x00,
    0x00, 0x00, 0x00, 0x00, 0x00, 0x00, 0x00, 0x00, 0x00, 0x00, 0x00, 0x00,
    0x00, 0x00, 0x00, 0x00, 0x00, 0x00, 0x00, 0x00, 0x00, 0x00, 0x00, 0x00,
    0x00, 0x00, 0x00, 0x00, 0x00, 0x00, 0x00, 0x00, 0x00, 0x00, 0x00, 0x00,
    0x00, 0x00, 0x00, 0x00, 0x00, 0x00, 0x00, 0x00, 0x00, 0x00, 0x00, 0x00,
    0x00, 0x00, 0x00, 0x00, 0x00, 0x00, 0x00, 0x00, 0x00, 0x00, 0x00, 0x00,
    0x00, 0x00, 0x00, 0x00, 0x00, 0x00, 0x00, 0x00, 0x00, 0x00, 0x00, 0x00,
    0x00, 0x00, 0x00, 0x00, 0x00, 0x00, 0x00, 0x00, 0x00, 0x00, 0x00, 0x00,
    0x00, 0x00, 0x00, 0x00, 0x00, 0x00, 0x00, 0x00, 0x00, 0x00, 0x00, 0x00,
    0x00, 0x00, 0x01, 0x00, 0x3c, 0x0b, 0x10, 0x0b, 0x10, 0x10, 0x0b, 0x0b,
    0x0b, 0x10, 0x42, 0x00, 0x01, 0x00, 0x00, 0x00, 0x00, 0x00, 0x00, 0x00,
    0x00, 0x00, 0x00, 0x00, 0x00, 0x00, 0x00, 0x00, 0x00, 0x00, 0x00, 0x00,
    0x00, 0x00, 0x00, 0x00, 0x00, 0x00, 0x00, 0x00, 0x00, 0x00, 0x00, 0x00,
    0x00, 0x00, 0x00, 0x00, 0x00, 0x00, 0x00, 0x00, 0x00, 0x00, 0x00, 0x00,
    0x00, 0x00, 0x00, 0x00, 0x00, 0x00, 0x00, 0x00, 0x00, 0x00, 0x00, 0x00,
    0x00, 0x00, 0x00, 0x00, 0x00, 0x00, 0x00, 0x00, 0x00, 0x00, 0x00, 0x00,
    0x00, 0x00, 0x00, 0x00, 0x00, 0x00, 0x00, 0x00, 0x00, 0x00, 0x00, 0x00,
    0x00, 0x00, 0x00, 0x00, 0x00, 0x00, 0x00, 0x00, 0x00, 0x00, 0x00, 0x00,
    0x00, 0x00, 0x00, 0x00, 0x00, 0x00, 0x00, 0x00, 0x00, 0x00, 0x00, 0x00,
    0x00, 0x00, 0x00, 0x00, 0x00, 0x00, 0x00, 0x00, 0x00, 0x00, 0x00, 0x00,
    0x00, 0x00, 0x00, 0x00, 0x00, 0x00, 0x00, 0x00, 0x00, 0x00, 0x00, 0x00,
    0x00, 0x00, 0x00, 0x00, 0x00, 0x00, 0x00, 0x00, 0x00, 0x00, 0x00, 0x00,
    0x00, 0x00, 0x00, 0x00, 0x00, 0x00, 0x00, 0x00, 0x00, 0x00, 0x00, 0x00,
    0x00, 0x00, 0x01, 0x00, 0x17, 0x0b, 0x10, 0x10, 0x0b, 0x0b, 0x0b, 0x0b,
    0x0b, 0x0b, 0x1b, 0x00, 0x01, 0x00, 0x00, 0x00, 0x00, 0x00, 0x00, 0x00,
    0x00, 0x00, 0x00, 0x00, 0x00, 0x00, 0x00, 0x00, 0x00, 0x00, 0x00, 0x00,
    0x00, 0x00, 0x00, 0x00, 0x00, 0x00, 0x00, 0x00, 0x00, 0x00, 0x00, 0x00,
    0x00, 0x00, 0x00, 0x00, 0x00, 0x00, 0x00, 0x00, 0x00, 0x00, 0x00, 0x00,
    0x00, 0x00, 0x00, 0x00, 0x00, 0x00, 0x00, 0x00, 0x00, 0x00, 0x00, 0x00,
    0x00, 0x00, 0x00, 0x00, 0x00, 0x00, 0x00, 0x00, 0x00, 0x00, 0x00, 0x00,
    0x00, 0x00, 0x00, 0x00, 0x00, 0x00, 0x00, 0x00, 0x00, 0x00, 0x00, 0x00,
    0x00, 0x00, 0x00, 0x00, 0x00, 0x00, 0x00, 0x00, 0x00, 0x00, 0x00, 0x00,
    0x00, 0x00, 0x00, 0x00, 0x00, 0x00, 0x00, 0x00, 0x00, 0x00, 0x00, 0x00,
    0x00, 0x00, 0x00, 0x00, 0x00, 0x00, 0x00, 0x00, 0x00, 0x00, 0x00, 0x00,
    0x00, 0x00, 0x00, 0x00, 0x00, 0x00, 0x00, 0x00, 0x00, 0x00, 0x00, 0x00,
    0x00, 0x00, 0x00, 0x00, 0x00, 0x00, 0x00, 0x00, 0x00, 0x00, 0x00, 0x00,
    0x00, 0x00, 0x00, 0x00, 0x00, 0x00, 0x00, 0x00, 0x00, 0x00, 0x00, 0x00,
    0x00, 0x00, 0x07, 0x00, 0x17, 0x0b, 0x10, 0x0b, 0x10, 0x10, 0x0b, 0x10,
    0x0b, 0x10, 0x1b, 0x00, 0x07, 0x00, 0x00, 0x00, 0x00, 0x00, 0x00, 0x00,
    0x00, 0x00, 0x00, 0x00, 0x00, 0x00, 0x00, 0x00, 0x00, 0x00, 0x00, 0x00,
    0x00, 0x00, 0x00, 0x00, 0x00, 0x00, 0x00, 0x00, 0x00, 0x00, 0x00, 0x00,
    0x00, 0x00, 0x00, 0x00, 0x00, 0x00, 0x00, 0x00, 0x00, 0x00, 0x00, 0x00,
    0x00, 0x00, 0x00, 0x00, 0x00, 0x00, 0x00, 0x00, 0x00, 0x00, 0x00, 0x00,
    0x00, 0x00, 0x00, 0x00, 0x00, 0x00, 0x00, 0x00, 0x00, 0x00, 0x00, 0x00,
    0x00, 0x00, 0x00, 0x00, 0x00, 0x00, 0x00, 0x00, 0x00, 0x00, 0x00, 0x00,
    0x00, 0x00, 0x00, 0x00, 0x00, 0x00, 0x00, 0x00, 0x00, 0x00, 0x00, 0x00,
    0x00, 0x00, 0x00, 0x00, 0x00, 0x00, 0x00, 0x00, 0x00, 0x00, 0x00, 0x00,
    0x00, 0x00, 0x00, 0x00, 0x00, 0x00, 0x00, 0x00, 0x00, 0x00, 0x00, 0x00,
    0x00, 0x00, 0x00, 0x00, 0x00, 0x00, 0x00, 0x00, 0x00, 0x00, 0x00, 0x00,
    0x00, 0x00, 0x00, 0x00, 0x00, 0x00, 0x00, 0x00, 0x00, 0x00, 0x00, 0x00,
    0x00, 0x00, 0x00, 0x00, 0x00, 0x00, 0x00, 0x00, 0x00, 0x00, 0x00, 0x00,
    0x00, 0x00, 0x01, 0x00, 0x3a, 0x0b, 0x10, 0x0b, 0x10, 0x10, 0x0b, 0x10,
    0x0b, 0x10, 0x42, 0x00, 0x01, 0x00, 0x00, 0x00, 0x00, 0x00, 0x00, 0x00,
    0x00, 0x00, 0x00, 0x00, 0x00, 0x00, 0x00, 0x00, 0x00, 0x00, 0x00, 0x00,
    0x00, 0x00, 0x00, 0x00, 0x00, 0x00, 0x00, 0x00, 0x00, 0x00, 0x00, 0x00,
    0x00, 0x00, 0x00, 0x00, 0x00, 0x00, 0x00, 0x00, 0x00, 0x00, 0x00, 0x00,
    0x00, 0x00, 0x00, 0x00, 0x00, 0x00, 0x00, 0x00, 0x00, 0x00, 0x00, 0x00,
    0x00, 0x00, 0x00, 0x00, 0x00, 0x00, 0x00, 0x00, 0x00, 0x00, 0x00, 0x00,
    0x00, 0x00, 0x00, 0x00, 0x00, 0x00, 0x00, 0x00, 0x00, 0x00, 0x00, 0x00,
    0x00, 0x00, 0x00, 0x00, 0x00, 0x00, 0x00, 0x00, 0x00, 0x00, 0x00, 0x00,
    0x00, 0x00, 0x00, 0x00, 0x00, 0x00, 0x00, 0x00, 0x00, 0x00, 0x00, 0x00,
    0x00, 0x00, 0x00, 0x00, 0x00, 0x00, 0x00, 0x00, 0x00, 0x00, 0x00, 0x00,
    0x00, 0x00, 0x00, 0x00, 0x00, 0x00, 0x00, 0x00, 0x00, 0x00, 0x00, 0x00,
    0x00, 0x00, 0x00, 0x00, 0x00, 0x00, 0x00, 0x00, 0x00, 0x00, 0x00, 0x00,
    0x00, 0x00, 0x00, 0x00, 0x00, 0x00, 0x00, 0x00, 0x00, 0x00, 0x00, 0x00,
    0x00, 0x00, 0x01, 0x00, 0x2a, 0x0b, 0x10, 0x0b, 0x0b, 0x0b, 0x0b, 0x0b,
    0x0b, 0x10, 0x42, 0x00, 0x07, 0x00, 0x00, 0x00, 0x00, 0x00, 0x00, 0x00,
    0x00, 0x00, 0x00, 0x00, 0x00, 0x00, 0x00, 0x00, 0x00, 0x00, 0x00, 0x00,
    0x00, 0x00, 0x00, 0x00, 0x00, 0x00, 0x00, 0x00, 0x00, 0x00, 0x00, 0x00,
    0x00, 0x00, 0x00, 0x00, 0x00, 0x00, 0x00, 0x00, 0x00, 0x00, 0x00, 0x00,
    0x00, 0x00, 0x00, 0x00, 0x00, 0x00, 0x00, 0x00, 0x00, 0x00, 0x00, 0x00,
    0x00, 0x00, 0x00, 0x00, 0x00, 0x00, 0x00, 0x00, 0x00, 0x00, 0x00, 0x00,
    0x00, 0x00, 0x00, 0x00, 0x00, 0x00, 0x00, 0x00, 0x00, 0x00, 0x00, 0x00,
    0x00, 0x00, 0x00, 0x00, 0x00, 0x00, 0x00, 0x00, 0x00, 0x00, 0x00, 0x00,
    0x00, 0x00, 0x00, 0x00, 0x00, 0x00, 0x00, 0x00, 0x00, 0x00, 0x00, 0x00,
    0x00, 0x00, 0x00, 0x00, 0x00, 0x00, 0x00, 0x00, 0x00, 0x00, 0x00, 0x00,
    0x00, 0x00, 0x00, 0x00, 0x00, 0x00, 0x00, 0x00, 0x00, 0x00, 0x00, 0x00,
    0x00, 0x00, 0x00, 0x00, 0x00, 0x00, 0x00, 0x00, 0x00, 0x00, 0x00, 0x00,
    0x00, 0x00, 0x00, 0x00, 0x00, 0x00, 0x00, 0x00, 0x00, 0x00, 0x00, 0x00,
    0x00, 0x00, 0x01, 0x00, 0x3c, 0x0b, 0x10, 0x0b, 0x0b, 0x0b, 0x0b, 0x10,
    0x0b, 0x10, 0x42, 0x00, 0x07, 0x00, 0x00, 0x00, 0x00, 0x00, 0x00, 0x00,
    0x00, 0x00, 0x00, 0x00, 0x00, 0x00, 0x00, 0x00, 0x00, 0x00, 0x00, 0x00,
    0x00, 0x00, 0x00, 0x00, 0x00, 0x00, 0x00, 0x00, 0x00, 0x00, 0x00, 0x00,
    0x00, 0x00, 0x00, 0x00, 0x00, 0x00, 0x00, 0x00, 0x00, 0x00, 0x00, 0x00,
    0x00, 0x00, 0x00, 0x00, 0x00, 0x00, 0x00, 0x00, 0x00, 0x00, 0x00, 0x00,
    0x00, 0x00, 0x00, 0x00, 0x00, 0x00, 0x00, 0x00, 0x00, 0x00, 0x00, 0x00,
    0x00, 0x00, 0x00, 0x00, 0x00, 0x00, 0x00, 0x00, 0x00, 0x00, 0x00, 0x00,
    0x00, 0x00, 0x00, 0x00, 0x00, 0x00, 0x00, 0x00, 0x00, 0x00, 0x00, 0x00,
    0x00, 0x00, 0x00, 0x00, 0x00, 0x00, 0x00, 0x00, 0x00, 0x00, 0x00, 0x00,
    0x00, 0x00, 0x00, 0x00, 0x00, 0x00, 0x00, 0x00, 0x00, 0x00, 0x00, 0x00,
    0x00, 0x00, 0x00, 0x00, 0x00, 0x00, 0x00, 0x00, 0x00, 0x00, 0x00, 0x00,
    0x00, 0x00, 0x00, 0x00, 0x00, 0x00, 0x00, 0x00, 0x00, 0x00, 0x00, 0x00,
    0x00, 0x00, 0x00, 0x00, 0x00, 0x00, 0x00, 0x00, 0x00, 0x00, 0x00, 0x00,
    0x00, 0x00, 0x01, 0x00, 0x3c, 0x0b, 0x10, 0x0b, 0x0b, 0x10, 0x0b, 0x10,
    0x0b, 0x0b, 0x42, 0x00, 0x01, 0x00, 0x00, 0x00, 0x00, 0x00, 0x00, 0x00,
    0x00, 0x00, 0x00, 0x00, 0x00, 0x00, 0x00, 0x00, 0x00, 0x00, 0x00, 0x00,
    0x00, 0x00, 0x00, 0x00, 0x00, 0x00, 0x00, 0x00, 0x00, 0x00, 0x00, 0x00,
    0x00, 0x00, 0x00, 0x00, 0x00, 0x00, 0x00, 0x00, 0x00, 0x00, 0x00, 0x00,
    0x00, 0x00, 0x00, 0x00, 0x00, 0x00, 0x00, 0x00, 0x00, 0x00, 0x00, 0x00,
    0x00, 0x00, 0x00, 0x00, 0x00, 0x00, 0x00, 0x00, 0x00, 0x00, 0x00, 0x00,
    0x00, 0x00, 0x00, 0x00, 0x00, 0x00, 0x00, 0x00, 0x00, 0x00, 0x00, 0x00,
    0x00, 0x00, 0x00, 0x00, 0x00, 0x00, 0x00, 0x00, 0x00, 0x00, 0x00, 0x00,
    0x00, 0x00, 0x00, 0x00, 0x00, 0x00, 0x00, 0x00, 0x00, 0x00, 0x00, 0x00,
    0x00, 0x00, 0x00, 0x00, 0x00, 0x00, 0x00, 0x00, 0x00, 0x00, 0x00, 0x00,
    0x00, 0x00, 0x00, 0x00, 0x00, 0x00, 0x00, 0x00, 0x00, 0x00, 0x00, 0x00,
    0x00, 0x00, 0x00, 0x00, 0x00, 0x00, 0x00, 0x00, 0x00, 0x00, 0x00, 0x00,
    0x00, 0x00, 0x00, 0x00, 0x00, 0x00, 0x00, 0x00, 0x00, 0x00, 0x00, 0x00,
    0x00, 0x00, 0x07, 0x00, 0x17, 0x0b, 0x10, 0x0b, 0x0b, 0x0b, 0x0b, 0x10,
    0x0b, 0x0b, 0x42, 0x00, 0x07, 0x00, 0x00, 0x00, 0x00, 0x00, 0x00, 0x00,
    0x00, 0x00, 0x00, 0x00, 0x00, 0x00, 0x00, 0x00, 0x00, 0x00, 0x00, 0x00,
    0x00, 0x00, 0x00, 0x00, 0x00, 0x00, 0x00, 0x00, 0x00, 0x00, 0x00, 0x00,
    0x00, 0x00, 0x00, 0x00, 0x00, 0x00, 0x00, 0x00, 0x00, 0x00, 0x00, 0x00,
    0x00, 0x00, 0x00, 0x00, 0x00, 0x00, 0x00, 0x00, 0x00, 0x00, 0x00, 0x00,
    0x00, 0x00, 0x00, 0x00, 0x00, 0x00, 0x00, 0x00, 0x00, 0x00, 0x00, 0x00,
    0x00, 0x00, 0x00, 0x00, 0x00, 0x00, 0x00, 0x00, 0x00, 0x00, 0x00, 0x00,
    0x00, 0x00, 0x00, 0x00, 0x00, 0x00, 0x00, 0x00, 0x00, 0x00, 0x00, 0x00,
    0x00, 0x00, 0x00, 0x00, 0x00, 0x00, 0x00, 0x00, 0x00, 0x00, 0x00, 0x00,
    0x00, 0x00, 0x00, 0x00, 0x00, 0x00, 0x00, 0x00, 0x00, 0x00, 0x00, 0x00,
    0x00, 0x00, 0x00, 0x00, 0x00, 0x00, 0x00, 0x00, 0x00, 0x00, 0x00, 0x00,
    0x00, 0x00, 0x00, 0x00, 0x00, 0x00, 0x00, 0x00, 0x00, 0x00, 0x00, 0x00,
    0x00, 0x00, 0x00, 0x00, 0x00, 0x00, 0x00, 0x00, 0x00, 0x00, 0x00, 0x00,
    0x00, 0x00, 0x01, 0x00, 0x2a, 0x0b, 0x10, 0x0b, 0x10, 0x0b, 0x10, 0x0b,
    0x0b, 0x10, 0x40, 0x00, 0x07, 0x00, 0x00, 0x00, 0x00, 0x00, 0x00, 0x00,
    0x00, 0x00, 0x00, 0x00, 0x00, 0x00, 0x00, 0x00, 0x00, 0x00, 0x00, 0x00,
    0x00, 0x00, 0x00, 0x00, 0x00, 0x00, 0x00, 0x00, 0x00, 0x00, 0x00, 0x00,
    0x00, 0x00, 0x00, 0x00, 0x00, 0x00, 0x00, 0x00, 0x00, 0x00, 0x00, 0x00,
    0x00, 0x00, 0x00, 0x00, 0x00, 0x00, 0x00, 0x00, 0x00, 0x00, 0x00, 0x00,
    0x00, 0x00, 0x00, 0x00, 0x00, 0x00, 0x00, 0x00, 0x00, 0x00, 0x00, 0x00,
    0x00, 0x00, 0x00, 0x00, 0x00, 0x00, 0x00, 0x00, 0x00, 0x00, 0x00, 0x00,
    0x00, 0x00, 0x00, 0x00, 0x00, 0x00, 0x00, 0x00, 0x00, 0x00, 0x00, 0x00,
    0x00, 0x00, 0x00, 0x00, 0x00, 0x00, 0x00, 0x00, 0x00, 0x00, 0x00, 0x00,
    0x00, 0x00, 0x00, 0x00, 0x00, 0x00, 0x00, 0x00, 0x00, 0x00, 0x00, 0x00,
    0x00, 0x00, 0x00, 0x00, 0x00, 0x00, 0x00, 0x00, 0x00, 0x00, 0x00, 0x00,
    0x00, 0x00, 0x00, 0x00, 0x00, 0x07, 0x01, 0x07, 0x07, 0x00, 0x00, 0x00,
    0x00, 0x00, 0x00, 0x00, 0x00, 0x00, 0x00, 0x00, 0x00, 0x00, 0x00, 0x00,
    0x00, 0x00, 0x01, 0x00, 0x20, 0x0b, 0x10, 0x10, 0x0b, 0x10, 0x0b, 0x0b,
    0x0b, 0x10, 0x1b, 0x00, 0x01, 0x00, 0x00, 0x00, 0x00, 0x00, 0x00, 0x00,
    0x00, 0x00, 0x00, 0x00, 0x00, 0x00, 0x00, 0x00, 0x00, 0x00, 0x00, 0x00,
    0x00, 0x00, 0x00, 0x00, 0x00, 0x00, 0x00, 0x00, 0x00, 0x00, 0x00, 0x00,
    0x00, 0x00, 0x00, 0x00, 0x00, 0x00, 0x00, 0x00, 0x00, 0x00, 0x00, 0x00,
    0x00, 0x00, 0x00, 0x00, 0x00, 0x00, 0x00, 0x00, 0x00, 0x00, 0x00, 0x00,
    0x00, 0x00, 0x00, 0x00, 0x00, 0x00, 0x00, 0x00, 0x00, 0x00, 0x00, 0x00,
    0x00, 0x00, 0x00, 0x00, 0x00, 0x00, 0x00, 0x00, 0x00, 0x00, 0x00, 0x00,
    0x00, 0x00, 0x00, 0x00, 0x00, 0x00, 0x00, 0x00, 0x00, 0x00, 0x00, 0x00,
    0x00, 0x00, 0x00, 0x00, 0x00, 0x00, 0x00, 0x00, 0x00, 0x00, 0x00, 0x00,
    0x00, 0x00, 0x00, 0x00, 0x00, 0x00, 0x00, 0x00, 0x00, 0x00, 0x00, 0x00,
    0x00, 0x00, 0x00, 0x00, 0x00, 0x00, 0x00, 0x00, 0x00, 0x00, 0x00, 0x00,
    0x00, 0x00, 0x00, 0x00, 0x01, 0x00, 0x00, 0x00, 0x00, 0x07, 0x01, 0x01,
    0x01, 0x43, 0x00, 0x00, 0x00, 0x00, 0x00, 0x00, 0x00, 0x00, 0x00, 0x00,
    0x00, 0x00, 0x01, 0x00, 0x3a, 0x0b, 0x10, 0x10, 0x0b, 0x0b, 0x0b, 0x10,
    0x0b, 0x10, 0x1b, 0x00, 0x01, 0x00, 0x00, 0x00, 0x00, 0x00, 0x00, 0x00,
    0x00, 0x00, 0x00, 0x00, 0x00, 0x00, 0x00, 0x00, 0x00, 0x00, 0x00, 0x00,
    0x00, 0x00, 0x00, 0x00, 0x00, 0x00, 0x00, 0x00, 0x00, 0x00, 0x00, 0x00,
    0x00, 0x00, 0x00, 0x00, 0x00, 0x00, 0x00, 0x00, 0x00, 0x00, 0x00, 0x00,
    0x00, 0x00, 0x00, 0x00, 0x00, 0x00, 0x00, 0x00, 0x00, 0x00, 0x00, 0x00,
    0x00, 0x00, 0x00, 0x00, 0x00, 0x00, 0x00, 0x00, 0x00, 0x00, 0x00, 0x00,
    0x00, 0x00, 0x00, 0x00, 0x00, 0x00, 0x00, 0x00, 0x00, 0x00, 0x00, 0x00,
    0x00, 0x00, 0x00, 0x00, 0x00, 0x00, 0x00, 0x00, 0x00, 0x00, 0x00, 0x00,
    0x00, 0x00, 0x00, 0x00, 0x00, 0x00, 0x00, 0x00, 0x00, 0x00, 0x00, 0x00,
    0x00, 0x00, 0x00, 0x00, 0x00, 0x00, 0x00, 0x00, 0x00, 0x00, 0x00, 0x00,
    0x00, 0x00, 0x00, 0x00, 0x00, 0x00, 0x00, 0x00, 0x00, 0x00, 0x00, 0x00,
    0x00, 0x00, 0x07, 0x01, 0x00, 0x01, 0x24, 0x27, 0x44, 0x00, 0x00, 0x00,
    0x00, 0x00, 0x01, 0x07, 0x00, 0x00, 0x00, 0x00, 0x00, 0x00, 0x00, 0x00,
    0x00, 0x00, 0x07, 0x00, 0x20, 0x0b, 0x0b, 0x0b, 0x0b, 0x10, 0x10, 0x10,
    0x0b, 0x10, 0x42, 0x00, 0x07, 0x00, 0x00, 0x00, 0x00, 0x00, 0x00, 0x00,
    0x00, 0x00, 0x00, 0x00, 0x00, 0x00, 0x00, 0x00, 0x00, 0x00, 0x00, 0x00,
    0x00, 0x00, 0x00, 0x00, 0x00, 0x00, 0x00, 0x00, 0x00, 0x00, 0x00, 0x00,
    0x00, 0x00, 0x00, 0x00, 0x00, 0x00, 0x00, 0x00, 0x00, 0x00, 0x00, 0x00,
    0x00, 0x00, 0x00, 0x00, 0x00, 0x00, 0x00, 0x00, 0x00, 0x00, 0x00, 0x00,
    0x00, 0x00, 0x00, 0x00, 0x00, 0x00, 0x00, 0x00, 0x00, 0x00, 0x00, 0x00,
    0x00, 0x00, 0x00, 0x00, 0x00, 0x00, 0x00, 0x00, 0x00, 0x00, 0x00, 0x00,
    0x00, 0x00, 0x00, 0x00, 0x00, 0x00, 0x00, 0x00, 0x00, 0x00, 0x00, 0x00,
    0x00, 0x00, 0x00, 0x00, 0x00, 0x00, 0x00, 0x00, 0x00, 0x00, 0x00, 0x00,
    0x00, 0x00, 0x00, 0x00, 0x00, 0x00, 0x00, 0x00, 0x00, 0x00, 0x00, 0x00,
    0x00, 0x00, 0x00, 0x00, 0x00, 0x00, 0x00, 0x00, 0x00, 0x00, 0x00, 0x00,
    0x00, 0x01, 0x00, 0x00, 0x0f, 0x45, 0x0b, 0x0b, 0x46, 0x08, 0x23, 0x47,
    0x2b, 0x48, 0x00, 0x00, 0x00, 0x00, 0x00, 0x00, 0x00, 0x00, 0x00, 0x00,
    0x00, 0x00, 0x01, 0x00, 0x2a, 0x0b, 0x10, 0x10, 0x0b, 0x0b, 0x0b, 0x0b,
    0x0b, 0x10, 0x42, 0x00, 0x07, 0x00, 0x00, 0x00, 0x00, 0x00, 0x00, 0x00,
    0x00, 0x00, 0x00, 0x00, 0x00, 0x00, 0x00, 0x00, 0x00, 0x00, 0x00, 0x00,
    0x00, 0x00, 0x00, 0x00, 0x00, 0x00, 0x00, 0x00, 0x00, 0x00, 0x00, 0x00,
    0x00, 0x00, 0x00, 0x00, 0x00, 0x00, 0x00, 0x00, 0x00, 0x00, 0x00, 0x00,
    0x00, 0x00, 0x00, 0x00, 0x00, 0x00, 0x00, 0x00, 0x00, 0x00, 0x00, 0x00,
    0x00, 0x00, 0x00, 0x00, 0x00, 0x00, 0x00, 0x00, 0x00, 0x00, 0x00, 0x00,
    0x00, 0x00, 0x00, 0x00, 0x00, 0x00, 0x00, 0x00, 0x00, 0x00, 0x00, 0x00,
    0x00, 0x00, 0x00, 0x00, 0x00, 0x00, 0x00, 0x00, 0x00, 0x00, 0x00, 0x00,
    0x00, 0x00, 0x00, 0x00, 0x00, 0x00, 0x00, 0x00, 0x00, 0x00, 0x00, 0x00,
    0x00, 0x00, 0x00, 0x00, 0x00, 0x00, 0x00, 0x00, 0x00, 0x00, 0x00, 0x00,
    0x00, 0x00, 0x00, 0x00, 0x00, 0x00, 0x00, 0x00, 0x00, 0x00, 0x00, 0x07,
    0x07, 0x00, 0x49, 0x4a, 0x0b, 0x0b, 0x15, 0x10, 0x0c, 0x4b, 0x0b, 0x0b,
    0x0b, 0x0a, 0x4c, 0x4d, 0x00, 0x07, 0x00, 0x00, 0x00, 0x00, 0x00, 0x00,
    0x00, 0x00, 0x01, 0x00, 0x17, 0x0b, 0x10, 0x10, 0x0b, 0x0b, 0x10, 0x0b,
    0x0b, 0x10, 0x41, 0x00, 0x01, 0x00, 0x00, 0x00, 0x00, 0x00, 0x00, 0x00,
    0x00, 0x00, 0x00, 0x00, 0x00, 0x00, 0x00, 0x00, 0x00, 0x00, 0x00, 0x00,
    0x00, 0x00, 0x00, 0x00, 0x00, 0x00, 0x00, 0x00, 0x00, 0x00, 0x00, 0x00,
    0x00, 0x00, 0x00, 0x00, 0x00, 0x00, 0x00, 0x00, 0x00, 0x00, 0x00, 0x00,
    0x00, 0x00, 0x00, 0x00, 0x00, 0x00, 0x00, 0x00, 0x00, 0x00, 0x00, 0x00,
    0x00, 0x00, 0x00, 0x00, 0x00, 0x00, 0x00, 0x00, 0x00, 0x00, 0x00, 0x00,
    0x00, 0x00, 0x00, 0x00, 0x00, 0x00, 0x00, 0x00, 0x00, 0x00, 0x00, 0x00,
    0x00, 0x00, 0x00, 0x00, 0x00, 0x00, 0x00, 0x00, 0x00, 0x00, 0x00, 0x00,
    0x00, 0x00, 0x00, 0x00, 0x00, 0x00, 0x00, 0x00, 0x00, 0x00, 0x00, 0x00,
    0x00, 0x00, 0x00, 0x00, 0x00, 0x00, 0x00, 0x00, 0x00, 0x00, 0x00, 0x00,
    0x00, 0x00, 0x00, 0x00, 0x00, 0x00, 0x00, 0x00, 0x00, 0x00, 0x01, 0x00,
    0x00, 0x4e, 0x11, 0x0b, 0x10, 0x10, 0x0b, 0x0b, 0x0b, 0x0b, 0x10, 0x10,
    0x10, 0x10, 0x0b, 0x4f, 0x01, 0x07, 0x00, 0x00, 0x00, 0x00, 0x00, 0x00,
    0x00, 0x00, 0x01, 0x00, 0x20, 0x0b, 0x0b, 0x0b, 0x0b, 0x0b, 0x0b, 0x10,
    0x0b, 0x0b, 0x42, 0x00, 0x01, 0x00, 0x00, 0x00, 0x00, 0x00, 0x00, 0x00,
    0x00, 0x00, 0x00, 0x00, 0x00, 0x00, 0x00, 0x00, 0x00, 0x00, 0x00, 0x00,
    0x00, 0x00, 0x00, 0x00, 0x00, 0x00, 0x00, 0x00, 0x00, 0x00, 0x00, 0x00,
    0x00, 0x00, 0x00, 0x00, 0x00, 0x00, 0x00, 0x00, 0x00, 0x00, 0x00, 0x00,
    0x00, 0x00, 0x00, 0x00, 0x00, 0x00, 0x00, 0x00, 0x00, 0x00, 0x00, 0x00,
    0x00, 0x00, 0x00, 0x00, 0x00, 0x00, 0x00, 0x00, 0x00, 0x00, 0x00, 0x00,
    0x00, 0x00, 0x00, 0x00, 0x00, 0x00, 0x00, 0x00, 0x00, 0x00, 0x00, 0x00,
    0x00, 0x00, 0x00, 0x00, 0x00, 0x00, 0x00, 0x00, 0x00, 0x00, 0x00, 0x00,
    0x00, 0x00, 0x00, 0x00, 0x00, 0x00, 0x00, 0x00, 0x00, 0x00, 0x00, 0x00,
    0x00, 0x00, 0x00, 0x00, 0x00, 0x00, 0x00, 0x00, 0x00, 0x00, 0x00, 0x00,
    0x00, 0x00, 0x00, 0x00, 0x00, 0x00, 0x00, 0x00, 0x07, 0x07, 0x00, 0x36,
    0x50, 0x0b, 0x0b, 0x10, 0x0b, 0x0b, 0x0b, 0x0b, 0x10, 0x10, 0x0b, 0x0b,
    0x10, 0x10, 0x10, 0x0c, 0x51, 0x00, 0x07, 0x00, 0x00, 0x00, 0x00, 0x00,
    0x00, 0x00, 0x01, 0x00, 0x20, 0x0b, 0x10, 0x0b, 0x0b, 0x0b, 0x0b, 0x0b,
    0x0b, 0x10, 0x42, 0x00, 0x07, 0x00, 0x00, 0x00, 0x00, 0x00, 0x00, 0x00,
    0x00, 0x00, 0x00, 0x00, 0x00, 0x00, 0x00, 0x00, 0x00, 0x00, 0x00, 0x00,
    0x00, 0x00, 0x00, 0x00, 0x00, 0x00, 0x00, 0x00, 0x00, 0x00, 0x00, 0x00,
    0x00, 0x00, 0x00, 0x00, 0x00, 0x00, 0x00, 0x00, 0x00, 0x00, 0x00, 0x00,
    0x00, 0x00, 0x00, 0x00, 0x00, 0x00, 0x00, 0x00, 0x00, 0x00, 0x00, 0x00,
    0x00, 0x00, 0x00, 0x00, 0x00, 0x00, 0x00, 0x00, 0x00, 0x00, 0x00, 0x00,
    0x00, 0x00, 0x00, 0x00, 0x00, 0x00, 0x00, 0x00, 0x00, 0x00, 0x00, 0x00,
    0x00, 0x00, 0x00, 0x00, 0x00, 0x00, 0x00, 0x00, 0x00, 0x00, 0x00, 0x00,
    0x00, 0x00, 0x00, 0x00, 0x00, 0x00, 0x00, 0x00, 0x00, 0x00, 0x00, 0x00,
    0x00, 0x00, 0x00, 0x00, 0x00, 0x00, 0x00, 0x00, 0x00, 0x00, 0x00, 0x00,
    0x00, 0x00, 0x00, 0x00, 0x00, 0x00, 0x07, 0x01, 0x00, 0x52, 0x25, 0x1d,
    0x0b, 0x10, 0x10, 0x10, 0x0b, 0x0b, 0x0b, 0x0b, 0x0b, 0x0b, 0x0b, 0x10,
    0x0b, 0x10, 0x0b, 0x53, 0x3b, 0x00, 0x07, 0x00, 0x00, 0x00, 0x00, 0x00,
    0x00, 0x00, 0x01, 0x00, 0x3a, 0x0b, 0x10, 0x0b, 0x10, 0x10, 0x0b, 0x10,
    0x0b, 0x10, 0x41, 0x00, 0x01, 0x00, 0x00, 0x00, 0x00, 0x00, 0x00, 0x00,
    0x00, 0x00, 0x00, 0x00, 0x00, 0x00, 0x00, 0x00, 0x00, 0x00, 0x00, 0x00,
    0x00, 0x00, 0x00, 0x00, 0x00, 0x00, 0x00, 0x00, 0x00, 0x00, 0x00, 0x00,
    0x00, 0x00, 0x00, 0x00, 0x00, 0x00, 0x00, 0x00, 0x00, 0x00, 0x00, 0x00,
    0x00, 0x00, 0x00, 0x00, 0x00, 0x00, 0x00, 0x00, 0x00, 0x00, 0x00, 0x00,
    0x00, 0x00, 0x00, 0x00, 0x00, 0x00, 0x00, 0x00, 0x00, 0x00, 0x00, 0x00,
    0x00, 0x00, 0x00, 0x00, 0x00, 0x00, 0x00, 0x00, 0x00, 0x00, 0x00, 0x00,
    0x00, 0x00, 0x00, 0x00, 0x00, 0x00, 0x00, 0x00, 0x00, 0x00, 0x00, 0x00,
    0x00, 0x00, 0x00, 0x00, 0x00, 0x00, 0x00, 0x00, 0x00, 0x00, 0x00, 0x00,
    0x00, 0x00, 0x00, 0x00, 0x00, 0x00, 0x00, 0x00, 0x00, 0x00, 0x00, 0x00,
    0x00, 0x00, 0x00, 0x00, 0x00, 0x01, 0x00, 0x00, 0x06, 0x16, 0x0b, 0x0b,
    0x10, 0x0b, 0x10, 0x0b, 0x0b, 0x10, 0x0b, 0x10, 0x0b, 0x0b, 0x0b, 0x10,
    0x10, 0x0b, 0x15, 0x18, 0x00, 0x01, 0x00, 0x00, 0x00, 0x00, 0x00, 0x00,
    0x00, 0x00, 0x01, 0x00, 0x17, 0x0b, 0x10, 0x10, 0x0b, 0x0b, 0x0b, 0x10,
    0x0b, 0x10, 0x42, 0x00, 0x07, 0x00, 0x00, 0x00, 0x00, 0x00, 0x00, 0x00,
    0x00, 0x00, 0x00, 0x00, 0x00, 0x00, 0x00, 0x00, 0x00, 0x00, 0x00, 0x00,
    0x00, 0x00, 0x00, 0x00, 0x00, 0x00, 0x00, 0x00, 0x00, 0x00, 0x00, 0x00,
    0x00, 0x00, 0x00, 0x00, 0x00, 0x00, 0x00, 0x00, 0x00, 0x00, 0x00, 0x00,
    0x00, 0x00, 0x00, 0x00, 0x00, 0x00, 0x00, 0x00, 0x00, 0x00, 0x00, 0x00,
    0x00, 0x00, 0x00, 0x00, 0x00, 0x00, 0x00, 0x00, 0x00, 0x00, 0x00, 0x00,
    0x00, 0x00, 0x00, 0x00, 0x00, 0x00, 0x00, 0x00, 0x00, 0x00, 0x00, 0x00,
    0x00, 0x00, 0x00, 0x00, 0x00, 0x00, 0x00, 0x00, 0x00, 0x00, 0x00, 0x00,
    0x00, 0x00, 0x00, 0x00, 0x00, 0x00, 0x00, 0x00, 0x00, 0x00, 0x00, 0x00,
    0x00, 0x00, 0x00, 0x00, 0x00, 0x00, 0x00, 0x00, 0x00, 0x00, 0x00, 0x00,
    0x00, 0x00, 0x00, 0x07, 0x01, 0x00, 0x54, 0x55, 0x15, 0x0b, 0x10, 0x10,
    0x0b, 0x0b, 0x10, 0x0b, 0x10, 0x0b, 0x0b, 0x0b, 0x0b, 0x0b, 0x15, 0x0b,
    0x0b, 0x1c, 0x41, 0x00, 0x07, 0x00, 0x00, 0x00, 0x00, 0x00, 0x00, 0x00,
    0x00, 0x00, 0x07, 0x00, 0x20, 0x0b, 0x10, 0x0b, 0x0b, 0x10, 0x10, 0x0b,
    0x0b, 0x10, 0x1b, 0x00, 0x01, 0x00, 0x00, 0x00, 0x00, 0x00, 0x00, 0x00,
    0x00, 0x00, 0x00, 0x00, 0x00, 0x00, 0x00, 0x00, 0x00, 0x00, 0x00, 0x00,
    0x00, 0x00, 0x00, 0x00, 0x00, 0x00, 0x00, 0x00, 0x00, 0x00, 0x00, 0x00,
    0x00, 0x00, 0x00, 0x00, 0x00, 0x00, 0x00, 0x00, 0x00, 0x00, 0x00, 0x00,
    0x00, 0x00, 0x00, 0x00, 0x00, 0x00, 0x00, 0x00, 0x00, 0x00, 0x00, 0x00,
    0x00, 0x00, 0x00, 0x00, 0x00, 0x00, 0x00, 0x00, 0x00, 0x00, 0x00, 0x00,
    0x00, 0x00, 0x00, 0x00, 0x00, 0x00, 0x00, 0x00, 0x00, 0x00, 0x00, 0x00,
    0x00, 0x00, 0x00, 0x00, 0x00, 0x00, 0x00, 0x00, 0x00, 0x00, 0x00, 0x00,
    0x00, 0x00, 0x00, 0x00, 0x00, 0x00, 0x00, 0x00, 0x00, 0x00, 0x00, 0x00,
    0x00, 0x00, 0x00, 0x00, 0x00, 0x00, 0x00, 0x00, 0x00, 0x00, 0x00, 0x00,
    0x00, 0x00, 0x01, 0x00, 0x00, 0x39, 0x56, 0x0b, 0x10, 0x10, 0x0b, 0x10,
    0x0b, 0x0b, 0x0b, 0x10, 0x10, 0x0b, 0x0b, 0x0b, 0x10, 0x10, 0x0b, 0x53,
    0x3d, 0x00, 0x00, 0x01, 0x00, 0x00, 0x00, 0x00, 0x00, 0x00, 0x00, 0x00,
    0x00, 0x00, 0x01, 0x00, 0x3a, 0x0b, 0x0b, 0x0b, 0x0b, 0x10, 0x0b, 0x0b,
    0x0b, 0x10, 0x41, 0x00, 0x07, 0x00, 0x00, 0x00, 0x00, 0x00, 0x00, 0x00,
    0x00, 0x00, 0x00, 0x00, 0x00, 0x00, 0x00, 0x00, 0x00, 0x00, 0x00, 0x00,
    0x00, 0x00, 0x00, 0x00, 0x00, 0x00, 0x00, 0x00, 0x00, 0x00, 0x00, 0x00,
    0x00, 0x00, 0x00, 0x00, 0x00, 0x00, 0x00, 0x00, 0x00, 0x00, 0x00, 0x00,
    0x00, 0x00, 0x00, 0x00, 0x00, 0x00, 0x00, 0x00, 0x00, 0x00, 0x00, 0x00,
    0x00, 0x00, 0x00, 0x00, 0x00, 0x00, 0x00, 0x00, 0x00, 0x00, 0x00, 0x00,
    0x00, 0x00, 0x00, 0x00, 0x00, 0x00, 0x00, 0x00, 0x00, 0x00, 0x00, 0x00,
    0x00, 0x00, 0x00, 0x00, 0x00, 0x00, 0x00, 0x00, 0x00, 0x00, 0x00, 0x00,
    0x00, 0x00, 0x00, 0x00, 0x00, 0x00, 0x00, 0x00, 0x00, 0x00, 0x00, 0x00,
    0x00, 0x00, 0x00, 0x00, 0x00, 0x00, 0x00, 0x00, 0x00, 0x00, 0x00, 0x00,
    0x07, 0x07, 0x00, 0x49, 0x14, 0x0b, 0x0b, 0x10, 0x0b, 0x10, 0x0b, 0x0b,
    0x0b, 0x0b, 0x0b, 0x0b, 0x0b, 0x10, 0x0b, 0x10, 0x0b, 0x10, 0x4a, 0x13,
    0x00, 0x07, 0x01, 0x00, 0x00, 0x00, 0x00, 0x00, 0x00, 0x00, 0x00, 0x00,
    0x00, 0x00, 0x01, 0x00, 0x3c, 0x0b, 0x10, 0x0b, 0x0b, 0x10, 0x0b, 0x10,
    0x0b, 0x10, 0x42, 0x00, 0x01, 0x00, 0x00, 0x00, 0x00, 0x00, 0x00, 0x00,
    0x00, 0x00, 0x00, 0x00, 0x00, 0x00, 0x00, 0x00, 0x00, 0x00, 0x00, 0x00,
    0x00, 0x00, 0x00, 0x00, 0x00, 0x00, 0x00, 0x00, 0x00, 0x00, 0x00, 0x00,
    0x00, 0x00, 0x00, 0x00, 0x00, 0x00, 0x00, 0x00, 0x00, 0x00, 0x00, 0x00,
    0x00, 0x00, 0x00, 0x00, 0x00, 0x00, 0x00, 0x00, 0x00, 0x00, 0x00, 0x00,
    0x00, 0x00, 0x00, 0x00, 0x00, 0x00, 0x00, 0x00, 0x00, 0x00, 0x00, 0x00,
    0x00, 0x00, 0x00, 0x00, 0x00, 0x00, 0x00, 0x00, 0x00, 0x00, 0x00, 0x00,
    0x00, 0x00, 0x00, 0x00, 0x00, 0x00, 0x00, 0x00, 0x00, 0x00, 0x00, 0x00,
    0x00, 0x00, 0x00, 0x00, 0x00, 0x00, 0x00, 0x00, 0x00, 0x00, 0x00, 0x00,
    0x00, 0x00, 0x00, 0x00, 0x00, 0x00, 0x00, 0x00, 0x00, 0x00, 0x00, 0x01,
    0x00, 0x00, 0x4e, 0x11, 0x0b, 0x10, 0x10, 0x10, 0x0b, 0x10, 0x0b, 0x10,
    0x10, 0x0b, 0x0b, 0x10, 0x0b, 0x10, 0x0b, 0x0b, 0x45, 0x2a, 0x00, 0x00,
    0x01, 0x00, 0x00, 0x00, 0x00, 0x00, 0x00, 0x00, 0x00, 0x00, 0x00, 0x00,
    0x00, 0x00, 0x01, 0x00, 0x17, 0x0b, 0x10, 0x0b, 0x10, 0x0b, 0x10, 0x0b,
    0x0b, 0x10, 0x41, 0x00, 0x07, 0x00, 0x00, 0x00, 0x00, 0x00, 0x00, 0x00,
    0x00, 0x00, 0x00, 0x00, 0x00, 0x00, 0x00, 0x00, 0x00, 0x00, 0x00, 0x00,
    0x00, 0x00, 0x00, 0x00, 0x00, 0x00, 0x00, 0x00, 0x00, 0x00, 0x00, 0x00,
    0x00, 0x00, 0x00, 0x00, 0x00, 0x00, 0x00, 0x00, 0x00, 0x00, 0x00, 0x00,
    0x00, 0x00, 0x00, 0x00, 0x00, 0x00, 0x00, 0x00, 0x00, 0x00, 0x00, 0x00,
    0x00, 0x00, 0x00, 0x00, 0x00, 0x00, 0x00, 0x00, 0x00, 0x00, 0x00, 0x00,
    0x00, 0x00, 0x00, 0x00, 0x00, 0x00, 0x00, 0x00, 0x00, 0x00, 0x00, 0x00,
    0x00, 0x00, 0x00, 0x00, 0x00, 0x00, 0x00, 0x00, 0x00, 0x00, 0x00, 0x00,
    0x00, 0x00, 0x00, 0x00, 0x00, 0x00, 0x00, 0x00, 0x00, 0x00, 0x00, 0x00,
    0x00, 0x00, 0x00, 0x00, 0x00, 0x00, 0x00, 0x00, 0x00, 0x07, 0x07, 0x00,
    0x2d, 0x50, 0x0b, 0x0b, 0x10, 0x0b, 0x0b, 0x0b, 0x0b, 0x10, 0x0b, 0x0b,
    0x10, 0x0b, 0x0b, 0x10, 0x10, 0x0b, 0x0c, 0x57, 0x58, 0x00, 0x01, 0x07,
    0x00, 0x00, 0x00, 0x00, 0x00, 0x00, 0x00, 0x00, 0x00, 0x00, 0x00, 0x00,
    0x00, 0x00, 0x01, 0x00, 0x3c, 0x0b, 0x10, 0x0b, 0x0b, 0x10, 0x0b, 0x10,
    0x0b, 0x0b, 0x42, 0x00, 0x01, 0x00, 0x00, 0x00, 0x00, 0x00, 0x00, 0x00,
    0x00, 0x00, 0x00, 0x00, 0x00, 0x00, 0x00, 0x00, 0x00, 0x00, 0x00, 0x00,
    0x00, 0x00, 0x00, 0x00, 0x00, 0x00, 0x00, 0x00, 0x00, 0x00, 0x00, 0x00,
    0x00, 0x00, 0x00, 0x00, 0x00, 0x00, 0x00, 0x00, 0x00, 0x00, 0x00, 0x00,
    0x00, 0x00, 0x00, 0x00, 0x00, 0x00, 0x00, 0x00, 0x00, 0x00, 0x00, 0x00,
    0x00, 0x00, 0x00, 0x00, 0x00, 0x00, 0x00, 0x00, 0x00, 0x00, 0x00, 0x00,
    0x00, 0x00, 0x00, 0x00, 0x00, 0x00, 0x00, 0x00, 0x00, 0x00, 0x00, 0x00,
    0x00, 0x00, 0x00, 0x00, 0x00, 0x00, 0x00, 0x00, 0x00, 0x00, 0x00, 0x00,
    0x00, 0x00, 0x00, 0x00, 0x00, 0x00, 0x00, 0x00, 0x00, 0x00, 0x00, 0x00,
    0x00, 0x00, 0x00, 0x00, 0x00, 0x00, 0x00, 0x07, 0x01, 0x00, 0x00, 0x09,
    0x1d, 0x0b, 0x10, 0x10, 0x0b, 0x0b, 0x10, 0x10, 0x0b, 0x10, 0x0b, 0x10,
    0x0b, 0x10, 0x10, 0x0b, 0x0b, 0x1c, 0x2c, 0x00, 0x00, 0x01, 0x00, 0x00,
    0x00, 0x00, 0x00, 0x00, 0x00, 0x00, 0x00, 0x00, 0x00, 0x00, 0x00, 0x00,
    0x00, 0x00, 0x01, 0x00, 0x3a, 0x0b, 0x10, 0x0b, 0x10, 0x0b, 0x0b, 0x0b,
    0x0b, 0x10, 0x42, 0x00, 0x07, 0x00, 0x00, 0x00, 0x00, 0x00, 0x00, 0x00,
    0x00, 0x00, 0x00, 0x00, 0x00, 0x00, 0x00, 0x00, 0x00, 0x00, 0x00, 0x00,
    0x00, 0x00, 0x00, 0x00, 0x00, 0x00, 0x00, 0x00, 0x00, 0x00, 0x00, 0x00,
    0x00, 0x00, 0x00, 0x00, 0x00, 0x00, 0x00, 0x00, 0x00, 0x00, 0x00, 0x00,
    0x00, 0x00, 0x00, 0x00, 0x00, 0x00, 0x00, 0x00, 0x00, 0x01, 0x07, 0x00,
    0x00, 0x00, 0x00, 0x00, 0x00, 0x00, 0x00, 0x00, 0x00, 0x00, 0x00, 0x00,
    0x00, 0x00, 0x00, 0x00, 0x00, 0x00, 0x00, 0x00, 0x00, 0x00, 0x00, 0x00,
    0x00, 0x00, 0x00, 0x00, 0x00, 0x00, 0x00, 0x00, 0x00, 0x00, 0x00, 0x00,
    0x00, 0x00, 0x00, 0x00, 0x00, 0x00, 0x00, 0x00, 0x00, 0x00, 0x00, 0x00,
    0x00, 0x00, 0x00, 0x00, 0x00, 0x00, 0x01, 0x00, 0x00, 0x59, 0x16, 0x0b,
    0x0b, 0x10, 0x0b, 0x10, 0x0b, 0x0b, 0x0b, 0x10, 0x0b, 0x0b, 0x10, 0x0b,
    0x10, 0x10, 0x0b, 0x53, 0x32, 0x00, 0x00, 0x01, 0x07, 0x00, 0x00, 0x00,
    0x00, 0x00, 0x00, 0x00, 0x00, 0x00, 0x00, 0x00, 0x00, 0x00, 0x00, 0x00,
    0x00, 0x00, 0x01, 0x00, 0x17, 0x0b, 0x10, 0x0b, 0x0b, 0x0b, 0x0b, 0x0b,
    0x0b, 0x10, 0x42, 0x00, 0x07, 0x00, 0x00, 0x00, 0x00, 0x00, 0x00, 0x00,
    0x00, 0x00, 0x00, 0x00, 0x00, 0x00, 0x00, 0x00, 0x00, 0x00, 0x00, 0x00,
    0x00, 0x00, 0x00, 0x00, 0x00, 0x00, 0x00, 0x00, 0x00, 0x00, 0x00, 0x00,
    0x00, 0x00, 0x00, 0x00, 0x00, 0x00, 0x00, 0x00, 0x00, 0x00, 0x00, 0x00,
    0x00, 0x00, 0x00, 0x00, 0x00, 0x00, 0x00, 0x00, 0x07, 0x00, 0x00, 0x07,
    0x00, 0x00, 0x00, 0x00, 0x00, 0x00, 0x00, 0x00, 0x00, 0x00, 0x00, 0x00,
    0x00, 0x00, 0x00, 0x00, 0x00, 0x00, 0x00, 0x00, 0x00, 0x00, 0x00, 0x00,
    0x00, 0x00, 0x00, 0x00, 0x00, 0x00, 0x00, 0x00, 0x00, 0x00, 0x00, 0x00,
    0x00, 0x00, 0x00, 0x00, 0x00, 0x00, 0x00, 0x00, 0x00, 0x00, 0x00, 0x00,
    0x00, 0x00, 0x00, 0x00, 0x07, 0x01, 0x00, 0x44, 0x5a, 0x15, 0x0b, 0x10,
    0x0b, 0x0b, 0x0b, 0x10, 0x0b, 0x10, 0x0b, 0x0b, 0x10, 0x0b, 0x0b, 0x10,
    0x0b, 0x0b, 0x4c, 0x1f, 0x00, 0x07, 0x01, 0x00, 0x00, 0x00, 0x00, 0x00,
    0x00, 0x00, 0x00, 0x00, 0x00, 0x00, 0x00, 0x00, 0x00, 0x00, 0x00, 0x00,
    0x00, 0x00, 0x07, 0x00, 0x3c, 0x0b, 0x10, 0x0b, 0x10, 0x10, 0x0b, 0x0b,
    0x0b, 0x10, 0x42, 0x00, 0x01, 0x00, 0x00, 0x00, 0x00, 0x00, 0x00, 0x00,
    0x00, 0x00, 0x00, 0x00, 0x00, 0x00, 0x00, 0x00, 0x00, 0x00, 0x00, 0x00,
    0x00, 0x00, 0x00, 0x00, 0x00, 0x00, 0x00, 0x00, 0x00, 0x00, 0x00, 0x00,
    0x00, 0x00, 0x00, 0x00, 0x00, 0x00, 0x00, 0x00, 0x00, 0x00, 0x00, 0x00,
    0x00, 0x00, 0x00, 0x00, 0x00, 0x00, 0x00, 0x00, 0x00, 0x0f, 0x5b, 0x00,
    0x01, 0x00, 0x00, 0x00, 0x00, 0x00, 0x00, 0x00, 0x00, 0x00, 0x00, 0x00,
    0x00, 0x00, 0x00, 0x00, 0x00, 0x00, 0x00, 0x00, 0x00, 0x00, 0x00, 0x00,
    0x00, 0x00, 0x00, 0x00, 0x00, 0x00, 0x00, 0x00, 0x00, 0x00, 0x00, 0x00,
    0x00, 0x00, 0x00, 0x00, 0x00, 0x00, 0x00, 0x00, 0x00, 0x00, 0x00, 0x00,
    0x00, 0x00, 0x00, 0x01, 0x00, 0x00, 0x23, 0x56, 0x0b, 0x0b, 0x10, 0x10,
    0x0b, 0x10, 0x10, 0x0b, 0x0b, 0x10, 0x0b, 0x0b, 0x10, 0x10, 0x0b, 0x0b,
    0x56, 0x23, 0x00, 0x00, 0x01, 0x00, 0x00, 0x00, 0x00, 0x00, 0x00, 0x00,
    0x00, 0x00, 0x00, 0x00, 0x00, 0x00, 0x00, 0x00, 0x00, 0x00, 0x00, 0x00,
    0x00, 0x00, 0x01, 0x00, 0x20, 0x0b, 0x0b, 0x10, 0x10, 0x10, 0x0b, 0x0b,
    0x10, 0x10, 0x1b, 0x00, 0x01, 0x00, 0x00, 0x00, 0x00, 0x00, 0x00, 0x00,
    0x00, 0x00, 0x00, 0x00, 0x00, 0x00, 0x00, 0x00, 0x00, 0x00, 0x00, 0x00,
    0x00, 0x00, 0x00, 0x00, 0x00, 0x00, 0x00, 0x00, 0x00, 0x00, 0x00, 0x00,
    0x00, 0x00, 0x00, 0x00, 0x00, 0x00, 0x00, 0x00, 0x00, 0x00, 0x00, 0x00,
    0x00, 0x00, 0x00, 0x00, 0x00, 0x00, 0x01, 0x00, 0x46, 0x0b, 0x10, 0x4e,
    0x00, 0x01, 0x00, 0x00, 0x00, 0x00, 0x00, 0x00, 0x00, 0x00, 0x00, 0x00,
    0x00, 0x00, 0x00, 0x00, 0x00, 0x00, 0x00, 0x00, 0x00, 0x00, 0x00, 0x00,
    0x00, 0x00, 0x00, 0x00, 0x00, 0x00, 0x00, 0x00, 0x00, 0x00, 0x00, 0x00,
    0x00, 0x00, 0x00, 0x00, 0x00, 0x00, 0x00, 0x00, 0x00, 0x00, 0x00, 0x00,
    0x00, 0x07, 0x01, 0x00, 0x5c, 0x14, 0x0b, 0x0b, 0x15, 0x0b, 0x0b, 0x0b,
    0x0b, 0x0b, 0x0b, 0x0b, 0x0b, 0x0b, 0x0b, 0x10, 0x10, 0x0b, 0x15, 0x55,
    0x5d, 0x00, 0x01, 0x07, 0x00, 0x00, 0x00, 0x00, 0x00, 0x00, 0x00, 0x00,
    0x00, 0x00, 0x00, 0x00, 0x00, 0x00, 0x00, 0x00, 0x00, 0x00, 0x00, 0x00,
    0x00, 0x00, 0x01, 0x00, 0x3a, 0x0b, 0x0b, 0x0b, 0x0b, 0x10, 0x0b, 0x10,
    0x0b, 0x10, 0x1b, 0x00, 0x07, 0x00, 0x00, 0x00, 0x00, 0x00, 0x00, 0x00,
    0x00, 0x00, 0x00, 0x00, 0x00, 0x00, 0x00, 0x00, 0x00, 0x00, 0x00, 0x00,
    0x00, 0x00, 0x00, 0x00, 0x00, 0x00, 0x00, 0x00, 0x00, 0x00, 0x00, 0x00,
    0x00, 0x00, 0x00, 0x00, 0x00, 0x00, 0x00, 0x00, 0x00, 0x00, 0x00, 0x00,
    0x00, 0x00, 0x00, 0x00, 0x00, 0x00, 0x00, 0x00, 0x5e, 0x10, 0x0b, 0x53,
    0x0e, 0x07, 0x07, 0x00, 0x00, 0x00, 0x00, 0x00, 0x00, 0x00, 0x00, 0x00,
    0x00, 0x00, 0x00, 0x00, 0x00, 0x00, 0x00, 0x00, 0x00, 0x00, 0x00, 0x00,
    0x00, 0x00, 0x00, 0x00, 0x00, 0x00, 0x00, 0x00, 0x00, 0x00, 0x00, 0x00,
    0x00, 0x00, 0x00, 0x00, 0x00, 0x00, 0x00, 0x00, 0x00, 0x00, 0x00, 0x00,
    0x01, 0x00, 0x00, 0x5f, 0x11, 0x0b, 0x10, 0x10, 0x0b, 0x10, 0x0b, 0x0b,
    0x10, 0x0b, 0x0b, 0x10, 0x0b, 0x10, 0x10, 0x0b, 0x0b, 0x04, 0x37, 0x00,
    0x00, 0x01, 0x00, 0x00, 0x00, 0x00, 0x00, 0x00, 0x00, 0x00, 0x00, 0x00,
    0x00, 0x00, 0x00, 0x00, 0x00, 0x00, 0x00, 0x00, 0x00, 0x00, 0x00, 0x00,
    0x00, 0x00, 0x01, 0x00, 0x37, 0x0b, 0x0b, 0x0b, 0x0b, 0x0b, 0x10, 0x0b,
    0x0b, 0x10, 0x1b, 0x00, 0x01, 0x00, 0x00, 0x00, 0x00, 0x00, 0x00, 0x00,
    0x00, 0x00, 0x00, 0x00, 0x00, 0x00, 0x00, 0x00, 0x00, 0x00, 0x00, 0x00,
    0x00, 0x00, 0x00, 0x00, 0x00, 0x00, 0x00, 0x00, 0x00, 0x00, 0x00, 0x00,
    0x00, 0x00, 0x00, 0x00, 0x00, 0x00, 0x00, 0x00, 0x00, 0x00, 0x00, 0x00,
    0x00, 0x00, 0x00, 0x00, 0x00, 0x00, 0x01, 0x00, 0x0d, 0x0b, 0x15, 0x0b,
    0x0d, 0x00, 0x01, 0x00, 0x00, 0x00, 0x00, 0x00, 0x00, 0x00, 0x00, 0x00,
    0x00, 0x00, 0x00, 0x00, 0x00, 0x00, 0x00, 0x00, 0x00, 0x00, 0x00, 0x00,
    0x00, 0x00, 0x00, 0x00, 0x00, 0x00, 0x00, 0x00, 0x00, 0x00, 0x00, 0x00,
    0x00, 0x00, 0x00, 0x00, 0x00, 0x00, 0x00, 0x00, 0x00, 0x00, 0x07, 0x07,
    0x00, 0x2d, 0x60, 0x0b, 0x0b, 0x10, 0x10, 0x0b, 0x0b, 0x10, 0x10, 0x0b,
    0x0b, 0x10, 0x10, 0x0b, 0x0b, 0x10, 0x0b, 0x61, 0x57, 0x62, 0x00, 0x01,
    0x07, 0x00, 0x00, 0x00, 0x00, 0x00, 0x00, 0x00, 0x00, 0x00, 0x00, 0x00,
    0x00, 0x00, 0x00, 0x00, 0x00, 0x00, 0x00, 0x00, 0x00, 0x00, 0x00, 0x00,
    0x00, 0x00, 0x01, 0x00, 0x20, 0x0b, 0x10, 0x0b, 0x0b, 0x10, 0x10, 0x0b,
    0x0b, 0x10, 0x1b, 0x00, 0x01, 0x00, 0x00, 0x00, 0x00, 0x00, 0x00, 0x00,
    0x00, 0x00, 0x00, 0x00, 0x00, 0x00, 0x00, 0x00, 0x00, 0x00, 0x00, 0x00,
    0x00, 0x00, 0x00, 0x00, 0x00, 0x00, 0x00, 0x00, 0x00, 0x00, 0x00, 0x00,
    0x00, 0x00, 0x00, 0x00, 0x00, 0x00, 0x00, 0x00, 0x00, 0x00, 0x00, 0x00,
    0x00, 0x07, 0x00, 0x00, 0x00, 0x00, 0x07, 0x07, 0x58, 0x56, 0x0b, 0x10,
    0x15, 0x1b, 0x07, 0x07, 0x00, 0x00, 0x00, 0x00, 0x00, 0x00, 0x00, 0x00,
    0x00, 0x00, 0x00, 0x00, 0x00, 0x00, 0x00, 0x00, 0x00, 0x00, 0x00, 0x00,
    0x00, 0x00, 0x00, 0x00, 0x00, 0x00, 0x00, 0x00, 0x00, 0x00, 0x00, 0x00,
    0x00, 0x00, 0x00, 0x00, 0x00, 0x00, 0x00, 0x00, 0x07, 0x01, 0x00, 0x00,
    0x1e, 0x1d, 0x0b, 0x10, 0x10, 0x0b, 0x0b, 0x10, 0x0b, 0x0b, 0x0b, 0x0b,
    0x0b, 0x0b, 0x0b, 0x10, 0x0b, 0x0b, 0x1c, 0x1b, 0x00, 0x00, 0x07, 0x00,
    0x00, 0x00, 0x00, 0x00, 0x00, 0x00, 0x00, 0x00, 0x00, 0x00, 0x00, 0x00,
    0x00, 0x00, 0x00, 0x00, 0x00, 0x00, 0x00, 0x00, 0x00, 0x00, 0x00, 0x00,
    0x00, 0x00, 0x01, 0x07, 0x17, 0x0b, 0x10, 0x10, 0x0b, 0x0b, 0x0b, 0x0b,
    0x0b, 0x0b, 0x42, 0x01, 0x01, 0x01, 0x07, 0x00, 0x00, 0x00, 0x00, 0x00,
    0x00, 0x00, 0x00, 0x00, 0x00, 0x00, 0x00, 0x00, 0x00, 0x00, 0x00, 0x00,
    0x00, 0x00, 0x00, 0x00, 0x00, 0x00, 0x00, 0x00, 0x00, 0x00, 0x00, 0x00,
    0x00, 0x00, 0x00, 0x00, 0x00, 0x00, 0x00, 0x00, 0x00, 0x00, 0x00, 0x07,
    0x07, 0x00, 0x07, 0x00, 0x00, 0x00, 0x00, 0x01, 0x00, 0x29, 0x0b, 0x15,
    0x0b, 0x63, 0x00, 0x01, 0x00, 0x00, 0x00, 0x00, 0x00, 0x00, 0x00, 0x00,
    0x00, 0x00, 0x00, 0x00, 0x00, 0x00, 0x00, 0x00, 0x00, 0x00, 0x00, 0x00,
    0x00, 0x00, 0x00, 0x00, 0x00, 0x00, 0x00, 0x00, 0x00, 0x00, 0x00, 0x00,
    0x00, 0x00, 0x00, 0x00, 0x00, 0x00, 0x00, 0x01, 0x00, 0x00, 0x59, 0x64,
    0x0b, 0x0b, 0x10, 0x0b, 0x0b, 0x0b, 0x0b, 0x0b, 0x10, 0x0b, 0x10, 0x0b,
    0x0b, 0x10, 0x10, 0x0b, 0x0a, 0x1e, 0x00, 0x00, 0x01, 0x07, 0x00, 0x00,
    0x00, 0x00, 0x00, 0x00, 0x00, 0x00, 0x00, 0x00, 0x00, 0x00, 0x00, 0x00,
    0x00, 0x00, 0x00, 0x00, 0x00, 0x00, 0x00, 0x00, 0x00, 0x00, 0x00, 0x00,
    0x07, 0x01, 0x01, 0x00, 0x5b, 0x0b, 0x10, 0x10, 0x0b, 0x10, 0x10, 0x0b,
    0x0b, 0x10, 0x65, 0x00, 0x00, 0x00, 0x00, 0x07, 0x01, 0x07, 0x00, 0x00,
    0x00, 0x00, 0x00, 0x00, 0x00, 0x00, 0x00, 0x00, 0x00, 0x00, 0x00, 0x00,
    0x00, 0x00, 0x00, 0x00, 0x00, 0x00, 0x00, 0x00, 0x00, 0x00, 0x00, 0x00,
    0x00, 0x00, 0x00, 0x00, 0x00, 0x00, 0x00, 0x00, 0x00, 0x00, 0x00, 0x00,
    0x00, 0x66, 0x00, 0x07, 0x00, 0x00, 0x00, 0x00, 0x01, 0x00, 0x27, 0x0b,
    0x15, 0x10, 0x67, 0x00, 0x01, 0x00, 0x00, 0x00, 0x00, 0x00, 0x00, 0x00,
    0x00, 0x00, 0x00, 0x00, 0x00, 0x00, 0x00, 0x00, 0x00, 0x00, 0x00, 0x00,
    0x00, 0x00, 0x00, 0x00, 0x00, 0x00, 0x00, 0x00, 0x00, 0x00, 0x00, 0x00,
    0x00, 0x00, 0x00, 0x00, 0x00, 0x07, 0x01, 0x00, 0x5d, 0x55, 0x15, 0x0b,
    0x10, 0x10, 0x10, 0x10, 0x0b, 0x0b, 0x0b, 0x0b, 0x10, 0x10, 0x0b, 0x0b,
    0x10, 0x0b, 0x0b, 0x50, 0x1a, 0x00, 0x07, 0x01, 0x00, 0x00, 0x00, 0x00,
    0x00, 0x00, 0x00, 0x00, 0x00, 0x00, 0x00, 0x00, 0x00, 0x00, 0x00, 0x00,
    0x00, 0x00, 0x00, 0x00, 0x00, 0x00, 0x00, 0x00, 0x00, 0x00, 0x07, 0x01,
    0x00, 0x00, 0x00, 0x0e, 0x1e, 0x0b, 0x10, 0x0b, 0x0b, 0x0b, 0x10, 0x10,
    0x0b, 0x10, 0x45, 0x05, 0x57, 0x29, 0x5c, 0x00, 0x00, 0x00, 0x01, 0x01,
    0x00, 0x00, 0x00, 0x00, 0x00, 0x00, 0x00, 0x00, 0x00, 0x00, 0x00, 0x00,
    0x00, 0x00, 0x00, 0x00, 0x00, 0x00, 0x00, 0x00, 0x00, 0x00, 0x00, 0x00,
    0x00, 0x00, 0x00, 0x00, 0x00, 0x00, 0x00, 0x00, 0x00, 0x07, 0x07, 0x1b,
    0x22, 0x5e, 0x68, 0x00, 0x01, 0x00, 0x00, 0x00, 0x07, 0x07, 0x42, 0x15,
    0x15, 0x0b, 0x64, 0x00, 0x07, 0x00, 0x00, 0x00, 0x00, 0x00, 0x00, 0x00,
    0x00, 0x00, 0x00, 0x00, 0x00, 0x00, 0x00, 0x00, 0x00, 0x00, 0x00, 0x00,
    0x00, 0x00, 0x00, 0x00, 0x00, 0x00, 0x00, 0x00, 0x00, 0x00, 0x00, 0x00,
    0x00, 0x00, 0x00, 0x00, 0x01, 0x00, 0x00, 0x69, 0x56, 0x0b, 0x0b, 0x10,
    0x0b, 0x0b, 0x0b, 0x10, 0x10, 0x10, 0x10, 0x0b, 0x0b, 0x10, 0x10, 0x10,
    0x0b, 0x5e, 0x6a, 0x00, 0x00, 0x01, 0x00, 0x00, 0x00, 0x00, 0x00, 0x00,
    0x00, 0x00, 0x00, 0x00, 0x00, 0x00, 0x00, 0x00, 0x00, 0x00, 0x00, 0x00,
    0x00, 0x00, 0x00, 0x00, 0x00, 0x00, 0x00, 0x00, 0x07, 0x01, 0x00, 0x00,
    0x0e, 0x6b, 0x50, 0x0a, 0x0b, 0x0b, 0x0b, 0x10, 0x0b, 0x0b, 0x10, 0x0b,
    0x0b, 0x0b, 0x0b, 0x0b, 0x0b, 0x0b, 0x0a, 0x27, 0x2f, 0x49, 0x00, 0x00,
    0x01, 0x07, 0x00, 0x00, 0x00, 0x00, 0x00, 0x00, 0x00, 0x00, 0x00, 0x00,
    0x00, 0x00, 0x00, 0x00, 0x00, 0x00, 0x00, 0x00, 0x00, 0x00, 0x00, 0x00,
    0x00, 0x00, 0x00, 0x00, 0x00, 0x00, 0x00, 0x00, 0x00, 0x01, 0x00, 0x60,
    0x0b, 0x0b, 0x1d, 0x1f, 0x07, 0x07, 0x00, 0x00, 0x00, 0x01, 0x00, 0x14,
    0x0b, 0x10, 0x0b, 0x0f, 0x00, 0x01, 0x00, 0x00, 0x00, 0x00, 0x00, 0x00,
    0x00, 0x00, 0x00, 0x00, 0x00, 0x00, 0x00, 0x00, 0x00, 0x00, 0x00, 0x00,
    0x00, 0x00, 0x00, 0x00, 0x00, 0x00, 0x00, 0x00, 0x00, 0x00, 0x00, 0x00,
    0x00, 0x00, 0x00, 0x00, 0x00, 0x6c, 0x35, 0x10, 0x0b, 0x15, 0x0b, 0x0b,
    0x0b, 0x0b, 0x0b, 0x0b, 0x0b, 0x0b, 0x10, 0x10, 0x0b, 0x10, 0x0b, 0x0b,
    0x14, 0x0e, 0x00, 0x01, 0x01, 0x00, 0x00, 0x00, 0x00, 0x00, 0x00, 0x00,
    0x00, 0x00, 0x00, 0x00, 0x00, 0x00, 0x00, 0x00, 0x00, 0x00, 0x00, 0x00,
    0x00, 0x00, 0x00, 0x00, 0x00, 0x00, 0x00, 0x01, 0x00, 0x00, 0x65, 0x35,
    0x0a, 0x0b, 0x0b, 0x0b, 0x10, 0x10, 0x0b, 0x10, 0x10, 0x0b, 0x10, 0x10,
    0x0b, 0x0b, 0x10, 0x10, 0x10, 0x10, 0x0b, 0x0b, 0x0b, 0x53, 0x24, 0x6d,
    0x00, 0x00, 0x01, 0x00, 0x00, 0x00, 0x00, 0x00, 0x00, 0x00, 0x00, 0x00,
    0x00, 0x00, 0x00, 0x00, 0x00, 0x00, 0x00, 0x00, 0x00, 0x00, 0x00, 0x00,
    0x00, 0x00, 0x00, 0x00, 0x00, 0x00, 0x00, 0x00, 0x00, 0x01, 0x00, 0x24,
    0x0b, 0x0c, 0x0b, 0x60, 0x00, 0x01, 0x00, 0x00, 0x00, 0x07, 0x07, 0x1b,
    0x15, 0x10, 0x0b, 0x50, 0x00, 0x01, 0x00, 0x00, 0x00, 0x00, 0x00, 0x00,
    0x00, 0x00, 0x00, 0x00, 0x00, 0x00, 0x00, 0x00, 0x00, 0x00, 0x00, 0x00,
    0x00, 0x00, 0x00, 0x00, 0x00, 0x00, 0x00, 0x00, 0x00, 0x00, 0x00, 0x00,
    0x00, 0x00, 0x07, 0x07, 0x33, 0x5e, 0x0b, 0x10, 0x10, 0x10, 0x10, 0x0b,
    0x10, 0x10, 0x10, 0x0b, 0x0b, 0x0b, 0x0b, 0x10, 0x10, 0x0b, 0x38, 0x23,
    0x00, 0x00, 0x01, 0x00, 0x00, 0x00, 0x00, 0x00, 0x00, 0x00, 0x00, 0x00,
    0x00, 0x00, 0x00, 0x00, 0x00, 0x00, 0x00, 0x00, 0x00, 0x00, 0x00, 0x00,
    0x00, 0x00, 0x00, 0x00, 0x00, 0x07, 0x01, 0x00, 0x0e, 0x24, 0x61, 0x0b,
    0x0b, 0x10, 0x10, 0x10, 0x0b, 0x0b, 0x10, 0x0b, 0x10, 0x0b, 0x0b, 0x0b,
    0x0b, 0x10, 0x0b, 0x0b, 0x10, 0x10, 0x10, 0x10, 0x15, 0x0b, 0x0b, 0x15,
    0x14, 0x6e, 0x00, 0x07, 0x07, 0x00, 0x00, 0x00, 0x00, 0x00, 0x00, 0x00,
    0x00, 0x00, 0x00, 0x00, 0x00, 0x00, 0x00, 0x00, 0x00, 0x00, 0x00, 0x00,
    0x00, 0x00, 0x00, 0x00, 0x00, 0x00, 0x00, 0x00, 0x00, 0x07, 0x07, 0x6f,
    0x56, 0x0b, 0x10, 0x0b, 0x67, 0x00, 0x01, 0x00, 0x00, 0x00, 0x01, 0x00,
    0x70, 0x0b, 0x10, 0x61, 0x1a, 0x00, 0x07, 0x00, 0x00, 0x00, 0x00, 0x00,
    0x00, 0x00, 0x00, 0x00, 0x00, 0x00, 0x00, 0x00, 0x00, 0x00, 0x00, 0x00,
    0x00, 0x00, 0x00, 0x00, 0x00, 0x00, 0x00, 0x00, 0x00, 0x00, 0x00, 0x00,
    0x00, 0x01, 0x00, 0x5b, 0x0b, 0x0b, 0x10, 0x0b, 0x0b, 0x0b, 0x0b, 0x0b,
    0x0b, 0x10, 0x0b, 0x0b, 0x10, 0x10, 0x10, 0x0b, 0x10, 0x0d, 0x71, 0x00,
    0x01, 0x07, 0x00, 0x00, 0x00, 0x00, 0x00, 0x00, 0x00, 0x00, 0x00, 0x00,
    0x00, 0x00, 0x00, 0x00, 0x00, 0x00, 0x00, 0x00, 0x00, 0x00, 0x00, 0x00,
    0x00, 0x00, 0x00, 0x00, 0x07, 0x00, 0x00, 0x4e, 0x5e, 0x0b, 0x0b, 0x10,
    0x0b, 0x0b, 0x10, 0x0b, 0x0b, 0x10, 0x0b, 0x0b, 0x10, 0x0b, 0x10, 0x10,
    0x0b, 0x10, 0x0b, 0x0b, 0x10, 0x0b, 0x0b, 0x10, 0x0b, 0x10, 0x10, 0x0b,
    0x0b, 0x1d, 0x30, 0x00, 0x00, 0x01, 0x00, 0x00, 0x00, 0x00, 0x00, 0x00,
    0x00, 0x00, 0x00, 0x00, 0x00, 0x00, 0x00, 0x00, 0x00, 0x00, 0x00, 0x00,
    0x00, 0x00, 0x00, 0x00, 0x00, 0x00, 0x00, 0x00, 0x00, 0x00, 0x01, 0x00,
    0x39, 0x0b, 0x10, 0x0b, 0x22, 0x07, 0x07, 0x00, 0x00, 0x00, 0x01, 0x00,
    0x33, 0x0b, 0x15, 0x0b, 0x2b, 0x00, 0x01, 0x00, 0x00, 0x00, 0x00, 0x00,
    0x00, 0x00, 0x00, 0x00, 0x00, 0x00, 0x00, 0x00, 0x00, 0x00, 0x00, 0x00,
    0x00, 0x00, 0x00, 0x00, 0x00, 0x00, 0x00, 0x00, 0x00, 0x00, 0x00, 0x00,
    0x00, 0x01, 0x00, 0x37, 0x0b, 0x10, 0x0b, 0x10, 0x0b, 0x0b, 0x10, 0x10,
    0x10, 0x0b, 0x0b, 0x10, 0x10, 0x0b, 0x0b, 0x45, 0x2a, 0x00, 0x00, 0x01,
    0x00, 0x00, 0x00, 0x00, 0x00, 0x00, 0x00, 0x00, 0x00, 0x00, 0x00, 0x00,
    0x00, 0x00, 0x00, 0x00, 0x00, 0x00, 0x00, 0x00, 0x00, 0x00, 0x00, 0x00,
    0x00, 0x00, 0x00, 0x01, 0x00, 0x54, 0x19, 0x0b, 0x0b, 0x10, 0x10, 0x0b,
    0x0b, 0x10, 0x0b, 0x0b, 0x0b, 0x0b, 0x0b, 0x0b, 0x0b, 0x0b, 0x0b, 0x0b,
    0x0b, 0x0b, 0x10, 0x10, 0x0b, 0x0b, 0x10, 0x0b, 0x0b, 0x10, 0x0b, 0x0b,
    0x10, 0x0b, 0x0b, 0x72, 0x1f, 0x00, 0x01, 0x00, 0x00, 0x00, 0x00, 0x00,
    0x00, 0x00, 0x00, 0x00, 0x00, 0x00, 0x00, 0x00, 0x00, 0x00, 0x00, 0x00,
    0x00, 0x00, 0x00, 0x07, 0x01, 0x01, 0x07, 0x00, 0x00, 0x00, 0x00, 0x01,
    0x00, 0x72, 0x0b, 0x15, 0x0b, 0x73, 0x00, 0x01, 0x00, 0x00, 0x00, 0x07,
    0x01, 0x56, 0x0b, 0x0b, 0x4b, 0x74, 0x07, 0x00, 0x00, 0x00, 0x00, 0x00,
    0x00, 0x00, 0x00, 0x00, 0x00, 0x00, 0x00, 0x00, 0x00, 0x00, 0x00, 0x00,
    0x00, 0x00, 0x00, 0x00, 0x00, 0x00, 0x00, 0x00, 0x00, 0x00, 0x00, 0x00,
    0x00, 0x07, 0x00, 0x42, 0x10, 0x10, 0x0b, 0x10, 0x0b, 0x10, 0x0b, 0x10,
    0x0b, 0x0b, 0x0b, 0x10, 0x0b, 0x15, 0x5a, 0x75, 0x00, 0x01, 0x07, 0x00,
    0x00, 0x00, 0x00, 0x00, 0x00, 0x00, 0x00, 0x00, 0x00, 0x00, 0x00, 0x00,
    0x00, 0x00, 0x00, 0x00, 0x00, 0x00, 0x00, 0x00, 0x00, 0x00, 0x00, 0x00,
    0x00, 0x00, 0x01, 0x00, 0x65, 0x04, 0x0b, 0x10, 0x0b, 0x0b, 0x0b, 0x10,
    0x0b, 0x10, 0x0b, 0x0b, 0x10, 0x0b, 0x10, 0x0b, 0x0b, 0x10, 0x10, 0x10,
    0x10, 0x10, 0x10, 0x0b, 0x0b, 0x0b, 0x0b, 0x0b, 0x10, 0x0b, 0x0b, 0x0b,
    0x10, 0x10, 0x10, 0x0b, 0x5e, 0x76, 0x00, 0x01, 0x00, 0x00, 0x00, 0x00,
    0x00, 0x00, 0x00, 0x00, 0x00, 0x00, 0x00, 0x00, 0x00, 0x00, 0x00, 0x00,
    0x00, 0x00, 0x00, 0x00, 0x00, 0x00, 0x00, 0x00, 0x00, 0x00, 0x00, 0x01,
    0x07, 0x76, 0x10, 0x15, 0x0b, 0x1c, 0x00, 0x07, 0x00, 0x00, 0x00, 0x01,
    0x00, 0x55, 0x0b, 0x10, 0x0b, 0x37, 0x00, 0x01, 0x00, 0x00, 0x00, 0x00,
    0x00, 0x00, 0x00, 0x00, 0x00, 0x00, 0x00, 0x00, 0x00, 0x00, 0x00, 0x00,
    0x00, 0x00, 0x00, 0x00, 0x00, 0x00, 0x00, 0x00, 0x00, 0x00, 0x00, 0x00,
    0x00, 0x07, 0x00, 0x2c, 0x10, 0x10, 0x10, 0x0b, 0x0b, 0x10, 0x0b, 0x0b,
    0x0b, 0x10, 0x0b, 0x0b, 0x22, 0x5b, 0x00, 0x00, 0x01, 0x00, 0x00, 0x00,
    0x00, 0x00, 0x00, 0x00, 0x00, 0x00, 0x00, 0x00, 0x00, 0x07, 0x00, 0x00,
    0x00, 0x00, 0x00, 0x00, 0x00, 0x00, 0x00, 0x00, 0x00, 0x00, 0x00, 0x00,
    0x00, 0x01, 0x00, 0x5b, 0x53, 0x0b, 0x10, 0x10, 0x10, 0x10, 0x0b, 0x0b,
    0x0b, 0x0b, 0x0b, 0x0b, 0x0b, 0x10, 0x10, 0x10, 0x0b, 0x0b, 0x0b, 0x0b,
    0x0b, 0x0b, 0x0b, 0x10, 0x10, 0x10, 0x0b, 0x0b, 0x10, 0x10, 0x0b, 0x0b,
    0x10, 0x0b, 0x0b, 0x10, 0x0b, 0x61, 0x23, 0x00, 0x01, 0x00, 0x00, 0x00,
    0x00, 0x00, 0x00, 0x00, 0x00, 0x00, 0x00, 0x00, 0x00, 0x00, 0x00, 0x00,
    0x00, 0x07, 0x00, 0x67, 0x1c, 0x35, 0x31, 0x07, 0x07, 0x00, 0x00, 0x00,
    0x07, 0x00, 0x27, 0x0b, 0x10, 0x15, 0x41, 0x00, 0x01, 0x00, 0x00, 0x08,
    0x00, 0x76, 0x0b, 0x10, 0x0b, 0x77, 0x00, 0x01, 0x00, 0x00, 0x00, 0x00,
    0x00, 0x00, 0x00, 0x00, 0x00, 0x00, 0x00, 0x00, 0x00, 0x00, 0x00, 0x00,
    0x00, 0x00, 0x00, 0x00, 0x00, 0x00, 0x00, 0x00, 0x00, 0x00, 0x00, 0x00,
    0x00, 0x01, 0x00, 0x5b, 0x10, 0x0b, 0x0b, 0x0b, 0x10, 0x10, 0x0b, 0x0b,
    0x10, 0x0b, 0x0c, 0x2b, 0x43, 0x00, 0x01, 0x07, 0x00, 0x00, 0x00, 0x00,
    0x00, 0x00, 0x00, 0x00, 0x00, 0x00, 0x00, 0x07, 0x01, 0x00, 0x00, 0x00,
    0x00, 0x00, 0x00, 0x00, 0x00, 0x00, 0x00, 0x00, 0x00, 0x00, 0x00, 0x00,
    0x01, 0x00, 0x3a, 0x61, 0x0b, 0x10, 0x10, 0x0b, 0x0b, 0x10, 0x0b, 0x0b,
    0x0b, 0x10, 0x10, 0x10, 0x0b, 0x0b, 0x0b, 0x0b, 0x15, 0x53, 0x56, 0x56,
    0x5e, 0x61, 0x0b, 0x0b, 0x0b, 0x0b, 0x10, 0x10, 0x0b, 0x10, 0x0b, 0x0b,
    0x10, 0x0b, 0x0b, 0x0b, 0x10, 0x0b, 0x15, 0x39, 0x00, 0x01, 0x00, 0x00,
    0x00, 0x00, 0x00, 0x00, 0x00, 0x00, 0x00, 0x00, 0x00, 0x00, 0x00, 0x00,
    0x07, 0x07, 0x78, 0x0a, 0x0b, 0x0b, 0x55, 0x00, 0x01, 0x00, 0x00, 0x00,
    0x01, 0x07, 0x39, 0x0b, 0x10, 0x0b, 0x79, 0x00, 0x01, 0x00, 0x00, 0x07,
    0x00, 0x7a, 0x38, 0x0b, 0x0b, 0x22, 0x00, 0x07, 0x00, 0x00, 0x00, 0x00,
    0x00, 0x00, 0x00, 0x00, 0x00, 0x00, 0x00, 0x00, 0x00, 0x00, 0x00, 0x00,
    0x00, 0x00, 0x00, 0x00, 0x00, 0x00, 0x00, 0x00, 0x00, 0x00, 0x00, 0x00,
    0x00, 0x07, 0x00, 0x06, 0x10, 0x0b, 0x0b, 0x0b, 0x0b, 0x10, 0x10, 0x10,
    0x10, 0x45, 0x42, 0x00, 0x07, 0x07, 0x00, 0x00, 0x00, 0x00, 0x00, 0x00,
    0x00, 0x00, 0x00, 0x00, 0x00, 0x00, 0x01, 0x00, 0x00, 0x31, 0x00, 0x00,
    0x00, 0x00, 0x00, 0x00, 0x00, 0x00, 0x00, 0x00, 0x00, 0x00, 0x00, 0x07,
    0x00, 0x40, 0x61, 0x0b, 0x10, 0x10, 0x0b, 0x0b, 0x0b, 0x0b, 0x0b, 0x0b,
    0x0b, 0x10, 0x0b, 0x0b, 0x61, 0x72, 0x2e, 0x39, 0x65, 0x78, 0x74, 0x07,
    0x7b, 0x1f, 0x7c, 0x7d, 0x72, 0x53, 0x0b, 0x0b, 0x10, 0x10, 0x0b, 0x0b,
    0x0b, 0x0b, 0x0b, 0x0b, 0x10, 0x10, 0x0b, 0x0c, 0x20, 0x00, 0x01, 0x00,
    0x00, 0x00, 0x00, 0x00, 0x00, 0x00, 0x00, 0x00, 0x00, 0x00, 0x00, 0x00,
    0x07, 0x07, 0x78, 0x5e, 0x10, 0x10, 0x0c, 0x02, 0x07, 0x01, 0x00, 0x00,
    0x00, 0x07, 0x31, 0x38, 0x0b, 0x0b, 0x56, 0x07, 0x00, 0x00, 0x00, 0x00,
    0x01, 0x00, 0x7e, 0x0b, 0x10, 0x61, 0x3f, 0x00, 0x01, 0x00, 0x00, 0x00,
    0x00, 0x00, 0x00, 0x00, 0x00, 0x00, 0x00, 0x00, 0x00, 0x00, 0x00, 0x00,
    0x00, 0x00, 0x00, 0x00, 0x00, 0x00, 0x00, 0x00, 0x00, 0x00, 0x00, 0x00,
    0x00, 0x01, 0x00, 0x17, 0x0b, 0x10, 0x10, 0x10, 0x0b, 0x0b, 0x0b, 0x10,
    0x0b, 0x2e, 0x00, 0x31, 0x00, 0x00, 0x00, 0x00, 0x00, 0x00, 0x00, 0x00,
    0x00, 0x00, 0x00, 0x00, 0x07, 0x01, 0x00, 0x74, 0x0d, 0x0d, 0x00, 0x01,
    0x00, 0x00, 0x00, 0x00, 0x00, 0x00, 0x00, 0x00, 0x00, 0x00, 0x01, 0x07,
    0x49, 0x11, 0x0b, 0x10, 0x0b, 0x10, 0x10, 0x0b, 0x0b, 0x0b, 0x10, 0x10,
    0x0b, 0x0b, 0x5e, 0x09, 0x1a, 0x00, 0x00, 0x00, 0x00, 0x00, 0x00, 0x00,
    0x00, 0x00, 0x00, 0x00, 0x00, 0x0e, 0x3d, 0x45, 0x0b, 0x0b, 0x10, 0x0b,
    0x0b, 0x0b, 0x10, 0x10, 0x0b, 0x0b, 0x10, 0x0b, 0x0a, 0x2d, 0x00, 0x07,
    0x00, 0x00, 0x00, 0x00, 0x00, 0x00, 0x00, 0x00, 0x00, 0x00, 0x00, 0x00,
    0x00, 0x01, 0x00, 0x32, 0x0b, 0x15, 0x0b, 0x35, 0x00, 0x01, 0x00, 0x00,
    0x00, 0x01, 0x00, 0x0d, 0x0b, 0x10, 0x15, 0x42, 0x00, 0x07, 0x00, 0x00,
    0x01, 0x00, 0x23, 0x0b, 0x10, 0x0b, 0x33, 0x00, 0x01, 0x00, 0x00, 0x00,
    0x00, 0x00, 0x00, 0x00, 0x00, 0x00, 0x00, 0x00, 0x00, 0x00, 0x00, 0x00,
    0x00, 0x00, 0x00, 0x00, 0x00, 0x00, 0x00, 0x00, 0x00, 0x00, 0x00, 0x00,
    0x00, 0x01, 0x00, 0x37, 0x0b, 0x0b, 0x0b, 0x10, 0x10, 0x0b, 0x10, 0x15,
    0x0b, 0x57, 0x07, 0x01, 0x00, 0x00, 0x00, 0x00, 0x00, 0x00, 0x00, 0x00,
    0x00, 0x00, 0x00, 0x01, 0x00, 0x00, 0x2a, 0x04, 0x0b, 0x4c, 0x00, 0x01,
    0x00, 0x00, 0x00, 0x00, 0x00, 0x00, 0x00, 0x00, 0x00, 0x07, 0x01, 0x07,
    0x1c, 0x0b, 0x15, 0x0b, 0x0b, 0x0b, 0x0b, 0x0b, 0x10, 0x10, 0x10, 0x0b,
    0x1d, 0x2b, 0x6f, 0x00, 0x00, 0x07, 0x01, 0x01, 0x01, 0x07, 0x07, 0x07,
    0x07, 0x07, 0x07, 0x01, 0x01, 0x00, 0x00, 0x66, 0x32, 0x11, 0x0b, 0x10,
    0x10, 0x0b, 0x0b, 0x10, 0x0b, 0x0b, 0x0b, 0x10, 0x0b, 0x22, 0x62, 0x01,
    0x07, 0x00, 0x00, 0x00, 0x00, 0x00, 0x00, 0x00, 0x00, 0x00, 0x00, 0x00,
    0x00, 0x00, 0x01, 0x01, 0x45, 0x0b, 0x10, 0x1d, 0x49, 0x00, 0x07, 0x00,
    0x00, 0x01, 0x00, 0x17, 0x10, 0x15, 0x0b, 0x1e, 0x00, 0x01, 0x00, 0x00,
    0x07, 0x00, 0x7f, 0x61, 0x10, 0x0b, 0x79, 0x00, 0x01, 0x00, 0x00, 0x00,
    0x00, 0x00, 0x00, 0x00, 0x00, 0x00, 0x00, 0x00, 0x00, 0x00, 0x00, 0x00,
    0x00, 0x00, 0x00, 0x00, 0x00, 0x00, 0x00, 0x00, 0x00, 0x00, 0x00, 0x00,
    0x00, 0x01, 0x00, 0x3c, 0x0b, 0x0b, 0x0b, 0x0b, 0x10, 0x0b, 0x0b, 0x15,
    0x0b, 0x57, 0x00, 0x01, 0x00, 0x00, 0x00, 0x00, 0x00, 0x00, 0x00, 0x00,
    0x00, 0x01, 0x07, 0x00, 0x0e, 0x35, 0x10, 0x0b, 0x10, 0x80, 0x00, 0x01,
    0x00, 0x00, 0x00, 0x00, 0x00, 0x00, 0x00, 0x00, 0x00, 0x01, 0x00, 0x2b,
    0x0b, 0x10, 0x10, 0x0b, 0x0b, 0x0b, 0x0b, 0x0b, 0x10, 0x10, 0x0b, 0x72,
    0x2d, 0x00, 0x00, 0x01, 0x07, 0x00, 0x00, 0x00, 0x00, 0x00, 0x00, 0x00,
    0x00, 0x00, 0x00, 0x00, 0x00, 0x07, 0x01, 0x00, 0x00, 0x81, 0x05, 0x0b,
    0x10, 0x10, 0x0b, 0x10, 0x10, 0x0b, 0x10, 0x10, 0x10, 0x0b, 0x55, 0x00,
    0x01, 0x00, 0x00, 0x00, 0x00, 0x00, 0x00, 0x00, 0x00, 0x00, 0x00, 0x00,
    0x00, 0x00, 0x01, 0x00, 0x3d, 0x0b, 0x15, 0x0b, 0x3d, 0x00, 0x01, 0x00,
    0x00, 0x07, 0x00, 0x31, 0x11, 0x0b, 0x0b, 0x60, 0x00, 0x01, 0x00, 0x00,
    0x00, 0x00, 0x01, 0x4b, 0x0b, 0x0b, 0x64, 0x00, 0x07, 0x00, 0x00, 0x00,
    0x00, 0x00, 0x00, 0x00, 0x00, 0x00, 0x00, 0x00, 0x00, 0x00, 0x00, 0x00,
    0x00, 0x00, 0x00, 0x00, 0x00, 0x00, 0x00, 0x00, 0x00, 0x00, 0x00, 0x00,
    0x00, 0x01, 0x00, 0x37, 0x0b, 0x0b, 0x10, 0x10, 0x0b, 0x0b, 0x10, 0x10,
    0x0b, 0x5a, 0x00, 0x01, 0x00, 0x00, 0x00, 0x00, 0x00, 0x00, 0x00, 0x07,
    0x01, 0x00, 0x00, 0x4e, 0x5e, 0x0b, 0x0b, 0x15, 0x0b, 0x4c, 0x00, 0x01,
    0x00, 0x00, 0x00, 0x00, 0x00, 0x00, 0x00, 0x00, 0x07, 0x00, 0x1b, 0x15,
    0x10, 0x0b, 0x10, 0x0b, 0x10, 0x0b, 0x0b, 0x0b, 0x10, 0x0b, 0x55, 0x00,
    0x00, 0x01, 0x07, 0x00, 0x00, 0x00, 0x00, 0x00, 0x00, 0x00, 0x00, 0x00,
    0x00, 0x00, 0x00, 0x00, 0x00, 0x00, 0x00, 0x00, 0x01, 0x00, 0x00, 0x30,
    0x10, 0x0b, 0x0b, 0x0b, 0x0b, 0x10, 0x0b, 0x0b, 0x10, 0x10, 0x15, 0x82,
    0x00, 0x01, 0x00, 0x00, 0x00, 0x00, 0x00, 0x00, 0x00, 0x00, 0x00, 0x00,
    0x00, 0x00, 0x07, 0x00, 0x6c, 0x1d, 0x0b, 0x0b, 0x27, 0x00, 0x01, 0x00,
    0x00, 0x00, 0x07, 0x00, 0x72, 0x0b, 0x0b, 0x56, 0x01, 0x00, 0x00, 0x00,
    0x00, 0x01, 0x00, 0x63, 0x0b, 0x0b, 0x38, 0x7a, 0x00, 0x07, 0x00, 0x00,
    0x00, 0x00, 0x00, 0x00, 0x00, 0x00, 0x00, 0x00, 0x00, 0x00, 0x00, 0x00,
    0x00, 0x00, 0x00, 0x00, 0x00, 0x00, 0x00, 0x00, 0x00, 0x00, 0x00, 0x00,
    0x00, 0x07, 0x00, 0x06, 0x10, 0x10, 0x0b, 0x0b, 0x10, 0x0b, 0x10, 0x10,
    0x0b, 0x55, 0x00, 0x01, 0x00, 0x00, 0x00, 0x00, 0x00, 0x00, 0x01, 0x00,
    0x00, 0x65, 0x50, 0x0b, 0x0b, 0x10, 0x10, 0x10, 0x0b, 0x14, 0x00, 0x01,
    0x00, 0x00, 0x00, 0x00, 0x00, 0x00, 0x00, 0x00, 0x01, 0x00, 0x72, 0x0b,
    0x10, 0x10, 0x0b, 0x0b, 0x0b, 0x0b, 0x10, 0x10, 0x0b, 0x09, 0x00, 0x01,
    0x01, 0x00, 0x00, 0x00, 0x00, 0x00, 0x00, 0x00, 0x00, 0x00, 0x00, 0x00,
    0x00, 0x00, 0x00, 0x00, 0x00, 0x00, 0x00, 0x00, 0x00, 0x07, 0x01, 0x00,
    0x83, 0x10, 0x10, 0x10, 0x0b, 0x0b, 0x0b, 0x0b, 0x0b, 0x10, 0x0b, 0x22,
    0x08, 0x07, 0x00, 0x00, 0x00, 0x00, 0x00, 0x00, 0x00, 0x00, 0x00, 0x00,
    0x00, 0x00, 0x00, 0x01, 0x00, 0x05, 0x0b, 0x0b, 0x1d, 0x0e, 0x00, 0x07,
    0x00, 0x00, 0x01, 0x00, 0x46, 0x0b, 0x0b, 0x61, 0x1f, 0x00, 0x07, 0x00,
    0x00, 0x01, 0x00, 0x0d, 0x0b, 0x0b, 0x61, 0x1f, 0x00, 0x07, 0x00, 0x00,
    0x00, 0x00, 0x00, 0x00, 0x00, 0x00, 0x00, 0x00, 0x00, 0x00, 0x00, 0x00,
    0x00, 0x00, 0x00, 0x00, 0x00, 0x00, 0x00, 0x00, 0x00, 0x00, 0x00, 0x00,
    0x00, 0x07, 0x00, 0x06, 0x10, 0x10, 0x0b, 0x0b, 0x0b, 0x0b, 0x0b, 0x15,
    0x0b, 0x55, 0x00, 0x01, 0x00, 0x00, 0x00, 0x00, 0x07, 0x01, 0x00, 0x01,
    0x2b, 0x61, 0x0b, 0x10, 0x10, 0x10, 0x0b, 0x10, 0x0b, 0x14, 0x00, 0x01,
    0x00, 0x00, 0x00, 0x00, 0x00, 0x00, 0x00, 0x01, 0x00, 0x39, 0x0b, 0x10,
    0x0b, 0x10, 0x0b, 0x0b, 0x0b, 0x10, 0x10, 0x0b, 0x7d, 0x00, 0x01, 0x07,
    0x00, 0x00, 0x00, 0x00, 0x00, 0x00, 0x00, 0x00, 0x00, 0x00, 0x00, 0x00,
    0x00, 0x00, 0x00, 0x00, 0x00, 0x00, 0x00, 0x00, 0x00, 0x00, 0x00, 0x01,
    0x00, 0x3d, 0x0b, 0x10, 0x10, 0x0b, 0x10, 0x0b, 0x0b, 0x0b, 0x10, 0x0b,
    0x83, 0x00, 0x01, 0x00, 0x00, 0x00, 0x00, 0x00, 0x00, 0x00, 0x00, 0x00,
    0x00, 0x00, 0x00, 0x01, 0x07, 0x5f, 0x0b, 0x10, 0x0b, 0x3a, 0x00, 0x01,
    0x00, 0x00, 0x66, 0x00, 0x83, 0x0b, 0x15, 0x0b, 0x76, 0x00, 0x07, 0x00,
    0x00, 0x01, 0x00, 0x2f, 0x0b, 0x10, 0x10, 0x1b, 0x00, 0x01, 0x00, 0x00,
    0x00, 0x00, 0x00, 0x00, 0x00, 0x00, 0x00, 0x00, 0x00, 0x00, 0x00, 0x00,
    0x00, 0x00, 0x00, 0x00, 0x00, 0x00, 0x00, 0x00, 0x00, 0x00, 0x00, 0x00,
    0x00, 0x07, 0x00, 0x42, 0x10, 0x0b, 0x10, 0x10, 0x0b, 0x0b, 0x0b, 0x15,
    0x0b, 0x55, 0x00, 0x01, 0x00, 0x00, 0x00, 0x07, 0x00, 0x00, 0x0f, 0x45,
    0x0b, 0x0b, 0x10, 0x0b, 0x0b, 0x10, 0x0b, 0x10, 0x0b, 0x4c, 0x00, 0x01,
    0x00, 0x00, 0x00, 0x00, 0x00, 0x00, 0x00, 0x07, 0x07, 0x16, 0x0b, 0x10,
    0x0b, 0x0b, 0x10, 0x0b, 0x0b, 0x10, 0x0b, 0x0d, 0x00, 0x74, 0x00, 0x00,
    0x00, 0x00, 0x00, 0x00, 0x00, 0x00, 0x00, 0x00, 0x00, 0x00, 0x00, 0x00,
    0x00, 0x00, 0x00, 0x00, 0x00, 0x00, 0x00, 0x00, 0x00, 0x00, 0x00, 0x00,
    0x01, 0x00, 0x77, 0x0b, 0x10, 0x10, 0x0b, 0x0b, 0x10, 0x0b, 0x10, 0x0b,
    0x22, 0x07, 0x07, 0x00, 0x00, 0x00, 0x00, 0x00, 0x00, 0x00, 0x00, 0x00,
    0x00, 0x00, 0x00, 0x01, 0x00, 0x1b, 0x10, 0x15, 0x0b, 0x12, 0x00, 0x01,
    0x00, 0x00, 0x01, 0x00, 0x06, 0x0b, 0x15, 0x0b, 0x33, 0x00, 0x01, 0x00,
    0x00, 0x01, 0x00, 0x83, 0x0b, 0x15, 0x0b, 0x2a, 0x00, 0x01, 0x00, 0x00,
    0x00, 0x00, 0x00, 0x00, 0x00, 0x00, 0x00, 0x00, 0x00, 0x00, 0x00, 0x00,
    0x00, 0x00, 0x00, 0x00, 0x00, 0x00, 0x00, 0x00, 0x00, 0x00, 0x00, 0x00,
    0x00, 0x01, 0x00, 0x5b, 0x10, 0x0b, 0x10, 0x10, 0x0b, 0x0b, 0x10, 0x10,
    0x0b, 0x55, 0x00, 0x01, 0x00, 0x00, 0x07, 0x00, 0x1a, 0x19, 0x0b, 0x0b,
    0x10, 0x0b, 0x0b, 0x0b, 0x0b, 0x10, 0x0b, 0x10, 0x0b, 0x14, 0x00, 0x01,
    0x00, 0x00, 0x00, 0x00, 0x00, 0x00, 0x01, 0x00, 0x17, 0x0b, 0x10, 0x0b,
    0x0b, 0x0b, 0x0b, 0x0b, 0x10, 0x0b, 0x04, 0x66, 0x01, 0x07, 0x00, 0x00,
    0x00, 0x00, 0x00, 0x00, 0x00, 0x00, 0x07, 0x01, 0x01, 0x01, 0x00, 0x00,
    0x01, 0x01, 0x01, 0x00, 0x00, 0x00, 0x00, 0x00, 0x00, 0x00, 0x00, 0x00,
    0x07, 0x01, 0x00, 0x1c, 0x0b, 0x10, 0x0b, 0x0b, 0x10, 0x0b, 0x0b, 0x10,
    0x0b, 0x39, 0x00, 0x01, 0x00, 0x00, 0x00, 0x00, 0x00, 0x00, 0x00, 0x00,
    0x00, 0x00, 0x00, 0x07, 0x00, 0x3b, 0x53, 0x0b, 0x0b, 0x55, 0x00, 0x01,
    0x00, 0x00, 0x07, 0x00, 0x1b, 0x15, 0x10, 0x0b, 0x1e, 0x00, 0x01, 0x00,
    0x00, 0x01, 0x00, 0x17, 0x0b, 0x10, 0x0b, 0x33, 0x00, 0x01, 0x00, 0x00,
    0x00, 0x00, 0x00, 0x00, 0x00, 0x00, 0x00, 0x00, 0x00, 0x00, 0x00, 0x00,
    0x00, 0x00, 0x00, 0x00, 0x00, 0x00, 0x00, 0x00, 0x00, 0x00, 0x00, 0x00,
    0x00, 0x01, 0x00, 0x3a, 0x0b, 0x0b, 0x0b, 0x0b, 0x0b, 0x10, 0x10, 0x10,
    0x0b, 0x55, 0x00, 0x01, 0x00, 0x07, 0x07, 0x2c, 0x0a, 0x0b, 0x0b, 0x10,
    0x0b, 0x0b, 0x0b, 0x0b, 0x0b, 0x10, 0x0b, 0x10, 0x0b, 0x14, 0x00, 0x01,
    0x00, 0x00, 0x00, 0x00, 0x00, 0x00, 0x01, 0x00, 0x05, 0x0b, 0x10, 0x0b,
    0x0b, 0x10, 0x0b, 0x10, 0x10, 0x15, 0x5b, 0x00, 0x01, 0x00, 0x00, 0x00,
    0x00, 0x00, 0x00, 0x00, 0x00, 0x01, 0x00, 0x00, 0x00, 0x00, 0x00, 0x00,
    0x00, 0x00, 0x00, 0x00, 0x00, 0x00, 0x00, 0x00, 0x00, 0x00, 0x00, 0x00,
    0x00, 0x01, 0x00, 0x84, 0x15, 0x10, 0x10, 0x10, 0x0b, 0x0b, 0x0b, 0x10,
    0x0b, 0x63, 0x00, 0x07, 0x00, 0x00, 0x00, 0x00, 0x00, 0x00, 0x00, 0x00,
    0x00, 0x00, 0x00, 0x07, 0x00, 0x07, 0x56, 0x0b, 0x0b, 0x14, 0x00, 0x01,
    0x00, 0x00, 0x43, 0x00, 0x7f, 0x61, 0x0b, 0x0b, 0x2e, 0x00, 0x01, 0x00,
    0x00, 0x01, 0x00, 0x20, 0x0b, 0x10, 0x0b, 0x4e, 0x00, 0x66, 0x00, 0x00,
    0x00, 0x00, 0x00, 0x00, 0x00, 0x00, 0x00, 0x00, 0x00, 0x00, 0x00, 0x00,
    0x00, 0x00, 0x00, 0x00, 0x00, 0x00, 0x00, 0x00, 0x00, 0x00, 0x00, 0x00,
    0x00, 0x01, 0x00, 0x20, 0x0b, 0x0b, 0x0b, 0x0b, 0x0b, 0x10, 0x0b, 0x10,
    0x0b, 0x55, 0x00, 0x01, 0x00, 0x01, 0x00, 0x6a, 0x0b, 0x15, 0x10, 0x0b,
    0x0b, 0x0b, 0x10, 0x10, 0x10, 0x0b, 0x0b, 0x10, 0x0b, 0x80, 0x00, 0x01,
    0x00, 0x00, 0x00, 0x00, 0x00, 0x07, 0x00, 0x49, 0x0a, 0x0b, 0x10, 0x0b,
    0x0b, 0x10, 0x0b, 0x10, 0x0b, 0x14, 0x00, 0x01, 0x00, 0x00, 0x00, 0x00,
    0x00, 0x00, 0x00, 0x00, 0x01, 0x00, 0x74, 0x29, 0x35, 0x64, 0x04, 0x45,
    0x1c, 0x79, 0x76, 0x07, 0x07, 0x00, 0x00, 0x00, 0x00, 0x00, 0x00, 0x00,
    0x00, 0x00, 0x66, 0x00, 0x7e, 0x0b, 0x10, 0x0b, 0x0b, 0x0b, 0x10, 0x10,
    0x0b, 0x61, 0x1a, 0x00, 0x01, 0x00, 0x00, 0x00, 0x00, 0x00, 0x00, 0x00,
    0x00, 0x00, 0x00, 0x00, 0x00, 0x00, 0x45, 0x0b, 0x0b, 0x19, 0x00, 0x01,
    0x00, 0x00, 0x07, 0x00, 0x49, 0x1d, 0x0b, 0x0b, 0x25, 0x00, 0x01, 0x00,
    0x00, 0x85, 0x00, 0x06, 0x0b, 0x10, 0x0b, 0x4e, 0x00, 0x01, 0x00, 0x00,
    0x00, 0x00, 0x00, 0x00, 0x00, 0x00, 0x00, 0x00, 0x00, 0x00, 0x00, 0x00,
    0x00, 0x00, 0x00, 0x00, 0x00, 0x00, 0x00, 0x00, 0x00, 0x00, 0x00, 0x00,
    0x00, 0x01, 0x00, 0x37, 0x0b, 0x10, 0x0b, 0x0b, 0x0b, 0x10, 0x0b, 0x10,
    0x0b, 0x55, 0x00, 0x01, 0x00, 0x01, 0x00, 0x33, 0x0b, 0x10, 0x10, 0x10,
    0x0b, 0x10, 0x10, 0x0b, 0x0b, 0x0b, 0x0b, 0x10, 0x0b, 0x14, 0x00, 0x01,
    0x00, 0x00, 0x00, 0x00, 0x00, 0x01, 0x00, 0x68, 0x0b, 0x10, 0x10, 0x0b,
    0x0b, 0x10, 0x10, 0x0b, 0x61, 0x3f, 0x07, 0x07, 0x00, 0x00, 0x00, 0x00,
    0x00, 0x00, 0x00, 0x01, 0x00, 0x68, 0x4b, 0x0b, 0x0b, 0x0b, 0x0b, 0x0b,
    0x0b, 0x0b, 0x0b, 0x26, 0x00, 0x01, 0x00, 0x00, 0x00, 0x00, 0x00, 0x00,
    0x00, 0x00, 0x07, 0x07, 0x2d, 0x0c, 0x0b, 0x0b, 0x10, 0x10, 0x0b, 0x0b,
    0x10, 0x0b, 0x1e, 0x00, 0x01, 0x00, 0x00, 0x00, 0x00, 0x00, 0x00, 0x00,
    0x00, 0x00, 0x00, 0x00, 0x00, 0x00, 0x45, 0x0b, 0x0b, 0x19, 0x00, 0x01,
    0x00, 0x00, 0x07, 0x00, 0x13, 0x1d, 0x0b, 0x0b, 0x25, 0x00, 0x01, 0x00,
    0x00, 0x01, 0x00, 0x06, 0x0b, 0x10, 0x0b, 0x83, 0x00, 0x01, 0x00, 0x00,
    0x00, 0x00, 0x00, 0x00, 0x00, 0x00, 0x00, 0x00, 0x00, 0x00, 0x00, 0x00,
    0x00, 0x00, 0x00, 0x00, 0x00, 0x00, 0x00, 0x00, 0x00, 0x00, 0x00, 0x00,
    0x00, 0x01, 0x00, 0x37, 0x0b, 0x0b, 0x0b, 0x10, 0x10, 0x0b, 0x10, 0x10,
    0x0b, 0x46, 0x00, 0x01, 0x00, 0x01, 0x00, 0x83, 0x0b, 0x10, 0x0b, 0x0b,
    0x10, 0x0b, 0x10, 0x0b, 0x0b, 0x0b, 0x10, 0x10, 0x0b, 0x14, 0x00, 0x01,
    0x00, 0x00, 0x00, 0x00, 0x00, 0x01, 0x00, 0x14, 0x0b, 0x10, 0x0b, 0x0b,
    0x0b, 0x0b, 0x10, 0x0b, 0x4c, 0x00, 0x01, 0x00, 0x00, 0x00, 0x00, 0x00,
    0x00, 0x00, 0x01, 0x00, 0x0d, 0x0b, 0x0b, 0x10, 0x10, 0x10, 0x10, 0x0b,
    0x15, 0x0b, 0x50, 0x1f, 0x01, 0x07, 0x00, 0x00, 0x00, 0x00, 0x00, 0x00,
    0x00, 0x00, 0x00, 0x01, 0x00, 0x05, 0x0b, 0x10, 0x0b, 0x0b, 0x0b, 0x0b,
    0x10, 0x0b, 0x60, 0x00, 0x01, 0x00, 0x00, 0x00, 0x00, 0x00, 0x00, 0x00,
    0x00, 0x00, 0x00, 0x07, 0x00, 0x66, 0x56, 0x0b, 0x0b, 0x4a, 0x00, 0x01,
    0x00, 0x00, 0x01, 0x00, 0x2d, 0x15, 0x10, 0x0b, 0x2f, 0x00, 0x01, 0x00,
    0x00, 0x01, 0x00, 0x0f, 0x0b, 0x10, 0x0b, 0x39, 0x00, 0x01, 0x00, 0x00,
    0x00, 0x00, 0x00, 0x00, 0x00, 0x00, 0x00, 0x00, 0x00, 0x00, 0x00, 0x00,
    0x00, 0x00, 0x00, 0x00, 0x00, 0x00, 0x00, 0x00, 0x00, 0x00, 0x00, 0x00,
    0x00, 0x07, 0x00, 0x5b, 0x10, 0x0b, 0x0b, 0x10, 0x10, 0x0b, 0x0b, 0x15,
    0x0b, 0x28, 0x00, 0x01, 0x00, 0x01, 0x00, 0x29, 0x0b, 0x10, 0x0b, 0x10,
    0x10, 0x0b, 0x0b, 0x10, 0x0b, 0x0b, 0x10, 0x10, 0x0b, 0x4a, 0x00, 0x01,
    0x00, 0x00, 0x00, 0x00, 0x07, 0x00, 0x08, 0x45, 0x0b, 0x0b, 0x0b, 0x0b,
    0x0b, 0x0b, 0x10, 0x0b, 0x0f, 0x07, 0x01, 0x00, 0x00, 0x00, 0x00, 0x00,
    0x00, 0x01, 0x00, 0x55, 0x0b, 0x10, 0x10, 0x10, 0x0b, 0x0b, 0x0b, 0x10,
    0x0b, 0x11, 0x54, 0x00, 0x07, 0x00, 0x00, 0x52, 0x00, 0x00, 0x00, 0x00,
    0x00, 0x00, 0x00, 0x01, 0x07, 0x0f, 0x0b, 0x10, 0x10, 0x0b, 0x0b, 0x10,
    0x10, 0x0b, 0x5e, 0x58, 0x00, 0x07, 0x00, 0x00, 0x00, 0x00, 0x00, 0x00,
    0x00, 0x00, 0x00, 0x07, 0x00, 0x1f, 0x1d, 0x10, 0x0b, 0x28, 0x00, 0x01,
    0x00, 0x00, 0x01, 0x00, 0x76, 0x0b, 0x10, 0x0b, 0x29, 0x00, 0x01, 0x00,
    0x00, 0x01, 0x00, 0x83, 0x0b, 0x10, 0x0b, 0x76, 0x00, 0x07, 0x00, 0x00,
    0x00, 0x00, 0x00, 0x00, 0x00, 0x00, 0x00, 0x00, 0x00, 0x00, 0x00, 0x00,
    0x00, 0x00, 0x00, 0x00, 0x00, 0x00, 0x00, 0x00, 0x00, 0x00, 0x00, 0x00,
    0x00, 0x07, 0x00, 0x42, 0x10, 0x10, 0x0b, 0x0b, 0x0b, 0x0b, 0x0b, 0x10,
    0x0b, 0x57, 0x00, 0x01, 0x00, 0x01, 0x00, 0x39, 0x0b, 0x10, 0x10, 0x0b,
    0x0b, 0x10, 0x0b, 0x0b, 0x10, 0x10, 0x0b, 0x10, 0x0b, 0x03, 0x00, 0x01,
    0x00, 0x00, 0x00, 0x00, 0x07, 0x00, 0x1a, 0x0c, 0x0b, 0x10, 0x0b, 0x10,
    0x10, 0x10, 0x0b, 0x5e, 0x44, 0x00, 0x07, 0x00, 0x00, 0x00, 0x00, 0x00,
    0x01, 0x00, 0x83, 0x0b, 0x15, 0x0b, 0x0b, 0x0b, 0x10, 0x10, 0x10, 0x15,
    0x0b, 0x19, 0x00, 0x01, 0x00, 0x00, 0x01, 0x00, 0x00, 0x00, 0x00, 0x00,
    0x00, 0x00, 0x00, 0x07, 0x00, 0x44, 0x11, 0x0b, 0x10, 0x10, 0x0b, 0x0b,
    0x0b, 0x0b, 0x0c, 0x2d, 0x00, 0x07, 0x00, 0x00, 0x00, 0x00, 0x00, 0x00,
    0x00, 0x00, 0x00, 0x01, 0x00, 0x0f, 0x0b, 0x15, 0x0b, 0x6a, 0x00, 0x66,
    0x00, 0x00, 0x01, 0x00, 0x33, 0x0b, 0x10, 0x10, 0x5b, 0x00, 0x07, 0x00,
    0x00, 0x01, 0x00, 0x09, 0x0b, 0x10, 0x15, 0x65, 0x00, 0x07, 0x00, 0x00,
    0x00, 0x00, 0x00, 0x00, 0x00, 0x00, 0x00, 0x00, 0x00, 0x00, 0x00, 0x00,
    0x00, 0x00, 0x00, 0x00, 0x00, 0x00, 0x00, 0x00, 0x00, 0x00, 0x00, 0x00,
    0x00, 0x01, 0x00, 0x40, 0x10, 0x10, 0x10, 0x0b, 0x0b, 0x10, 0x0b, 0x10,
    0x0b, 0x28, 0x00, 0x01, 0x00, 0x01, 0x00, 0x39, 0x10, 0x0b, 0x0b, 0x04,
    0x7d, 0x10, 0x0b, 0x10, 0x10, 0x0b, 0x10, 0x10, 0x0b, 0x14, 0x00, 0x01,
    0x00, 0x00, 0x00, 0x00, 0x01, 0x00, 0x39, 0x0b, 0x10, 0x0b, 0x0b, 0x0b,
    0x10, 0x10, 0x0b, 0x86, 0x00, 0x01, 0x00, 0x00, 0x00, 0x00, 0x00, 0x07,
    0x07, 0x54, 0x5e, 0x0b, 0x10, 0x0b, 0x0b, 0x0b, 0x0b, 0x0b, 0x0b, 0x0b,
    0x0b, 0x45, 0x00, 0x01, 0x01, 0x07, 0x00, 0x87, 0x43, 0x00, 0x00, 0x00,
    0x00, 0x00, 0x00, 0x00, 0x01, 0x00, 0x88, 0x0b, 0x10, 0x0b, 0x10, 0x0b,
    0x0b, 0x10, 0x0b, 0x39, 0x00, 0x01, 0x00, 0x00, 0x00, 0x00, 0x00, 0x00,
    0x00, 0x00, 0x00, 0x01, 0x00, 0x57, 0x0b, 0x10, 0x0c, 0x89, 0x00, 0x07,
    0x00, 0x00, 0x01, 0x00, 0x25, 0x0b, 0x10, 0x61, 0x1a, 0x00, 0x07, 0x00,
    0x00, 0x01, 0x00, 0x7e, 0x0b, 0x0b, 0x0a, 0x49, 0x00, 0x07, 0x00, 0x00,
    0x00, 0x00, 0x00, 0x00, 0x00, 0x00, 0x00, 0x00, 0x00, 0x00, 0x00, 0x00,
    0x00, 0x00, 0x00, 0x00, 0x00, 0x00, 0x00, 0x00, 0x00, 0x00, 0x00, 0x00,
    0x00, 0x07, 0x00, 0x5b, 0x10, 0x0b, 0x0b, 0x0b, 0x0b, 0x0b, 0x10, 0x15,
    0x0b, 0x28, 0x00, 0x01, 0x00, 0x01, 0x00, 0x8a, 0x0b, 0x61, 0x26, 0x66,
    0x34, 0x0b, 0x10, 0x0b, 0x0b, 0x0b, 0x0b, 0x15, 0x0b, 0x14, 0x00, 0x01,
    0x00, 0x00, 0x00, 0x00, 0x01, 0x00, 0x7d, 0x0b, 0x10, 0x0b, 0x10, 0x0b,
    0x0b, 0x10, 0x0b, 0x2f, 0x00, 0x01, 0x00, 0x00, 0x00, 0x00, 0x00, 0x01,
    0x00, 0x32, 0x0b, 0x10, 0x0b, 0x0b, 0x0b, 0x0b, 0x8b, 0x8c, 0x8d, 0x8e,
    0x8b, 0x0b, 0x25, 0x00, 0x00, 0x00, 0x4e, 0x53, 0x8f, 0x00, 0x07, 0x00,
    0x00, 0x00, 0x00, 0x00, 0x01, 0x00, 0x28, 0x0b, 0x10, 0x0b, 0x10, 0x0b,
    0x0b, 0x10, 0x0b, 0x1e, 0x00, 0x01, 0x00, 0x00, 0x00, 0x00, 0x00, 0x00,
    0x00, 0x00, 0x00, 0x07, 0x07, 0x04, 0x0b, 0x0b, 0x45, 0x07, 0x07, 0x00,
    0x00, 0x00, 0x01, 0x00, 0x05, 0x0b, 0x0b, 0x38, 0x01, 0x00, 0x07, 0x00,
    0x00, 0x07, 0x00, 0x70, 0x0b, 0x0b, 0x4b, 0x07, 0x00, 0x00, 0x00, 0x00,
    0x00, 0x00, 0x00, 0x00, 0x00, 0x00, 0x00, 0x00, 0x00, 0x00, 0x00, 0x00,
    0x00, 0x00, 0x00, 0x00, 0x00, 0x00, 0x00, 0x00, 0x00, 0x00, 0x00, 0x00,
    0x00, 0x08, 0x00, 0x90, 0x0b, 0x0b, 0x0b, 0x10, 0x0b, 0x0b, 0x10, 0x10,
    0x0b, 0x77, 0x00, 0x01, 0x00, 0x01, 0x00, 0x91, 0x50, 0x36, 0x00, 0x00,
    0x37, 0x0b, 0x10, 0x10, 0x0b, 0x0b, 0x0b, 0x15, 0x0b, 0x14, 0x00, 0x01,
    0x00, 0x00, 0x00, 0x00, 0x01, 0x00, 0x0d, 0x0b, 0x10, 0x0b, 0x0b, 0x10,
    0x10, 0x10, 0x0b, 0x39, 0x00, 0x01, 0x00, 0x00, 0x00, 0x00, 0x00, 0x01,
    0x00, 0x64, 0x0b, 0x10, 0x10, 0x10, 0x0b, 0x92, 0x93, 0x94, 0x95, 0x96,
    0x97, 0x92, 0x0b, 0x72, 0x7d, 0x05, 0x0b, 0x0b, 0x32, 0x00, 0x01, 0x00,
    0x00, 0x00, 0x00, 0x00, 0x01, 0x00, 0x98, 0x0b, 0x10, 0x0b, 0x0b, 0x10,
    0x0b, 0x10, 0x0b, 0x28, 0x00, 0x01, 0x00, 0x00, 0x00, 0x00, 0x00, 0x00,
    0x00, 0x00, 0x01, 0x00, 0x42, 0x10, 0x10, 0x0b, 0x24, 0x00, 0x01, 0x00,
    0x00, 0x07, 0x00, 0x58, 0x38, 0x0b, 0x0b, 0x60, 0x00, 0x01, 0x00, 0x00,
    0x07, 0x00, 0x01, 0x56, 0x0b, 0x0b, 0x72, 0x00, 0x07, 0x00, 0x00, 0x00,
    0x00, 0x00, 0x00, 0x00, 0x00, 0x00, 0x00, 0x00, 0x00, 0x00, 0x00, 0x00,
    0x00, 0x00, 0x00, 0x00, 0x00, 0x00, 0x00, 0x00, 0x00, 0x00, 0x00, 0x00,
    0x00, 0x85, 0x00, 0x76, 0x0b, 0x0b, 0x0b, 0x10, 0x10, 0x10, 0x0b, 0x10,
    0x0b, 0x55, 0x00, 0x01, 0x00, 0x00, 0x00, 0x01, 0x00, 0x00, 0x01, 0x07,
    0x7c, 0x0b, 0x0b, 0x10, 0x10, 0x0b, 0x0b, 0x10, 0x0b, 0x14, 0x00, 0x01,
    0x00, 0x00, 0x00, 0x00, 0x01, 0x00, 0x14, 0x0b, 0x15, 0x10, 0x0b, 0x0b,
    0x0b, 0x0b, 0x10, 0x2c, 0x00, 0x01, 0x00, 0x00, 0x00, 0x00, 0x07, 0x00,
    0x3b, 0x53, 0x0b, 0x0b, 0x10, 0x10, 0x0b, 0x99, 0x9a, 0x9b, 0x9c, 0x9d,
    0x9e, 0x9f, 0x10, 0x0b, 0x0b, 0x0b, 0x10, 0x0b, 0x60, 0x00, 0x01, 0x00,
    0x00, 0x00, 0x00, 0x00, 0x01, 0x00, 0x0f, 0x0b, 0x10, 0x0b, 0x0b, 0x0b,
    0x0b, 0x10, 0x0b, 0x24, 0x00, 0x01, 0x00, 0x00, 0x00, 0x00, 0x00, 0x00,
    0x00, 0x00, 0x01, 0x00, 0x14, 0x0b, 0x15, 0x10, 0x06, 0x00, 0x01, 0x00,
    0x00, 0x01, 0x00, 0x2c, 0x10, 0x10, 0x0b, 0x2e, 0x00, 0x01, 0x00, 0x00,
    0x01, 0x00, 0x2d, 0x0c, 0x10, 0x0b, 0x79, 0x00, 0x01, 0x00, 0x00, 0x00,
    0x00, 0x00, 0x00, 0x00, 0x00, 0x00, 0x00, 0x00, 0x00, 0x00, 0x00, 0x00,
    0x00, 0x00, 0x00, 0x00, 0x00, 0x00, 0x00, 0x00, 0x00, 0x00, 0x00, 0x00,
    0x00, 0x85, 0x00, 0x76, 0x0b, 0x0b, 0x0b, 0x10, 0x0b, 0x0b, 0x0b, 0x15,
    0x0b, 0x55, 0x00, 0x01, 0x00, 0x00, 0x00, 0x00, 0x07, 0x01, 0x08, 0x01,
    0x7c, 0x0b, 0x0b, 0x0b, 0x0b, 0x10, 0x0b, 0x10, 0x0b, 0x03, 0x00, 0x01,
    0x00, 0x00, 0x00, 0x00, 0x01, 0x00, 0x3e, 0x0b, 0x10, 0x0b, 0x0b, 0x0b,
    0x10, 0x0b, 0x0c, 0x65, 0x00, 0x07, 0x00, 0x00, 0x00, 0x00, 0x01, 0x00,
    0x65, 0x15, 0x0b, 0x0b, 0x0b, 0x0b, 0xa0, 0xa1, 0xa2, 0xa3, 0xa4, 0xa5,
    0xa6, 0xa7, 0x92, 0x10, 0x15, 0x10, 0x10, 0x0b, 0x04, 0x00, 0x07, 0x00,
    0x00, 0x00, 0x00, 0x00, 0x01, 0x00, 0x37, 0x0b, 0x0b, 0x10, 0x10, 0x0b,
    0x10, 0x10, 0x0b, 0x03, 0x00, 0x01, 0x00, 0x00, 0x00, 0x00, 0x00, 0x00,
    0x00, 0x07, 0x00, 0x81, 0x0c, 0x10, 0x0b, 0x22, 0x00, 0x01, 0x00, 0x00,
    0x00, 0x01, 0x00, 0x57, 0x0b, 0x10, 0x10, 0x06, 0x00, 0x07, 0x00, 0x00,
    0x01, 0x00, 0x23, 0x0b, 0x15, 0x0b, 0x98, 0x00, 0x66, 0x00, 0x00, 0x00,
    0x00, 0x00, 0x00, 0x00, 0x00, 0x00, 0x00, 0x00, 0x00, 0x00, 0x00, 0x00,
    0x00, 0x00, 0x00, 0x00, 0x00, 0x00, 0x00, 0x00, 0x00, 0x00, 0x00, 0x00,
    0x00, 0x01, 0x00, 0x20, 0x0b, 0x10, 0x10, 0x0b, 0x0b, 0x0b, 0x10, 0x15,
    0x0b, 0x5a, 0x00, 0x01, 0x00, 0x00, 0x00, 0x00, 0x00, 0x07, 0x74, 0x00,
    0x76, 0x0b, 0x10, 0x0b, 0x10, 0x10, 0x0b, 0x10, 0x0b, 0x14, 0x00, 0x01,
    0x00, 0x00, 0x00, 0x00, 0x01, 0x00, 0x50, 0x0b, 0x10, 0x10, 0x0b, 0x10,
    0x10, 0x0b, 0x0c, 0x2d, 0x00, 0x01, 0x00, 0x00, 0x00, 0x00, 0x01, 0x00,
    0x41, 0x10, 0x10, 0x10, 0x0b, 0x0b, 0xa8, 0x94, 0xa9, 0xa5, 0xa4, 0xaa,
    0xa9, 0xab, 0xac, 0x0b, 0x0b, 0x10, 0x10, 0x0b, 0x45, 0x00, 0x00, 0x00,
    0x00, 0x00, 0x00, 0x00, 0x07, 0x00, 0x76, 0x0b, 0x0b, 0x10, 0x0b, 0x10,
    0x10, 0x10, 0x0b, 0x14, 0x00, 0x01, 0x00, 0x00, 0x00, 0x00, 0x00, 0x00,
    0x00, 0x07, 0x07, 0x6f, 0x4b, 0x0b, 0x0b, 0x33, 0x00, 0x01, 0x00, 0x00,
    0x00, 0x07, 0x00, 0x22, 0x0b, 0x0b, 0x38, 0x7a, 0x00, 0x00, 0x00, 0x00,
    0x01, 0x00, 0x24, 0x0b, 0x10, 0x15, 0x65, 0x00, 0x01, 0x00, 0x00, 0x00,
    0x00, 0x00, 0x00, 0x00, 0x00, 0x00, 0x00, 0x00, 0x00, 0x00, 0x00, 0x00,
    0x00, 0x00, 0x00, 0x00, 0x00, 0x00, 0x00, 0x00, 0x00, 0x00, 0x00, 0x00,
    0x00, 0x07, 0x00, 0x76, 0x10, 0x10, 0x0b, 0x0b, 0x10, 0x10, 0x0b, 0x10,
    0x0b, 0x26, 0x00, 0x01, 0x00, 0x00, 0x00, 0x07, 0x01, 0x00, 0x00, 0x83,
    0x38, 0x0b, 0x10, 0x0b, 0x0b, 0x10, 0x10, 0x10, 0x0b, 0x4a, 0x00, 0x01,
    0x00, 0x00, 0x00, 0x00, 0x01, 0x00, 0x4c, 0x0b, 0x10, 0x0b, 0x0b, 0x10,
    0x0b, 0x0b, 0x15, 0x34, 0x00, 0x07, 0x00, 0x00, 0x00, 0x00, 0x07, 0x00,
    0x5c, 0x61, 0x0b, 0x10, 0x10, 0x0b, 0xad, 0xae, 0xaf, 0xb0, 0xa5, 0x9b,
    0xb1, 0xae, 0x8b, 0x0b, 0x10, 0x0b, 0x10, 0x0b, 0x64, 0x00, 0x01, 0x00,
    0x00, 0x00, 0x00, 0x00, 0x01, 0x00, 0x17, 0x0b, 0x10, 0x0b, 0x0b, 0x0b,
    0x0b, 0x10, 0x0b, 0x7e, 0x00, 0x01, 0x00, 0x00, 0x00, 0x00, 0x00, 0x00,
    0x00, 0x00, 0x07, 0x00, 0x1a, 0x2b, 0x68, 0x00, 0x07, 0x00, 0x00, 0x00,
    0x01, 0x07, 0x76, 0x10, 0x15, 0x0b, 0x7e, 0x00, 0x01, 0x00, 0x00, 0x00,
    0x07, 0x01, 0x4b, 0x0b, 0x0b, 0x45, 0x08, 0x07, 0x07, 0x00, 0x00, 0x00,
    0x00, 0x00, 0x00, 0x00, 0x00, 0x00, 0x00, 0x00, 0x00, 0x00, 0x00, 0x00,
    0x00, 0x00, 0x00, 0x00, 0x00, 0x00, 0x00, 0x00, 0x00, 0x00, 0x00, 0x00,
    0x00, 0x07, 0x00, 0x42, 0x10, 0x0b, 0x10, 0x0b, 0x0b, 0x0b, 0x10, 0x10,
    0x0b, 0x57, 0x00, 0x01, 0x00, 0x00, 0x01, 0x00, 0x00, 0x65, 0x60, 0x0b,
    0x0b, 0x0b, 0x0b, 0x0b, 0x0b, 0x0b, 0x10, 0x10, 0x0b, 0x14, 0x00, 0x01,
    0x00, 0x00, 0x00, 0x00, 0x01, 0x00, 0x0d, 0x0b, 0x10, 0x10, 0x0b, 0x0b,
    0x0b, 0x0b, 0x0b, 0x06, 0x00, 0x01, 0x00, 0x00, 0x00, 0x00, 0x00, 0x07,
    0x07, 0x04, 0x0b, 0x10, 0x0b, 0x10, 0x0b, 0xb2, 0xb3, 0x96, 0xb4, 0x96,
    0xb5, 0xb6, 0x0b, 0x10, 0x10, 0x0b, 0x15, 0x0b, 0x0d, 0x00, 0x01, 0x00,
    0x00, 0x00, 0x00, 0x00, 0x01, 0x00, 0x6a, 0x0b, 0x10, 0x0b, 0x0b, 0x0b,
    0x0b, 0x10, 0x0b, 0x5a, 0x00, 0x01, 0x00, 0x00, 0x00, 0x00, 0x00, 0x00,
    0x00, 0x00, 0x00, 0x00, 0x00, 0x00, 0x00, 0x07, 0x00, 0x00, 0x00, 0x00,
    0x01, 0x00, 0x19, 0x0b, 0x10, 0x10, 0xb7, 0x00, 0x01, 0x00, 0x00, 0x01,
    0x00, 0x34, 0x15, 0x10, 0x0b, 0x79, 0x00, 0x01, 0x00, 0x00, 0x00, 0x00,
    0x00, 0x00, 0x00, 0x00, 0x00, 0x00, 0x00, 0x00, 0x00, 0x00, 0x00, 0x00,
    0x00, 0x00, 0x00, 0x00, 0x00, 0x00, 0x00, 0x00, 0x00, 0x00, 0x00, 0x00,
    0x00, 0x01, 0x00, 0x42, 0x10, 0x10, 0x0b, 0x10, 0x10, 0x0b, 0x10, 0x15,
    0x0b, 0x57, 0x00, 0x01, 0x07, 0x01, 0x00, 0x58, 0x2b, 0x61, 0x0b, 0x10,
    0x10, 0x0b, 0x10, 0x10, 0x10, 0x0b, 0x0b, 0x10, 0x0b, 0x4a, 0x00, 0x01,
    0x00, 0x00, 0x00, 0x00, 0x01, 0x00, 0x25, 0x0b, 0x10, 0x0b, 0x0b, 0x0b,
    0x10, 0x10, 0x0b, 0x4e, 0x00, 0x01, 0x00, 0x00, 0x00, 0x00, 0x00, 0x01,
    0x00, 0x55, 0x0b, 0x15, 0x0b, 0x10, 0x10, 0x0b, 0xb8, 0xb9, 0xba, 0xbb,
    0xbc, 0x0b, 0x10, 0x0b, 0x0b, 0x10, 0x10, 0x0b, 0x0f, 0x00, 0x01, 0x00,
    0x00, 0x00, 0x00, 0x00, 0x01, 0x00, 0x2b, 0x0b, 0x10, 0x0b, 0x0b, 0x10,
    0x10, 0x10, 0x0b, 0x30, 0x00, 0x01, 0x00, 0x00, 0x00, 0x00, 0x00, 0x00,
    0x00, 0x00, 0x00, 0x00, 0x52, 0x01, 0x01, 0x00, 0x00, 0x00, 0x00, 0x07,
    0x00, 0x65, 0x0c, 0x10, 0x0b, 0x45, 0x85, 0x07, 0x00, 0x00, 0x00, 0x01,
    0x00, 0x2e, 0x0b, 0x10, 0x0b, 0x0f, 0x00, 0x01, 0x00, 0x00, 0x00, 0x00,
    0x00, 0x00, 0x00, 0x00, 0x00, 0x00, 0x00, 0x00, 0x00, 0x00, 0x00, 0x00,
    0x00, 0x00, 0x00, 0x00, 0x00, 0x00, 0x00, 0x00, 0x00, 0x00, 0x00, 0x00,
    0x00, 0x07, 0x00, 0x42, 0x10, 0x0b, 0x0b, 0x0b, 0x0b, 0x0b, 0x0b, 0x10,
    0x0b, 0x5a, 0x00, 0x31, 0x00, 0x00, 0x39, 0x45, 0x0b, 0x0b, 0x10, 0x0b,
    0x0b, 0x0b, 0x0b, 0x0b, 0x0b, 0x10, 0x0b, 0x10, 0x0b, 0x35, 0x00, 0x01,
    0x00, 0x00, 0x00, 0x00, 0x01, 0x00, 0x83, 0x0b, 0x10, 0x0b, 0x10, 0x0b,
    0x10, 0x10, 0x0b, 0x4a, 0x00, 0x01, 0x00, 0x00, 0x00, 0x00, 0x00, 0x07,
    0x00, 0x65, 0x15, 0x10, 0x0b, 0x0b, 0x0b, 0x0b, 0x0b, 0x0b, 0xbd, 0x0b,
    0x0b, 0x10, 0x0b, 0x0b, 0x0b, 0x10, 0x0b, 0x56, 0x74, 0x07, 0x00, 0x00,
    0x00, 0x00, 0x00, 0x00, 0x01, 0x00, 0x05, 0x0b, 0x10, 0x10, 0x10, 0x0b,
    0x0b, 0x10, 0x0b, 0x39, 0x00, 0x01, 0x00, 0x00, 0x00, 0x00, 0x00, 0x00,
    0x00, 0x00, 0x00, 0x00, 0x00, 0x00, 0x00, 0x00, 0x00, 0x00, 0x00, 0x01,
    0x07, 0x05, 0x0b, 0x10, 0x0b, 0xbe, 0x00, 0x01, 0x00, 0x00, 0x00, 0x07,
    0x00, 0x04, 0x0b, 0x0b, 0x5e, 0x54, 0x00, 0x07, 0x00, 0x00, 0x00, 0x00,
    0x00, 0x00, 0x00, 0x00, 0x00, 0x00, 0x00, 0x00, 0x00, 0x00, 0x00, 0x00,
    0x00, 0x00, 0x00, 0x00, 0x00, 0x00, 0x00, 0x00, 0x00, 0x00, 0x00, 0x00,
    0x00, 0x07, 0x00, 0x76, 0x0b, 0x10, 0x10, 0x0b, 0x10, 0x10, 0x0b, 0x15,
    0x0b, 0x0d, 0x07, 0x00, 0x1f, 0x4c, 0x0b, 0x0b, 0x10, 0x10, 0x0b, 0x0b,
    0x10, 0x10, 0x0b, 0x10, 0x0b, 0x0b, 0x0b, 0x15, 0x10, 0x7e, 0x00, 0x01,
    0x00, 0x00, 0x00, 0x00, 0x07, 0x00, 0x41, 0x10, 0x0b, 0x0b, 0x0b, 0x0b,
    0x0b, 0x10, 0x0b, 0x56, 0x01, 0x07, 0x00, 0x00, 0x00, 0x00, 0x00, 0x00,
    0x01, 0x00, 0x14, 0x0b, 0x15, 0x10, 0x0b, 0x0b, 0x0b, 0x10, 0x0b, 0x10,
    0x10, 0x0b, 0x0b, 0x0b, 0x0b, 0x15, 0x0b, 0x5f, 0x00, 0x01, 0x00, 0x00,
    0x00, 0x00, 0x00, 0x07, 0x00, 0x44, 0x5e, 0x0b, 0x10, 0x0b, 0x10, 0x0b,
    0x10, 0x0b, 0x15, 0x2d, 0x00, 0x07, 0x00, 0x00, 0x00, 0x00, 0x00, 0x00,
    0x00, 0x00, 0x00, 0x00, 0x00, 0x00, 0x00, 0x00, 0x00, 0x00, 0x07, 0x00,
    0x49, 0x0c, 0x10, 0x0b, 0x5e, 0x44, 0x07, 0x07, 0x00, 0x00, 0x01, 0x07,
    0x37, 0x10, 0x10, 0x0b, 0x77, 0x00, 0x01, 0x00, 0x00, 0x00, 0x00, 0x00,
    0x00, 0x00, 0x00, 0x00, 0x00, 0x00, 0x00, 0x00, 0x00, 0x00, 0x00, 0x00,
    0x00, 0x00, 0x00, 0x00, 0x00, 0x00, 0x00, 0x00, 0x00, 0x00, 0x00, 0x00,
    0x00, 0x08, 0x00, 0x7c, 0x0b, 0x0b, 0x10, 0x0b, 0x0b, 0x0b, 0x0b, 0x10,
    0x0b, 0x57, 0x00, 0x12, 0x0a, 0x0b, 0x10, 0x10, 0x0b, 0x0b, 0x10, 0x10,
    0x0b, 0x10, 0x0b, 0x0b, 0x0b, 0x0b, 0x10, 0x10, 0x0b, 0x0d, 0x00, 0x01,
    0x00, 0x00, 0x00, 0x00, 0x07, 0x00, 0x44, 0x11, 0x0b, 0x10, 0x0b, 0x0b,
    0x10, 0x10, 0x0b, 0x0b, 0x37, 0x07, 0x01, 0x00, 0x00, 0x00, 0x00, 0x00,
    0x07, 0x07, 0x6f, 0x04, 0x0b, 0x15, 0x0b, 0x10, 0x0b, 0x0b, 0x0b, 0x0b,
    0x0b, 0x10, 0x10, 0x10, 0x10, 0x0b, 0x05, 0x00, 0x01, 0x00, 0x00, 0x00,
    0x00, 0x00, 0x00, 0x01, 0x07, 0x39, 0x0b, 0x10, 0x0b, 0x0b, 0x0b, 0x10,
    0x10, 0x0b, 0x38, 0x74, 0x00, 0x00, 0x00, 0x00, 0x00, 0x00, 0x00, 0x00,
    0x00, 0x00, 0x00, 0x00, 0x00, 0x00, 0x00, 0x00, 0x00, 0x00, 0x00, 0x07,
    0x31, 0x16, 0x0b, 0x0b, 0x6a, 0x00, 0x01, 0x00, 0x00, 0x00, 0x01, 0x00,
    0x05, 0x0b, 0x10, 0x15, 0x41, 0x00, 0x08, 0x00, 0x00, 0x00, 0x00, 0x00,
    0x00, 0x00, 0x00, 0x00, 0x00, 0x00, 0x00, 0x00, 0x00, 0x00, 0x00, 0x00,
    0x00, 0x00, 0x00, 0x00, 0x00, 0x00, 0x00, 0x00, 0x00, 0x00, 0x00, 0x00,
    0x00, 0x85, 0x00, 0x37, 0x0b, 0x0b, 0x0b, 0x0b, 0x10, 0x0b, 0x0b, 0x10,
    0x0b, 0x05, 0x3e, 0x0b, 0x0b, 0x10, 0x10, 0x0b, 0x0b, 0x10, 0x0b, 0x10,
    0x0b, 0x0b, 0x0b, 0x0b, 0x10, 0x10, 0x0b, 0x0c, 0x46, 0x6c, 0x07, 0x07,
    0x00, 0x00, 0x00, 0x00, 0x00, 0x01, 0x00, 0x3e, 0x0b, 0x10, 0x0b, 0x0b,
    0x10, 0x10, 0x10, 0x0b, 0x03, 0x00, 0x01, 0x00, 0x00, 0x00, 0x00, 0x00,
    0x00, 0x01, 0x00, 0x81, 0x45, 0x0b, 0x10, 0x15, 0x10, 0x10, 0x0b, 0x0b,
    0x0b, 0x10, 0x10, 0x10, 0x0b, 0xbf, 0x7b, 0x07, 0x07, 0x00, 0x00, 0x00,
    0x00, 0x00, 0x00, 0x01, 0x00, 0x05, 0x0b, 0x10, 0x0b, 0x0b, 0x0b, 0x0b,
    0x10, 0x0b, 0x05, 0x00, 0x01, 0x00, 0x00, 0x00, 0x00, 0x00, 0x00, 0x00,
    0x00, 0x00, 0x00, 0x00, 0x00, 0x00, 0x00, 0x00, 0x00, 0x00, 0x00, 0x07,
    0x00, 0x0e, 0x1e, 0x0f, 0x00, 0x07, 0x00, 0x00, 0x00, 0x07, 0x07, 0x65,
    0x15, 0x10, 0x0b, 0xc0, 0x00, 0x01, 0x00, 0x00, 0x00, 0x00, 0x00, 0x00,
    0x00, 0x00, 0x00, 0x00, 0x00, 0x00, 0x00, 0x00, 0x00, 0x00, 0x00, 0x00,
    0x00, 0x00, 0x00, 0x00, 0x00, 0x00, 0x00, 0x00, 0x00, 0x00, 0x00, 0x00,
    0x00, 0x08, 0x00, 0x76, 0x0b, 0x10, 0x10, 0x10, 0x0b, 0x10, 0x10, 0x10,
    0x0b, 0x0b, 0x0b, 0x10, 0x10, 0x0b, 0x0b, 0x10, 0x0b, 0x0b, 0x10, 0x0b,
    0x10, 0x0b, 0x10, 0x10, 0x0b, 0x0b, 0x60, 0x1b, 0x00, 0x00, 0x00, 0x00,
    0x00, 0x00, 0x00, 0x00, 0x00, 0x01, 0x00, 0x32, 0x0b, 0x10, 0x10, 0x0b,
    0x0b, 0x0b, 0x10, 0x0b, 0x61, 0x87, 0x07, 0x01, 0x00, 0x00, 0x00, 0x00,
    0x00, 0x00, 0x07, 0x00, 0x6c, 0x19, 0x0b, 0x0b, 0x0b, 0x0b, 0x10, 0x10,
    0x0b, 0x0b, 0x0b, 0x15, 0x5a, 0x43, 0x00, 0x07, 0x00, 0x00, 0x00, 0x00,
    0x00, 0x00, 0x07, 0x07, 0x2d, 0x0c, 0x0b, 0x0b, 0x0b, 0x10, 0x10, 0x10,
    0x10, 0x0b, 0x32, 0x00, 0x01, 0x00, 0x00, 0x00, 0x00, 0x00, 0x00, 0x00,
    0x00, 0x00, 0x00, 0x00, 0x00, 0x00, 0x00, 0x00, 0x00, 0x00, 0x00, 0x00,
    0x00, 0x00, 0x00, 0x00, 0x07, 0x00, 0x00, 0x00, 0x00, 0x01, 0x00, 0x7e,
    0x0b, 0x10, 0x0b, 0x83, 0x00, 0x01, 0x00, 0x00, 0x00, 0x00, 0x00, 0x00,
    0x00, 0x00, 0x00, 0x00, 0x00, 0x00, 0x00, 0x00, 0x00, 0x00, 0x00, 0x00,
    0x00, 0x00, 0x00, 0x00, 0x00, 0x00, 0x00, 0x00, 0x00, 0x00, 0x00, 0x00,
    0x00, 0x07, 0x00, 0x42, 0x10, 0x0b, 0x10, 0x0b, 0x0b, 0x0b, 0x10, 0x10,
    0x10, 0x10, 0x10, 0x0b, 0x0b, 0x10, 0x0b, 0x0b, 0x0b, 0x10, 0x0b, 0x0b,
    0x10, 0x10, 0x0b, 0x0b, 0x38, 0x83, 0x00, 0x00, 0x01, 0x07, 0x00, 0x00,
    0x00, 0x00, 0x00, 0x00, 0x00, 0x07, 0x00, 0x81, 0x1d, 0x0b, 0x10, 0x0b,
    0x10, 0x0b, 0x0b, 0x10, 0x0b, 0x4a, 0x00, 0x01, 0x00, 0x00, 0x00, 0x00,
    0x00, 0x00, 0x00, 0x01, 0x00, 0x00, 0x67, 0x05, 0x5e, 0x10, 0x0b, 0x0b,
    0x10, 0x56, 0x4a, 0x1b, 0x00, 0x07, 0x07, 0x00, 0x00, 0x00, 0x00, 0x00,
    0x00, 0x00, 0x01, 0x00, 0x4c, 0x0b, 0x10, 0x10, 0x0b, 0x0b, 0x0b, 0x10,
    0x0b, 0x61, 0x87, 0x00, 0x07, 0x00, 0x00, 0x00, 0x00, 0x00, 0x00, 0x00,
    0x00, 0x00, 0x00, 0x00, 0x00, 0x00, 0x00, 0x00, 0x00, 0x00, 0x00, 0x00,
    0x00, 0x07, 0x01, 0x01, 0x00, 0x00, 0x00, 0x00, 0x01, 0x00, 0x2c, 0x15,
    0x15, 0x0b, 0x04, 0x01, 0x07, 0x00, 0x00, 0x00, 0x00, 0x00, 0x00, 0x00,
    0x00, 0x00, 0x00, 0x00, 0x00, 0x00, 0x00, 0x00, 0x00, 0x00, 0x00, 0x00,
    0x00, 0x00, 0x00, 0x00, 0x00, 0x00, 0x00, 0x00, 0x00, 0x00, 0x00, 0x00,
    0x00, 0x07, 0x00, 0x42, 0x15, 0x0b, 0x0b, 0x0b, 0x10, 0x0b, 0x0b, 0x0b,
    0x0b, 0x0b, 0x0b, 0x10, 0x0b, 0x0b, 0x0b, 0x10, 0x10, 0x0b, 0x0b, 0x10,
    0x10, 0x0b, 0x1d, 0x46, 0x54, 0x00, 0x01, 0x01, 0x00, 0x00, 0x00, 0x00,
    0x00, 0x00, 0x00, 0x00, 0x00, 0x00, 0x01, 0x00, 0x19, 0x0b, 0x10, 0x0b,
    0x10, 0x0b, 0x0b, 0x10, 0x10, 0x10, 0x82, 0x00, 0x01, 0x00, 0x00, 0x00,
    0x00, 0x00, 0x00, 0x00, 0x07, 0x07, 0x00, 0x00, 0x44, 0x34, 0x3c, 0x3c,
    0x65, 0x74, 0x00, 0x00, 0x01, 0x00, 0x00, 0x00, 0x00, 0x00, 0x00, 0x00,
    0x00, 0x01, 0x00, 0x2c, 0x10, 0x10, 0x10, 0x0b, 0x0b, 0x0b, 0x0b, 0x10,
    0x0b, 0x60, 0x00, 0x01, 0x00, 0x00, 0x00, 0x00, 0x00, 0x00, 0x00, 0x00,
    0x00, 0x00, 0x00, 0x00, 0x00, 0x00, 0x00, 0x00, 0x00, 0x00, 0x00, 0x00,
    0x00, 0x00, 0x00, 0x00, 0x00, 0x00, 0x00, 0x00, 0x07, 0x07, 0x1c, 0x0b,
    0x15, 0x0b, 0x23, 0x00, 0x01, 0x00, 0x00, 0x00, 0x00, 0x00, 0x00, 0x00,
    0x00, 0x00, 0x00, 0x00, 0x00, 0x00, 0x00, 0x00, 0x00, 0x00, 0x00, 0x00,
    0x00, 0x00, 0x00, 0x00, 0x00, 0x00, 0x00, 0x00, 0x00, 0x00, 0x00, 0x00,
    0x00, 0x01, 0x00, 0x1b, 0x10, 0x0b, 0x10, 0x0b, 0x10, 0x10, 0x0b, 0x10,
    0x0b, 0x0b, 0x0b, 0x0b, 0x0b, 0x0b, 0x10, 0x0b, 0x0b, 0x0b, 0x10, 0x0b,
    0x0b, 0x05, 0x89, 0x00, 0x00, 0x01, 0x00, 0x00, 0x00, 0x00, 0x00, 0x00,
    0x00, 0x00, 0x00, 0x00, 0x00, 0x00, 0x01, 0x00, 0x67, 0x0b, 0x10, 0x0b,
    0x10, 0x10, 0x0b, 0x0b, 0x10, 0x0b, 0x45, 0x66, 0x01, 0x07, 0x00, 0x00,
    0x00, 0x00, 0x00, 0x00, 0x00, 0x00, 0x01, 0x01, 0x00, 0x00, 0x00, 0x00,
    0x00, 0x00, 0x01, 0x01, 0x00, 0x00, 0x00, 0x00, 0x00, 0x00, 0x00, 0x00,
    0x07, 0x01, 0xc1, 0x04, 0x0b, 0x10, 0x0b, 0x0b, 0x0b, 0x10, 0x10, 0x0b,
    0x10, 0x2c, 0x00, 0x31, 0x00, 0x00, 0x00, 0x00, 0x00, 0x00, 0x00, 0x00,
    0x00, 0x00, 0x00, 0x00, 0x00, 0x00, 0x00, 0x00, 0x00, 0x00, 0x00, 0x00,
    0x00, 0x00, 0x00, 0x00, 0x00, 0x00, 0x00, 0x01, 0x00, 0x37, 0x0b, 0x0c,
    0x0b, 0x4f, 0x07, 0x01, 0x00, 0x00, 0x00, 0x00, 0x00, 0x00, 0x00, 0x00,
    0x00, 0x00, 0x00, 0x00, 0x00, 0x00, 0x00, 0x00, 0x00, 0x00, 0x00, 0x00,
    0x00, 0x00, 0x00, 0x00, 0x00, 0x00, 0x00, 0x00, 0x00, 0x00, 0x00, 0x00,
    0x00, 0x07, 0x00, 0x42, 0x10, 0x0b, 0x10, 0x0b, 0x0b, 0x10, 0x0b, 0x10,
    0x10, 0x10, 0x10, 0x10, 0x0b, 0x10, 0x0b, 0x0b, 0x10, 0x0b, 0x0b, 0x45,
    0x39, 0x00, 0x00, 0x01, 0x07, 0x00, 0x00, 0x00, 0x00, 0x00, 0x00, 0x00,
    0x00, 0x00, 0x00, 0x00, 0x00, 0x00, 0x00, 0x01, 0x00, 0x1c, 0x0b, 0x10,
    0x0b, 0x0b, 0x10, 0x0b, 0x0b, 0x10, 0x0b, 0x4a, 0x00, 0x01, 0x07, 0x00,
    0x00, 0x00, 0x00, 0x00, 0x00, 0x00, 0x00, 0x00, 0x07, 0x01, 0x01, 0x01,
    0x01, 0x07, 0x00, 0x00, 0x00, 0x00, 0x00, 0x00, 0x00, 0x00, 0x00, 0x07,
    0x01, 0x00, 0x4a, 0x0b, 0x10, 0x10, 0x0b, 0x0b, 0x10, 0x0b, 0x0b, 0x10,
    0x10, 0x24, 0x54, 0x00, 0x01, 0x07, 0x00, 0x00, 0x00, 0x00, 0x00, 0x00,
    0x00, 0x00, 0x00, 0x00, 0x00, 0x00, 0x00, 0x00, 0x00, 0x00, 0x00, 0x00,
    0x00, 0x00, 0x00, 0x00, 0x00, 0x00, 0x00, 0x07, 0x07, 0x2d, 0x1d, 0x0b,
    0x0c, 0x2c, 0x00, 0x01, 0x00, 0x00, 0x00, 0x00, 0x00, 0x00, 0x00, 0x00,
    0x00, 0x00, 0x00, 0x00, 0x00, 0x00, 0x00, 0x00, 0x00, 0x00, 0x00, 0x00,
    0x00, 0x00, 0x00, 0x00, 0x00, 0x00, 0x00, 0x00, 0x00, 0x00, 0x00, 0x00,
    0x00, 0x85, 0x00, 0x76, 0x0b, 0x10, 0x0b, 0x0b, 0x0b, 0x0b, 0x10, 0x0b,
    0x10, 0x0b, 0x0b, 0x0b, 0x0b, 0x10, 0x0b, 0x10, 0x0b, 0x1d, 0x2e, 0x31,
    0x00, 0x01, 0x07, 0x00, 0x00, 0x00, 0x00, 0x00, 0x00, 0x00, 0x00, 0x00,
    0x00, 0x00, 0x00, 0x00, 0x00, 0x01, 0x01, 0x00, 0x31, 0x19, 0x0b, 0x10,
    0x10, 0x0b, 0x10, 0x10, 0x0b, 0x10, 0x15, 0x0b, 0x28, 0x00, 0x01, 0x07,
    0x00, 0x00, 0x00, 0x00, 0x00, 0x00, 0x00, 0x00, 0x00, 0x00, 0x00, 0x00,
    0x00, 0x00, 0x00, 0x00, 0x00, 0x00, 0x00, 0x00, 0x00, 0x00, 0x07, 0x01,
    0x00, 0x2b, 0x0b, 0x10, 0x0b, 0x0b, 0x0b, 0x0b, 0x10, 0x10, 0x0b, 0x0b,
    0x0b, 0x0b, 0x38, 0x68, 0x00, 0x00, 0x01, 0x07, 0x00, 0x00, 0x00, 0x00,
    0x00, 0x00, 0x00, 0x00, 0x00, 0x00, 0x00, 0x00, 0x00, 0x00, 0x00, 0x00,
    0x00, 0x00, 0x00, 0x00, 0x00, 0x00, 0x00, 0x00, 0x07, 0x00, 0x5b, 0x57,
    0x37, 0x00, 0x07, 0x00, 0x00, 0x00, 0x00, 0x00, 0x00, 0x00, 0x00, 0x00,
    0x00, 0x00, 0x00, 0x00, 0x00, 0x00, 0x00, 0x00, 0x00, 0x00, 0x00, 0x00,
    0x00, 0x00, 0x00, 0x00, 0x00, 0x00, 0x00, 0x00, 0x00, 0x00, 0x00, 0x00,
    0x00, 0x08, 0x00, 0x37, 0x0b, 0x0b, 0x0b, 0x0b, 0x10, 0x10, 0x0b, 0x0b,
    0x10, 0x0b, 0x10, 0x0b, 0x0b, 0x10, 0x0b, 0x0b, 0x05, 0x2d, 0x00, 0x00,
    0x01, 0x00, 0x00, 0x00, 0x00, 0x00, 0x00, 0x00, 0x00, 0x00, 0x00, 0x00,
    0x00, 0x00, 0x00, 0x07, 0x01, 0x00, 0x00, 0x6a, 0x56, 0x0b, 0x0b, 0x0b,
    0x10, 0x0b, 0x0b, 0x10, 0x0b, 0x0b, 0x10, 0x10, 0x0b, 0x25, 0x00, 0x00,
    0x01, 0x00, 0x00, 0x00, 0x00, 0x00, 0x00, 0x00, 0x00, 0x00, 0x00, 0x00,
    0x00, 0x00, 0x00, 0x00, 0x00, 0x00, 0x00, 0x00, 0x00, 0x01, 0x07, 0x00,
    0x2b, 0x0b, 0x10, 0x0b, 0x0b, 0x10, 0x10, 0x0b, 0x10, 0x0b, 0x10, 0x0b,
    0x0b, 0x15, 0x0b, 0x0b, 0x72, 0x65, 0x00, 0x00, 0x01, 0x00, 0x00, 0x00,
    0x00, 0x00, 0x00, 0x00, 0x00, 0x00, 0x00, 0x00, 0x00, 0x00, 0x00, 0x00,
    0x00, 0x00, 0x00, 0x00, 0x00, 0x00, 0x00, 0x00, 0x00, 0x07, 0x00, 0x00,
    0x00, 0x07, 0x00, 0x00, 0x00, 0x00, 0x00, 0x00, 0x00, 0x00, 0x00, 0x00,
    0x00, 0x00, 0x00, 0x00, 0x00, 0x00, 0x00, 0x00, 0x00, 0x00, 0x00, 0x00,
    0x00, 0x00, 0x00, 0x00, 0x00, 0x00, 0x00, 0x00, 0x00, 0x00, 0x00, 0x00,
    0x00, 0x01, 0x00, 0x3a, 0x0b, 0x10, 0x10, 0x0b, 0x0b, 0x10, 0x0b, 0x0b,
    0x0b, 0x0b, 0x0b, 0x10, 0x0b, 0x0b, 0x56, 0x91, 0x00, 0x00, 0x01, 0x07,
    0x00, 0x00, 0x00, 0x00, 0x00, 0x00, 0x00, 0x00, 0x00, 0x00, 0x00, 0x00,
    0x00, 0x00, 0x01, 0x00, 0x00, 0x42, 0x27, 0x0b, 0x0b, 0x10, 0x0b, 0x0b,
    0x10, 0x0b, 0x0b, 0x10, 0x0b, 0x0b, 0x0b, 0x10, 0x10, 0x0b, 0x19, 0x44,
    0x00, 0x01, 0x01, 0x00, 0x00, 0x00, 0x00, 0x00, 0x00, 0x00, 0x00, 0x00,
    0x00, 0x00, 0x00, 0x00, 0x00, 0x00, 0x00, 0x07, 0x01, 0x00, 0x66, 0x4a,
    0x0b, 0x10, 0x10, 0x10, 0x10, 0x0b, 0x10, 0x10, 0x0b, 0x0b, 0x0b, 0x10,
    0x0b, 0x0b, 0x10, 0x10, 0x0b, 0x61, 0x57, 0x31, 0x00, 0x01, 0x07, 0x00,
    0x00, 0x00, 0x00, 0x00, 0x00, 0x00, 0x00, 0x00, 0x00, 0x00, 0x00, 0x00,
    0x00, 0x00, 0x00, 0x00, 0x00, 0x00, 0x00, 0x00, 0x00, 0x00, 0x01, 0x01,
    0x07, 0x00, 0x00, 0x00, 0x00, 0x00, 0x00, 0x00, 0x00, 0x00, 0x00, 0x00,
    0x00, 0x00, 0x00, 0x00, 0x00, 0x00, 0x00, 0x00, 0x00, 0x00, 0x00, 0x00,
    0x00, 0x00, 0x00, 0x00, 0x00, 0x00, 0x00, 0x00, 0x00, 0x00, 0x00, 0x00,
    0x00, 0x01, 0x00, 0x90, 0x0b, 0x0b, 0x10, 0x0b, 0x0b, 0x10, 0x0b, 0x0b,
    0x10, 0x10, 0x10, 0x0b, 0x1d, 0x57, 0x31, 0x00, 0x01, 0x07, 0x00, 0x00,
    0x00, 0x00, 0x00, 0x00, 0x00, 0x00, 0x00, 0x00, 0x00, 0x00, 0x00, 0x00,
    0x01, 0x07, 0x00, 0x3b, 0x0d, 0x15, 0x0b, 0x10, 0x10, 0x10, 0x10, 0x0b,
    0x10, 0x10, 0x0b, 0x0b, 0x10, 0x10, 0x0b, 0x0b, 0x10, 0x10, 0x0b, 0x45,
    0x17, 0x00, 0x00, 0x01, 0x01, 0x07, 0x00, 0x00, 0x00, 0x00, 0x00, 0x00,
    0x00, 0x00, 0x00, 0x00, 0x07, 0x08, 0x01, 0x00, 0x00, 0x06, 0x04, 0x0b,
    0x10, 0x10, 0x0b, 0x0b, 0x10, 0x0b, 0x0b, 0x10, 0x0b, 0x10, 0x0b, 0x10,
    0x10, 0x0b, 0x0b, 0x10, 0x10, 0x0b, 0x0b, 0x4b, 0x39, 0x00, 0x00, 0x01,
    0x00, 0x00, 0x00, 0x00, 0x00, 0x00, 0x00, 0x00, 0x00, 0x00, 0x00, 0x00,
    0x00, 0x00, 0x00, 0x00, 0x00, 0x00, 0x00, 0x00, 0x00, 0x00, 0x00, 0x00,
    0x00, 0x00, 0x00, 0x00, 0x00, 0x00, 0x00, 0x00, 0x00, 0x00, 0x00, 0x00,
    0x00, 0x00, 0x00, 0x00, 0x00, 0x00, 0x00, 0x00, 0x00, 0x00, 0x00, 0x00,
    0x00, 0x00, 0x00, 0x00, 0x00, 0x00, 0x00, 0x00, 0x00, 0x00, 0x00, 0x00,
    0x00, 0x07, 0x00, 0x42, 0x10, 0x0b, 0x10, 0x10, 0x0b, 0x0b, 0x10, 0x0b,
    0x10, 0x0b, 0x0b, 0x4c, 0x8f, 0x00, 0x00, 0x01, 0x00, 0x00, 0x00, 0x00,
    0x00, 0x00, 0x00, 0x00, 0x00, 0x00, 0x00, 0x00, 0x00, 0x00, 0x07, 0x01,
    0x00, 0x00, 0x5f, 0x38, 0x0b, 0x0b, 0x10, 0x0b, 0x0b, 0x0b, 0x0b, 0x10,
    0x0b, 0x0b, 0x0b, 0x0b, 0x0b, 0x0b, 0x0b, 0x0b, 0x0b, 0x10, 0x10, 0x0b,
    0x10, 0x14, 0x2d, 0x00, 0x00, 0x00, 0x01, 0x01, 0x01, 0x07, 0x07, 0x01,
    0x01, 0x01, 0x01, 0x01, 0x00, 0x00, 0x00, 0x2d, 0x35, 0x10, 0x0b, 0x10,
    0x0b, 0x10, 0x0b, 0x0b, 0x0b, 0x0b, 0x0b, 0x10, 0x10, 0x0b, 0x0b, 0x0b,
    0x10, 0x0b, 0x0b, 0x0b, 0x10, 0x10, 0x10, 0x0b, 0x0b, 0x4c, 0x1f, 0x00,
    0x07, 0x01, 0x00, 0x00, 0x00, 0x00, 0x00, 0x00, 0x00, 0x00, 0x00, 0x00,
    0x00, 0x00, 0x00, 0x00, 0x00, 0x00, 0x00, 0x00, 0x00, 0x00, 0x00, 0x00,
    0x00, 0x00, 0x00, 0x00, 0x00, 0x00, 0x00, 0x00, 0x00, 0x00, 0x00, 0x00,
    0x00, 0x00, 0x00, 0x00, 0x00, 0x00, 0x00, 0x00, 0x00, 0x00, 0x00, 0x00,
    0x00, 0x00, 0x00, 0x00, 0x00, 0x00, 0x00, 0x00, 0x00, 0x00, 0x00, 0x00,
    0x00, 0x07, 0x00, 0x42, 0x10, 0x10, 0x0b, 0x0b, 0x0b, 0x0b, 0x10, 0x0b,
    0x0b, 0x45, 0x29, 0x00, 0x00, 0x01, 0x07, 0x00, 0x00, 0x00, 0x00, 0x00,
    0x00, 0x00, 0x00, 0x00, 0x00, 0x00, 0x00, 0x00, 0x00, 0x01, 0x00, 0x00,
    0x65, 0x72, 0x0b, 0x0b, 0x10, 0x0b, 0x0b, 0x10, 0x0b, 0x0b, 0x0b, 0x0b,
    0x10, 0x0b, 0x10, 0x0b, 0x10, 0x0b, 0x0b, 0x10, 0x0b, 0x0b, 0x10, 0x10,
    0x0b, 0x0b, 0x61, 0x05, 0x91, 0x3b, 0x00, 0x00, 0x00, 0x00, 0x00, 0x00,
    0x00, 0x00, 0x00, 0x00, 0x01, 0x3c, 0x14, 0x61, 0x0b, 0x10, 0x10, 0x0b,
    0x0b, 0x10, 0x10, 0x10, 0x0b, 0x0b, 0x10, 0x0b, 0x0b, 0x10, 0x10, 0x0b,
    0x0b, 0x0b, 0x0b, 0x0b, 0x0b, 0x10, 0x0b, 0x10, 0x10, 0x0b, 0x0a, 0x21,
    0x00, 0x00, 0x01, 0x07, 0x00, 0x00, 0x00, 0x00, 0x00, 0x00, 0x00, 0x00,
    0x00, 0x00, 0x00, 0x00, 0x00, 0x00, 0x00, 0x00, 0x00, 0x00, 0x00, 0x00,
    0x00, 0x00, 0x00, 0x00, 0x00, 0x00, 0x00, 0x00, 0x00, 0x00, 0x00, 0x00,
    0x00, 0x00, 0x00, 0x00, 0x00, 0x00, 0x00, 0x00, 0x00, 0x00, 0x00, 0x00,
    0x00, 0x00, 0x00, 0x00, 0x00, 0x00, 0x00, 0x00, 0x00, 0x00, 0x00, 0x00,
    0x00, 0x01, 0x00, 0x42, 0x10, 0x0b, 0x10, 0x0b, 0x10, 0x10, 0x0b, 0x1d,
    0x28, 0x01, 0x00, 0x01, 0x07, 0x00, 0x00, 0x00, 0x00, 0x00, 0x00, 0x00,
    0x00, 0x00, 0x00, 0x00, 0x00, 0x00, 0x00, 0x07, 0x07, 0x00, 0x54, 0x77,
    0x61, 0x0b, 0x10, 0x0b, 0x0b, 0x0b, 0x0b, 0x10, 0x0b, 0x10, 0x0b, 0x0b,
    0x0b, 0x10, 0x0b, 0x0b, 0x10, 0x0b, 0x10, 0x0b, 0x0b, 0x10, 0x0b, 0x0b,
    0x0b, 0x10, 0x0b, 0x0b, 0x0b, 0x53, 0x60, 0x30, 0x39, 0x06, 0x2c, 0x42,
    0x3a, 0x33, 0x21, 0x4c, 0x56, 0x0b, 0x0b, 0x0b, 0x10, 0x10, 0x0b, 0x10,
    0x10, 0x0b, 0x0b, 0x10, 0x10, 0x10, 0x0b, 0x0c, 0x61, 0x0b, 0x10, 0x10,
    0x0b, 0x10, 0x0b, 0x10, 0x0b, 0x0b, 0x10, 0x0b, 0x0b, 0x10, 0x0b, 0x0b,
    0x22, 0x0f, 0x00, 0x00, 0x66, 0x00, 0x00, 0x00, 0x00, 0x00, 0x00, 0x00,
    0x00, 0x00, 0x00, 0x00, 0x00, 0x00, 0x00, 0x00, 0x00, 0x00, 0x00, 0x00,
    0x00, 0x00, 0x00, 0x00, 0x00, 0x00, 0x00, 0x00, 0x00, 0x00, 0x00, 0x00,
    0x00, 0x00, 0x00, 0x00, 0x00, 0x00, 0x00, 0x00, 0x00, 0x00, 0x00, 0x00,
    0x00, 0x00, 0x00, 0x00, 0x00, 0x00, 0x00, 0x00, 0x00, 0x00, 0x00, 0x00,
    0x00, 0x07, 0x00, 0x42, 0x10, 0x0b, 0x10, 0x10, 0x0b, 0x0b, 0x05, 0x2d,
    0x00, 0x00, 0x01, 0x00, 0x00, 0x00, 0x00, 0x00, 0x00, 0x00, 0x00, 0x00,
    0x00, 0x00, 0x00, 0x00, 0x00, 0x07, 0x01, 0x00, 0x00, 0x68, 0x38, 0x0b,
    0x0b, 0x10, 0x0b, 0x0b, 0x10, 0x0b, 0x10, 0x10, 0x0b, 0x10, 0x0b, 0x10,
    0x10, 0x0b, 0x0c, 0x0c, 0x0b, 0x10, 0x10, 0x10, 0x0b, 0x0b, 0x0b, 0x0b,
    0x0b, 0x10, 0x10, 0x10, 0x0b, 0x0b, 0x0b, 0x0b, 0x0b, 0x0b, 0x0b, 0x0b,
    0x0b, 0x0b, 0x0b, 0x0b, 0x0b, 0x10, 0x10, 0x10, 0x10, 0x0b, 0x0b, 0x10,
    0x0b, 0x0b, 0x0b, 0x0b, 0x10, 0x0b, 0x0c, 0x0f, 0x1b, 0x1c, 0x0b, 0x0b,
    0x10, 0x10, 0x10, 0x0b, 0x10, 0x0b, 0x0b, 0x0b, 0x10, 0x0b, 0x0b, 0x10,
    0x0b, 0x10, 0x14, 0x49, 0x00, 0x07, 0x01, 0x00, 0x00, 0x00, 0x00, 0x00,
    0x00, 0x00, 0x00, 0x00, 0x00, 0x00, 0x00, 0x00, 0x00, 0x00, 0x00, 0x00,
    0x00, 0x00, 0x00, 0x00, 0x00, 0x00, 0x00, 0x00, 0x00, 0x00, 0x00, 0x00,
    0x00, 0x00, 0x00, 0x00, 0x00, 0x00, 0x00, 0x00, 0x00, 0x00, 0x00, 0x00,
    0x00, 0x00, 0x00, 0x00, 0x00, 0x00, 0x00, 0x00, 0x00, 0x00, 0x00, 0x00,
    0x00, 0x01, 0x00, 0x3a, 0x0b, 0x10, 0x0b, 0x0b, 0x45, 0x23, 0x00, 0x00,
    0x01, 0x07, 0x00, 0x00, 0x00, 0x00, 0x00, 0x00, 0x00, 0x00, 0x00, 0x00,
    0x00, 0x00, 0x00, 0x00, 0x01, 0x00, 0x00, 0x42, 0x72, 0x0b, 0x0b, 0x10,
    0x0b, 0x0b, 0x10, 0x10, 0x0b, 0x0b, 0x0b, 0x0b, 0x0b, 0x10, 0x10, 0x0b,
    0x0b, 0x64, 0x5b, 0x2a, 0x0a, 0x0b, 0x15, 0x0b, 0x0b, 0x0b, 0x0b, 0x0b,
    0x10, 0x0b, 0x0b, 0x0b, 0x0b, 0x10, 0x10, 0x10, 0x10, 0x10, 0x0b, 0x0b,
    0x10, 0x10, 0x10, 0x10, 0x10, 0x10, 0x0b, 0x0b, 0x10, 0x0b, 0x10, 0x0b,
    0x0b, 0x0b, 0x0b, 0x10, 0x0b, 0x53, 0x17, 0x00, 0x00, 0x00, 0x1e, 0x53,
    0x0b, 0x10, 0x10, 0x0b, 0x0b, 0x10, 0x0b, 0x10, 0x10, 0x10, 0x0b, 0x0b,
    0x10, 0x10, 0x0b, 0x53, 0x1e, 0x00, 0x00, 0x01, 0x07, 0x00, 0x00, 0x00,
    0x00, 0x00, 0x00, 0x00, 0x00, 0x00, 0x00, 0x00, 0x00, 0x00, 0x00, 0x00,
    0x00, 0x00, 0x00, 0x00, 0x00, 0x00, 0x00, 0x00, 0x00, 0x00, 0x00, 0x00,
    0x00, 0x00, 0x00, 0x00, 0x00, 0x00, 0x00, 0x00, 0x00, 0x00, 0x00, 0x00,
    0x00, 0x00, 0x00, 0x00, 0x00, 0x00, 0x00, 0x00, 0x00, 0x00, 0x00, 0x00,
    0x00, 0x01, 0x00, 0x37, 0x0b, 0x0b, 0x61, 0x28, 0x75, 0x00, 0x01, 0x07,
    0x00, 0x00, 0x00, 0x00, 0x00, 0x00, 0x00, 0x00, 0x00, 0x00, 0x00, 0x00,
    0x00, 0x00, 0x43, 0x01, 0x00, 0x01, 0x26, 0x0c, 0x0b, 0x10, 0x10, 0x0b,
    0x10, 0x0b, 0x10, 0x0b, 0x10, 0x0b, 0x10, 0x0b, 0x10, 0x0b, 0x0b, 0x11,
    0x3d, 0x00, 0x00, 0x00, 0x1b, 0x45, 0x0b, 0x10, 0x10, 0x0b, 0x0b, 0x10,
    0x0b, 0x10, 0x0b, 0x10, 0x10, 0x0b, 0x10, 0x0b, 0x10, 0x10, 0x10, 0x0b,
    0x0b, 0x0b, 0x10, 0x0b, 0x0b, 0x0b, 0x0b, 0x0b, 0x0b, 0x0b, 0x0b, 0x0b,
    0x10, 0x10, 0x10, 0x0b, 0x4b, 0x65, 0x00, 0x01, 0x07, 0x07, 0x00, 0x49,
    0x4a, 0x0b, 0x0b, 0x10, 0x0b, 0x0b, 0x0b, 0x0b, 0x0b, 0x0b, 0x0b, 0x0b,
    0x10, 0x10, 0x10, 0x0b, 0x0b, 0x64, 0x7c, 0x00, 0x00, 0x01, 0x00, 0x00,
    0x00, 0x00, 0x00, 0x00, 0x00, 0x00, 0x00, 0x00, 0x00, 0x00, 0x00, 0x00,
    0x00, 0x00, 0x00, 0x00, 0x00, 0x00, 0x00, 0x00, 0x00, 0x00, 0x00, 0x00,
    0x00, 0x00, 0x00, 0x00, 0x00, 0x00, 0x00, 0x00, 0x00, 0x00, 0x00, 0x00,
    0x00, 0x00, 0x00, 0x00, 0x00, 0x00, 0x00, 0x00, 0x00, 0x00, 0x00, 0x00,
    0x00, 0x85, 0x00, 0x3a, 0x0b, 0x05, 0x2d, 0x00, 0x00, 0x01, 0x00, 0x00,
    0x00, 0x00, 0x00, 0x00, 0x00, 0x00, 0x00, 0x00, 0x00, 0x00, 0x00, 0x00,
    0x00, 0x01, 0x00, 0x00, 0x29, 0x4b, 0x0b, 0x0b, 0x10, 0x0b, 0x0b, 0x10,
    0x0b, 0x10, 0x0b, 0x0b, 0x0b, 0x0b, 0x10, 0x10, 0x0b, 0x10, 0x35, 0x0e,
    0x00, 0x07, 0x01, 0x01, 0x00, 0x6f, 0x19, 0x0b, 0x0b, 0x10, 0x0b, 0x10,
    0x0b, 0x10, 0x0b, 0x0b, 0x0b, 0x10, 0x0b, 0x0b, 0x0b, 0x0b, 0x10, 0x10,
    0x0b, 0x0b, 0x0b, 0x0b, 0x10, 0x0b, 0x0b, 0x0b, 0x10, 0x0b, 0x0b, 0x10,
    0x10, 0x0b, 0x0b, 0x4c, 0x78, 0x00, 0x01, 0x00, 0x00, 0x00, 0x01, 0x00,
    0x00, 0x67, 0x45, 0x0b, 0x0b, 0x10, 0x0b, 0x0b, 0x0b, 0x0b, 0x0b, 0x0b,
    0x10, 0x10, 0x0b, 0x0b, 0x10, 0x0b, 0x15, 0x0d, 0x3b, 0x00, 0x01, 0x07,
    0x00, 0x00, 0x00, 0x00, 0x00, 0x00, 0x00, 0x00, 0x00, 0x00, 0x00, 0x00,
    0x00, 0x00, 0x00, 0x00, 0x00, 0x00, 0x00, 0x00, 0x00, 0x00, 0x00, 0x00,
    0x00, 0x00, 0x00, 0x00, 0x00, 0x00, 0x00, 0x00, 0x00, 0x00, 0x00, 0x00,
    0x00, 0x00, 0x00, 0x00, 0x00, 0x00, 0x00, 0x00, 0x00, 0x00, 0x00, 0x00,
    0x00, 0x07, 0x00, 0xc2, 0x23, 0x00, 0x00, 0x01, 0x07, 0x00, 0x00, 0x00,
    0x00, 0x00, 0x00, 0x00, 0x00, 0x00, 0x00, 0x00, 0x00, 0x00, 0x00, 0x08,
    0x07, 0x00, 0x02, 0x19, 0x0b, 0x0b, 0x10, 0x10, 0x0b, 0x0b, 0x0b, 0x0b,
    0x0b, 0x10, 0x0b, 0x0b, 0x10, 0x10, 0x0b, 0x0b, 0x16, 0x3a, 0x00, 0x00,
    0x01, 0x00, 0x00, 0x00, 0x07, 0x00, 0x00, 0x98, 0x11, 0x0b, 0x0b, 0x15,
    0x10, 0x0b, 0x10, 0x0b, 0x0b, 0x0b, 0x0b, 0x10, 0x0b, 0x0b, 0x0b, 0x0b,
    0x0b, 0x0b, 0x0b, 0x0b, 0x10, 0x0b, 0x10, 0x10, 0x0b, 0x10, 0x10, 0x0b,
    0x0b, 0x38, 0x83, 0x00, 0x00, 0x07, 0x00, 0x00, 0x00, 0x00, 0x00, 0x07,
    0x01, 0x00, 0x58, 0x46, 0x61, 0x0b, 0x10, 0x10, 0x0b, 0x10, 0x10, 0x10,
    0x0b, 0x0b, 0x10, 0x0b, 0x10, 0x10, 0x0b, 0x0b, 0x38, 0x98, 0x00, 0x00,
    0x01, 0x07, 0x00, 0x00, 0x00, 0x00, 0x00, 0x00, 0x00, 0x00, 0x00, 0x00,
    0x00, 0x00, 0x00, 0x00, 0x00, 0x00, 0x00, 0x00, 0x00, 0x00, 0x00, 0x00,
    0x00, 0x00, 0x00, 0x00, 0x00, 0x00, 0x00, 0x00, 0x00, 0x00, 0x00, 0x00,
    0x00, 0x00, 0x00, 0x00, 0x00, 0x00, 0x00, 0x00, 0x00, 0x00, 0x00, 0x00,
    0x00, 0x00, 0x00, 0x00, 0x00, 0x01, 0x01, 0x00, 0x00, 0x00, 0x00, 0x00,
    0x00, 0x00, 0x00, 0x00, 0x00, 0x00, 0x00, 0x00, 0x00, 0x07, 0x01, 0x00,
    0x00, 0x09, 0x1d, 0x0b, 0x10, 0x10, 0x0b, 0x10, 0x0b, 0x0b, 0x10, 0x10,
    0x0b, 0x10, 0x0b, 0x10, 0x0b, 0x0b, 0x11, 0x3d, 0x00, 0x00, 0x01, 0x07,
    0x00, 0x00, 0x00, 0x00, 0x00, 0x07, 0x01, 0x00, 0x0e, 0x55, 0x61, 0x0b,
    0x0b, 0x10, 0x10, 0x0b, 0x0b, 0x0b, 0x10, 0x0b, 0x0b, 0x0b, 0x0b, 0x10,
    0x0b, 0x10, 0x0b, 0x10, 0x0b, 0x0b, 0x10, 0x10, 0x10, 0x0b, 0x0b, 0x0a,
    0x26, 0x6f, 0x00, 0x01, 0x07, 0x00, 0x00, 0x00, 0x00, 0x00, 0x00, 0x00,
    0x00, 0x01, 0x00, 0x00, 0x65, 0x60, 0x0b, 0x0b, 0x10, 0x10, 0x10, 0x0b,
    0x0b, 0x10, 0x0b, 0x10, 0x0b, 0x0b, 0x10, 0x10, 0x0b, 0x0b, 0x27, 0x65,
    0x00, 0x00, 0x01, 0x00, 0x00, 0x00, 0x00, 0x00, 0x00, 0x00, 0x00, 0x00,
    0x00, 0x00, 0x00, 0x00, 0x00, 0x00, 0x00, 0x00, 0x00, 0x00, 0x00, 0x00,
    0x00, 0x00, 0x00, 0x00, 0x00, 0x00, 0x00, 0x00, 0x00, 0x00, 0x00, 0x00,
    0x00, 0x00, 0x00, 0x00, 0x00, 0x00, 0x00, 0x00, 0x00, 0x00, 0x00, 0x00,
    0x00, 0x00, 0x00, 0x07, 0x01, 0x00, 0x00, 0x00, 0x00, 0x00, 0x00, 0x00,
    0x00, 0x00, 0x00, 0x00, 0x00, 0x00, 0x00, 0x00, 0x01, 0x00, 0x00, 0x3c,
    0x22, 0x0b, 0x0b, 0x10, 0x10, 0x0b, 0x0b, 0x0b, 0x10, 0x0b, 0x0b, 0x0b,
    0x0b, 0x10, 0x10, 0x0b, 0x10, 0x4a, 0x1f, 0x00, 0x07, 0x01, 0x00, 0x00,
    0x00, 0x00, 0x00, 0x00, 0x00, 0x00, 0x00, 0x01, 0x00, 0x00, 0x02, 0x24,
    0x11, 0x0b, 0x0b, 0x0b, 0x10, 0x10, 0x10, 0x10, 0x10, 0x10, 0x10, 0x10,
    0x10, 0x10, 0x10, 0x15, 0x15, 0x0b, 0x0b, 0x0b, 0x0b, 0x53, 0x0d, 0x1f,
    0x00, 0x00, 0x01, 0x00, 0x00, 0x00, 0x00, 0x00, 0x00, 0x00, 0x00, 0x00,
    0x00, 0x00, 0x07, 0x01, 0x00, 0x00, 0x33, 0x56, 0x0b, 0x0b, 0x10, 0x0b,
    0x10, 0x0b, 0x0b, 0x0b, 0x0b, 0x0b, 0x0b, 0x0b, 0x10, 0x10, 0x0b, 0x61,
    0x26, 0x75, 0x00, 0x01, 0x07, 0x00, 0x00, 0x00, 0x00, 0x00, 0x00, 0x00,
    0x00, 0x00, 0x00, 0x00, 0x00, 0x00, 0x00, 0x00, 0x00, 0x00, 0x00, 0x00,
    0x00, 0x00, 0x00, 0x00, 0x00, 0x00, 0x00, 0x00, 0x00, 0x00, 0x00, 0x00,
    0x00, 0x00, 0x00, 0x00, 0x00, 0x00, 0x00, 0x00, 0x00, 0x00, 0x00, 0x00,
    0x00, 0x00, 0x00, 0x00, 0x00, 0x00, 0x00, 0x00, 0x00, 0x00, 0x00, 0x00,
    0x00, 0x00, 0x00, 0x00, 0x00, 0x00, 0x01, 0x07, 0x00, 0x1f, 0x14, 0x10,
    0x0b, 0x10, 0x10, 0x0b, 0x0b, 0x10, 0x0b, 0x10, 0x0b, 0x0b, 0x10, 0x10,
    0x10, 0x0b, 0x0b, 0x64, 0x06, 0x00, 0x00, 0x01, 0x00, 0x00, 0x00, 0x00,
    0x00, 0x00, 0x00, 0x00, 0x00, 0x00, 0x00, 0x00, 0x07, 0x01, 0x00, 0x00,
    0x3b, 0x98, 0x88, 0x53, 0x0b, 0x0b, 0x0b, 0x0b, 0x0b, 0x0b, 0x0b, 0x0b,
    0x0b, 0x0b, 0x0b, 0x0b, 0x0b, 0x0b, 0x53, 0x50, 0x98, 0x0e, 0x00, 0x00,
    0x01, 0x07, 0x00, 0x00, 0x00, 0x00, 0x00, 0x00, 0x00, 0x00, 0x00, 0x00,
    0x00, 0x00, 0x00, 0x00, 0x07, 0x01, 0x00, 0x5d, 0x26, 0x0c, 0x0b, 0x10,
    0x10, 0x0b, 0x0b, 0x10, 0x0b, 0x0b, 0x0b, 0x0b, 0x0b, 0x0b, 0x10, 0x0b,
    0x0b, 0x45, 0x91, 0x00, 0x00, 0x01, 0x00, 0x00, 0x00, 0x00, 0x00, 0x00,
    0x00, 0x00, 0x00, 0x00, 0x00, 0x00, 0x00, 0x00, 0x00, 0x00, 0x00, 0x00,
    0x00, 0x00, 0x00, 0x00, 0x00, 0x00, 0x00, 0x00, 0x00, 0x00, 0x00, 0x00,
    0x00, 0x00, 0x00, 0x00, 0x00, 0x00, 0x00, 0x00, 0x00, 0x00, 0x00, 0x00,
    0x00, 0x00, 0x00, 0x00, 0x00, 0x00, 0x00, 0x00, 0x00, 0x00, 0x00, 0x00,
    0x00, 0x00, 0x00, 0x00, 0x07, 0x01, 0x00, 0x00, 0x12, 0x53, 0x0b, 0x0b,
    0x10, 0x0b, 0x0b, 0x0b, 0x10, 0x0b, 0x0b, 0x10, 0x10, 0x0b, 0x10, 0x0b,
    0x0b, 0x53, 0x21, 0x00, 0x00, 0x01, 0x07, 0x00, 0x00, 0x00, 0x00, 0x07,
    0x00, 0x00, 0x00, 0x00, 0x00, 0x00, 0x00, 0x00, 0x00, 0x00, 0x07, 0x01,
    0x00, 0x00, 0x00, 0x49, 0x0f, 0x25, 0x4c, 0x64, 0x56, 0x11, 0x53, 0x53,
    0x5e, 0x45, 0x1c, 0x7e, 0x30, 0x2a, 0xc3, 0x00, 0x00, 0x00, 0x01, 0x07,
    0x00, 0x00, 0x00, 0x00, 0x00, 0x00, 0x00, 0x00, 0x00, 0x00, 0x00, 0x00,
    0x00, 0x07, 0x08, 0x00, 0x00, 0x00, 0x01, 0x00, 0x00, 0x1b, 0x50, 0x0b,
    0x0b, 0x10, 0x10, 0x10, 0x10, 0x10, 0x10, 0x0b, 0x0b, 0x0b, 0x10, 0x0b,
    0x10, 0x0b, 0x0b, 0x4c, 0x51, 0x00, 0x00, 0x01, 0x00, 0x00, 0x00, 0x00,
    0x00, 0x00, 0x00, 0x00, 0x00, 0x00, 0x00, 0x00, 0x00, 0x00, 0x00, 0x00,
    0x00, 0x00, 0x00, 0x00, 0x00, 0x00, 0x00, 0x00, 0x00, 0x00, 0x00, 0x00,
    0x00, 0x00, 0x00, 0x00, 0x00, 0x00, 0x00, 0x00, 0x00, 0x00, 0x00, 0x00,
    0x00, 0x00, 0x00, 0x00, 0x00, 0x00, 0x00, 0x00, 0x00, 0x00, 0x00, 0x00,
    0x00, 0x00, 0x00, 0x01, 0x00, 0x00, 0x3a, 0x64, 0x0b, 0x0b, 0x10, 0x0b,
    0x0b, 0x0b, 0x10, 0x0b, 0x10, 0x0b, 0x0b, 0x0b, 0x10, 0x10, 0x0b, 0x10,
    0x4a, 0x81, 0x00, 0x07, 0x01, 0x00, 0x00, 0x00, 0x00, 0x07, 0x00, 0x00,
    0x01, 0x01, 0x00, 0x00, 0x00, 0x00, 0x00, 0x00, 0x00, 0x00, 0x00, 0x00,
    0x07, 0x01, 0x01, 0x00, 0x00, 0x00, 0x00, 0x00, 0x43, 0x54, 0x0e, 0x0e,
    0x58, 0x00, 0x00, 0x00, 0x00, 0x00, 0x00, 0x07, 0x01, 0x07, 0x00, 0x00,
    0x00, 0x00, 0x00, 0x00, 0x00, 0x00, 0x00, 0x00, 0x00, 0x00, 0x00, 0x07,
    0x01, 0x00, 0x00, 0x07, 0x07, 0x00, 0x00, 0x07, 0x01, 0x00, 0x00, 0x83,
    0x38, 0x0b, 0x0b, 0x10, 0x0b, 0x0b, 0x0b, 0x0b, 0x10, 0x0b, 0x0b, 0x10,
    0x10, 0x10, 0x0b, 0x0b, 0x53, 0x7d, 0x66, 0x00, 0x01, 0x07, 0x00, 0x00,
    0x00, 0x00, 0x00, 0x00, 0x00, 0x00, 0x00, 0x00, 0x00, 0x00, 0x00, 0x00,
    0x00, 0x00, 0x00, 0x00, 0x00, 0x00, 0x00, 0x00, 0x00, 0x00, 0x00, 0x00,
    0x00, 0x00, 0x00, 0x00, 0x00, 0x00, 0x00, 0x00, 0x00, 0x00, 0x00, 0x00,
    0x00, 0x00, 0x00, 0x00, 0x00, 0x00, 0x00, 0x00, 0x00, 0x00, 0x00, 0x00,
    0x00, 0x01, 0x07, 0x00, 0x49, 0x4a, 0x0b, 0x0b, 0x10, 0x0b, 0x0b, 0x0b,
    0x10, 0x0b, 0x0b, 0x0b, 0x10, 0x0b, 0x0b, 0x10, 0x0b, 0x0b, 0x1c, 0x37,
    0x00, 0x00, 0x01, 0x00, 0x00, 0x00, 0x00, 0x07, 0x66, 0x00, 0x00, 0x1b,
    0x00, 0x00, 0x01, 0x07, 0x00, 0x00, 0x00, 0x00, 0x00, 0x00, 0x00, 0x00,
    0x00, 0x00, 0x00, 0x07, 0x01, 0x01, 0x01, 0x07, 0x00, 0x00, 0x00, 0x00,
    0x00, 0x07, 0x07, 0x01, 0x01, 0x01, 0x07, 0x00, 0x00, 0x00, 0x00, 0x00,
    0x00, 0x00, 0x00, 0x00, 0x00, 0x00, 0x00, 0x00, 0x00, 0x07, 0x01, 0x00,
    0x00, 0x0e, 0x37, 0x00, 0x00, 0x01, 0x07, 0x00, 0x00, 0x07, 0x01, 0x00,
    0x3b, 0x24, 0x15, 0x0b, 0x10, 0x10, 0x0b, 0x0b, 0x0b, 0x0b, 0x10, 0x0b,
    0x0b, 0x0b, 0x10, 0x10, 0x0b, 0x0b, 0x04, 0x06, 0x00, 0x00, 0x01, 0x00,
    0x00, 0x00, 0x00, 0x00, 0x00, 0x00, 0x00, 0x00, 0x00, 0x00, 0x00, 0x00,
    0x00, 0x00, 0x00, 0x00, 0x00, 0x00, 0x00, 0x00, 0x00, 0x00, 0x00, 0x00,
    0x00, 0x00, 0x00, 0x00, 0x00, 0x00, 0x00, 0x00, 0x00, 0x00, 0x00, 0x00,
    0x00, 0x00, 0x00, 0x00, 0x00, 0x00, 0x00, 0x00, 0x00, 0x00, 0x00, 0x07,
    0x01, 0x00, 0x00, 0x3d, 0x11, 0x0b, 0x0b, 0x10, 0x10, 0x10, 0x10, 0x10,
    0x10, 0x0b, 0x0b, 0x0b, 0x10, 0x10, 0x0b, 0x0b, 0x11, 0x12, 0x00, 0x00,
    0x01, 0x07, 0x00, 0x00, 0x00, 0x00, 0x01, 0x00, 0x00, 0x5b, 0x64, 0x15,
    0x60, 0x34, 0x00, 0x00, 0x01, 0x07, 0x00, 0x00, 0x00, 0x00, 0x00, 0x00,
    0x00, 0x00, 0x00, 0x00, 0x00, 0x00, 0x00, 0x00, 0x07, 0x07, 0x07, 0x07,
    0x07, 0x00, 0x00, 0x00, 0x00, 0x00, 0x00, 0x00, 0x00, 0x00, 0x00, 0x00,
    0x00, 0x00, 0x00, 0x00, 0x00, 0x00, 0x00, 0x07, 0x01, 0x00, 0x00, 0x44,
    0x2f, 0x38, 0x0b, 0x05, 0x65, 0x00, 0x00, 0x01, 0x00, 0x00, 0x00, 0x01,
    0x00, 0x00, 0x76, 0x64, 0x0b, 0x0b, 0x10, 0x10, 0x0b, 0x0b, 0x0b, 0x0b,
    0x0b, 0x0b, 0x10, 0x0b, 0x10, 0x10, 0x0b, 0x15, 0x0d, 0x49, 0x00, 0x01,
    0x07, 0x00, 0x00, 0x00, 0x00, 0x00, 0x00, 0x00, 0x00, 0x00, 0x00, 0x00,
    0x00, 0x07, 0x00, 0x00, 0x00, 0x00, 0x00, 0x00, 0x00, 0x00, 0x00, 0x00,
    0x00, 0x00, 0x00, 0x00, 0x00, 0x00, 0x00, 0x00, 0x00, 0x00, 0x00, 0x00,
    0x00, 0x00, 0x00, 0x00, 0x00, 0x00, 0x00, 0x00, 0x00, 0x00, 0x01, 0x00,
    0x00, 0x2c, 0x1c, 0x0b, 0x0b, 0x10, 0x10, 0x0b, 0x0b, 0x10, 0x0b, 0x0b,
    0x0b, 0x0b, 0x10, 0x10, 0x10, 0x0b, 0x0c, 0x24, 0x0e, 0x00, 0x01, 0x01,
    0x00, 0x00, 0x00, 0x00, 0x07, 0x01, 0x00, 0x78, 0x55, 0x15, 0x0b, 0x0b,
    0x0b, 0x0c, 0x4a, 0x02, 0x00, 0x00, 0x01, 0x07, 0x00, 0x00, 0x00, 0x00,
    0x00, 0x00, 0x00, 0x00, 0x00, 0x00, 0x00, 0x00, 0x00, 0x00, 0x00, 0x00,
    0x00, 0x00, 0x00, 0x00, 0x00, 0x00, 0x00, 0x00, 0x00, 0x00, 0x00, 0x00,
    0x00, 0x00, 0x00, 0x00, 0x00, 0x07, 0x01, 0x00, 0x00, 0x58, 0x1e, 0x56,
    0x0b, 0x0b, 0x10, 0x0b, 0x0c, 0x55, 0x78, 0x00, 0x07, 0x08, 0x00, 0x00,
    0x07, 0x01, 0x00, 0x00, 0x1e, 0x53, 0x0b, 0x0b, 0x10, 0x0b, 0x0b, 0x10,
    0x10, 0x0b, 0x0b, 0x10, 0x0b, 0x0b, 0x10, 0x0b, 0x0b, 0x11, 0x18, 0x00,
    0x00, 0x01, 0x07, 0x00, 0x00, 0x00, 0x00, 0x00, 0x00, 0x00, 0x00, 0x85,
    0x07, 0x00, 0x00, 0x01, 0x00, 0x00, 0x00, 0x00, 0x00, 0x00, 0x00, 0x00,
    0x00, 0x00, 0x00, 0x00, 0x00, 0x00, 0x00, 0x00, 0x07, 0x01, 0x01, 0x01,
    0x00, 0x00, 0x00, 0x00, 0x00, 0x00, 0x00, 0x00, 0x07, 0x01, 0x00, 0x3b,
    0x55, 0x0c, 0x0b, 0x15, 0x10, 0x10, 0x0b, 0x0b, 0x0b, 0x0b, 0x0b, 0x10,
    0x0b, 0x10, 0x10, 0x0b, 0x0b, 0x1c, 0x5b, 0x00, 0x00, 0x01, 0x00, 0x00,
    0x00, 0x00, 0x00, 0x66, 0x00, 0x00, 0x83, 0x5e, 0x0b, 0x0b, 0x10, 0x0b,
    0x10, 0x10, 0x0b, 0x1d, 0x26, 0x6c, 0x00, 0x00, 0x01, 0x00, 0x00, 0x00,
    0x00, 0x00, 0x00, 0x00, 0x00, 0x00, 0x00, 0x00, 0x00, 0x00, 0x00, 0x00,
    0x00, 0x00, 0x00, 0x00, 0x00, 0x00, 0x00, 0x00, 0x00, 0x00, 0x00, 0x00,
    0x00, 0x00, 0x00, 0x00, 0x01, 0x00, 0x00, 0x44, 0x32, 0x56, 0x0b, 0x0b,
    0x10, 0x10, 0x0b, 0x10, 0x0b, 0x0b, 0x5e, 0x18, 0x00, 0x00, 0x01, 0x07,
    0x00, 0x00, 0x07, 0x07, 0x00, 0x1f, 0x4a, 0x10, 0x0b, 0x10, 0x10, 0x10,
    0x0b, 0x10, 0x10, 0x0b, 0x0b, 0x10, 0x10, 0x0b, 0x10, 0x0b, 0x0b, 0x27,
    0x5b, 0x00, 0x00, 0x01, 0x00, 0x00, 0x00, 0x00, 0x00, 0x01, 0x08, 0x00,
    0x00, 0x0e, 0x00, 0x00, 0x01, 0x07, 0x00, 0x00, 0x00, 0x00, 0x00, 0x00,
    0x00, 0x00, 0x00, 0x00, 0x00, 0x00, 0x00, 0x07, 0x00, 0x00, 0x00, 0x00,
    0x00, 0x01, 0x00, 0x00, 0x00, 0x00, 0x07, 0x01, 0x00, 0x00, 0x4e, 0x38,
    0x0b, 0x0b, 0x10, 0x0b, 0x0b, 0x0b, 0x0b, 0x0b, 0x10, 0x0b, 0x10, 0x0b,
    0x10, 0x0b, 0x0b, 0x5e, 0x98, 0x00, 0x00, 0x01, 0x07, 0x00, 0x00, 0x00,
    0x00, 0x00, 0x00, 0x00, 0x65, 0x50, 0x0b, 0x0b, 0x10, 0x0b, 0x0b, 0x0b,
    0x0b, 0x10, 0x10, 0x0b, 0x0b, 0x5e, 0x1e, 0x62, 0x00, 0x07, 0x01, 0x00,
    0x00, 0x00, 0x00, 0x00, 0x00, 0x00, 0x00, 0x00, 0x00, 0x00, 0x00, 0x00,
    0x00, 0x00, 0x00, 0x00, 0x00, 0x00, 0x00, 0x00, 0x00, 0x00, 0x00, 0x00,
    0x00, 0x00, 0x01, 0x00, 0x00, 0x44, 0x09, 0x56, 0x0b, 0x0b, 0x10, 0x10,
    0x0b, 0x0b, 0x0b, 0x0b, 0x0b, 0x10, 0x0b, 0x0b, 0x64, 0x17, 0x00, 0x00,
    0x01, 0x07, 0x00, 0x00, 0x66, 0x00, 0x00, 0x17, 0x22, 0x0b, 0x0b, 0x10,
    0x0b, 0x0b, 0x10, 0x0b, 0x0b, 0x10, 0x0b, 0x10, 0x0b, 0x0b, 0x10, 0x0b,
    0x15, 0x24, 0x54, 0x00, 0x01, 0x07, 0x00, 0x07, 0x01, 0x00, 0x00, 0x17,
    0x1c, 0x53, 0x22, 0x67, 0x00, 0x00, 0x66, 0x00, 0x00, 0x00, 0x00, 0x00,
    0x00, 0x00, 0x00, 0x00, 0x00, 0x07, 0x01, 0x00, 0x00, 0x6a, 0x25, 0x39,
    0x00, 0x00, 0x07, 0x01, 0x00, 0x01, 0x00, 0x00, 0xc4, 0x27, 0x0b, 0x0b,
    0x10, 0x0b, 0x0b, 0x0b, 0x0b, 0x0b, 0x0b, 0x0b, 0x0b, 0x0b, 0x10, 0x10,
    0x0b, 0x15, 0x24, 0x78, 0x00, 0x07, 0x07, 0x00, 0x00, 0x00, 0x00, 0x00,
    0x07, 0x07, 0x3b, 0x46, 0x61, 0x0b, 0x10, 0x10, 0x0b, 0x0b, 0x10, 0x0b,
    0x0b, 0x0b, 0x0b, 0x10, 0x10, 0x0b, 0x0b, 0x4b, 0x6a, 0x00, 0x00, 0x07,
    0x01, 0x00, 0x00, 0x00, 0x00, 0x00, 0x00, 0x00, 0x00, 0x00, 0x00, 0x00,
    0x00, 0x00, 0x00, 0x00, 0x00, 0x00, 0x00, 0x00, 0x00, 0x00, 0x00, 0x00,
    0x01, 0x00, 0x00, 0x66, 0xc5, 0x56, 0x0b, 0x0b, 0x10, 0x10, 0x0b, 0x0b,
    0x0b, 0x0b, 0x0b, 0x10, 0x0b, 0x0b, 0x10, 0x10, 0x0b, 0x0b, 0x4c, 0x1a,
    0x00, 0x00, 0x01, 0x00, 0x00, 0x07, 0x01, 0x00, 0x85, 0x1e, 0x53, 0x0b,
    0x10, 0x10, 0x0b, 0x0b, 0x0b, 0x0b, 0x0b, 0x10, 0x0b, 0x0b, 0x10, 0x10,
    0x0b, 0x0b, 0x38, 0x83, 0x00, 0x00, 0x01, 0x00, 0x00, 0x1b, 0x05, 0x10,
    0x0b, 0x0b, 0x0b, 0x0b, 0x19, 0x1a, 0x00, 0x00, 0x01, 0x00, 0x00, 0x00,
    0x00, 0x00, 0x00, 0x00, 0x01, 0x00, 0x00, 0x17, 0x22, 0x0b, 0x0b, 0x0b,
    0x16, 0x33, 0x00, 0x00, 0x00, 0x00, 0x44, 0x55, 0x0c, 0x0b, 0x10, 0x10,
    0x10, 0x0b, 0x0b, 0x10, 0x0b, 0x10, 0x10, 0x0b, 0x10, 0x10, 0x0b, 0x0b,
    0x1c, 0x5b, 0x00, 0x00, 0x01, 0x00, 0x00, 0x00, 0x00, 0x00, 0x00, 0x00,
    0x07, 0x07, 0x1a, 0x64, 0x0b, 0x0b, 0x10, 0x10, 0x0b, 0x10, 0x0b, 0x0b,
    0x10, 0x0b, 0x0b, 0x0b, 0x10, 0x10, 0x10, 0x0b, 0x0b, 0xc0, 0x0f, 0x00,
    0x00, 0x01, 0x07, 0x00, 0x00, 0x00, 0x00, 0x00, 0x00, 0x00, 0x00, 0x00,
    0x00, 0x00, 0x00, 0x00, 0x00, 0x00, 0x00, 0x00, 0x00, 0x00, 0x01, 0x07,
    0x00, 0x08, 0x4e, 0x4b, 0x0b, 0x0b, 0x10, 0x10, 0x10, 0x0b, 0x10, 0x0b,
    0x0b, 0x10, 0x10, 0x10, 0x10, 0x10, 0x0b, 0x10, 0x10, 0x0b, 0x0b, 0x1d,
    0x2e, 0x62, 0x00, 0x01, 0x01, 0x00, 0x00, 0x08, 0x00, 0x00, 0x1f, 0x14,
    0x0b, 0x0b, 0x10, 0x10, 0x0b, 0x0b, 0x0b, 0x10, 0x0b, 0x0b, 0x0b, 0x0b,
    0x0b, 0x10, 0x0b, 0x0b, 0x27, 0x5b, 0x00, 0x6e, 0x35, 0x0c, 0x0b, 0x0b,
    0x10, 0x0b, 0x10, 0x10, 0x0b, 0x1d, 0x21, 0x85, 0x00, 0x01, 0x07, 0x00,
    0x00, 0x00, 0x07, 0x07, 0x00, 0x0e, 0x7e, 0x10, 0x0b, 0x10, 0x10, 0x10,
    0x0b, 0x0b, 0x16, 0x33, 0x44, 0x23, 0x4b, 0x0b, 0x0b, 0x10, 0x10, 0x0b,
    0x10, 0x0b, 0x0b, 0x0b, 0x10, 0x0b, 0x0b, 0x10, 0x0b, 0x0b, 0x5e, 0x98,
    0x00, 0x00, 0x01, 0x07, 0x00, 0x00, 0x00, 0x00, 0x00, 0x00, 0x00, 0x00,
    0x00, 0x00, 0x00, 0x00, 0x06, 0x50, 0x0b, 0x0b, 0x10, 0x10, 0x0b, 0x0b,
    0x0b, 0x0b, 0x0b, 0x0b, 0x0b, 0x10, 0x0b, 0x10, 0x10, 0x0b, 0x0b, 0x60,
    0x42, 0x00, 0x00, 0x01, 0x07, 0x00, 0x00, 0x00, 0x00, 0x00, 0x00, 0x00,
    0x00, 0x00, 0x00, 0x00, 0x00, 0x00, 0x00, 0x00, 0x01, 0x07, 0x00, 0x00,
    0x98, 0x45, 0x0b, 0x0b, 0x10, 0x10, 0x0b, 0x0b, 0x0b, 0x0b, 0x0b, 0x0b,
    0x0b, 0x0b, 0x10, 0x0b, 0x0b, 0x0b, 0x10, 0x0b, 0x0b, 0x0b, 0x10, 0x0b,
    0x0b, 0x45, 0x91, 0x00, 0x00, 0x01, 0x07, 0x00, 0x00, 0x01, 0x00, 0x00,
    0x0f, 0x04, 0x0b, 0x0b, 0x10, 0x0b, 0x0b, 0x0b, 0x0b, 0x0b, 0x0b, 0x0b,
    0x10, 0x0b, 0x10, 0x10, 0x0b, 0x0c, 0x60, 0x0a, 0x0b, 0x0b, 0x10, 0x0b,
    0x0b, 0x10, 0x0b, 0x0b, 0x10, 0x0b, 0x0b, 0x04, 0x67, 0x00, 0x00, 0x07,
    0x00, 0x66, 0x00, 0x00, 0x4e, 0x11, 0x0b, 0x10, 0x10, 0x0b, 0x0b, 0x0b,
    0x10, 0x10, 0x0b, 0x0b, 0x56, 0x0b, 0x0b, 0x15, 0x10, 0x0b, 0x10, 0x0b,
    0x0b, 0x0b, 0x10, 0x10, 0x10, 0x10, 0x10, 0x0b, 0x0c, 0x77, 0x0e, 0x00,
    0x01, 0x01, 0x00, 0x00, 0x00, 0x00, 0x00, 0x00, 0x00, 0x00, 0x00, 0x00,
    0x00, 0x00, 0x07, 0x01, 0x00, 0x00, 0x39, 0x22, 0x0b, 0x0b, 0x10, 0x10,
    0x0b, 0x0b, 0x0b, 0x0b, 0x0b, 0x10, 0x0b, 0x0b, 0x0b, 0x10, 0x0b, 0x0b,
    0x15, 0x4a, 0x1a, 0x00, 0x00, 0x01, 0x07, 0x00, 0x00, 0x00, 0x00, 0x00,
    0x00, 0x00, 0x00, 0x00, 0x00, 0x00, 0x01, 0x07, 0x00, 0x00, 0x23, 0x16,
    0x0b, 0x0b, 0x10, 0x10, 0x10, 0x10, 0x0b, 0x0b, 0x10, 0x0b, 0x0b, 0x0b,
    0x0b, 0x0b, 0x10, 0x10, 0x0b, 0x10, 0x0b, 0x0b, 0x0b, 0x10, 0x0b, 0x10,
    0x10, 0x0b, 0x0b, 0x60, 0x1b, 0x00, 0x00, 0x01, 0x07, 0x00, 0x07, 0x01,
    0x00, 0x66, 0x25, 0x1d, 0x0b, 0x10, 0x10, 0x0b, 0x0b, 0x10, 0x0b, 0x0b,
    0x10, 0x10, 0x0b, 0x0b, 0x10, 0x0b, 0x0b, 0x0b, 0x15, 0x10, 0x10, 0x0b,
    0x0b, 0x10, 0x0b, 0x0b, 0x0b, 0x10, 0x15, 0x0b, 0x0b, 0x14, 0x13, 0x00,
    0x07, 0x00, 0x65, 0x63, 0x0b, 0x0b, 0x10, 0x0b, 0x0b, 0x0b, 0x0b, 0x0b,
    0x0b, 0x10, 0x10, 0x10, 0x0b, 0x0b, 0x10, 0x0b, 0x0b, 0x0b, 0x0b, 0x0b,
    0x0b, 0x0b, 0x0b, 0x10, 0x10, 0x0b, 0x0b, 0x72, 0x1b, 0x00, 0x00, 0x01,
    0x00, 0x00, 0x00, 0x00, 0x00, 0x00, 0x00, 0x00, 0x00, 0x00, 0x00, 0x00,
    0x00, 0x00, 0x00, 0x00, 0x01, 0x07, 0x00, 0x07, 0x5f, 0x4b, 0x0b, 0x0b,
    0x10, 0x10, 0x0b, 0x0b, 0x10, 0x0b, 0x0b, 0x0b, 0x0b, 0x0b, 0x0b, 0x10,
    0x0b, 0x0b, 0x1d, 0x57, 0x0e, 0x00, 0x00, 0x01, 0x00, 0x00, 0x00, 0x00,
    0x00, 0x00, 0x00, 0x00, 0x01, 0x07, 0x00, 0x00, 0x0f, 0x1c, 0x0b, 0x0b,
    0x10, 0x10, 0x0b, 0x0b, 0x0b, 0x10, 0x0b, 0x0b, 0x0b, 0x10, 0x0b, 0x0b,
    0x10, 0x10, 0x0b, 0x0b, 0x10, 0x0b, 0x0b, 0x10, 0x10, 0x0b, 0x0b, 0x10,
    0x10, 0x10, 0x10, 0x0b, 0x0c, 0x55, 0x0e, 0x00, 0x00, 0x07, 0x00, 0x00,
    0x01, 0x00, 0x00, 0x2d, 0x05, 0x0b, 0x0b, 0x10, 0x10, 0x0b, 0x0b, 0x10,
    0x0b, 0x0b, 0x0b, 0x0b, 0x0b, 0x0b, 0x10, 0x10, 0x0b, 0x0b, 0x0b, 0x0b,
    0x10, 0x10, 0x10, 0x10, 0x0b, 0x10, 0x10, 0x10, 0x0b, 0x0b, 0x53, 0x29,
    0x07, 0x25, 0x0c, 0x0b, 0x10, 0x10, 0x10, 0x10, 0x0b, 0x0b, 0x10, 0x10,
    0x0b, 0x0b, 0x0b, 0x10, 0x10, 0x0b, 0x0b, 0x0b, 0x10, 0x10, 0x10, 0x0b,
    0x10, 0x0b, 0x10, 0x0b, 0x0b, 0x4b, 0x83, 0x00, 0x00, 0x01, 0x07, 0x00,
    0x00, 0x00, 0x00, 0x00, 0x00, 0x00, 0x00, 0x00, 0x00, 0x00, 0x00, 0x00,
    0x00, 0x00, 0x00, 0x00, 0x00, 0x00, 0x01, 0x00, 0x00, 0x44, 0x25, 0x11,
    0x0b, 0x0b, 0x15, 0x0b, 0x10, 0x0b, 0x0b, 0x10, 0x10, 0x0b, 0x10, 0x0b,
    0x10, 0x10, 0x0b, 0x0b, 0x11, 0x21, 0xc1, 0x00, 0x00, 0x01, 0x00, 0x00,
    0x00, 0x00, 0x01, 0x01, 0x00, 0x00, 0x2a, 0x27, 0x0b, 0x0b, 0x10, 0x10,
    0x0b, 0x10, 0x10, 0x0b, 0x0b, 0x0b, 0x0b, 0x0b, 0x10, 0x0b, 0x10, 0x10,
    0x0b, 0x0b, 0x45, 0x6b, 0x5b, 0x27, 0x0b, 0x0b, 0x15, 0x10, 0x0b, 0x0b,
    0x0b, 0x10, 0x0b, 0x10, 0x10, 0x0b, 0x5e, 0x7d, 0xc1, 0x00, 0x01, 0x00,
    0x00, 0x00, 0x01, 0x00, 0x00, 0x33, 0x4b, 0x0b, 0x0b, 0x10, 0x10, 0x0b,
    0x0b, 0x10, 0x0b, 0x0b, 0x10, 0x10, 0x0b, 0x10, 0x0b, 0x0b, 0x10, 0x0b,
    0x0b, 0x0b, 0x0b, 0x0b, 0x10, 0x0b, 0x0b, 0x0b, 0x0b, 0x10, 0x0b, 0x56,
    0x7d, 0x0b, 0x0b, 0x15, 0x0b, 0x0b, 0x0b, 0x10, 0x10, 0x0b, 0x0b, 0x10,
    0x15, 0x10, 0x0b, 0x0b, 0x0b, 0x0b, 0x0b, 0x10, 0x0b, 0x0b, 0x0b, 0x10,
    0x10, 0x10, 0x0b, 0x61, 0x26, 0x44, 0x00, 0x01, 0x01, 0x00, 0x00, 0x00,
    0x00, 0x00, 0x00, 0x00, 0x00, 0x00, 0x00, 0x00, 0x00, 0x00, 0x00, 0x00,
    0x00, 0x00, 0x00, 0x00, 0x00, 0x00, 0x00, 0x00, 0x01, 0x00, 0x00, 0x0e,
    0x46, 0x1d, 0x0b, 0x0b, 0x10, 0x0b, 0x10, 0x0b, 0x0b, 0x0b, 0x10, 0x10,
    0x10, 0x0b, 0x10, 0x10, 0x0b, 0x0b, 0x4b, 0x4e, 0x07, 0x00, 0x07, 0x01,
    0x01, 0x01, 0x00, 0x00, 0x06, 0x50, 0x10, 0x0b, 0x10, 0x10, 0x0b, 0x0b,
    0x0b, 0x10, 0x0b, 0x0b, 0x10, 0x0b, 0x10, 0x0b, 0x10, 0x10, 0x0b, 0x0b,
    0x45, 0x4e, 0x66, 0x00, 0x00, 0x00, 0x6a, 0x38, 0x0b, 0x0b, 0x10, 0x0b,
    0x0b, 0x0b, 0x0b, 0x0b, 0x0b, 0x0b, 0x0b, 0x0b, 0x22, 0x48, 0x00, 0x07,
    0x00, 0x00, 0x00, 0x07, 0x01, 0x00, 0x58, 0x26, 0x61, 0x0b, 0x10, 0x10,
    0x10, 0x0b, 0x10, 0x10, 0x0b, 0x0b, 0x0b, 0x0b, 0x0b, 0x10, 0x0b, 0x0c,
    0x72, 0x7e, 0x63, 0x61, 0x0b, 0x10, 0x0b, 0x0b, 0x0b, 0x10, 0x10, 0x5e,
    0x04, 0x10, 0x10, 0x0b, 0x0b, 0x0b, 0x0b, 0x0b, 0x0b, 0x10, 0x61, 0x10,
    0x0b, 0x0b, 0x0b, 0x0b, 0x10, 0x10, 0x10, 0x0b, 0x0b, 0x0b, 0x0b, 0x10,
    0x0b, 0x0b, 0x19, 0x65, 0x00, 0x00, 0x01, 0x00, 0x00, 0x00, 0x00, 0x00,
    0x00, 0x00, 0x00, 0x00, 0x00, 0x00, 0x00, 0x00, 0x00, 0x00, 0x00, 0x00,
    0x00, 0x00, 0x00, 0x00, 0x00, 0x00, 0x00, 0x00, 0x00, 0x07, 0x01, 0x00,
    0x00, 0x1a, 0x35, 0x0c, 0x0b, 0x0b, 0x10, 0x0b, 0x0b, 0x0b, 0x0b, 0x10,
    0x0b, 0x0b, 0x10, 0x0b, 0x10, 0x10, 0x0b, 0x0b, 0x04, 0x68, 0x00, 0x00,
    0x00, 0x00, 0x42, 0x05, 0x10, 0x0b, 0x10, 0x10, 0x0b, 0x10, 0x0b, 0x10,
    0x0b, 0x0b, 0x0b, 0x0b, 0x0b, 0x0b, 0x10, 0x10, 0x0b, 0x0b, 0x45, 0x6b,
    0x08, 0x00, 0x00, 0x01, 0x07, 0x07, 0x00, 0x54, 0x46, 0x61, 0x0b, 0x10,
    0x10, 0x10, 0x0b, 0x1d, 0xc6, 0x5e, 0x10, 0x15, 0x0b, 0x38, 0x2d, 0x00,
    0x01, 0x00, 0x00, 0x00, 0x00, 0x01, 0x00, 0x00, 0x2d, 0x05, 0x0b, 0x0b,
    0x10, 0x0b, 0x0b, 0x0b, 0x0b, 0x10, 0x0b, 0x0b, 0x10, 0x0b, 0x22, 0x65,
    0x00, 0x00, 0x00, 0xc2, 0x64, 0x0b, 0x10, 0x0b, 0x10, 0x10, 0x0b, 0x11,
    0x4b, 0x0b, 0x10, 0x10, 0x0b, 0x10, 0x10, 0x0b, 0x14, 0x76, 0xc7, 0x59,
    0x4a, 0x0b, 0x0b, 0x0b, 0x0b, 0x0b, 0x10, 0x0b, 0x0b, 0x10, 0x0b, 0x0b,
    0x45, 0x23, 0x00, 0x00, 0x01, 0x07, 0x00, 0x00, 0x00, 0x00, 0x00, 0x00,
    0x00, 0x00, 0x00, 0x00, 0x00, 0x00, 0x00, 0x00, 0x00, 0x00, 0x00, 0x00,
    0x00, 0x00, 0x00, 0x00, 0x00, 0x00, 0x00, 0x00, 0x00, 0x00, 0x00, 0x07,
    0x01, 0x00, 0x00, 0x1b, 0x19, 0x15, 0x0b, 0x10, 0x10, 0x0b, 0x0b, 0x0b,
    0x0b, 0x0b, 0x0b, 0x0b, 0x10, 0x0b, 0x10, 0x10, 0x0b, 0x0b, 0x4f, 0x39,
    0x1b, 0x4c, 0x15, 0x0b, 0x0b, 0x10, 0x0b, 0x10, 0x0b, 0x0b, 0x0b, 0x10,
    0x0b, 0x10, 0x10, 0x0b, 0x10, 0x10, 0x0b, 0x0b, 0x45, 0x18, 0x66, 0x00,
    0x00, 0x01, 0x07, 0x00, 0x00, 0x00, 0x01, 0x00, 0x00, 0x2d, 0x19, 0x10,
    0x0b, 0x10, 0x10, 0x11, 0xc8, 0x80, 0x0b, 0x10, 0x10, 0x0b, 0x56, 0x49,
    0x07, 0x07, 0x00, 0x00, 0x00, 0x00, 0x07, 0x01, 0x00, 0x00, 0x91, 0x04,
    0x0b, 0x0b, 0x10, 0x0b, 0x10, 0x0b, 0x10, 0x0b, 0x0b, 0x1d, 0x1a, 0x00,
    0x01, 0x01, 0x01, 0x00, 0x54, 0x5e, 0x0b, 0x10, 0x0b, 0x10, 0x0b, 0x11,
    0x4b, 0x0b, 0x10, 0x0b, 0x10, 0x0b, 0x0b, 0x7d, 0x00, 0x00, 0x00, 0x00,
    0x00, 0x32, 0x0b, 0x10, 0x10, 0x0b, 0x0b, 0x0b, 0x0b, 0x0b, 0x1d, 0x7d,
    0x66, 0x00, 0x01, 0x07, 0x00, 0x00, 0x00, 0x00, 0x00, 0x00, 0x00, 0x00,
    0x00, 0x00, 0x00, 0x00, 0x00, 0x00, 0x00, 0x00, 0x00, 0x00, 0x00, 0x00,
    0x00, 0x00, 0x00, 0x00, 0x00, 0x00, 0x00, 0x00, 0x00, 0x00, 0x00, 0x00,
    0x00, 0x07, 0x01, 0x00, 0x00, 0x82, 0x50, 0x0b, 0x0b, 0x10, 0x10, 0x10,
    0x10, 0x0b, 0x0b, 0x0b, 0x10, 0x0b, 0x0b, 0x0b, 0x10, 0x10, 0x0b, 0x0b,
    0x15, 0x0b, 0x0b, 0x10, 0x10, 0x10, 0x0b, 0x0b, 0x0b, 0x10, 0x0b, 0x0b,
    0x0b, 0x10, 0x10, 0x10, 0x0b, 0x0b, 0x45, 0x4e, 0x85, 0x00, 0x00, 0x01,
    0x07, 0x00, 0x00, 0x00, 0x00, 0x00, 0x00, 0x07, 0x01, 0x00, 0x00, 0x37,
    0x1c, 0x0b, 0x0b, 0x0b, 0x15, 0x15, 0x10, 0x0b, 0x0b, 0x15, 0x0b, 0x69,
    0x00, 0x01, 0x00, 0x00, 0x00, 0x00, 0x00, 0x00, 0x07, 0x01, 0x00, 0x01,
    0x09, 0x1d, 0x0b, 0x0b, 0x0b, 0x10, 0x0b, 0x10, 0x0b, 0x35, 0x00, 0x01,
    0x00, 0x00, 0x00, 0x01, 0x00, 0x2e, 0x0b, 0x10, 0x10, 0x0b, 0x0b, 0x11,
    0x38, 0x0b, 0x10, 0x0b, 0x10, 0x0b, 0x64, 0x00, 0x01, 0x01, 0x07, 0x01,
    0x01, 0x00, 0x64, 0x0b, 0x10, 0x0b, 0x0b, 0x10, 0x10, 0x05, 0x2d, 0x00,
    0x00, 0x01, 0x00, 0x00, 0x00, 0x00, 0x00, 0x00, 0x00, 0x00, 0x00, 0x00,
    0x00, 0x00, 0x00, 0x00, 0x00, 0x00, 0x00, 0x00, 0x00, 0x00, 0x00, 0x00,
    0x00, 0x00, 0x00, 0x00, 0x00, 0x00, 0x00, 0x00, 0x00, 0x00, 0x00, 0x00,
    0x00, 0x00, 0x00, 0x01, 0x01, 0x00, 0x00, 0x67, 0x1c, 0x0b, 0x0b, 0x10,
    0x10, 0x0b, 0x0b, 0x0b, 0x0b, 0x0b, 0x10, 0x0b, 0x0b, 0x10, 0x10, 0x0b,
    0x0b, 0x10, 0x10, 0x0b, 0x0b, 0x0b, 0x0b, 0x0b, 0x10, 0x10, 0x0b, 0x0b,
    0x10, 0x10, 0x0b, 0x0b, 0x45, 0x18, 0x66, 0x00, 0x00, 0x01, 0x00, 0x00,
    0x00, 0x00, 0x00, 0x00, 0x00, 0x00, 0x00, 0x00, 0x00, 0x01, 0x01, 0x00,
    0x00, 0x4e, 0x56, 0x0b, 0x0b, 0x15, 0x10, 0x10, 0x10, 0x0b, 0x22, 0x6f,
    0x07, 0x07, 0x00, 0x00, 0x00, 0x00, 0x00, 0x00, 0x00, 0x00, 0x01, 0x00,
    0x00, 0x2d, 0x60, 0x10, 0x0b, 0x0b, 0x0b, 0x10, 0x0b, 0x12, 0x07, 0x01,
    0x00, 0x00, 0x00, 0x01, 0x07, 0x68, 0x0b, 0x10, 0x0b, 0x0b, 0x0b, 0x11,
    0x38, 0x0b, 0x0b, 0x10, 0x15, 0x0b, 0x28, 0x07, 0x01, 0x00, 0x00, 0x00,
    0x01, 0x07, 0x09, 0x0b, 0x10, 0x0b, 0x10, 0x0b, 0x61, 0x31, 0x00, 0x01,
    0x00, 0x00, 0x00, 0x00, 0x00, 0x00, 0x00, 0x00, 0x00, 0x00, 0x00, 0x00,
    0x00, 0x00, 0x00, 0x00, 0x00, 0x00, 0x00, 0x00, 0x00, 0x00, 0x00, 0x00,
    0x00, 0x00, 0x00, 0x00, 0x00, 0x00, 0x00, 0x00, 0x00, 0x00, 0x00, 0x00,
    0x00, 0x00, 0x00, 0x00, 0x00, 0x01, 0x07, 0x00, 0x00, 0x23, 0x22, 0x0b,
    0x0b, 0x10, 0x10, 0x0b, 0x10, 0x10, 0x0b, 0x0b, 0x0b, 0x0b, 0x10, 0x0b,
    0x10, 0x10, 0x0b, 0x0b, 0x0b, 0x0b, 0x10, 0x0b, 0x10, 0x0b, 0x0b, 0x10,
    0x0b, 0x0b, 0x56, 0x3d, 0x52, 0x00, 0x00, 0x01, 0x00, 0x00, 0x00, 0x00,
    0x00, 0x00, 0x00, 0x00, 0x00, 0x00, 0x00, 0x00, 0x00, 0x00, 0x00, 0x07,
    0x07, 0x00, 0x44, 0x09, 0x53, 0x0b, 0x0b, 0x0b, 0x0b, 0x35, 0x3b, 0x00,
    0x07, 0x00, 0x00, 0x00, 0x00, 0x00, 0x00, 0x00, 0x00, 0x00, 0x00, 0x00,
    0x01, 0x00, 0x54, 0x61, 0x0b, 0x10, 0x0b, 0x10, 0x0b, 0x25, 0x07, 0x01,
    0x00, 0x00, 0x00, 0x01, 0x07, 0x1e, 0x0b, 0x10, 0x0b, 0x10, 0x0b, 0x11,
    0x5e, 0x0b, 0x10, 0x0b, 0x10, 0x0b, 0x25, 0x01, 0x01, 0x00, 0x00, 0x00,
    0x01, 0x07, 0x18, 0x0b, 0x15, 0x0b, 0x0b, 0x0b, 0x0a, 0x1f, 0x01, 0x07,
    0x00, 0x00, 0x00, 0x00, 0x00, 0x00, 0x00, 0x00, 0x00, 0x00, 0x00, 0x00,
    0x00, 0x00, 0x00, 0x00, 0x00, 0x00, 0x00, 0x00, 0x00, 0x00, 0x00, 0x00,
    0x00, 0x00, 0x00, 0x00, 0x00, 0x00, 0x00, 0x00, 0x00, 0x00, 0x00, 0x00,
    0x00, 0x00, 0x00, 0x00, 0x00, 0x00, 0x00, 0x01, 0x01, 0x00, 0x00, 0x4e,
    0x4b, 0x0b, 0x0b, 0x10, 0x10, 0x0b, 0x0b, 0x0b, 0x0b, 0x0b, 0x0b, 0x0b,
    0x0b, 0x0b, 0x10, 0x10, 0x10, 0x10, 0x0b, 0x0b, 0x10, 0x10, 0x0b, 0x0b,
    0x38, 0x30, 0xc9, 0x00, 0x00, 0x01, 0x07, 0x00, 0x00, 0x00, 0x00, 0x00,
    0x00, 0x00, 0x00, 0x00, 0x00, 0x00, 0x00, 0x00, 0x00, 0x00, 0x00, 0x00,
    0x00, 0x01, 0x00, 0x00, 0x1f, 0x0d, 0x11, 0x16, 0x67, 0x00, 0x00, 0x07,
    0x00, 0x00, 0x00, 0x00, 0x00, 0x00, 0x00, 0x00, 0x00, 0x00, 0x00, 0x00,
    0x07, 0x01, 0x1f, 0x0a, 0x0b, 0x10, 0x0b, 0x10, 0x0b, 0x4f, 0x00, 0x01,
    0x01, 0x07, 0x01, 0x01, 0x00, 0x16, 0x0b, 0x10, 0x0b, 0x10, 0x0b, 0x11,
    0x38, 0x0b, 0x10, 0x0b, 0x10, 0x0b, 0x19, 0x00, 0x01, 0x07, 0x00, 0x07,
    0x31, 0x00, 0x4c, 0x0b, 0x10, 0x0b, 0x0b, 0x0b, 0x0a, 0x49, 0x00, 0x07,
    0x00, 0x00, 0x00, 0x00, 0x00, 0x00, 0x00, 0x00, 0x00, 0x00, 0x00, 0x00,
    0x00, 0x00, 0x00, 0x00, 0x00, 0x00, 0x00, 0x00, 0x00, 0x00, 0x00, 0x00,
    0x00, 0x00, 0x00, 0x00, 0x00, 0x00, 0x00, 0x00, 0x00, 0x00, 0x00, 0x00,
    0x00, 0x00, 0x00, 0x00, 0x00, 0x00, 0x00, 0x00, 0x00, 0x01, 0x07, 0x00,
    0xca, 0x30, 0x38, 0x0b, 0x0b, 0x10, 0x10, 0x0b, 0x10, 0x0b, 0x0b, 0x0b,
    0x0b, 0x0b, 0x10, 0x0b, 0x0b, 0x0b, 0x10, 0x10, 0x0b, 0x0b, 0x56, 0x21,
    0x5d, 0x00, 0x00, 0x01, 0x00, 0x00, 0x00, 0x00, 0x00, 0x00, 0x00, 0x00,
    0x00, 0x00, 0x00, 0x00, 0x00, 0x00, 0x00, 0x00, 0x00, 0x00, 0x00, 0x00,
    0x00, 0x00, 0x07, 0x01, 0x00, 0x00, 0x44, 0x00, 0x00, 0x01, 0x07, 0x00,
    0x00, 0x00, 0x00, 0x00, 0x00, 0x00, 0x00, 0x00, 0x00, 0x00, 0x00, 0x00,
    0x07, 0x00, 0x49, 0x0a, 0x0b, 0x0b, 0x0b, 0x0b, 0x10, 0x0b, 0x7d, 0x00,
    0x00, 0x00, 0x00, 0x00, 0x7d, 0x0b, 0x10, 0x0b, 0x0b, 0x0b, 0x0b, 0x11,
    0x4b, 0x0b, 0x0b, 0x0b, 0x10, 0x10, 0x0c, 0x76, 0x00, 0x07, 0x07, 0x00,
    0x00, 0x06, 0x0c, 0x10, 0x10, 0x10, 0x10, 0x0b, 0x0a, 0x0e, 0x00, 0x07,
    0x00, 0x00, 0x00, 0x00, 0x00, 0x00, 0x00, 0x00, 0x00, 0x00, 0x00, 0x00,
    0x00, 0x00, 0x00, 0x00, 0x00, 0x00, 0x00, 0x00, 0x00, 0x00, 0x00, 0x00,
    0x00, 0x00, 0x00, 0x00, 0x00, 0x00, 0x00, 0x00, 0x00, 0x00, 0x00, 0x00,
    0x00, 0x00, 0x00, 0x00, 0x00, 0x00, 0x00, 0x00, 0x00, 0x00, 0x00, 0x01,
    0x00, 0x00, 0x54, 0x25, 0x11, 0x0b, 0x0b, 0x10, 0x10, 0x0b, 0x10, 0x0b,
    0x10, 0x10, 0x0b, 0x0b, 0x10, 0x10, 0x0b, 0x0b, 0x38, 0x2f, 0x44, 0x00,
    0x00, 0x01, 0x07, 0x00, 0x00, 0x00, 0x00, 0x00, 0x00, 0x00, 0x00, 0x00,
    0x00, 0x00, 0x00, 0x00, 0x00, 0x00, 0x00, 0x00, 0x00, 0x00, 0x00, 0x00,
    0x00, 0x00, 0x00, 0x00, 0x07, 0x01, 0x00, 0x07, 0x01, 0x00, 0x00, 0x00,
    0x00, 0x00, 0x00, 0x00, 0x00, 0x00, 0x00, 0x00, 0x00, 0x00, 0x00, 0x00,
    0x07, 0x00, 0x49, 0x1d, 0x0b, 0x0b, 0x0b, 0x0b, 0x10, 0x10, 0x0b, 0x4a,
    0x76, 0xc7, 0x17, 0x14, 0x0b, 0x10, 0x0b, 0x10, 0x10, 0x10, 0x0b, 0x5e,
    0x45, 0x0b, 0x10, 0x0b, 0x0b, 0x10, 0x0b, 0x0a, 0xcb, 0x7a, 0x00, 0xcc,
    0x4e, 0x0a, 0x0b, 0x10, 0x0b, 0x0b, 0x10, 0x0b, 0x5e, 0xcd, 0x00, 0x07,
    0x00, 0x00, 0x00, 0x00, 0x00, 0x00, 0x00, 0x00, 0x00, 0x00, 0x00, 0x00,
    0x00, 0x00, 0x00, 0x00, 0x00, 0x00, 0x00, 0x00, 0x00, 0x00, 0x00, 0x00,
    0x00, 0x00, 0x00, 0x00, 0x00, 0x00, 0x00, 0x00, 0x00, 0x00, 0x00, 0x00,
    0x00, 0x00, 0x00, 0x00, 0x00, 0x00, 0x00, 0x00, 0x00, 0x00, 0x00, 0x00,
    0x07, 0x01, 0x00, 0x00, 0x81, 0x55, 0x1d, 0x0b, 0x0b, 0x10, 0x10, 0x0b,
    0x10, 0x0b, 0x0b, 0x10, 0x0b, 0x0b, 0x5e, 0x2b, 0x3b, 0x00, 0x00, 0x01,
    0x07, 0x00, 0x00, 0x00, 0x00, 0x00, 0x00, 0x00, 0x00, 0x00, 0x00, 0x00,
    0x00, 0x00, 0x00, 0x00, 0x00, 0x00, 0x00, 0x00, 0x00, 0x00, 0x00, 0x00,
    0x00, 0x00, 0x00, 0x00, 0x00, 0x00, 0x07, 0x00, 0x00, 0x00, 0x00, 0x00,
    0x00, 0x00, 0x00, 0x00, 0x00, 0x00, 0x00, 0x00, 0x00, 0x00, 0x00, 0x00,
    0x07, 0x00, 0x6f, 0x53, 0x10, 0x10, 0x10, 0x10, 0x0b, 0x10, 0x10, 0x0b,
    0x10, 0x61, 0x0b, 0x0b, 0x10, 0x0b, 0x0b, 0x10, 0x0b, 0x10, 0x10, 0x56,
    0x56, 0x0b, 0x10, 0x10, 0x0b, 0x0b, 0x0b, 0x0b, 0x0b, 0x38, 0x4f, 0x38,
    0x0b, 0x0b, 0x0b, 0x0b, 0x0b, 0x10, 0x10, 0x0b, 0x56, 0x74, 0x00, 0x07,
    0x00, 0x00, 0x00, 0x00, 0x00, 0x00, 0x00, 0x00, 0x00, 0x00, 0x00, 0x00,
    0x00, 0x00, 0x00, 0x00, 0x00, 0x00, 0x00, 0x00, 0x00, 0x00, 0x00, 0x00,
    0x00, 0x00, 0x00, 0x00, 0x00, 0x00, 0x00, 0x00, 0x00, 0x00, 0x00, 0x00,
    0x00, 0x00, 0x00, 0x00, 0x00, 0x00, 0x00, 0x00, 0x00, 0x00, 0x00, 0x00,
    0x00, 0x00, 0x07, 0x01, 0x00, 0x00, 0x1a, 0x55, 0x1d, 0x0b, 0x0b, 0x10,
    0x0b, 0x10, 0x0b, 0x0b, 0x11, 0x09, 0x3b, 0x00, 0x00, 0x01, 0x07, 0x00,
    0x00, 0x00, 0x00, 0x00, 0x00, 0x00, 0x00, 0x00, 0x00, 0x00, 0x00, 0x00,
    0x00, 0x00, 0x00, 0x00, 0x00, 0x00, 0x00, 0x00, 0x00, 0x00, 0x00, 0x00,
    0x00, 0x00, 0x00, 0x00, 0x00, 0x00, 0x00, 0x00, 0x00, 0x00, 0x00, 0x00,
    0x00, 0x00, 0x00, 0x00, 0x00, 0x00, 0x00, 0x00, 0x00, 0x00, 0x00, 0x00,
    0x00, 0x01, 0x00, 0x27, 0x0b, 0x10, 0x10, 0x0b, 0x10, 0x0b, 0x0b, 0x10,
    0x0b, 0x0b, 0x10, 0x10, 0x0b, 0x0b, 0x0b, 0x0b, 0x10, 0x0b, 0x0b, 0x25,
    0x64, 0x0b, 0x10, 0x0b, 0x10, 0x0b, 0x0b, 0x10, 0x10, 0x0b, 0x0b, 0x0b,
    0x10, 0x10, 0x0b, 0x0b, 0x0b, 0x10, 0x15, 0x0b, 0x0d, 0x00, 0x01, 0x00,
    0x00, 0x00, 0x00, 0x00, 0x00, 0x00, 0x00, 0x00, 0x00, 0x00, 0x00, 0x00,
    0x00, 0x00, 0x00, 0x00, 0x00, 0x00, 0x00, 0x00, 0x00, 0x00, 0x00, 0x00,
    0x00, 0x00, 0x00, 0x00, 0x00, 0x00, 0x00, 0x00, 0x00, 0x00, 0x00, 0x00,
    0x00, 0x00, 0x00, 0x00, 0x00, 0x00, 0x00, 0x00, 0x00, 0x00, 0x00, 0x00,
    0x00, 0x00, 0x00, 0x00, 0x07, 0x01, 0x00, 0x00, 0x02, 0x35, 0x0c, 0x0b,
    0x0b, 0x0b, 0x11, 0x7d, 0x6c, 0x00, 0x00, 0x01, 0x07, 0x00, 0x00, 0x00,
    0x00, 0x00, 0x00, 0x00, 0x00, 0x00, 0x00, 0x00, 0x00, 0x00, 0x00, 0x00,
    0x00, 0x00, 0x00, 0x00, 0x00, 0x00, 0x00, 0x00, 0x00, 0x00, 0x00, 0x00,
    0x00, 0x00, 0x00, 0x00, 0x00, 0x00, 0x00, 0x00, 0x00, 0x00, 0x00, 0x00,
    0x00, 0x00, 0x00, 0x00, 0x00, 0x00, 0x00, 0x00, 0x00, 0x00, 0x00, 0x00,
    0x00, 0x01, 0x07, 0x65, 0x27, 0x0b, 0x0b, 0x10, 0x10, 0x0b, 0x0b, 0x0b,
    0x0b, 0x10, 0x0b, 0x0b, 0x10, 0x10, 0x0b, 0x0b, 0x0b, 0x53, 0x32, 0x00,
    0x76, 0x56, 0x10, 0x10, 0x0b, 0x0b, 0x10, 0x0b, 0x10, 0x10, 0x10, 0x10,
    0x0b, 0x0b, 0x0b, 0x0b, 0x0b, 0x10, 0x0b, 0x16, 0x0e, 0x07, 0x07, 0x00,
    0x00, 0x00, 0x00, 0x00, 0x00, 0x00, 0x00, 0x00, 0x00, 0x00, 0x00, 0x00,
    0x00, 0x00, 0x00, 0x00, 0x00, 0x00, 0x00, 0x00, 0x00, 0x00, 0x00, 0x00,
    0x00, 0x00, 0x00, 0x00, 0x00, 0x00, 0x00, 0x00, 0x00, 0x00, 0x00, 0x00,
    0x00, 0x00, 0x00, 0x00, 0x00, 0x00, 0x00, 0x00, 0x00, 0x00, 0x00, 0x00,
    0x00, 0x00, 0x00, 0x00, 0x00, 0x00, 0x07, 0x01, 0x00, 0x00, 0x5b, 0x50,
    0x1d, 0x0d, 0x81, 0x00, 0x00, 0x01, 0x07, 0x00, 0x00, 0x00, 0x00, 0x00,
    0x00, 0x00, 0x00, 0x00, 0x00, 0x00, 0x00, 0x00, 0x00, 0x00, 0x00, 0x00,
    0x00, 0x00, 0x00, 0x00, 0x00, 0x00, 0x00, 0x00, 0x00, 0x00, 0x00, 0x00,
    0x00, 0x00, 0x00, 0x00, 0x00, 0x00, 0x00, 0x00, 0x00, 0x00, 0x00, 0x00,
    0x00, 0x00, 0x00, 0x00, 0x00, 0x00, 0x00, 0x00, 0x00, 0x00, 0x00, 0x00,
    0x00, 0x00, 0x00, 0x00, 0x00, 0x6a, 0x5e, 0x10, 0x0b, 0x0b, 0x0b, 0x0b,
    0x10, 0x10, 0x0b, 0x0b, 0x0b, 0x10, 0x10, 0x10, 0x72, 0x1a, 0x00, 0x07
};

LOCATION_PRAGMA_32("ExtFlashSection")
KEEP extern const unsigned char image_boot_emblem_extra_data[] LOCATION_ATTRIBUTE_32("ExtFlashSection") = { // 206 ARGB8888 CLUT entries.
    0x00, 0x00, 0xce, 0x00,
    0x00, 0x00, 0x00, 0x00, 0xf8, 0xfc, 0xf8, 0x04, 0xf8, 0xf4, 0xf8, 0x20,
    0xf8, 0xf8, 0xf8, 0x96, 0xf8, 0xfc, 0xf8, 0xc7, 0xf8, 0xfc, 0xf8, 0xa2,
    0xf8, 0xf8, 0xf8, 0x34, 0xf8, 0xfc, 0xf8, 0x00, 0xa8, 0xa8, 0xa8, 0x04,
    0xf8, 0xfc, 0xf8, 0x6d, 0xf8, 0xfc, 0xf8, 0xe7, 0xf8, 0xfc, 0xf8, 0xff,
    0xf8, 0xfc, 0xf8, 0xf3, 0xf8, 0xfc, 0xf8, 0x8a, 0xf0, 0xf0, 0xf0, 0x10,
    0xf8, 0xf8, 0xf8, 0x41, 0xf8, 0xfc, 0xf8, 0xfb, 0xf8, 0xfc, 0xf8, 0xdf,
    0xf8, 0xfc, 0xf8, 0x61, 0xe8, 0xe8, 0xe8, 0x18, 0xf8, 0xfc, 0xf8, 0x96,
    0xf8, 0xfc, 0xf8, 0xf7, 0xf8, 0xfc, 0xf8, 0xbe, 0xf8, 0xf8, 0xf8, 0x3c,
    0xf8, 0xf8, 0xf8, 0x5d, 0xf8, 0xfc, 0xf8, 0x9e, 0xf8, 0xf4, 0xf8, 0x1c,
    0xf8, 0xf8, 0xf8, 0x28, 0xf8, 0xfc, 0xf8, 0xb6, 0xf8, 0xfc, 0xf8, 0xeb,
    0xf8, 0xf8, 0xf8, 0x65, 0xf0, 0xf4, 0xf0, 0x18, 0xf8, 0xfc, 0xf8, 0x38,
    0xf8, 0xf8, 0xf8, 0x69, 0xf8, 0xfc, 0xf8, 0xc3, 0xf8, 0xf8, 0xf8, 0x49,
    0xf8, 0xfc, 0xf8, 0x86, 0xf8, 0xf8, 0xf8, 0x71, 0xf8, 0xf8, 0xf8, 0x79,
    0xf8, 0xfc, 0xf8, 0xb2, 0xf8, 0xfc, 0xf8, 0x75, 0xf8, 0xfc, 0xf8, 0x49,
    0xf8, 0xf4, 0xf8, 0x3c, 0xf8, 0xf8, 0xf8, 0x75, 0xf0, 0xf4, 0xf0, 0x30,
    0xf8, 0xf8, 0xf8, 0x20, 0xf8, 0xfc, 0xf8, 0x71, 0xf8, 0xfc, 0xf8, 0x65,
    0xf8, 0xfc, 0xf8, 0x69, 0xf8, 0xfc, 0xf8, 0x08, 0xf8, 0xf8, 0xf8, 0x61,
    0xf8, 0xf8, 0xf8, 0x4d, 0xf0, 0xf0, 0xf0, 0x28, 0xf8, 0xfc, 0xf8, 0x8e,
    0xf0, 0xf0, 0xf0, 0x20, 0xf8, 0xf4, 0xf8, 0x38, 0xf8, 0xfc, 0xf8, 0xd7,
    0xf8, 0xf8, 0xf8, 0x45, 0xf8, 0xf8, 0xf8, 0x38, 0xe8, 0xec, 0xe8, 0x0c,
    0xf8, 0xfc, 0xf8, 0x3c, 0xf8, 0xfc, 0xf8, 0x5d, 0xf8, 0xf8, 0xf8, 0xaa,
    0xf0, 0xec, 0xf0, 0x1c, 0xf8, 0xfc, 0xf8, 0x2c, 0xf0, 0xf4, 0xf0, 0x2c,
    0xf8, 0xf8, 0xf8, 0x2c, 0x80, 0x80, 0x80, 0x00, 0xe0, 0xe0, 0xe0, 0x08,
    0xf8, 0xfc, 0xf8, 0xcb, 0xf8, 0xf8, 0xf8, 0x7d, 0xf8, 0xf8, 0xf8, 0x86,
    0xf8, 0xf4, 0xf8, 0x18, 0xf0, 0xf0, 0xf0, 0x14, 0xf8, 0xfc, 0xf8, 0x92,
    0xf8, 0xfc, 0xf8, 0xcf, 0xf8, 0xfc, 0xf8, 0x9a, 0xf0, 0xf4, 0xf0, 0x1c,
    0xf8, 0xf8, 0xf8, 0x59, 0xf8, 0xf8, 0xf8, 0xbe, 0xf8, 0xfc, 0xf8, 0xaa,
    0xf8, 0xfc, 0xf8, 0x18, 0x80, 0x80, 0x80, 0x04, 0xf8, 0xfc, 0xf8, 0xe3,
    0xe8, 0xe8, 0xe8, 0x0c, 0xf8, 0xfc, 0xf8, 0x82, 0xf8, 0xfc, 0xf8, 0xd3,
    0xf8, 0xfc, 0xf8, 0x79, 0xd8, 0xd8, 0xd8, 0x08, 0xf0, 0xf4, 0xf0, 0x34,
    0xf8, 0xfc, 0xf8, 0x7d, 0xf8, 0xf8, 0xf8, 0x30, 0xf8, 0xfc, 0xf8, 0x14,
    0xe8, 0xe4, 0xe8, 0x08, 0xf8, 0xfc, 0xf8, 0xdb, 0xf8, 0xfc, 0xf8, 0x55,
    0xf8, 0xfc, 0xf8, 0xa6, 0xf8, 0xfc, 0xf8, 0xef, 0xd0, 0xd4, 0xd0, 0x08,
    0xf8, 0xf8, 0xf8, 0xae, 0xf8, 0xfc, 0xf8, 0xba, 0xf8, 0xf8, 0xf8, 0x24,
    0xc0, 0xc0, 0xc0, 0x04, 0xf8, 0xfc, 0xf8, 0x41, 0xf8, 0xfc, 0xf8, 0x4d,
    0xf8, 0xf4, 0xf8, 0x41, 0xf8, 0xfc, 0xf8, 0x51, 0xf8, 0xfc, 0xf8, 0x59,
    0xf8, 0xfc, 0xf8, 0x10, 0xf8, 0xfc, 0xf8, 0x28, 0xf8, 0xf8, 0xf8, 0x1c,
    0xf8, 0xfc, 0xf8, 0x0c, 0xf8, 0xf8, 0xf8, 0xb6, 0xe8, 0xec, 0xe8, 0x10,
    0xf8, 0xfc, 0xf8, 0xae, 0xf8, 0xf4, 0xf8, 0x45, 0xc8, 0xcc, 0xc8, 0x04,
    0xd0, 0xd4, 0xd0, 0x04, 0xf8, 0xf4, 0xf8, 0x34, 0xf8, 0xf8, 0xf8, 0x82,
    0xf0, 0xec, 0xf0, 0x10, 0xf8, 0xf8, 0xf8, 0x8a, 0xd8, 0xdc, 0xd8, 0x08,
    0xe8, 0xe4, 0xe8, 0x0c, 0xf8, 0xfc, 0xf8, 0x34, 0xf8, 0xf8, 0xf8, 0x6d,
    0xf8, 0xf8, 0xf8, 0x92, 0xe8, 0xec, 0xe8, 0x18, 0xf8, 0xf8, 0xf8, 0x9a,
    0xf0, 0xf4, 0xf0, 0x14, 0xf8, 0xf4, 0xf8, 0x30, 0xf8, 0xf8, 0xf8, 0x51,
    0xf0, 0xf4, 0xf0, 0x28, 0xa8, 0xac, 0xa8, 0x04, 0xf8, 0xf8, 0xf8, 0x9e,
    0xe8, 0xec, 0xe8, 0x1c, 0xf8, 0xf8, 0xf8, 0xa6, 0xf8, 0xfc, 0xf8, 0x20,
    0xf8, 0xf4, 0xf8, 0x49, 0xf8, 0xf4, 0xf0, 0xf7, 0xf8, 0xc8, 0xb0, 0xdb,
    0xf8, 0xb4, 0x88, 0xd3, 0xf8, 0xc8, 0xa8, 0xdb, 0xf8, 0xfc, 0xf8, 0x1c,
    0xf0, 0xf4, 0xf0, 0x38, 0xf8, 0xfc, 0xf8, 0x45, 0xf8, 0xe8, 0xe0, 0xeb,
    0xf0, 0x70, 0x28, 0xae, 0xf0, 0x4c, 0x00, 0xa6, 0xf8, 0x54, 0x00, 0xae,
    0xf0, 0x54, 0x00, 0xae, 0xf8, 0x70, 0x28, 0xb2, 0xf8, 0xf8, 0xf8, 0x55,
    0xf8, 0x84, 0x40, 0xba, 0xf8, 0x4c, 0x00, 0xa2, 0xf0, 0x60, 0x18, 0xb2,
    0xf8, 0x60, 0x18, 0xb6, 0xf8, 0x64, 0x18, 0xb6, 0xf0, 0x4c, 0x00, 0xae,
    0xf8, 0x80, 0x40, 0xbe, 0xf8, 0xe0, 0xd0, 0xeb, 0xf0, 0x54, 0x00, 0xaa,
    0xf8, 0x60, 0x10, 0xae, 0xf8, 0x5c, 0x10, 0xb2, 0xf0, 0x5c, 0x10, 0xb2,
    0xf8, 0x5c, 0x10, 0xb6, 0xf8, 0x64, 0x10, 0xb6, 0xf0, 0x58, 0x00, 0xaa,
    0xf8, 0xd8, 0xc8, 0xe3, 0xf8, 0x60, 0x10, 0xb2, 0xf0, 0x5c, 0x10, 0xb6,
    0xf0, 0x58, 0x00, 0xa6, 0xf8, 0xe0, 0xd0, 0xe7, 0xf8, 0xf0, 0xf0, 0xf3,
    0xf8, 0x64, 0x18, 0xb2, 0xf0, 0x58, 0x08, 0xaa, 0xf8, 0x64, 0x10, 0xb2,
    0xf0, 0x5c, 0x08, 0xae, 0xf8, 0xc4, 0xa8, 0xdb, 0xf0, 0x48, 0x00, 0xa6,
    0xf8, 0x58, 0x08, 0xb2, 0xf0, 0x48, 0x00, 0xaa, 0xf8, 0xc0, 0xa8, 0xdb,
    0xf0, 0xf0, 0xf0, 0x3c, 0xf8, 0xd0, 0xb8, 0xe3, 0xf8, 0x8c, 0x58, 0xc3,
    0xf8, 0x78, 0x38, 0xb6, 0xf8, 0x88, 0x58, 0xbe, 0xf8, 0xd0, 0xc0, 0xe3,
    0xf8, 0xf8, 0xf8, 0xf7, 0xf8, 0xf4, 0xf8, 0x61, 0xf8, 0xf8, 0xf8, 0xb2,
    0xf8, 0xf8, 0xf8, 0xba, 0xd0, 0xcc, 0xd0, 0x04, 0xf0, 0xf0, 0xf0, 0x24,
    0xe0, 0xdc, 0xe0, 0x10, 0xf0, 0xf0, 0xf0, 0x2c, 0xf8, 0xf4, 0xf8, 0x59,
    0xf8, 0xf4, 0xf8, 0x8e, 0xf0, 0xec, 0xf0, 0x20, 0xe0, 0xe4, 0xe0, 0x3c,
    0xd0, 0xd0, 0xd0, 0x0c, 0xd8, 0xd4, 0xd8, 0x08, 0xf0, 0xf4, 0xf0, 0x51,
    0xe0, 0xe4, 0xe0, 0x08, 0xc8, 0xc4, 0xc8, 0x08
};
