// 4.26.1 0x4d7777e3 D2 AY R0 FL8_ARGB8888 U565 N0 SExtFlashSection EExtFlashSection CNO_COMPRESSION
// Generated by imageconverter. Please, do not edit!

#include <touchgfx/hal/Config.hpp>

LOCATION_PRAGMA_32("ExtFlashSection")
KEEP extern const unsigned char image_deco_comp[] LOCATION_ATTRIBUTE_32("ExtFlashSection") = { // 560x89 L8_ARGB8888 pixels.
    0x00, 0x00, 0x00, 0x00, 0x00, 0x00, 0x00, 0x00, 0x00, 0x00, 0x00, 0x00,
    0x00, 0x00, 0x00, 0x00, 0x00, 0x00, 0x00, 0x00, 0x00, 0x01, 0x01, 0x02,
    0x03, 0x04, 0x05, 0x00, 0x06, 0x00, 0x00, 0x01, 0x00, 0x07, 0x08, 0x09,
    0x0a, 0x00, 0x0b, 0x00, 0x00, 0x00, 0x0b, 0x00, 0x0c, 0x04, 0x0d, 0x0e,
    0x0f, 0x00, 0x00, 0x00, 0x0f, 0x10, 0x11, 0x04, 0x0c, 0x01, 0x0b, 0x00,
    0x00, 0x00, 0x12, 0x00, 0x05, 0x04, 0x03, 0x02, 0x01, 0x01, 0x00, 0x00,
    0x00, 0x00, 0x00, 0x00, 0x00, 0x00, 0x00, 0x00, 0x00, 0x00, 0x00, 0x00,
    0x00, 0x00, 0x00, 0x00, 0x00, 0x00, 0x00, 0x00, 0x00, 0x00, 0x00, 0x00,
    0x00, 0x00, 0x00, 0x00, 0x00, 0x00, 0x00, 0x00, 0x00, 0x00, 0x00, 0x00,
    0x00, 0x00, 0x00, 0x00, 0x00, 0x00, 0x00, 0x00, 0x00, 0x00, 0x00, 0x00,
    0x00, 0x00, 0x00, 0x00, 0x00, 0x00, 0x00, 0x00, 0x00, 0x00, 0x00, 0x00,
    0x00, 0x00, 0x00, 0x00, 0x00, 0x00, 0x00, 0x00, 0x00, 0x00, 0x00, 0x00,
    0x00, 0x00, 0x00, 0x00, 0x00, 0x00, 0x00, 0x00, 0x00, 0x00, 0x00, 0x00,
    0x00, 0x00, 0x00, 0x00, 0x00, 0x00, 0x00, 0x00, 0x00, 0x00, 0x00, 0x00,
    0x00, 0x00, 0x00, 0x00, 0x00, 0x00, 0x00, 0x00, 0x00, 0x00, 0x00, 0x00,
    0x00, 0x00, 0x00, 0x00, 0x00, 0x00, 0x00, 0x00, 0x00, 0x00, 0x00, 0x00,
    0x00, 0x00, 0x00, 0x00, 0x00, 0x00, 0x00, 0x00, 0x00, 0x00, 0x00, 0x00,
    0x00, 0x00, 0x00, 0x00, 0x00, 0x00, 0x00, 0x00, 0x00, 0x00, 0x00, 0x00,
    0x00, 0x00, 0x00, 0x00, 0x00, 0x00, 0x00, 0x00, 0x00, 0x00, 0x00, 0x00,
    0x00, 0x00, 0x00, 0x00, 0x00, 0x00, 0x00, 0x00, 0x00, 0x00, 0x00, 0x00,
    0x00, 0x00, 0x00, 0x00, 0x00, 0x00, 0x00, 0x00, 0x00, 0x00, 0x00, 0x00,
    0x00, 0x00, 0x00, 0x00, 0x00, 0x00, 0x00, 0x00, 0x00, 0x00, 0x00, 0x00,
    0x00, 0x00, 0x00, 0x00, 0x00, 0x00, 0x00, 0x00, 0x00, 0x00, 0x00, 0x00,
    0x00, 0x00, 0x00, 0x00, 0x00, 0x00, 0x00, 0x00, 0x00, 0x00, 0x00, 0x00,
    0x00, 0x00, 0x00, 0x00, 0x00, 0x00, 0x00, 0x00, 0x00, 0x00, 0x00, 0x00,
    0x00, 0x00, 0x00, 0x00, 0x00, 0x00, 0x00, 0x00, 0x00, 0x00, 0x00, 0x00,
    0x00, 0x00, 0x00, 0x00, 0x00, 0x00, 0x00, 0x00, 0x00, 0x00, 0x00, 0x00,
    0x00, 0x00, 0x00, 0x00, 0x00, 0x00, 0x00, 0x00, 0x00, 0x00, 0x00, 0x00,
    0x00, 0x00, 0x00, 0x00, 0x00, 0x00, 0x00, 0x00, 0x00, 0x00, 0x00, 0x00,
    0x00, 0x00, 0x00, 0x00, 0x00, 0x00, 0x00, 0x00, 0x00, 0x00, 0x00, 0x00,
    0x00, 0x00, 0x00, 0x00, 0x00, 0x00, 0x00, 0x00, 0x00, 0x00, 0x00, 0x00,
    0x00, 0x00, 0x00, 0x00, 0x00, 0x00, 0x00, 0x00, 0x00, 0x00, 0x00, 0x00,
    0x00, 0x00, 0x00, 0x00, 0x00, 0x00, 0x00, 0x00, 0x00, 0x00, 0x00, 0x00,
    0x00, 0x00, 0x00, 0x00, 0x00, 0x00, 0x00, 0x00, 0x00, 0x00, 0x00, 0x00,
    0x00, 0x00, 0x00, 0x00, 0x00, 0x00, 0x00, 0x00, 0x00, 0x00, 0x00, 0x00,
    0x00, 0x00, 0x00, 0x00, 0x00, 0x00, 0x00, 0x00, 0x00, 0x00, 0x00, 0x00,
    0x00, 0x00, 0x00, 0x00, 0x00, 0x00, 0x00, 0x00, 0x00, 0x00, 0x00, 0x00,
    0x00, 0x00, 0x00, 0x00, 0x00, 0x00, 0x00, 0x00, 0x00, 0x00, 0x00, 0x00,
    0x00, 0x00, 0x00, 0x00, 0x00, 0x00, 0x00, 0x00, 0x00, 0x00, 0x00, 0x00,
    0x00, 0x00, 0x00, 0x00, 0x00, 0x00, 0x00, 0x00, 0x00, 0x00, 0x00, 0x00,
    0x00, 0x00, 0x00, 0x00, 0x00, 0x00, 0x00, 0x00, 0x00, 0x00, 0x00, 0x00,
    0x00, 0x00, 0x00, 0x00, 0x00, 0x00, 0x00, 0x00, 0x00, 0x00, 0x00, 0x00,
    0x00, 0x00, 0x00, 0x00, 0x00, 0x00, 0x00, 0x00, 0x00, 0x00, 0x00, 0x00,
    0x00, 0x00, 0x00, 0x00, 0x00, 0x00, 0x00, 0x00, 0x00, 0x00, 0x00, 0x00,
    0x00, 0x00, 0x00, 0x00, 0x00, 0x00, 0x00, 0x00, 0x00, 0x00, 0x00, 0x00,
    0x00, 0x00, 0x00, 0x00, 0x00, 0x00, 0x00, 0x00, 0x00, 0x00, 0x00, 0x00,
    0x00, 0x00, 0x00, 0x00, 0x00, 0x00, 0x00, 0x00, 0x00, 0x00, 0x00, 0x00,
    0x00, 0x00, 0x00, 0x00, 0x00, 0x00, 0x00, 0x00, 0x00, 0x00, 0x00, 0x00,
    0x00, 0x00, 0x00, 0x00, 0x00, 0x13, 0x00, 0x14, 0x15, 0x16, 0x03, 0x00,
    0x17, 0x00, 0x00, 0x18, 0x00, 0x0c, 0x16, 0x16, 0x0c, 0x00, 0x19, 0x00,
    0x00, 0x01, 0x00, 0x02, 0x1a, 0x1b, 0x1c, 0x0a, 0x00, 0x1d, 0x00, 0x17,
    0x00, 0x0a, 0x08, 0x1c, 0x1e, 0x1f, 0x00, 0x01, 0x00, 0x00, 0x0f, 0x00,
    0x20, 0x1b, 0x16, 0x14, 0x00, 0x12, 0x00, 0x00, 0x00, 0x00, 0x00, 0x00,
    0x00, 0x00, 0x00, 0x00, 0x00, 0x00, 0x00, 0x00, 0x00, 0x00, 0x00, 0x00,
    0x00, 0x00, 0x00, 0x00, 0x00, 0x00, 0x00, 0x00, 0x00, 0x00, 0x00, 0x00,
    0x00, 0x00, 0x00, 0x00, 0x00, 0x00, 0x00, 0x00, 0x00, 0x00, 0x00, 0x00,
    0x00, 0x00, 0x00, 0x00, 0x00, 0x00, 0x00, 0x00, 0x00, 0x00, 0x00, 0x00,
    0x00, 0x00, 0x00, 0x00, 0x00, 0x00, 0x00, 0x00, 0x00, 0x00, 0x00, 0x00,
    0x00, 0x00, 0x00, 0x00, 0x00, 0x00, 0x00, 0x00, 0x00, 0x00, 0x00, 0x00,
    0x00, 0x00, 0x00, 0x00, 0x00, 0x00, 0x00, 0x00, 0x00, 0x00, 0x00, 0x00,
    0x00, 0x00, 0x00, 0x00, 0x00, 0x00, 0x00, 0x00, 0x00, 0x00, 0x00, 0x00,
    0x00, 0x00, 0x00, 0x00, 0x00, 0x00, 0x00, 0x00, 0x00, 0x00, 0x00, 0x00,
    0x00, 0x00, 0x00, 0x00, 0x00, 0x00, 0x00, 0x00, 0x00, 0x00, 0x00, 0x00,
    0x00, 0x00, 0x00, 0x00, 0x00, 0x00, 0x00, 0x00, 0x00, 0x00, 0x00, 0x00,
    0x00, 0x00, 0x00, 0x00, 0x00, 0x00, 0x00, 0x00, 0x00, 0x00, 0x00, 0x00,
    0x00, 0x00, 0x00, 0x00, 0x00, 0x00, 0x00, 0x00, 0x00, 0x00, 0x00, 0x00,
    0x00, 0x00, 0x00, 0x00, 0x00, 0x00, 0x00, 0x00, 0x00, 0x00, 0x00, 0x00,
    0x00, 0x00, 0x00, 0x00, 0x00, 0x00, 0x00, 0x00, 0x00, 0x00, 0x00, 0x00,
    0x00, 0x00, 0x00, 0x00, 0x00, 0x00, 0x00, 0x00, 0x00, 0x00, 0x00, 0x00,
    0x00, 0x00, 0x00, 0x00, 0x00, 0x00, 0x00, 0x00, 0x00, 0x00, 0x00, 0x00,
    0x00, 0x00, 0x00, 0x00, 0x00, 0x00, 0x00, 0x00, 0x00, 0x00, 0x00, 0x00,
    0x00, 0x00, 0x00, 0x00, 0x00, 0x00, 0x00, 0x00, 0x00, 0x00, 0x00, 0x00,
    0x00, 0x00, 0x00, 0x00, 0x00, 0x00, 0x00, 0x00, 0x00, 0x00, 0x00, 0x00,
    0x00, 0x00, 0x00, 0x00, 0x00, 0x00, 0x00, 0x00, 0x00, 0x00, 0x00, 0x00,
    0x00, 0x00, 0x00, 0x00, 0x00, 0x00, 0x00, 0x00, 0x00, 0x00, 0x00, 0x00,
    0x00, 0x00, 0x00, 0x00, 0x00, 0x00, 0x00, 0x00, 0x00, 0x00, 0x00, 0x00,
    0x00, 0x00, 0x00, 0x00, 0x00, 0x00, 0x00, 0x00, 0x00, 0x00, 0x00, 0x00,
    0x00, 0x00, 0x00, 0x00, 0x00, 0x00, 0x00, 0x00, 0x00, 0x00, 0x00, 0x00,
    0x00, 0x00, 0x00, 0x00, 0x00, 0x00, 0x00, 0x00, 0x00, 0x00, 0x00, 0x00,
    0x00, 0x00, 0x00, 0x00, 0x00, 0x00, 0x00, 0x00, 0x00, 0x00, 0x00, 0x00,
    0x00, 0x00, 0x00, 0x00, 0x00, 0x00, 0x00, 0x00, 0x00, 0x00, 0x00, 0x00,
    0x00, 0x00, 0x00, 0x00, 0x00, 0x00, 0x00, 0x00, 0x00, 0x00, 0x00, 0x00,
    0x00, 0x00, 0x00, 0x00, 0x00, 0x00, 0x00, 0x00, 0x00, 0x00, 0x00, 0x00,
    0x00, 0x00, 0x00, 0x00, 0x00, 0x00, 0x00, 0x00, 0x00, 0x00, 0x00, 0x00,
    0x00, 0x00, 0x00, 0x00, 0x00, 0x00, 0x00, 0x00, 0x00, 0x00, 0x00, 0x00,
    0x00, 0x00, 0x00, 0x00, 0x00, 0x00, 0x00, 0x00, 0x00, 0x00, 0x00, 0x00,
    0x00, 0x00, 0x00, 0x00, 0x00, 0x00, 0x00, 0x00, 0x00, 0x00, 0x00, 0x00,
    0x00, 0x00, 0x00, 0x00, 0x00, 0x00, 0x00, 0x00, 0x00, 0x00, 0x00, 0x00,
    0x00, 0x00, 0x00, 0x00, 0x00, 0x00, 0x00, 0x00, 0x00, 0x00, 0x00, 0x00,
    0x00, 0x00, 0x00, 0x00, 0x00, 0x00, 0x00, 0x00, 0x00, 0x00, 0x00, 0x00,
    0x00, 0x00, 0x00, 0x00, 0x00, 0x00, 0x00, 0x00, 0x00, 0x00, 0x00, 0x00,
    0x00, 0x00, 0x00, 0x00, 0x00, 0x00, 0x00, 0x00, 0x00, 0x00, 0x00, 0x00,
    0x00, 0x00, 0x00, 0x00, 0x00, 0x00, 0x00, 0x00, 0x00, 0x00, 0x00, 0x00,
    0x00, 0x00, 0x00, 0x00, 0x00, 0x00, 0x00, 0x00, 0x00, 0x00, 0x00, 0x00,
    0x00, 0x00, 0x00, 0x00, 0x00, 0x00, 0x00, 0x00, 0x00, 0x00, 0x00, 0x00,
    0x00, 0x01, 0x01, 0x21, 0x22, 0x16, 0x05, 0x00, 0x23, 0x00, 0x00, 0x01,
    0x00, 0x0a, 0x1c, 0x08, 0x0a, 0x00, 0x01, 0x00, 0x00, 0x00, 0x01, 0x01,
    0x0c, 0x16, 0x0d, 0x24, 0x25, 0x26, 0x00, 0x00, 0x25, 0x02, 0x0d, 0x16,
    0x0c, 0x01, 0x0b, 0x00, 0x00, 0x00, 0x06, 0x00, 0x27, 0x16, 0x03, 0x28,
    0x01, 0x01, 0x00, 0x00, 0x00, 0x00, 0x00, 0x00, 0x00, 0x00, 0x00, 0x00,
    0x00, 0x00, 0x00, 0x00, 0x00, 0x00, 0x00, 0x00, 0x00, 0x00, 0x00, 0x00,
    0x00, 0x00, 0x00, 0x00, 0x00, 0x00, 0x00, 0x00, 0x00, 0x00, 0x00, 0x00,
    0x00, 0x00, 0x00, 0x00, 0x00, 0x00, 0x00, 0x00, 0x00, 0x00, 0x00, 0x00,
    0x00, 0x00, 0x00, 0x00, 0x00, 0x00, 0x00, 0x00, 0x00, 0x00, 0x00, 0x00,
    0x00, 0x00, 0x00, 0x00, 0x00, 0x00, 0x00, 0x00, 0x00, 0x00, 0x00, 0x00,
    0x00, 0x00, 0x00, 0x00, 0x00, 0x00, 0x00, 0x00, 0x00, 0x00, 0x00, 0x00,
    0x00, 0x00, 0x00, 0x00, 0x00, 0x00, 0x00, 0x00, 0x00, 0x00, 0x00, 0x00,
    0x00, 0x00, 0x00, 0x00, 0x00, 0x00, 0x00, 0x00, 0x00, 0x00, 0x00, 0x00,
    0x00, 0x00, 0x00, 0x00, 0x00, 0x00, 0x00, 0x00, 0x00, 0x00, 0x00, 0x00,
    0x00, 0x00, 0x00, 0x00, 0x00, 0x00, 0x00, 0x00, 0x00, 0x00, 0x00, 0x00,
    0x00, 0x00, 0x00, 0x00, 0x00, 0x00, 0x00, 0x00, 0x00, 0x00, 0x00, 0x00,
    0x00, 0x00, 0x00, 0x00, 0x00, 0x00, 0x00, 0x00, 0x00, 0x00, 0x00, 0x00,
    0x00, 0x00, 0x00, 0x00, 0x00, 0x00, 0x00, 0x00, 0x00, 0x00, 0x00, 0x00,
    0x00, 0x00, 0x00, 0x00, 0x00, 0x00, 0x00, 0x00, 0x00, 0x00, 0x00, 0x00,
    0x00, 0x00, 0x00, 0x00, 0x00, 0x00, 0x00, 0x00, 0x00, 0x00, 0x00, 0x00,
    0x00, 0x00, 0x00, 0x00, 0x00, 0x00, 0x00, 0x00, 0x00, 0x00, 0x00, 0x00,
    0x00, 0x00, 0x00, 0x00, 0x00, 0x00, 0x00, 0x00, 0x00, 0x00, 0x00, 0x00,
    0x00, 0x00, 0x00, 0x00, 0x00, 0x00, 0x00, 0x00, 0x00, 0x00, 0x00, 0x00,
    0x00, 0x00, 0x00, 0x00, 0x00, 0x00, 0x00, 0x00, 0x00, 0x00, 0x00, 0x00,
    0x00, 0x00, 0x00, 0x00, 0x00, 0x00, 0x00, 0x00, 0x00, 0x00, 0x00, 0x00,
    0x00, 0x00, 0x00, 0x00, 0x00, 0x00, 0x00, 0x00, 0x00, 0x00, 0x00, 0x00,
    0x00, 0x00, 0x00, 0x00, 0x00, 0x00, 0x00, 0x00, 0x00, 0x00, 0x00, 0x00,
    0x00, 0x00, 0x00, 0x00, 0x00, 0x00, 0x00, 0x00, 0x00, 0x00, 0x00, 0x00,
    0x00, 0x00, 0x00, 0x00, 0x00, 0x00, 0x00, 0x00, 0x00, 0x00, 0x00, 0x00,
    0x00, 0x00, 0x00, 0x00, 0x00, 0x00, 0x00, 0x00, 0x00, 0x00, 0x00, 0x00,
    0x00, 0x00, 0x00, 0x00, 0x00, 0x00, 0x00, 0x00, 0x00, 0x00, 0x00, 0x00,
    0x00, 0x00, 0x00, 0x00, 0x00, 0x00, 0x00, 0x00, 0x00, 0x00, 0x00, 0x00,
    0x00, 0x00, 0x00, 0x00, 0x00, 0x00, 0x00, 0x00, 0x00, 0x00, 0x00, 0x00,
    0x00, 0x00, 0x00, 0x00, 0x00, 0x00, 0x00, 0x00, 0x00, 0x00, 0x00, 0x00,
    0x00, 0x00, 0x00, 0x00, 0x00, 0x00, 0x00, 0x00, 0x00, 0x00, 0x00, 0x00,
    0x00, 0x00, 0x00, 0x00, 0x00, 0x00, 0x00, 0x00, 0x00, 0x00, 0x00, 0x00,
    0x00, 0x00, 0x00, 0x00, 0x00, 0x00, 0x00, 0x00, 0x00, 0x00, 0x00, 0x00,
    0x00, 0x00, 0x00, 0x00, 0x00, 0x00, 0x00, 0x00, 0x00, 0x00, 0x00, 0x00,
    0x00, 0x00, 0x00, 0x00, 0x00, 0x00, 0x00, 0x00, 0x00, 0x00, 0x00, 0x00,
    0x00, 0x00, 0x00, 0x00, 0x00, 0x00, 0x00, 0x00, 0x00, 0x00, 0x00, 0x00,
    0x00, 0x00, 0x00, 0x00, 0x00, 0x00, 0x00, 0x00, 0x00, 0x00, 0x00, 0x00,
    0x00, 0x00, 0x00, 0x00, 0x00, 0x00, 0x00, 0x00, 0x00, 0x00, 0x00, 0x00,
    0x00, 0x00, 0x00, 0x00, 0x00, 0x00, 0x00, 0x00, 0x00, 0x00, 0x00, 0x00,
    0x00, 0x00, 0x00, 0x00, 0x00, 0x00, 0x00, 0x00, 0x00, 0x00, 0x00, 0x00,
    0x00, 0x00, 0x00, 0x00, 0x00, 0x00, 0x00, 0x00, 0x00, 0x00, 0x00, 0x00,
    0x00, 0x00, 0x00, 0x00, 0x00, 0x00, 0x00, 0x00, 0x00, 0x00, 0x00, 0x00,
    0x00, 0x00, 0x00, 0x00, 0x00, 0x00, 0x00, 0x00, 0x00, 0x00, 0x06, 0x00,
    0x14, 0x20, 0x00, 0x25, 0x00, 0x00, 0x00, 0x00, 0x29, 0x00, 0x0c, 0x0c,
    0x00, 0x29, 0x00, 0x00, 0x00, 0x00, 0x00, 0x00, 0x00, 0x22, 0x0a, 0x00,
    0x0f, 0x00, 0x00, 0x00, 0x25, 0x00, 0x07, 0x03, 0x00, 0x00, 0x00, 0x00,
    0x00, 0x00, 0x00, 0x23, 0x00, 0x03, 0x14, 0x00, 0x23, 0x00, 0x00, 0x00,
    0x00, 0x00, 0x00, 0x00, 0x00, 0x00, 0x00, 0x00, 0x00, 0x00, 0x00, 0x00,
    0x00, 0x00, 0x00, 0x00, 0x00, 0x00, 0x00, 0x00, 0x00, 0x00, 0x00, 0x00,
    0x00, 0x00, 0x00, 0x00, 0x00, 0x00, 0x00, 0x00, 0x00, 0x00, 0x00, 0x00,
    0x00, 0x00, 0x00, 0x00, 0x00, 0x00, 0x00, 0x00, 0x00, 0x00, 0x00, 0x00,
    0x00, 0x00, 0x00, 0x00, 0x00, 0x00, 0x00, 0x00, 0x00, 0x00, 0x00, 0x00,
    0x00, 0x00, 0x00, 0x00, 0x00, 0x00, 0x00, 0x00, 0x00, 0x00, 0x00, 0x00,
    0x00, 0x00, 0x00, 0x00, 0x00, 0x00, 0x00, 0x00, 0x00, 0x00, 0x00, 0x00,
    0x00, 0x00, 0x00, 0x00, 0x00, 0x00, 0x00, 0x00, 0x00, 0x00, 0x00, 0x00,
    0x00, 0x00, 0x00, 0x00, 0x00, 0x00, 0x00, 0x00, 0x00, 0x00, 0x00, 0x00,
    0x00, 0x00, 0x00, 0x00, 0x00, 0x00, 0x00, 0x00, 0x00, 0x00, 0x00, 0x00,
    0x00, 0x00, 0x00, 0x00, 0x00, 0x00, 0x00, 0x00, 0x00, 0x00, 0x00, 0x00,
    0x00, 0x00, 0x00, 0x00, 0x00, 0x00, 0x00, 0x00, 0x00, 0x00, 0x00, 0x00,
    0x00, 0x00, 0x00, 0x00, 0x00, 0x00, 0x00, 0x00, 0x00, 0x00, 0x00, 0x00,
    0x00, 0x00, 0x00, 0x00, 0x00, 0x00, 0x00, 0x00, 0x00, 0x00, 0x00, 0x00,
    0x00, 0x00, 0x00, 0x00, 0x00, 0x00, 0x00, 0x00, 0x00, 0x00, 0x00, 0x00,
    0x00, 0x00, 0x00, 0x00, 0x00, 0x00, 0x00, 0x00, 0x00, 0x00, 0x00, 0x00,
    0x00, 0x00, 0x00, 0x00, 0x00, 0x00, 0x00, 0x00, 0x00, 0x00, 0x00, 0x00,
    0x00, 0x00, 0x00, 0x00, 0x00, 0x00, 0x00, 0x00, 0x00, 0x00, 0x00, 0x00,
    0x00, 0x00, 0x00, 0x00, 0x00, 0x00, 0x00, 0x00, 0x00, 0x00, 0x00, 0x00,
    0x00, 0x00, 0x00, 0x00, 0x00, 0x00, 0x00, 0x00, 0x00, 0x00, 0x00, 0x00,
    0x00, 0x00, 0x00, 0x00, 0x00, 0x00, 0x00, 0x00, 0x00, 0x00, 0x00, 0x00,
    0x00, 0x00, 0x00, 0x00, 0x00, 0x00, 0x00, 0x00, 0x00, 0x00, 0x00, 0x00,
    0x00, 0x00, 0x00, 0x00, 0x00, 0x00, 0x00, 0x00, 0x00, 0x00, 0x00, 0x00,
    0x00, 0x00, 0x00, 0x00, 0x00, 0x00, 0x00, 0x00, 0x00, 0x00, 0x00, 0x00,
    0x00, 0x00, 0x00, 0x00, 0x00, 0x00, 0x00, 0x00, 0x00, 0x00, 0x00, 0x00,
    0x00, 0x00, 0x00, 0x00, 0x00, 0x00, 0x00, 0x00, 0x00, 0x00, 0x00, 0x00,
    0x00, 0x00, 0x00, 0x00, 0x00, 0x00, 0x00, 0x00, 0x00, 0x00, 0x00, 0x00,
    0x00, 0x00, 0x00, 0x00, 0x00, 0x00, 0x00, 0x00, 0x00, 0x00, 0x00, 0x00,
    0x00, 0x00, 0x00, 0x00, 0x00, 0x00, 0x00, 0x00, 0x00, 0x00, 0x00, 0x00,
    0x00, 0x00, 0x00, 0x00, 0x00, 0x00, 0x00, 0x00, 0x00, 0x00, 0x00, 0x00,
    0x00, 0x00, 0x00, 0x00, 0x00, 0x00, 0x00, 0x00, 0x00, 0x00, 0x00, 0x00,
    0x00, 0x00, 0x00, 0x00, 0x00, 0x00, 0x00, 0x00, 0x00, 0x00, 0x00, 0x00,
    0x00, 0x00, 0x00, 0x00, 0x00, 0x00, 0x00, 0x00, 0x00, 0x00, 0x00, 0x00,
    0x00, 0x00, 0x00, 0x00, 0x00, 0x00, 0x00, 0x00, 0x00, 0x00, 0x00, 0x00,
    0x00, 0x00, 0x00, 0x00, 0x00, 0x00, 0x00, 0x00, 0x00, 0x00, 0x00, 0x00,
    0x00, 0x00, 0x00, 0x00, 0x00, 0x00, 0x00, 0x00, 0x00, 0x00, 0x00, 0x00,
    0x00, 0x00, 0x00, 0x00, 0x00, 0x00, 0x00, 0x00, 0x00, 0x00, 0x00, 0x00,
    0x00, 0x00, 0x00, 0x00, 0x00, 0x00, 0x00, 0x00, 0x00, 0x00, 0x00, 0x00,
    0x00, 0x00, 0x00, 0x00, 0x00, 0x00, 0x00, 0x00, 0x00, 0x00, 0x00, 0x00,
    0x00, 0x00, 0x00, 0x00, 0x00, 0x00, 0x00, 0x00, 0x00, 0x00, 0x00, 0x00,
    0x00, 0x00, 0x00, 0x00, 0x00, 0x00, 0x00, 0x00, 0x00, 0x00, 0x00, 0x00,
    0x00, 0x00, 0x00, 0x00, 0x00, 0x00, 0x00, 0x00, 0x00, 0x00, 0x00, 0x00,
    0x00, 0x00, 0x00, 0x00, 0x00, 0x00, 0x23, 0x01, 0x14, 0x03, 0x25, 0x0f,
    0x00, 0x00, 0x00, 0x00, 0x19, 0x0f, 0x0c, 0x2a, 0x0f, 0x2b, 0x00, 0x00,
    0x00, 0x00, 0x00, 0x00, 0x01, 0x03, 0x2c, 0x00, 0x25, 0x00, 0x00, 0x00,
    0x0f, 0x00, 0x07, 0x03, 0x01, 0x00, 0x00, 0x00, 0x00, 0x00, 0x00, 0x06,
    0x0f, 0x0d, 0x2d, 0x01, 0x06, 0x00, 0x00, 0x00, 0x00, 0x00, 0x00, 0x00,
    0x00, 0x00, 0x00, 0x00, 0x00, 0x00, 0x00, 0x00, 0x00, 0x00, 0x00, 0x00,
    0x00, 0x00, 0x00, 0x00, 0x00, 0x00, 0x00, 0x00, 0x00, 0x00, 0x00, 0x00,
    0x00, 0x00, 0x00, 0x00, 0x00, 0x00, 0x00, 0x00, 0x00, 0x00, 0x00, 0x00,
    0x00, 0x00, 0x00, 0x00, 0x00, 0x00, 0x00, 0x00, 0x00, 0x00, 0x00, 0x00,
    0x00, 0x00, 0x00, 0x00, 0x00, 0x00, 0x00, 0x00, 0x00, 0x00, 0x00, 0x00,
    0x00, 0x00, 0x00, 0x00, 0x00, 0x00, 0x00, 0x00, 0x00, 0x00, 0x00, 0x00,
    0x00, 0x00, 0x00, 0x00, 0x00, 0x00, 0x00, 0x00, 0x00, 0x00, 0x00, 0x00,
    0x00, 0x00, 0x00, 0x00, 0x00, 0x00, 0x00, 0x00, 0x00, 0x00, 0x00, 0x00,
    0x00, 0x00, 0x00, 0x00, 0x00, 0x00, 0x00, 0x00, 0x00, 0x00, 0x00, 0x00,
    0x00, 0x00, 0x00, 0x00, 0x00, 0x00, 0x00, 0x00, 0x00, 0x00, 0x00, 0x00,
    0x00, 0x00, 0x00, 0x00, 0x00, 0x00, 0x00, 0x00, 0x00, 0x00, 0x00, 0x00,
    0x00, 0x00, 0x00, 0x00, 0x00, 0x00, 0x00, 0x00, 0x00, 0x00, 0x00, 0x00,
    0x00, 0x00, 0x00, 0x00, 0x00, 0x00, 0x00, 0x00, 0x00, 0x00, 0x00, 0x00,
    0x00, 0x00, 0x00, 0x00, 0x00, 0x00, 0x00, 0x00, 0x00, 0x00, 0x00, 0x00,
    0x00, 0x00, 0x00, 0x00, 0x00, 0x00, 0x00, 0x00, 0x00, 0x00, 0x00, 0x00,
    0x00, 0x00, 0x00, 0x00, 0x00, 0x00, 0x00, 0x00, 0x00, 0x00, 0x00, 0x00,
    0x00, 0x00, 0x00, 0x00, 0x00, 0x00, 0x00, 0x00, 0x00, 0x00, 0x00, 0x00,
    0x00, 0x00, 0x00, 0x00, 0x00, 0x00, 0x00, 0x00, 0x00, 0x00, 0x00, 0x00,
    0x00, 0x00, 0x00, 0x00, 0x00, 0x00, 0x00, 0x00, 0x00, 0x00, 0x00, 0x00,
    0x00, 0x00, 0x00, 0x00, 0x00, 0x00, 0x00, 0x00, 0x00, 0x00, 0x00, 0x00,
    0x00, 0x00, 0x00, 0x00, 0x00, 0x00, 0x00, 0x00, 0x00, 0x00, 0x00, 0x00,
    0x00, 0x00, 0x00, 0x00, 0x00, 0x00, 0x00, 0x00, 0x00, 0x00, 0x00, 0x00,
    0x00, 0x00, 0x00, 0x00, 0x00, 0x00, 0x00, 0x00, 0x00, 0x00, 0x00, 0x00,
    0x00, 0x00, 0x00, 0x00, 0x00, 0x00, 0x00, 0x00, 0x00, 0x00, 0x00, 0x00,
    0x00, 0x00, 0x00, 0x00, 0x00, 0x00, 0x00, 0x00, 0x00, 0x00, 0x00, 0x00,
    0x00, 0x00, 0x00, 0x00, 0x00, 0x00, 0x00, 0x00, 0x00, 0x00, 0x00, 0x00,
    0x00, 0x00, 0x00, 0x00, 0x00, 0x00, 0x00, 0x00, 0x00, 0x00, 0x00, 0x00,
    0x00, 0x00, 0x00, 0x00, 0x00, 0x00, 0x00, 0x00, 0x00, 0x00, 0x00, 0x00,
    0x00, 0x00, 0x00, 0x00, 0x00, 0x00, 0x00, 0x00, 0x00, 0x00, 0x00, 0x00,
    0x00, 0x00, 0x00, 0x00, 0x00, 0x00, 0x00, 0x00, 0x00, 0x00, 0x00, 0x00,
    0x00, 0x00, 0x00, 0x00, 0x00, 0x00, 0x00, 0x00, 0x00, 0x00, 0x00, 0x00,
    0x00, 0x00, 0x00, 0x00, 0x00, 0x00, 0x00, 0x00, 0x00, 0x00, 0x00, 0x00,
    0x00, 0x00, 0x00, 0x00, 0x00, 0x00, 0x00, 0x00, 0x00, 0x00, 0x00, 0x00,
    0x00, 0x00, 0x00, 0x00, 0x00, 0x00, 0x00, 0x00, 0x00, 0x00, 0x00, 0x00,
    0x00, 0x00, 0x00, 0x00, 0x00, 0x00, 0x00, 0x00, 0x00, 0x00, 0x00, 0x00,
    0x00, 0x00, 0x00, 0x00, 0x00, 0x00, 0x00, 0x00, 0x00, 0x00, 0x00, 0x00,
    0x00, 0x00, 0x00, 0x00, 0x00, 0x00, 0x00, 0x00, 0x00, 0x00, 0x00, 0x00,
    0x00, 0x00, 0x00, 0x00, 0x00, 0x00, 0x00, 0x00, 0x00, 0x00, 0x00, 0x00,
    0x00, 0x00, 0x00, 0x00, 0x00, 0x00, 0x00, 0x00, 0x00, 0x00, 0x00, 0x00,
    0x00, 0x00, 0x00, 0x00, 0x00, 0x00, 0x00, 0x00, 0x00, 0x00, 0x00, 0x00,
    0x00, 0x00, 0x00, 0x00, 0x00, 0x00, 0x00, 0x00, 0x00, 0x00, 0x00, 0x00,
    0x00, 0x00, 0x00, 0x00, 0x00, 0x00, 0x00, 0x00, 0x00, 0x00, 0x00, 0x00,
    0x00, 0x00, 0x06, 0x00, 0x14, 0x20, 0x00, 0x0f, 0x00, 0x00, 0x00, 0x00,
    0x19, 0x00, 0x2a, 0x0c, 0x00, 0x19, 0x00, 0x00, 0x00, 0x00, 0x00, 0x00,
    0x01, 0x03, 0x2c, 0x00, 0x25, 0x00, 0x00, 0x00, 0x25, 0x00, 0x07, 0x20,
    0x01, 0x00, 0x00, 0x00, 0x00, 0x00, 0x00, 0x23, 0x00, 0x0d, 0x14, 0x00,
    0x23, 0x00, 0x00, 0x00, 0x00, 0x00, 0x00, 0x00, 0x00, 0x00, 0x00, 0x00,
    0x00, 0x00, 0x00, 0x00, 0x00, 0x00, 0x00, 0x00, 0x00, 0x00, 0x00, 0x00,
    0x00, 0x00, 0x00, 0x00, 0x00, 0x00, 0x00, 0x00, 0x00, 0x00, 0x00, 0x00,
    0x00, 0x00, 0x00, 0x00, 0x00, 0x00, 0x00, 0x00, 0x00, 0x00, 0x00, 0x00,
    0x00, 0x00, 0x00, 0x00, 0x00, 0x00, 0x00, 0x00, 0x00, 0x00, 0x00, 0x00,
    0x00, 0x00, 0x00, 0x00, 0x00, 0x00, 0x00, 0x00, 0x00, 0x00, 0x00, 0x00,
    0x00, 0x00, 0x00, 0x00, 0x00, 0x00, 0x00, 0x00, 0x00, 0x00, 0x00, 0x00,
    0x00, 0x00, 0x00, 0x00, 0x00, 0x00, 0x00, 0x00, 0x00, 0x00, 0x00, 0x00,
    0x00, 0x00, 0x00, 0x00, 0x00, 0x00, 0x00, 0x00, 0x00, 0x00, 0x00, 0x00,
    0x00, 0x00, 0x00, 0x00, 0x00, 0x00, 0x00, 0x00, 0x00, 0x00, 0x00, 0x00,
    0x00, 0x00, 0x00, 0x00, 0x00, 0x00, 0x00, 0x00, 0x00, 0x00, 0x00, 0x00,
    0x00, 0x00, 0x00, 0x00, 0x00, 0x00, 0x00, 0x00, 0x00, 0x00, 0x00, 0x00,
    0x00, 0x00, 0x00, 0x00, 0x00, 0x00, 0x00, 0x00, 0x00, 0x00, 0x00, 0x00,
    0x00, 0x00, 0x00, 0x00, 0x00, 0x00, 0x00, 0x00, 0x00, 0x00, 0x00, 0x00,
    0x00, 0x00, 0x00, 0x00, 0x00, 0x00, 0x00, 0x00, 0x00, 0x00, 0x00, 0x00,
    0x00, 0x00, 0x00, 0x00, 0x00, 0x00, 0x00, 0x00, 0x00, 0x00, 0x00, 0x00,
    0x00, 0x00, 0x00, 0x00, 0x00, 0x00, 0x00, 0x00, 0x00, 0x00, 0x00, 0x00,
    0x00, 0x00, 0x00, 0x00, 0x00, 0x00, 0x00, 0x00, 0x00, 0x00, 0x00, 0x00,
    0x00, 0x00, 0x00, 0x00, 0x00, 0x00, 0x00, 0x00, 0x00, 0x00, 0x00, 0x00,
    0x00, 0x00, 0x00, 0x00, 0x00, 0x00, 0x00, 0x00, 0x00, 0x00, 0x00, 0x00,
    0x00, 0x00, 0x00, 0x00, 0x00, 0x00, 0x00, 0x00, 0x00, 0x00, 0x00, 0x00,
    0x00, 0x00, 0x00, 0x00, 0x00, 0x00, 0x00, 0x00, 0x00, 0x00, 0x00, 0x00,
    0x00, 0x00, 0x00, 0x00, 0x00, 0x00, 0x00, 0x00, 0x00, 0x00, 0x00, 0x00,
    0x00, 0x00, 0x00, 0x00, 0x00, 0x00, 0x00, 0x00, 0x00, 0x00, 0x00, 0x00,
    0x00, 0x00, 0x00, 0x00, 0x00, 0x00, 0x00, 0x00, 0x00, 0x00, 0x00, 0x00,
    0x00, 0x00, 0x00, 0x00, 0x00, 0x00, 0x00, 0x00, 0x00, 0x00, 0x00, 0x00,
    0x00, 0x00, 0x00, 0x00, 0x00, 0x00, 0x00, 0x00, 0x00, 0x00, 0x00, 0x00,
    0x00, 0x00, 0x00, 0x00, 0x00, 0x00, 0x00, 0x00, 0x00, 0x00, 0x00, 0x00,
    0x00, 0x00, 0x00, 0x00, 0x00, 0x00, 0x00, 0x00, 0x00, 0x00, 0x00, 0x00,
    0x00, 0x00, 0x00, 0x00, 0x00, 0x00, 0x00, 0x00, 0x00, 0x00, 0x00, 0x00,
    0x00, 0x00, 0x00, 0x00, 0x00, 0x00, 0x00, 0x00, 0x00, 0x00, 0x00, 0x00,
    0x00, 0x00, 0x00, 0x00, 0x00, 0x00, 0x00, 0x00, 0x00, 0x00, 0x00, 0x00,
    0x00, 0x00, 0x00, 0x00, 0x00, 0x00, 0x00, 0x00, 0x00, 0x00, 0x00, 0x00,
    0x00, 0x00, 0x00, 0x00, 0x00, 0x00, 0x00, 0x00, 0x00, 0x00, 0x00, 0x00,
    0x00, 0x00, 0x00, 0x00, 0x00, 0x00, 0x00, 0x00, 0x00, 0x00, 0x00, 0x00,
    0x00, 0x00, 0x00, 0x00, 0x00, 0x00, 0x00, 0x00, 0x00, 0x00, 0x00, 0x00,
    0x00, 0x00, 0x00, 0x00, 0x00, 0x00, 0x00, 0x00, 0x00, 0x00, 0x00, 0x00,
    0x00, 0x00, 0x00, 0x00, 0x00, 0x00, 0x00, 0x00, 0x00, 0x00, 0x00, 0x00,
    0x00, 0x00, 0x00, 0x00, 0x00, 0x00, 0x00, 0x00, 0x00, 0x00, 0x00, 0x00,
    0x00, 0x00, 0x00, 0x00, 0x00, 0x00, 0x00, 0x00, 0x00, 0x00, 0x00, 0x00,
    0x00, 0x00, 0x00, 0x00, 0x00, 0x00, 0x00, 0x00, 0x00, 0x00, 0x00, 0x00,
    0x00, 0x00, 0x00, 0x00, 0x00, 0x00, 0x00, 0x00, 0x00, 0x00, 0x00, 0x00,
    0x00, 0x00, 0x00, 0x00, 0x00, 0x00, 0x00, 0x00, 0x00, 0x00, 0x23, 0x00,
    0x14, 0x20, 0x00, 0x25, 0x00, 0x00, 0x00, 0x00, 0x2b, 0x00, 0x0c, 0x0c,
    0x00, 0x29, 0x00, 0x00, 0x00, 0x00, 0x00, 0x00, 0x01, 0x2e, 0x2f, 0x00,
    0x0f, 0x00, 0x00, 0x00, 0x30, 0x00, 0x31, 0x03, 0x32, 0x00, 0x00, 0x00,
    0x00, 0x00, 0x00, 0x06, 0x00, 0x0d, 0x2d, 0x00, 0x23, 0x00, 0x00, 0x00,
    0x00, 0x00, 0x00, 0x00, 0x00, 0x00, 0x00, 0x00, 0x00, 0x00, 0x00, 0x00,
    0x00, 0x00, 0x00, 0x00, 0x00, 0x00, 0x00, 0x00, 0x00, 0x00, 0x00, 0x00,
    0x00, 0x00, 0x00, 0x00, 0x00, 0x00, 0x00, 0x00, 0x00, 0x00, 0x00, 0x00,
    0x00, 0x00, 0x00, 0x00, 0x00, 0x00, 0x00, 0x00, 0x00, 0x00, 0x00, 0x00,
    0x00, 0x00, 0x00, 0x00, 0x00, 0x00, 0x00, 0x00, 0x00, 0x00, 0x00, 0x00,
    0x00, 0x00, 0x00, 0x00, 0x00, 0x00, 0x00, 0x00, 0x00, 0x00, 0x00, 0x00,
    0x00, 0x00, 0x00, 0x00, 0x00, 0x00, 0x00, 0x00, 0x00, 0x00, 0x00, 0x00,
    0x00, 0x00, 0x00, 0x00, 0x00, 0x00, 0x00, 0x00, 0x00, 0x00, 0x00, 0x00,
    0x00, 0x00, 0x00, 0x00, 0x00, 0x00, 0x00, 0x00, 0x00, 0x00, 0x00, 0x00,
    0x00, 0x00, 0x00, 0x00, 0x00, 0x00, 0x00, 0x00, 0x00, 0x00, 0x00, 0x00,
    0x00, 0x00, 0x00, 0x00, 0x00, 0x00, 0x00, 0x00, 0x00, 0x00, 0x00, 0x00,
    0x00, 0x00, 0x00, 0x00, 0x00, 0x00, 0x00, 0x00, 0x00, 0x00, 0x00, 0x00,
    0x00, 0x00, 0x00, 0x00, 0x00, 0x00, 0x00, 0x00, 0x00, 0x00, 0x00, 0x00,
    0x00, 0x00, 0x00, 0x00, 0x00, 0x00, 0x00, 0x00, 0x00, 0x00, 0x00, 0x00,
    0x00, 0x00, 0x00, 0x00, 0x00, 0x00, 0x00, 0x00, 0x00, 0x00, 0x00, 0x00,
    0x00, 0x00, 0x00, 0x00, 0x00, 0x00, 0x00, 0x00, 0x00, 0x00, 0x00, 0x00,
    0x00, 0x00, 0x00, 0x00, 0x00, 0x00, 0x00, 0x00, 0x00, 0x00, 0x00, 0x00,
    0x00, 0x00, 0x00, 0x00, 0x00, 0x00, 0x00, 0x00, 0x00, 0x00, 0x00, 0x00,
    0x00, 0x00, 0x00, 0x00, 0x00, 0x00, 0x00, 0x00, 0x00, 0x00, 0x00, 0x00,
    0x00, 0x00, 0x00, 0x00, 0x00, 0x00, 0x00, 0x00, 0x00, 0x00, 0x00, 0x00,
    0x00, 0x00, 0x00, 0x00, 0x00, 0x00, 0x00, 0x00, 0x00, 0x00, 0x00, 0x00,
    0x00, 0x00, 0x00, 0x00, 0x00, 0x00, 0x00, 0x00, 0x00, 0x00, 0x00, 0x00,
    0x00, 0x00, 0x00, 0x00, 0x00, 0x00, 0x00, 0x00, 0x00, 0x00, 0x00, 0x00,
    0x00, 0x00, 0x00, 0x00, 0x00, 0x00, 0x00, 0x00, 0x00, 0x00, 0x00, 0x00,
    0x00, 0x00, 0x00, 0x00, 0x00, 0x00, 0x00, 0x00, 0x00, 0x00, 0x00, 0x00,
    0x00, 0x00, 0x00, 0x00, 0x00, 0x00, 0x00, 0x00, 0x00, 0x00, 0x00, 0x00,
    0x00, 0x00, 0x00, 0x00, 0x00, 0x00, 0x00, 0x00, 0x00, 0x00, 0x00, 0x00,
    0x00, 0x00, 0x00, 0x00, 0x00, 0x00, 0x00, 0x00, 0x00, 0x00, 0x00, 0x00,
    0x00, 0x00, 0x00, 0x00, 0x00, 0x00, 0x00, 0x00, 0x00, 0x00, 0x00, 0x00,
    0x00, 0x00, 0x00, 0x00, 0x00, 0x00, 0x00, 0x00, 0x00, 0x00, 0x00, 0x00,
    0x00, 0x00, 0x00, 0x00, 0x00, 0x00, 0x00, 0x00, 0x00, 0x00, 0x00, 0x00,
    0x00, 0x00, 0x00, 0x00, 0x00, 0x00, 0x00, 0x00, 0x00, 0x00, 0x00, 0x00,
    0x00, 0x00, 0x00, 0x00, 0x00, 0x00, 0x00, 0x00, 0x00, 0x00, 0x00, 0x00,
    0x00, 0x00, 0x00, 0x00, 0x00, 0x00, 0x00, 0x00, 0x00, 0x00, 0x00, 0x00,
    0x00, 0x00, 0x00, 0x00, 0x00, 0x00, 0x00, 0x00, 0x00, 0x00, 0x00, 0x00,
    0x00, 0x00, 0x00, 0x00, 0x00, 0x00, 0x00, 0x00, 0x00, 0x00, 0x00, 0x00,
    0x00, 0x00, 0x00, 0x00, 0x00, 0x00, 0x00, 0x00, 0x00, 0x00, 0x00, 0x00,
    0x00, 0x00, 0x00, 0x00, 0x00, 0x00, 0x00, 0x00, 0x00, 0x00, 0x00, 0x00,
    0x00, 0x00, 0x00, 0x00, 0x00, 0x00, 0x00, 0x00, 0x00, 0x00, 0x00, 0x00,
    0x00, 0x00, 0x00, 0x00, 0x00, 0x00, 0x00, 0x00, 0x00, 0x00, 0x00, 0x00,
    0x00, 0x00, 0x00, 0x00, 0x00, 0x00, 0x00, 0x00, 0x00, 0x00, 0x00, 0x00,
    0x00, 0x00, 0x00, 0x00, 0x00, 0x00, 0x00, 0x00, 0x00, 0x00, 0x00, 0x00,
    0x00, 0x00, 0x00, 0x00, 0x00, 0x00, 0x06, 0x01, 0x14, 0x22, 0x33, 0x25,
    0x00, 0x00, 0x00, 0x00, 0x29, 0x0b, 0x2a, 0x34, 0x35, 0x29, 0x00, 0x00,
    0x00, 0x00, 0x00, 0x00, 0x36, 0x20, 0x0a, 0x00, 0x25, 0x00, 0x00, 0x00,
    0x25, 0x00, 0x2c, 0x03, 0x37, 0x00, 0x00, 0x00, 0x00, 0x00, 0x00, 0x23,
    0x23, 0x0d, 0x14, 0x01, 0x23, 0x00, 0x00, 0x00, 0x00, 0x00, 0x00, 0x00,
    0x00, 0x00, 0x00, 0x00, 0x00, 0x00, 0x00, 0x00, 0x00, 0x00, 0x00, 0x00,
    0x00, 0x00, 0x00, 0x00, 0x00, 0x00, 0x00, 0x00, 0x00, 0x00, 0x00, 0x00,
    0x00, 0x00, 0x00, 0x00, 0x00, 0x00, 0x00, 0x00, 0x00, 0x00, 0x00, 0x00,
    0x00, 0x00, 0x00, 0x00, 0x00, 0x00, 0x00, 0x00, 0x00, 0x00, 0x00, 0x00,
    0x00, 0x00, 0x00, 0x00, 0x00, 0x00, 0x00, 0x00, 0x00, 0x00, 0x00, 0x00,
    0x00, 0x00, 0x00, 0x00, 0x00, 0x00, 0x00, 0x00, 0x00, 0x00, 0x00, 0x00,
    0x00, 0x00, 0x00, 0x00, 0x00, 0x00, 0x00, 0x00, 0x00, 0x00, 0x00, 0x00,
    0x00, 0x00, 0x00, 0x00, 0x00, 0x00, 0x00, 0x00, 0x00, 0x00, 0x00, 0x00,
    0x00, 0x00, 0x00, 0x00, 0x00, 0x00, 0x00, 0x00, 0x00, 0x00, 0x00, 0x00,
    0x00, 0x00, 0x00, 0x00, 0x00, 0x00, 0x00, 0x00, 0x00, 0x00, 0x00, 0x00,
    0x00, 0x00, 0x00, 0x00, 0x00, 0x00, 0x00, 0x00, 0x00, 0x00, 0x00, 0x00,
    0x00, 0x00, 0x00, 0x00, 0x00, 0x00, 0x00, 0x00, 0x00, 0x00, 0x00, 0x00,
    0x00, 0x00, 0x00, 0x00, 0x00, 0x00, 0x00, 0x00, 0x00, 0x00, 0x00, 0x00,
    0x00, 0x00, 0x00, 0x00, 0x00, 0x00, 0x00, 0x00, 0x00, 0x00, 0x00, 0x00,
    0x00, 0x00, 0x00, 0x00, 0x00, 0x00, 0x00, 0x00, 0x00, 0x00, 0x00, 0x00,
    0x00, 0x00, 0x00, 0x00, 0x00, 0x00, 0x00, 0x00, 0x00, 0x00, 0x00, 0x00,
    0x00, 0x00, 0x00, 0x00, 0x00, 0x00, 0x00, 0x00, 0x00, 0x00, 0x00, 0x00,
    0x00, 0x00, 0x00, 0x00, 0x00, 0x00, 0x00, 0x00, 0x00, 0x00, 0x00, 0x00,
    0x00, 0x00, 0x00, 0x00, 0x00, 0x00, 0x00, 0x00, 0x00, 0x00, 0x00, 0x00,
    0x00, 0x00, 0x00, 0x00, 0x00, 0x00, 0x00, 0x00, 0x00, 0x00, 0x00, 0x00,
    0x00, 0x00, 0x00, 0x00, 0x00, 0x00, 0x00, 0x00, 0x00, 0x00, 0x00, 0x00,
    0x00, 0x00, 0x00, 0x00, 0x00, 0x00, 0x00, 0x00, 0x00, 0x00, 0x00, 0x00,
    0x00, 0x00, 0x00, 0x00, 0x00, 0x00, 0x00, 0x00, 0x00, 0x00, 0x00, 0x00,
    0x00, 0x00, 0x00, 0x00, 0x00, 0x00, 0x00, 0x00, 0x00, 0x00, 0x00, 0x00,
    0x00, 0x00, 0x00, 0x00, 0x00, 0x00, 0x00, 0x00, 0x00, 0x00, 0x00, 0x00,
    0x00, 0x00, 0x00, 0x00, 0x00, 0x00, 0x00, 0x00, 0x00, 0x00, 0x00, 0x00,
    0x00, 0x00, 0x00, 0x00, 0x00, 0x00, 0x00, 0x00, 0x00, 0x00, 0x00, 0x00,
    0x00, 0x00, 0x00, 0x00, 0x00, 0x00, 0x00, 0x00, 0x00, 0x00, 0x00, 0x00,
    0x00, 0x00, 0x00, 0x00, 0x00, 0x00, 0x00, 0x00, 0x00, 0x00, 0x00, 0x00,
    0x00, 0x00, 0x00, 0x00, 0x00, 0x00, 0x00, 0x00, 0x00, 0x00, 0x00, 0x00,
    0x00, 0x00, 0x00, 0x00, 0x00, 0x00, 0x00, 0x00, 0x00, 0x00, 0x00, 0x00,
    0x00, 0x00, 0x00, 0x00, 0x00, 0x00, 0x00, 0x00, 0x00, 0x00, 0x00, 0x00,
    0x00, 0x00, 0x00, 0x00, 0x00, 0x00, 0x00, 0x00, 0x00, 0x00, 0x00, 0x00,
    0x00, 0x00, 0x00, 0x00, 0x00, 0x00, 0x00, 0x00, 0x00, 0x00, 0x00, 0x00,
    0x00, 0x00, 0x00, 0x00, 0x00, 0x00, 0x00, 0x00, 0x00, 0x00, 0x00, 0x00,
    0x00, 0x00, 0x00, 0x00, 0x00, 0x00, 0x00, 0x00, 0x00, 0x00, 0x00, 0x00,
    0x00, 0x00, 0x00, 0x00, 0x00, 0x00, 0x00, 0x00, 0x00, 0x00, 0x00, 0x00,
    0x00, 0x00, 0x00, 0x00, 0x00, 0x00, 0x00, 0x00, 0x00, 0x00, 0x00, 0x00,
    0x00, 0x00, 0x00, 0x00, 0x00, 0x00, 0x00, 0x00, 0x00, 0x00, 0x00, 0x00,
    0x00, 0x00, 0x00, 0x00, 0x00, 0x00, 0x00, 0x00, 0x00, 0x00, 0x00, 0x00,
    0x00, 0x00, 0x00, 0x00, 0x00, 0x00, 0x00, 0x00, 0x00, 0x00, 0x00, 0x00,
    0x00, 0x00, 0x00, 0x00, 0x00, 0x00, 0x00, 0x00, 0x00, 0x00, 0x00, 0x00,
    0x00, 0x00, 0x23, 0x00, 0x0a, 0x20, 0x00, 0x0f, 0x00, 0x00, 0x00, 0x00,
    0x19, 0x00, 0x38, 0x0c, 0x00, 0x39, 0x00, 0x00, 0x00, 0x00, 0x00, 0x00,
    0x00, 0x20, 0x1f, 0x00, 0x0f, 0x00, 0x00, 0x00, 0x0f, 0x00, 0x3a, 0x20,
    0x00, 0x00, 0x00, 0x00, 0x00, 0x00, 0x00, 0x06, 0x00, 0x0d, 0x14, 0x00,
    0x23, 0x00, 0x00, 0x00, 0x00, 0x00, 0x00, 0x00, 0x00, 0x00, 0x00, 0x00,
    0x00, 0x00, 0x00, 0x00, 0x00, 0x00, 0x00, 0x00, 0x00, 0x00, 0x00, 0x00,
    0x00, 0x00, 0x00, 0x00, 0x00, 0x00, 0x00, 0x00, 0x00, 0x00, 0x00, 0x00,
    0x00, 0x00, 0x00, 0x00, 0x00, 0x00, 0x00, 0x00, 0x00, 0x00, 0x00, 0x00,
    0x00, 0x00, 0x00, 0x00, 0x00, 0x00, 0x00, 0x00, 0x00, 0x00, 0x00, 0x00,
    0x00, 0x00, 0x00, 0x00, 0x00, 0x00, 0x00, 0x00, 0x00, 0x00, 0x00, 0x00,
    0x00, 0x00, 0x00, 0x00, 0x00, 0x00, 0x00, 0x00, 0x00, 0x00, 0x00, 0x00,
    0x00, 0x00, 0x00, 0x00, 0x00, 0x00, 0x00, 0x00, 0x00, 0x00, 0x00, 0x00,
    0x00, 0x00, 0x00, 0x00, 0x00, 0x00, 0x00, 0x00, 0x00, 0x00, 0x00, 0x00,
    0x00, 0x00, 0x00, 0x00, 0x00, 0x00, 0x00, 0x00, 0x00, 0x00, 0x00, 0x00,
    0x00, 0x00, 0x00, 0x00, 0x00, 0x00, 0x00, 0x00, 0x00, 0x00, 0x00, 0x00,
    0x00, 0x00, 0x00, 0x00, 0x00, 0x00, 0x00, 0x00, 0x00, 0x00, 0x00, 0x00,
    0x00, 0x00, 0x00, 0x00, 0x00, 0x00, 0x00, 0x00, 0x00, 0x00, 0x00, 0x00,
    0x00, 0x00, 0x00, 0x00, 0x00, 0x00, 0x00, 0x00, 0x00, 0x00, 0x00, 0x00,
    0x00, 0x00, 0x00, 0x00, 0x00, 0x00, 0x00, 0x00, 0x00, 0x00, 0x00, 0x00,
    0x00, 0x00, 0x00, 0x00, 0x00, 0x00, 0x00, 0x00, 0x00, 0x00, 0x00, 0x00,
    0x00, 0x00, 0x00, 0x00, 0x00, 0x00, 0x00, 0x00, 0x00, 0x00, 0x00, 0x00,
    0x00, 0x00, 0x00, 0x00, 0x00, 0x00, 0x00, 0x00, 0x00, 0x00, 0x00, 0x00,
    0x00, 0x00, 0x00, 0x00, 0x00, 0x00, 0x00, 0x00, 0x00, 0x00, 0x00, 0x00,
    0x00, 0x00, 0x00, 0x00, 0x00, 0x00, 0x00, 0x00, 0x00, 0x00, 0x00, 0x00,
    0x00, 0x00, 0x00, 0x00, 0x00, 0x00, 0x00, 0x00, 0x00, 0x00, 0x00, 0x00,
    0x00, 0x00, 0x00, 0x00, 0x00, 0x00, 0x00, 0x00, 0x00, 0x00, 0x00, 0x00,
    0x00, 0x00, 0x00, 0x00, 0x00, 0x00, 0x00, 0x00, 0x00, 0x00, 0x00, 0x00,
    0x00, 0x00, 0x00, 0x00, 0x00, 0x00, 0x00, 0x00, 0x00, 0x00, 0x00, 0x00,
    0x00, 0x00, 0x00, 0x00, 0x00, 0x00, 0x00, 0x00, 0x00, 0x00, 0x00, 0x00,
    0x00, 0x00, 0x00, 0x00, 0x00, 0x00, 0x00, 0x00, 0x00, 0x00, 0x00, 0x00,
    0x00, 0x00, 0x00, 0x00, 0x00, 0x00, 0x00, 0x00, 0x00, 0x00, 0x00, 0x00,
    0x00, 0x00, 0x00, 0x00, 0x00, 0x00, 0x00, 0x00, 0x00, 0x00, 0x00, 0x00,
    0x00, 0x00, 0x00, 0x00, 0x00, 0x00, 0x00, 0x00, 0x00, 0x00, 0x00, 0x00,
    0x00, 0x00, 0x00, 0x00, 0x00, 0x00, 0x00, 0x00, 0x00, 0x00, 0x00, 0x00,
    0x00, 0x00, 0x00, 0x00, 0x00, 0x00, 0x00, 0x00, 0x00, 0x00, 0x00, 0x00,
    0x00, 0x00, 0x00, 0x00, 0x00, 0x00, 0x00, 0x00, 0x00, 0x00, 0x00, 0x00,
    0x00, 0x00, 0x00, 0x00, 0x00, 0x00, 0x00, 0x00, 0x00, 0x00, 0x00, 0x00,
    0x00, 0x00, 0x00, 0x00, 0x00, 0x00, 0x00, 0x00, 0x00, 0x00, 0x00, 0x00,
    0x00, 0x00, 0x00, 0x00, 0x00, 0x00, 0x00, 0x00, 0x00, 0x00, 0x00, 0x00,
    0x00, 0x00, 0x00, 0x00, 0x00, 0x00, 0x00, 0x00, 0x00, 0x00, 0x00, 0x00,
    0x00, 0x00, 0x00, 0x00, 0x00, 0x00, 0x00, 0x00, 0x00, 0x00, 0x00, 0x00,
    0x00, 0x00, 0x00, 0x00, 0x00, 0x00, 0x00, 0x00, 0x00, 0x00, 0x00, 0x00,
    0x00, 0x00, 0x00, 0x00, 0x00, 0x00, 0x00, 0x00, 0x00, 0x00, 0x00, 0x00,
    0x00, 0x00, 0x00, 0x00, 0x00, 0x00, 0x00, 0x00, 0x00, 0x00, 0x00, 0x00,
    0x00, 0x00, 0x00, 0x00, 0x00, 0x00, 0x00, 0x00, 0x00, 0x00, 0x00, 0x00,
    0x00, 0x00, 0x00, 0x00, 0x00, 0x00, 0x00, 0x00, 0x00, 0x00, 0x00, 0x00,
    0x00, 0x00, 0x00, 0x00, 0x00, 0x00, 0x00, 0x00, 0x00, 0x17, 0x01, 0x0a,
    0x3b, 0x08, 0x27, 0x00, 0x01, 0x00, 0x00, 0x01, 0x1d, 0x14, 0x22, 0x22,
    0x14, 0x17, 0x01, 0x00, 0x00, 0x00, 0x00, 0x00, 0x27, 0x1b, 0x0d, 0x02,
    0x00, 0x01, 0x00, 0x01, 0x00, 0x21, 0x0c, 0x1b, 0x0c, 0x29, 0x00, 0x3c,
    0x00, 0x00, 0x17, 0x01, 0x27, 0x1c, 0x3b, 0x0a, 0x01, 0x0f, 0x00, 0x00,
    0x00, 0x00, 0x00, 0x00, 0x00, 0x00, 0x00, 0x00, 0x00, 0x00, 0x00, 0x00,
    0x00, 0x00, 0x00, 0x00, 0x00, 0x00, 0x00, 0x00, 0x00, 0x00, 0x00, 0x00,
    0x00, 0x00, 0x00, 0x00, 0x00, 0x00, 0x00, 0x00, 0x00, 0x00, 0x00, 0x00,
    0x00, 0x00, 0x00, 0x00, 0x00, 0x00, 0x00, 0x00, 0x00, 0x00, 0x00, 0x00,
    0x00, 0x00, 0x00, 0x00, 0x00, 0x00, 0x00, 0x00, 0x00, 0x00, 0x00, 0x00,
    0x00, 0x00, 0x00, 0x00, 0x00, 0x00, 0x00, 0x00, 0x00, 0x00, 0x00, 0x00,
    0x00, 0x00, 0x00, 0x00, 0x00, 0x00, 0x00, 0x00, 0x00, 0x00, 0x00, 0x00,
    0x00, 0x00, 0x00, 0x00, 0x00, 0x00, 0x00, 0x00, 0x00, 0x00, 0x00, 0x00,
    0x00, 0x00, 0x00, 0x00, 0x00, 0x00, 0x00, 0x00, 0x00, 0x00, 0x00, 0x00,
    0x00, 0x00, 0x00, 0x00, 0x00, 0x00, 0x00, 0x00, 0x00, 0x00, 0x00, 0x00,
    0x00, 0x00, 0x00, 0x00, 0x00, 0x00, 0x00, 0x00, 0x00, 0x00, 0x00, 0x00,
    0x00, 0x00, 0x00, 0x00, 0x00, 0x00, 0x00, 0x00, 0x00, 0x00, 0x00, 0x00,
    0x00, 0x00, 0x00, 0x00, 0x00, 0x00, 0x00, 0x00, 0x00, 0x00, 0x00, 0x00,
    0x00, 0x00, 0x00, 0x00, 0x00, 0x00, 0x00, 0x00, 0x00, 0x00, 0x00, 0x00,
    0x00, 0x00, 0x00, 0x00, 0x00, 0x00, 0x00, 0x00, 0x00, 0x00, 0x00, 0x00,
    0x00, 0x00, 0x00, 0x00, 0x00, 0x00, 0x00, 0x00, 0x00, 0x00, 0x00, 0x00,
    0x00, 0x00, 0x00, 0x00, 0x00, 0x00, 0x00, 0x00, 0x00, 0x00, 0x00, 0x00,
    0x00, 0x00, 0x00, 0x00, 0x00, 0x00, 0x00, 0x00, 0x00, 0x00, 0x00, 0x00,
    0x00, 0x00, 0x00, 0x00, 0x00, 0x00, 0x00, 0x00, 0x00, 0x00, 0x00, 0x00,
    0x00, 0x00, 0x00, 0x00, 0x00, 0x00, 0x00, 0x00, 0x00, 0x00, 0x00, 0x00,
    0x00, 0x00, 0x00, 0x00, 0x00, 0x00, 0x00, 0x00, 0x00, 0x00, 0x00, 0x00,
    0x00, 0x00, 0x00, 0x00, 0x00, 0x00, 0x00, 0x00, 0x00, 0x00, 0x00, 0x00,
    0x00, 0x00, 0x00, 0x00, 0x00, 0x00, 0x00, 0x00, 0x00, 0x00, 0x00, 0x00,
    0x00, 0x00, 0x00, 0x00, 0x00, 0x00, 0x00, 0x00, 0x00, 0x00, 0x00, 0x00,
    0x00, 0x00, 0x00, 0x00, 0x00, 0x00, 0x00, 0x00, 0x00, 0x00, 0x00, 0x00,
    0x00, 0x00, 0x00, 0x00, 0x00, 0x00, 0x00, 0x00, 0x00, 0x00, 0x00, 0x00,
    0x00, 0x00, 0x00, 0x00, 0x00, 0x00, 0x00, 0x00, 0x00, 0x00, 0x00, 0x00,
    0x00, 0x00, 0x00, 0x00, 0x00, 0x00, 0x00, 0x00, 0x00, 0x00, 0x00, 0x00,
    0x00, 0x00, 0x00, 0x00, 0x00, 0x00, 0x00, 0x00, 0x00, 0x00, 0x00, 0x00,
    0x00, 0x00, 0x00, 0x00, 0x00, 0x00, 0x00, 0x00, 0x00, 0x00, 0x00, 0x00,
    0x00, 0x00, 0x00, 0x00, 0x00, 0x00, 0x00, 0x00, 0x00, 0x00, 0x00, 0x00,
    0x00, 0x00, 0x00, 0x00, 0x00, 0x00, 0x00, 0x00, 0x00, 0x00, 0x00, 0x00,
    0x00, 0x00, 0x00, 0x00, 0x00, 0x00, 0x00, 0x00, 0x00, 0x00, 0x00, 0x00,
    0x00, 0x00, 0x00, 0x00, 0x00, 0x00, 0x00, 0x00, 0x00, 0x00, 0x00, 0x00,
    0x00, 0x00, 0x00, 0x00, 0x00, 0x00, 0x00, 0x00, 0x00, 0x00, 0x00, 0x00,
    0x00, 0x00, 0x00, 0x00, 0x00, 0x00, 0x00, 0x00, 0x00, 0x00, 0x00, 0x00,
    0x00, 0x00, 0x00, 0x00, 0x00, 0x00, 0x00, 0x00, 0x00, 0x00, 0x00, 0x00,
    0x00, 0x00, 0x00, 0x00, 0x00, 0x00, 0x00, 0x00, 0x00, 0x00, 0x00, 0x00,
    0x00, 0x00, 0x00, 0x00, 0x00, 0x00, 0x00, 0x00, 0x00, 0x00, 0x00, 0x00,
    0x00, 0x00, 0x00, 0x00, 0x00, 0x00, 0x00, 0x00, 0x00, 0x00, 0x00, 0x00,
    0x00, 0x00, 0x00, 0x00, 0x00, 0x00, 0x00, 0x00, 0x00, 0x00, 0x00, 0x00,
    0x00, 0x00, 0x00, 0x00, 0x00, 0x00, 0x00, 0x00, 0x00, 0x00, 0x00, 0x00,
    0x00, 0x00, 0x00, 0x00, 0x00, 0x12, 0x00, 0x3d, 0x04, 0x16, 0x03, 0x00,
    0x3e, 0x00, 0x00, 0x18, 0x00, 0x0c, 0x16, 0x16, 0x0c, 0x00, 0x29, 0x00,
    0x00, 0x00, 0x00, 0x00, 0x1e, 0x16, 0x1b, 0x0a, 0x00, 0x1d, 0x00, 0x25,
    0x00, 0x07, 0x1c, 0x16, 0x1e, 0x3f, 0x00, 0x01, 0x00, 0x00, 0x33, 0x00,
    0x0d, 0x16, 0x04, 0x14, 0x00, 0x06, 0x00, 0x00, 0x00, 0x00, 0x00, 0x00,
    0x00, 0x00, 0x00, 0x00, 0x00, 0x00, 0x00, 0x00, 0x00, 0x00, 0x00, 0x00,
    0x00, 0x00, 0x00, 0x00, 0x00, 0x00, 0x00, 0x00, 0x00, 0x00, 0x00, 0x00,
    0x00, 0x00, 0x00, 0x00, 0x00, 0x00, 0x00, 0x00, 0x00, 0x00, 0x00, 0x00,
    0x00, 0x00, 0x00, 0x00, 0x00, 0x00, 0x00, 0x00, 0x00, 0x00, 0x00, 0x00,
    0x00, 0x00, 0x00, 0x00, 0x00, 0x00, 0x00, 0x00, 0x00, 0x00, 0x00, 0x00,
    0x00, 0x00, 0x00, 0x00, 0x00, 0x00, 0x00, 0x00, 0x00, 0x00, 0x00, 0x00,
    0x00, 0x00, 0x00, 0x00, 0x00, 0x00, 0x00, 0x00, 0x00, 0x00, 0x00, 0x00,
    0x00, 0x00, 0x00, 0x00, 0x00, 0x00, 0x00, 0x00, 0x00, 0x00, 0x00, 0x00,
    0x00, 0x00, 0x00, 0x00, 0x00, 0x00, 0x00, 0x00, 0x00, 0x00, 0x00, 0x00,
    0x00, 0x00, 0x00, 0x00, 0x00, 0x00, 0x00, 0x00, 0x00, 0x00, 0x00, 0x00,
    0x00, 0x00, 0x00, 0x00, 0x00, 0x00, 0x00, 0x00, 0x00, 0x00, 0x00, 0x00,
    0x00, 0x00, 0x00, 0x00, 0x00, 0x00, 0x00, 0x00, 0x00, 0x00, 0x00, 0x00,
    0x00, 0x00, 0x00, 0x00, 0x00, 0x00, 0x00, 0x00, 0x00, 0x00, 0x00, 0x00,
    0x00, 0x00, 0x00, 0x00, 0x00, 0x00, 0x00, 0x00, 0x00, 0x00, 0x00, 0x00,
    0x00, 0x00, 0x00, 0x00, 0x00, 0x00, 0x00, 0x00, 0x00, 0x00, 0x00, 0x00,
    0x00, 0x00, 0x00, 0x00, 0x00, 0x00, 0x00, 0x00, 0x00, 0x00, 0x00, 0x00,
    0x00, 0x00, 0x00, 0x00, 0x00, 0x00, 0x00, 0x00, 0x00, 0x00, 0x00, 0x00,
    0x00, 0x00, 0x00, 0x00, 0x00, 0x00, 0x00, 0x00, 0x00, 0x00, 0x00, 0x00,
    0x00, 0x00, 0x00, 0x00, 0x00, 0x00, 0x00, 0x00, 0x00, 0x00, 0x00, 0x00,
    0x00, 0x00, 0x00, 0x00, 0x00, 0x00, 0x00, 0x00, 0x00, 0x00, 0x00, 0x00,
    0x00, 0x00, 0x00, 0x00, 0x00, 0x00, 0x00, 0x00, 0x00, 0x00, 0x00, 0x00,
    0x00, 0x00, 0x00, 0x00, 0x00, 0x00, 0x00, 0x00, 0x00, 0x00, 0x00, 0x00,
    0x00, 0x00, 0x00, 0x00, 0x00, 0x00, 0x00, 0x00, 0x00, 0x00, 0x00, 0x00,
    0x00, 0x00, 0x00, 0x00, 0x00, 0x00, 0x00, 0x00, 0x00, 0x00, 0x00, 0x00,
    0x00, 0x00, 0x00, 0x00, 0x00, 0x00, 0x00, 0x00, 0x00, 0x00, 0x00, 0x00,
    0x00, 0x00, 0x00, 0x00, 0x00, 0x00, 0x00, 0x00, 0x00, 0x00, 0x00, 0x00,
    0x00, 0x00, 0x00, 0x00, 0x00, 0x00, 0x00, 0x00, 0x00, 0x00, 0x00, 0x00,
    0x00, 0x00, 0x00, 0x00, 0x00, 0x00, 0x00, 0x00, 0x00, 0x00, 0x00, 0x00,
    0x00, 0x00, 0x00, 0x00, 0x00, 0x00, 0x00, 0x00, 0x00, 0x00, 0x00, 0x00,
    0x00, 0x00, 0x00, 0x00, 0x00, 0x00, 0x00, 0x00, 0x00, 0x00, 0x00, 0x00,
    0x00, 0x00, 0x00, 0x00, 0x00, 0x00, 0x00, 0x00, 0x00, 0x00, 0x00, 0x00,
    0x00, 0x00, 0x00, 0x00, 0x00, 0x00, 0x00, 0x00, 0x00, 0x00, 0x00, 0x00,
    0x00, 0x00, 0x00, 0x00, 0x00, 0x00, 0x00, 0x00, 0x00, 0x00, 0x00, 0x00,
    0x00, 0x00, 0x00, 0x00, 0x00, 0x00, 0x00, 0x00, 0x00, 0x00, 0x00, 0x00,
    0x00, 0x00, 0x00, 0x00, 0x00, 0x00, 0x00, 0x00, 0x00, 0x00, 0x00, 0x00,
    0x00, 0x00, 0x00, 0x00, 0x00, 0x00, 0x00, 0x00, 0x00, 0x00, 0x00, 0x00,
    0x00, 0x00, 0x00, 0x00, 0x00, 0x00, 0x00, 0x00, 0x00, 0x00, 0x00, 0x00,
    0x00, 0x00, 0x00, 0x00, 0x00, 0x00, 0x00, 0x00, 0x00, 0x00, 0x00, 0x00,
    0x00, 0x00, 0x00, 0x00, 0x00, 0x00, 0x00, 0x00, 0x00, 0x00, 0x00, 0x00,
    0x00, 0x00, 0x00, 0x00, 0x00, 0x00, 0x00, 0x00, 0x00, 0x00, 0x00, 0x00,
    0x00, 0x00, 0x00, 0x00, 0x00, 0x00, 0x00, 0x00, 0x00, 0x00, 0x00, 0x00,
    0x00, 0x00, 0x00, 0x00, 0x00, 0x00, 0x00, 0x00, 0x00, 0x00, 0x00, 0x00,
    0x01, 0x40, 0x25, 0x14, 0x1c, 0x1c, 0x0d, 0x25, 0x13, 0x0f, 0x25, 0x06,
    0x0f, 0x2a, 0x16, 0x16, 0x0c, 0x0f, 0x41, 0x25, 0x25, 0x01, 0x01, 0x01,
    0x03, 0x09, 0x1e, 0x0a, 0x01, 0x12, 0x01, 0x06, 0x01, 0x21, 0x1e, 0x08,
    0x03, 0x41, 0x01, 0x01, 0x01, 0x01, 0x19, 0x01, 0x0d, 0x16, 0x09, 0x0a,
    0x01, 0x42, 0x01, 0x00, 0x00, 0x00, 0x00, 0x00, 0x00, 0x00, 0x00, 0x00,
    0x00, 0x00, 0x00, 0x00, 0x00, 0x00, 0x00, 0x00, 0x00, 0x00, 0x00, 0x00,
    0x00, 0x00, 0x00, 0x00, 0x00, 0x00, 0x00, 0x00, 0x00, 0x00, 0x00, 0x00,
    0x00, 0x00, 0x00, 0x00, 0x00, 0x00, 0x00, 0x00, 0x00, 0x00, 0x00, 0x00,
    0x00, 0x00, 0x00, 0x00, 0x00, 0x00, 0x00, 0x00, 0x00, 0x00, 0x00, 0x00,
    0x00, 0x00, 0x00, 0x00, 0x00, 0x00, 0x00, 0x00, 0x00, 0x00, 0x00, 0x00,
    0x00, 0x00, 0x00, 0x00, 0x00, 0x00, 0x00, 0x00, 0x00, 0x00, 0x00, 0x00,
    0x00, 0x00, 0x00, 0x00, 0x00, 0x00, 0x00, 0x00, 0x00, 0x00, 0x00, 0x00,
    0x00, 0x00, 0x00, 0x00, 0x00, 0x00, 0x00, 0x00, 0x00, 0x00, 0x00, 0x00,
    0x00, 0x00, 0x00, 0x00, 0x00, 0x00, 0x00, 0x00, 0x00, 0x00, 0x00, 0x00,
    0x00, 0x00, 0x00, 0x00, 0x00, 0x00, 0x00, 0x00, 0x00, 0x00, 0x00, 0x00,
    0x00, 0x00, 0x00, 0x00, 0x00, 0x00, 0x00, 0x00, 0x00, 0x00, 0x00, 0x00,
    0x00, 0x00, 0x00, 0x00, 0x00, 0x00, 0x00, 0x00, 0x00, 0x00, 0x00, 0x00,
    0x00, 0x00, 0x00, 0x00, 0x00, 0x00, 0x00, 0x00, 0x00, 0x00, 0x00, 0x00,
    0x00, 0x00, 0x00, 0x00, 0x00, 0x00, 0x00, 0x00, 0x00, 0x00, 0x00, 0x00,
    0x00, 0x00, 0x00, 0x00, 0x00, 0x00, 0x00, 0x00, 0x00, 0x00, 0x00, 0x00,
    0x00, 0x00, 0x00, 0x00, 0x00, 0x00, 0x00, 0x00, 0x00, 0x00, 0x00, 0x00,
    0x00, 0x00, 0x00, 0x00, 0x00, 0x00, 0x00, 0x00, 0x00, 0x00, 0x00, 0x00,
    0x00, 0x00, 0x00, 0x00, 0x00, 0x00, 0x00, 0x00, 0x00, 0x00, 0x00, 0x00,
    0x00, 0x00, 0x00, 0x00, 0x00, 0x00, 0x00, 0x00, 0x00, 0x00, 0x00, 0x00,
    0x00, 0x00, 0x00, 0x00, 0x00, 0x00, 0x00, 0x00, 0x00, 0x00, 0x00, 0x00,
    0x00, 0x00, 0x00, 0x00, 0x00, 0x00, 0x00, 0x00, 0x00, 0x00, 0x00, 0x00,
    0x00, 0x00, 0x00, 0x00, 0x00, 0x00, 0x00, 0x00, 0x00, 0x00, 0x00, 0x00,
    0x00, 0x00, 0x00, 0x00, 0x00, 0x00, 0x00, 0x00, 0x00, 0x00, 0x00, 0x00,
    0x00, 0x00, 0x00, 0x00, 0x00, 0x00, 0x00, 0x00, 0x00, 0x00, 0x00, 0x00,
    0x00, 0x00, 0x00, 0x00, 0x00, 0x00, 0x00, 0x00, 0x00, 0x00, 0x00, 0x00,
    0x00, 0x00, 0x00, 0x00, 0x00, 0x00, 0x00, 0x00, 0x00, 0x00, 0x00, 0x00,
    0x00, 0x00, 0x00, 0x00, 0x00, 0x00, 0x00, 0x00, 0x00, 0x00, 0x00, 0x00,
    0x00, 0x00, 0x00, 0x00, 0x00, 0x00, 0x00, 0x00, 0x00, 0x00, 0x00, 0x00,
    0x00, 0x00, 0x00, 0x00, 0x00, 0x00, 0x00, 0x00, 0x00, 0x00, 0x00, 0x00,
    0x00, 0x00, 0x00, 0x00, 0x00, 0x00, 0x00, 0x00, 0x00, 0x00, 0x00, 0x00,
    0x00, 0x00, 0x00, 0x00, 0x00, 0x00, 0x00, 0x00, 0x00, 0x00, 0x00, 0x00,
    0x00, 0x00, 0x00, 0x00, 0x00, 0x00, 0x00, 0x00, 0x00, 0x00, 0x00, 0x00,
    0x00, 0x00, 0x00, 0x00, 0x00, 0x00, 0x00, 0x00, 0x00, 0x00, 0x00, 0x00,
    0x00, 0x00, 0x00, 0x00, 0x00, 0x00, 0x00, 0x00, 0x00, 0x00, 0x00, 0x00,
    0x00, 0x00, 0x00, 0x00, 0x00, 0x00, 0x00, 0x00, 0x00, 0x00, 0x00, 0x00,
    0x00, 0x00, 0x00, 0x00, 0x00, 0x00, 0x00, 0x00, 0x00, 0x00, 0x00, 0x00,
    0x00, 0x00, 0x00, 0x00, 0x00, 0x00, 0x00, 0x00, 0x00, 0x00, 0x00, 0x00,
    0x00, 0x00, 0x00, 0x00, 0x00, 0x00, 0x00, 0x00, 0x00, 0x00, 0x00, 0x00,
    0x00, 0x00, 0x00, 0x00, 0x00, 0x00, 0x00, 0x00, 0x00, 0x00, 0x00, 0x00,
    0x00, 0x00, 0x00, 0x00, 0x00, 0x00, 0x00, 0x00, 0x00, 0x00, 0x00, 0x00,
    0x00, 0x00, 0x00, 0x00, 0x00, 0x00, 0x00, 0x00, 0x00, 0x00, 0x00, 0x00,
    0x00, 0x00, 0x00, 0x00, 0x00, 0x00, 0x12, 0x0b, 0x00, 0x00, 0x00, 0x3d,
    0x43, 0x08, 0x0d, 0x00, 0x00, 0x00, 0x00, 0x00, 0x00, 0x0c, 0x44, 0x16,
    0x05, 0x00, 0x00, 0x00, 0x00, 0x00, 0x00, 0x00, 0x20, 0x1b, 0x1e, 0x21,
    0x00, 0x00, 0x00, 0x00, 0x00, 0x45, 0x1e, 0x1b, 0x1a, 0x01, 0x00, 0x00,
    0x00, 0x00, 0x00, 0x00, 0x0d, 0x16, 0x1c, 0x0a, 0x00, 0x00, 0x00, 0x25,
    0x12, 0x00, 0x00, 0x00, 0x00, 0x00, 0x00, 0x00, 0x00, 0x00, 0x00, 0x00,
    0x00, 0x00, 0x00, 0x00, 0x00, 0x00, 0x00, 0x00, 0x00, 0x00, 0x00, 0x00,
    0x00, 0x00, 0x00, 0x00, 0x00, 0x00, 0x00, 0x00, 0x00, 0x00, 0x00, 0x00,
    0x00, 0x00, 0x00, 0x00, 0x00, 0x00, 0x00, 0x00, 0x00, 0x00, 0x00, 0x00,
    0x00, 0x00, 0x00, 0x00, 0x00, 0x00, 0x00, 0x00, 0x00, 0x00, 0x00, 0x00,
    0x00, 0x00, 0x00, 0x00, 0x00, 0x00, 0x00, 0x00, 0x00, 0x00, 0x00, 0x00,
    0x00, 0x00, 0x00, 0x00, 0x00, 0x00, 0x00, 0x00, 0x00, 0x00, 0x00, 0x00,
    0x00, 0x00, 0x00, 0x00, 0x00, 0x00, 0x00, 0x00, 0x00, 0x00, 0x00, 0x00,
    0x00, 0x00, 0x00, 0x00, 0x00, 0x00, 0x00, 0x00, 0x00, 0x00, 0x00, 0x00,
    0x00, 0x00, 0x00, 0x00, 0x00, 0x00, 0x00, 0x00, 0x00, 0x00, 0x00, 0x00,
    0x00, 0x00, 0x00, 0x00, 0x00, 0x00, 0x00, 0x00, 0x00, 0x00, 0x00, 0x00,
    0x00, 0x00, 0x00, 0x00, 0x00, 0x00, 0x00, 0x00, 0x00, 0x00, 0x00, 0x00,
    0x00, 0x00, 0x00, 0x00, 0x00, 0x00, 0x00, 0x00, 0x00, 0x00, 0x00, 0x00,
    0x00, 0x00, 0x00, 0x00, 0x00, 0x00, 0x00, 0x00, 0x00, 0x00, 0x00, 0x00,
    0x00, 0x00, 0x00, 0x00, 0x00, 0x00, 0x00, 0x00, 0x00, 0x00, 0x00, 0x00,
    0x00, 0x00, 0x00, 0x00, 0x00, 0x00, 0x00, 0x00, 0x00, 0x00, 0x00, 0x00,
    0x00, 0x00, 0x00, 0x00, 0x00, 0x00, 0x00, 0x00, 0x00, 0x00, 0x00, 0x00,
    0x00, 0x00, 0x00, 0x00, 0x00, 0x00, 0x00, 0x00, 0x00, 0x00, 0x00, 0x00,
    0x00, 0x00, 0x00, 0x00, 0x00, 0x00, 0x00, 0x00, 0x00, 0x00, 0x00, 0x00,
    0x00, 0x00, 0x00, 0x00, 0x00, 0x00, 0x00, 0x00, 0x00, 0x00, 0x00, 0x00,
    0x00, 0x00, 0x00, 0x00, 0x00, 0x00, 0x00, 0x00, 0x00, 0x00, 0x00, 0x00,
    0x00, 0x00, 0x00, 0x00, 0x00, 0x00, 0x00, 0x00, 0x00, 0x00, 0x00, 0x00,
    0x00, 0x00, 0x00, 0x00, 0x00, 0x00, 0x00, 0x00, 0x00, 0x00, 0x00, 0x00,
    0x00, 0x00, 0x00, 0x00, 0x00, 0x00, 0x00, 0x00, 0x00, 0x00, 0x00, 0x00,
    0x00, 0x00, 0x00, 0x00, 0x00, 0x00, 0x00, 0x00, 0x00, 0x00, 0x00, 0x00,
    0x00, 0x00, 0x00, 0x00, 0x00, 0x00, 0x00, 0x00, 0x00, 0x00, 0x00, 0x00,
    0x00, 0x00, 0x00, 0x00, 0x00, 0x00, 0x00, 0x00, 0x00, 0x00, 0x00, 0x00,
    0x00, 0x00, 0x00, 0x00, 0x00, 0x00, 0x00, 0x00, 0x00, 0x00, 0x00, 0x00,
    0x00, 0x00, 0x00, 0x00, 0x00, 0x00, 0x00, 0x00, 0x00, 0x00, 0x00, 0x00,
    0x00, 0x00, 0x00, 0x00, 0x00, 0x00, 0x00, 0x00, 0x00, 0x00, 0x00, 0x00,
    0x00, 0x00, 0x00, 0x00, 0x00, 0x00, 0x00, 0x00, 0x00, 0x00, 0x00, 0x00,
    0x00, 0x00, 0x00, 0x00, 0x00, 0x00, 0x00, 0x00, 0x00, 0x00, 0x00, 0x00,
    0x00, 0x00, 0x00, 0x00, 0x00, 0x00, 0x00, 0x00, 0x00, 0x00, 0x00, 0x00,
    0x00, 0x00, 0x00, 0x00, 0x00, 0x00, 0x00, 0x00, 0x00, 0x00, 0x00, 0x00,
    0x00, 0x00, 0x00, 0x00, 0x00, 0x00, 0x00, 0x00, 0x00, 0x00, 0x00, 0x00,
    0x00, 0x00, 0x00, 0x00, 0x00, 0x00, 0x00, 0x00, 0x00, 0x00, 0x00, 0x00,
    0x00, 0x00, 0x00, 0x00, 0x00, 0x00, 0x00, 0x00, 0x00, 0x00, 0x00, 0x00,
    0x00, 0x00, 0x00, 0x00, 0x00, 0x00, 0x00, 0x00, 0x00, 0x00, 0x00, 0x00,
    0x00, 0x00, 0x00, 0x00, 0x00, 0x00, 0x00, 0x00, 0x00, 0x00, 0x00, 0x00,
    0x00, 0x00, 0x00, 0x00, 0x00, 0x00, 0x00, 0x00, 0x00, 0x00, 0x00, 0x00,
    0x00, 0x00, 0x00, 0x00, 0x00, 0x00, 0x00, 0x00, 0x00, 0x00, 0x00, 0x00,
    0x00, 0x00, 0x00, 0x00, 0x00, 0x00, 0x00, 0x00, 0x00, 0x00, 0x00, 0x00,
    0x00, 0x17, 0x00, 0x00, 0x21, 0x28, 0x02, 0x05, 0x1b, 0x1c, 0x03, 0x02,
    0x21, 0x02, 0x02, 0x0a, 0x1f, 0x0c, 0x16, 0x46, 0x0c, 0x21, 0x02, 0x21,
    0x21, 0x02, 0x21, 0x21, 0x03, 0x1b, 0x1e, 0x07, 0x1f, 0x02, 0x1f, 0x47,
    0x1f, 0x07, 0x1a, 0x1c, 0x48, 0x02, 0x28, 0x21, 0x02, 0x28, 0x1f, 0x02,
    0x0d, 0x16, 0x08, 0x14, 0x1f, 0x02, 0x45, 0x00, 0x00, 0x0f, 0x00, 0x00,
    0x00, 0x00, 0x00, 0x00, 0x00, 0x00, 0x00, 0x00, 0x00, 0x00, 0x00, 0x00,
    0x00, 0x00, 0x00, 0x00, 0x00, 0x00, 0x00, 0x00, 0x00, 0x00, 0x00, 0x00,
    0x00, 0x00, 0x00, 0x00, 0x00, 0x00, 0x00, 0x00, 0x00, 0x00, 0x00, 0x00,
    0x00, 0x00, 0x00, 0x00, 0x00, 0x00, 0x00, 0x00, 0x00, 0x00, 0x00, 0x00,
    0x00, 0x00, 0x00, 0x00, 0x00, 0x00, 0x00, 0x00, 0x00, 0x00, 0x00, 0x00,
    0x00, 0x00, 0x00, 0x00, 0x00, 0x00, 0x00, 0x00, 0x00, 0x00, 0x00, 0x00,
    0x00, 0x00, 0x00, 0x00, 0x00, 0x00, 0x00, 0x00, 0x00, 0x00, 0x00, 0x00,
    0x00, 0x00, 0x00, 0x00, 0x3c, 0x0b, 0x17, 0x1d, 0x17, 0x00, 0x00, 0x00,
    0x00, 0x00, 0x00, 0x00, 0x00, 0x00, 0x00, 0x00, 0x00, 0x00, 0x00, 0x00,
    0x00, 0x01, 0x01, 0x0b, 0x0b, 0x3e, 0x0b, 0x00, 0x00, 0x00, 0x00, 0x00,
    0x00, 0x00, 0x00, 0x3c, 0x01, 0x0b, 0x0b, 0x01, 0x01, 0x00, 0x00, 0x00,
    0x00, 0x00, 0x00, 0x00, 0x00, 0x00, 0x00, 0x00, 0x00, 0x00, 0x00, 0x00,
    0x00, 0x00, 0x01, 0x00, 0x00, 0x00, 0x00, 0x00, 0x00, 0x00, 0x00, 0x00,
    0x00, 0x00, 0x00, 0x00, 0x00, 0x00, 0x00, 0x00, 0x00, 0x00, 0x00, 0x00,
    0x00, 0x00, 0x00, 0x00, 0x00, 0x00, 0x00, 0x00, 0x00, 0x00, 0x00, 0x00,
    0x00, 0x00, 0x00, 0x00, 0x00, 0x00, 0x00, 0x00, 0x00, 0x00, 0x00, 0x00,
    0x00, 0x00, 0x00, 0x00, 0x00, 0x00, 0x00, 0x00, 0x00, 0x00, 0x00, 0x00,
    0x00, 0x00, 0x00, 0x00, 0x01, 0x0b, 0x0b, 0x3e, 0x0b, 0x01, 0x00, 0x00,
    0x00, 0x00, 0x00, 0x00, 0x00, 0x00, 0x00, 0x00, 0x00, 0x00, 0x00, 0x00,
    0x00, 0x00, 0x00, 0x00, 0x00, 0x00, 0x00, 0x00, 0x00, 0x00, 0x00, 0x00,
    0x00, 0x00, 0x00, 0x00, 0x00, 0x00, 0x00, 0x00, 0x00, 0x00, 0x00, 0x00,
    0x00, 0x00, 0x00, 0x00, 0x00, 0x00, 0x00, 0x00, 0x00, 0x00, 0x00, 0x00,
    0x00, 0x00, 0x00, 0x00, 0x00, 0x00, 0x3c, 0x00, 0x00, 0x00, 0x00, 0x00,
    0x00, 0x00, 0x00, 0x00, 0x00, 0x00, 0x00, 0x00, 0x00, 0x00, 0x00, 0x00,
    0x00, 0x00, 0x00, 0x00, 0x00, 0x00, 0x00, 0x00, 0x00, 0x00, 0x00, 0x00,
    0x00, 0x00, 0x00, 0x00, 0x00, 0x00, 0x00, 0x00, 0x00, 0x00, 0x00, 0x00,
    0x00, 0x00, 0x00, 0x00, 0x00, 0x00, 0x00, 0x00, 0x00, 0x00, 0x00, 0x00,
    0x00, 0x00, 0x00, 0x00, 0x00, 0x00, 0x00, 0x00, 0x01, 0x0b, 0x0b, 0x3e,
    0x0b, 0x01, 0x00, 0x00, 0x00, 0x00, 0x00, 0x00, 0x00, 0x00, 0x00, 0x00,
    0x00, 0x00, 0x00, 0x00, 0x00, 0x00, 0x00, 0x00, 0x00, 0x00, 0x00, 0x00,
    0x00, 0x00, 0x00, 0x00, 0x00, 0x00, 0x0f, 0x01, 0x0b, 0x0b, 0x01, 0x26,
    0x00, 0x00, 0x00, 0x00, 0x00, 0x00, 0x00, 0x00, 0x00, 0x00, 0x00, 0x00,
    0x00, 0x00, 0x00, 0x00, 0x00, 0x00, 0x00, 0x00, 0x00, 0x00, 0x00, 0x00,
    0x00, 0x00, 0x00, 0x00, 0x00, 0x00, 0x00, 0x00, 0x00, 0x00, 0x00, 0x00,
    0x01, 0x01, 0x0b, 0x0b, 0x01, 0x01, 0x00, 0x00, 0x00, 0x00, 0x00, 0x00,
    0x00, 0x00, 0x00, 0x00, 0x00, 0x00, 0x00, 0x00, 0x00, 0x00, 0x00, 0x00,
    0x00, 0x00, 0x00, 0x00, 0x00, 0x00, 0x00, 0x00, 0x00, 0x00, 0x00, 0x00,
    0x00, 0x00, 0x00, 0x00, 0x00, 0x00, 0x00, 0x00, 0x00, 0x00, 0x00, 0x00,
    0x00, 0x00, 0x00, 0x00, 0x00, 0x00, 0x00, 0x00, 0x00, 0x00, 0x00, 0x00,
    0x00, 0x00, 0x00, 0x00, 0x00, 0x00, 0x00, 0x00, 0x00, 0x00, 0x00, 0x00,
    0x00, 0x00, 0x00, 0x00, 0x00, 0x00, 0x00, 0x00, 0x00, 0x00, 0x00, 0x00,
    0x00, 0x00, 0x00, 0x00, 0x00, 0x00, 0x00, 0x00, 0x17, 0x00, 0x14, 0x49,
    0x1c, 0x1a, 0x1e, 0x1e, 0x1e, 0x1e, 0x1e, 0x4a, 0x1a, 0x1a, 0x1a, 0x4a,
    0x1a, 0x1a, 0x1a, 0x4a, 0x1a, 0x4a, 0x4a, 0x1a, 0x1a, 0x4a, 0x1e, 0x1e,
    0x4a, 0x1e, 0x1a, 0x4a, 0x1a, 0x1a, 0x1a, 0x1a, 0x48, 0x1e, 0x1a, 0x1e,
    0x1e, 0x1e, 0x4a, 0x1e, 0x1e, 0x1a, 0x1e, 0x1e, 0x1a, 0x1e, 0x1e, 0x1a,
    0x1e, 0x1a, 0x1b, 0x49, 0x3d, 0x00, 0x01, 0x00, 0x00, 0x00, 0x00, 0x00,
    0x00, 0x00, 0x00, 0x00, 0x00, 0x00, 0x00, 0x00, 0x00, 0x00, 0x00, 0x00,
    0x00, 0x00, 0x00, 0x00, 0x00, 0x00, 0x00, 0x00, 0x00, 0x00, 0x00, 0x00,
    0x00, 0x00, 0x00, 0x00, 0x00, 0x00, 0x00, 0x00, 0x00, 0x00, 0x00, 0x00,
    0x00, 0x00, 0x00, 0x00, 0x00, 0x00, 0x00, 0x00, 0x00, 0x00, 0x00, 0x00,
    0x00, 0x00, 0x00, 0x00, 0x00, 0x00, 0x00, 0x00, 0x00, 0x00, 0x00, 0x00,
    0x0f, 0x0b, 0x1d, 0x17, 0x17, 0x1d, 0x17, 0x17, 0x3e, 0x17, 0x3c, 0x00,
    0x00, 0x00, 0x00, 0x00, 0x00, 0x00, 0x00, 0x00, 0x00, 0x00, 0x00, 0x00,
    0x00, 0x00, 0x00, 0x00, 0x00, 0x00, 0x00, 0x00, 0x00, 0x00, 0x00, 0x00,
    0x00, 0x00, 0x00, 0x00, 0x00, 0x00, 0x00, 0x00, 0x00, 0x00, 0x00, 0x00,
    0x00, 0x00, 0x00, 0x00, 0x00, 0x00, 0x00, 0x00, 0x00, 0x00, 0x00, 0x00,
    0x00, 0x00, 0x00, 0x00, 0x00, 0x00, 0x00, 0x00, 0x00, 0x00, 0x00, 0x00,
    0x00, 0x0b, 0x06, 0x00, 0x00, 0x00, 0x00, 0x00, 0x00, 0x00, 0x00, 0x12,
    0x12, 0x01, 0x00, 0x00, 0x00, 0x00, 0x00, 0x00, 0x00, 0x00, 0x00, 0x00,
    0x00, 0x01, 0x12, 0x13, 0x13, 0x13, 0x13, 0x13, 0x13, 0x13, 0x13, 0x13,
    0x13, 0x13, 0x06, 0x3c, 0x00, 0x00, 0x00, 0x00, 0x00, 0x00, 0x00, 0x00,
    0x00, 0x00, 0x00, 0x00, 0x18, 0x06, 0x00, 0x00, 0x00, 0x00, 0x00, 0x00,
    0x00, 0x00, 0x00, 0x00, 0x00, 0x00, 0x00, 0x00, 0x00, 0x00, 0x00, 0x00,
    0x00, 0x00, 0x00, 0x00, 0x00, 0x00, 0x00, 0x00, 0x00, 0x00, 0x00, 0x00,
    0x00, 0x00, 0x00, 0x00, 0x00, 0x00, 0x00, 0x00, 0x00, 0x00, 0x00, 0x00,
    0x00, 0x00, 0x00, 0x00, 0x00, 0x00, 0x00, 0x00, 0x00, 0x00, 0x00, 0x00,
    0x00, 0x00, 0x00, 0x00, 0x00, 0x00, 0x00, 0x00, 0x00, 0x00, 0x00, 0x00,
    0x00, 0x00, 0x00, 0x00, 0x00, 0x00, 0x00, 0x00, 0x00, 0x00, 0x00, 0x00,
    0x00, 0x00, 0x00, 0x4b, 0x12, 0x01, 0x00, 0x00, 0x00, 0x00, 0x00, 0x00,
    0x00, 0x00, 0x00, 0x00, 0x00, 0x01, 0x12, 0x13, 0x13, 0x13, 0x13, 0x13,
    0x13, 0x13, 0x13, 0x13, 0x13, 0x13, 0x06, 0x26, 0x00, 0x00, 0x00, 0x00,
    0x00, 0x00, 0x00, 0x00, 0x00, 0x00, 0x00, 0x26, 0x18, 0x01, 0x00, 0x00,
    0x00, 0x00, 0x00, 0x00, 0x00, 0x00, 0x00, 0x00, 0x00, 0x00, 0x00, 0x00,
    0x00, 0x00, 0x00, 0x00, 0x00, 0x00, 0x00, 0x00, 0x00, 0x00, 0x00, 0x00,
    0x00, 0x00, 0x00, 0x00, 0x00, 0x00, 0x00, 0x00, 0x00, 0x00, 0x00, 0x00,
    0x00, 0x00, 0x00, 0x00, 0x00, 0x00, 0x00, 0x00, 0x00, 0x00, 0x00, 0x00,
    0x00, 0x00, 0x00, 0x00, 0x00, 0x00, 0x00, 0x00, 0x00, 0x00, 0x00, 0x00,
    0x00, 0x00, 0x00, 0x00, 0x00, 0x00, 0x00, 0x00, 0x00, 0x00, 0x00, 0x00,
    0x00, 0x00, 0x00, 0x00, 0x00, 0x00, 0x00, 0x00, 0x00, 0x00, 0x00, 0x00,
    0x00, 0x00, 0x00, 0x00, 0x00, 0x00, 0x00, 0x00, 0x00, 0x00, 0x00, 0x00,
    0x00, 0x00, 0x00, 0x00, 0x00, 0x00, 0x00, 0x00, 0x00, 0x00, 0x00, 0x00,
    0x00, 0x00, 0x00, 0x00, 0x00, 0x00, 0x00, 0x00, 0x00, 0x00, 0x00, 0x00,
    0x00, 0x00, 0x00, 0x00, 0x00, 0x00, 0x00, 0x00, 0x00, 0x00, 0x00, 0x00,
    0x00, 0x00, 0x00, 0x00, 0x00, 0x00, 0x00, 0x00, 0x00, 0x00, 0x00, 0x00,
    0x00, 0x00, 0x00, 0x00, 0x00, 0x00, 0x00, 0x00, 0x00, 0x00, 0x00, 0x00,
    0x00, 0x00, 0x00, 0x00, 0x00, 0x00, 0x00, 0x00, 0x00, 0x00, 0x00, 0x00,
    0x00, 0x00, 0x00, 0x00, 0x00, 0x00, 0x00, 0x00, 0x00, 0x00, 0x00, 0x00,
    0x00, 0x00, 0x00, 0x06, 0x00, 0x0c, 0x16, 0x04, 0x1a, 0x1a, 0x48, 0x4c,
    0x1a, 0x1e, 0x4c, 0x08, 0x1e, 0x4d, 0x08, 0x1a, 0x48, 0x08, 0x4a, 0x1e,
    0x08, 0x1a, 0x48, 0x08, 0x1a, 0x48, 0x4e, 0x1a, 0x48, 0x08, 0x1e, 0x48,
    0x08, 0x1e, 0x4a, 0x08, 0x1a, 0x4a, 0x4d, 0x1a, 0x1a, 0x4c, 0x1e, 0x4a,
    0x4a, 0x1e, 0x4a, 0x4c, 0x1e, 0x1a, 0x4d, 0x1a, 0x1e, 0x1e, 0x1a, 0x16,
    0x4f, 0x0c, 0x01, 0x06, 0x00, 0x00, 0x00, 0x00, 0x00, 0x00, 0x00, 0x00,
    0x00, 0x00, 0x00, 0x00, 0x00, 0x00, 0x00, 0x00, 0x00, 0x00, 0x00, 0x00,
    0x00, 0x00, 0x00, 0x00, 0x00, 0x00, 0x00, 0x00, 0x00, 0x00, 0x00, 0x00,
    0x00, 0x00, 0x00, 0x00, 0x00, 0x00, 0x00, 0x00, 0x00, 0x00, 0x00, 0x00,
    0x00, 0x00, 0x00, 0x00, 0x00, 0x00, 0x00, 0x00, 0x00, 0x00, 0x00, 0x00,
    0x00, 0x00, 0x00, 0x00, 0x00, 0x00, 0x01, 0x01, 0x00, 0x00, 0x00, 0x00,
    0x00, 0x00, 0x00, 0x00, 0x00, 0x00, 0x00, 0x01, 0x00, 0x00, 0x3c, 0x3c,
    0x3c, 0x3c, 0x3c, 0x3c, 0x3c, 0x3c, 0x01, 0x00, 0x21, 0x07, 0x0a, 0x0a,
    0x2c, 0x19, 0x00, 0x01, 0x3c, 0x01, 0x00, 0x00, 0x00, 0x00, 0x00, 0x00,
    0x00, 0x00, 0x00, 0x01, 0x00, 0x02, 0x50, 0x0a, 0x0a, 0x2c, 0x0a, 0x13,
    0x00, 0x00, 0x00, 0x00, 0x00, 0x3c, 0x00, 0x02, 0x50, 0x0a, 0x0a, 0x50,
    0x02, 0x00, 0x01, 0x00, 0x00, 0x00, 0x00, 0x06, 0x06, 0x00, 0x00, 0x00,
    0x00, 0x00, 0x00, 0x00, 0x00, 0x0f, 0x0e, 0x00, 0x00, 0x00, 0x4b, 0x06,
    0x3c, 0x00, 0x00, 0x00, 0x00, 0x00, 0x00, 0x00, 0x0b, 0x00, 0x00, 0x00,
    0x00, 0x00, 0x00, 0x00, 0x00, 0x00, 0x00, 0x00, 0x00, 0x00, 0x00, 0x00,
    0x01, 0x00, 0x00, 0x00, 0x00, 0x00, 0x00, 0x00, 0x00, 0x00, 0x00, 0x00,
    0x00, 0x00, 0x00, 0x18, 0x01, 0x00, 0x00, 0x00, 0x00, 0x00, 0x00, 0x00,
    0x00, 0x00, 0x00, 0x00, 0x00, 0x00, 0x3c, 0x00, 0x02, 0x07, 0x0a, 0x0a,
    0x07, 0x02, 0x00, 0x3c, 0x00, 0x00, 0x00, 0x00, 0x00, 0x00, 0x00, 0x00,
    0x00, 0x00, 0x00, 0x00, 0x00, 0x00, 0x00, 0x00, 0x00, 0x00, 0x00, 0x00,
    0x00, 0x00, 0x00, 0x00, 0x00, 0x00, 0x00, 0x00, 0x00, 0x00, 0x00, 0x00,
    0x00, 0x00, 0x00, 0x00, 0x00, 0x00, 0x00, 0x00, 0x00, 0x00, 0x00, 0x00,
    0x00, 0x00, 0x00, 0x00, 0x00, 0x00, 0x00, 0x00, 0x00, 0x0b, 0x0e, 0x00,
    0x00, 0x00, 0x4b, 0x06, 0x26, 0x00, 0x00, 0x00, 0x00, 0x00, 0x00, 0x00,
    0x0b, 0x00, 0x00, 0x00, 0x00, 0x00, 0x00, 0x00, 0x00, 0x00, 0x00, 0x00,
    0x00, 0x00, 0x00, 0x00, 0x01, 0x00, 0x00, 0x00, 0x00, 0x00, 0x00, 0x00,
    0x00, 0x00, 0x00, 0x00, 0x00, 0x00, 0x00, 0x18, 0x01, 0x00, 0x00, 0x00,
    0x00, 0x00, 0x00, 0x00, 0x00, 0x00, 0x00, 0x00, 0x00, 0x00, 0x3c, 0x00,
    0x02, 0x07, 0x0a, 0x0a, 0x07, 0x02, 0x00, 0x3c, 0x00, 0x00, 0x00, 0x00,
    0x00, 0x00, 0x00, 0x00, 0x00, 0x00, 0x00, 0x00, 0x00, 0x00, 0x00, 0x00,
    0x00, 0x00, 0x00, 0x00, 0x00, 0x00, 0x00, 0x00, 0x26, 0x00, 0x02, 0x50,
    0x0a, 0x0a, 0x50, 0x51, 0x00, 0x26, 0x00, 0x00, 0x00, 0x00, 0x00, 0x00,
    0x00, 0x00, 0x00, 0x00, 0x00, 0x00, 0x00, 0x00, 0x00, 0x00, 0x00, 0x00,
    0x00, 0x00, 0x00, 0x00, 0x00, 0x00, 0x00, 0x00, 0x00, 0x00, 0x00, 0x00,
    0x00, 0x00, 0x01, 0x00, 0x02, 0x50, 0x0a, 0x0a, 0x50, 0x02, 0x00, 0x01,
    0x00, 0x00, 0x00, 0x00, 0x00, 0x00, 0x00, 0x00, 0x00, 0x00, 0x00, 0x00,
    0x00, 0x00, 0x00, 0x00, 0x00, 0x00, 0x00, 0x00, 0x00, 0x00, 0x00, 0x00,
    0x00, 0x00, 0x00, 0x00, 0x00, 0x00, 0x00, 0x00, 0x00, 0x00, 0x00, 0x00,
    0x00, 0x00, 0x00, 0x00, 0x00, 0x00, 0x00, 0x00, 0x00, 0x00, 0x00, 0x00,
    0x00, 0x00, 0x00, 0x00, 0x00, 0x00, 0x00, 0x00, 0x00, 0x00, 0x00, 0x00,
    0x00, 0x00, 0x00, 0x00, 0x00, 0x00, 0x00, 0x00, 0x00, 0x00, 0x00, 0x00,
    0x00, 0x00, 0x00, 0x00, 0x00, 0x00, 0x00, 0x00, 0x00, 0x00, 0x12, 0x00,
    0x05, 0x16, 0x1a, 0x1e, 0x16, 0x16, 0x16, 0x16, 0x16, 0x16, 0x04, 0x16,
    0x16, 0x04, 0x16, 0x16, 0x16, 0x16, 0x16, 0x16, 0x16, 0x16, 0x16, 0x16,
    0x16, 0x16, 0x16, 0x16, 0x16, 0x16, 0x16, 0x16, 0x16, 0x16, 0x16, 0x16,
    0x16, 0x16, 0x16, 0x16, 0x16, 0x16, 0x16, 0x16, 0x16, 0x16, 0x16, 0x16,
    0x16, 0x16, 0x16, 0x16, 0x16, 0x16, 0x04, 0x1a, 0x1a, 0x52, 0x27, 0x00,
    0x23, 0x00, 0x00, 0x00, 0x00, 0x00, 0x00, 0x00, 0x00, 0x00, 0x00, 0x00,
    0x00, 0x00, 0x00, 0x00, 0x00, 0x00, 0x00, 0x00, 0x00, 0x00, 0x00, 0x00,
    0x00, 0x00, 0x00, 0x00, 0x00, 0x00, 0x00, 0x00, 0x00, 0x00, 0x00, 0x00,
    0x00, 0x00, 0x00, 0x00, 0x00, 0x00, 0x00, 0x00, 0x00, 0x00, 0x00, 0x00,
    0x00, 0x00, 0x00, 0x00, 0x00, 0x00, 0x00, 0x00, 0x00, 0x00, 0x00, 0x00,
    0x00, 0x00, 0x00, 0x00, 0x21, 0x0a, 0x2c, 0x07, 0x07, 0x07, 0x07, 0x0a,
    0x0a, 0x50, 0x0f, 0x00, 0x3c, 0x00, 0x00, 0x00, 0x00, 0x00, 0x00, 0x00,
    0x00, 0x00, 0x53, 0x00, 0x2d, 0x04, 0x1e, 0x1a, 0x08, 0x07, 0x00, 0x00,
    0x00, 0x00, 0x00, 0x00, 0x00, 0x00, 0x00, 0x00, 0x00, 0x00, 0x00, 0x0b,
    0x00, 0x03, 0x16, 0x1a, 0x1e, 0x04, 0x03, 0x54, 0x40, 0x06, 0x01, 0x01,
    0x00, 0x13, 0x00, 0x14, 0x04, 0x1a, 0x1e, 0x16, 0x0c, 0x00, 0x18, 0x00,
    0x0b, 0x18, 0x00, 0x00, 0x00, 0x0a, 0x14, 0x3c, 0x01, 0x00, 0x00, 0x00,
    0x00, 0x3e, 0x11, 0x3b, 0x3d, 0x28, 0x00, 0x00, 0x00, 0x13, 0x01, 0x00,
    0x00, 0x00, 0x00, 0x01, 0x00, 0x55, 0x3d, 0x3d, 0x14, 0x2d, 0x14, 0x2d,
    0x2d, 0x14, 0x2d, 0x14, 0x2d, 0x3d, 0x07, 0x56, 0x00, 0x00, 0x00, 0x00,
    0x00, 0x00, 0x00, 0x00, 0x00, 0x17, 0x00, 0x0c, 0x57, 0x07, 0x0f, 0x00,
    0x00, 0x00, 0x18, 0x01, 0x00, 0x00, 0x00, 0x00, 0x00, 0x00, 0x00, 0x00,
    0x00, 0x00, 0x19, 0x00, 0x0c, 0x16, 0x1e, 0x4a, 0x16, 0x0c, 0x00, 0x18,
    0x00, 0x00, 0x00, 0x00, 0x00, 0x00, 0x00, 0x00, 0x00, 0x00, 0x00, 0x00,
    0x00, 0x00, 0x00, 0x00, 0x00, 0x00, 0x00, 0x00, 0x00, 0x00, 0x00, 0x00,
    0x00, 0x00, 0x00, 0x00, 0x00, 0x00, 0x00, 0x00, 0x00, 0x00, 0x00, 0x00,
    0x00, 0x00, 0x00, 0x00, 0x00, 0x00, 0x00, 0x00, 0x00, 0x00, 0x00, 0x00,
    0x00, 0x00, 0x00, 0x00, 0x00, 0x4b, 0x03, 0x3b, 0x3d, 0x45, 0x00, 0x00,
    0x00, 0x18, 0x01, 0x00, 0x00, 0x00, 0x00, 0x01, 0x00, 0x54, 0x3d, 0x3d,
    0x14, 0x2d, 0x14, 0x2d, 0x2d, 0x14, 0x2d, 0x14, 0x2d, 0x3d, 0x07, 0x0f,
    0x00, 0x00, 0x00, 0x00, 0x00, 0x00, 0x00, 0x00, 0x00, 0x0f, 0x00, 0x0c,
    0x57, 0x07, 0x00, 0x00, 0x00, 0x00, 0x18, 0x01, 0x00, 0x00, 0x00, 0x00,
    0x00, 0x00, 0x00, 0x00, 0x00, 0x00, 0x18, 0x00, 0x0c, 0x16, 0x1e, 0x4a,
    0x16, 0x0c, 0x00, 0x18, 0x00, 0x00, 0x00, 0x00, 0x00, 0x00, 0x00, 0x00,
    0x00, 0x00, 0x00, 0x00, 0x00, 0x00, 0x00, 0x00, 0x00, 0x00, 0x00, 0x00,
    0x00, 0x00, 0x00, 0x00, 0x12, 0x00, 0x0d, 0x04, 0x1a, 0x48, 0x16, 0x14,
    0x00, 0x12, 0x00, 0x00, 0x00, 0x00, 0x00, 0x00, 0x00, 0x00, 0x00, 0x00,
    0x00, 0x00, 0x00, 0x00, 0x00, 0x00, 0x00, 0x00, 0x00, 0x01, 0x01, 0x01,
    0x01, 0x01, 0x01, 0x01, 0x01, 0x01, 0x01, 0x01, 0x01, 0x01, 0x41, 0x01,
    0x0c, 0x04, 0x1a, 0x1e, 0x16, 0x05, 0x01, 0x58, 0x01, 0x01, 0x01, 0x01,
    0x01, 0x01, 0x01, 0x01, 0x01, 0x01, 0x01, 0x01, 0x01, 0x00, 0x00, 0x00,
    0x00, 0x00, 0x00, 0x00, 0x00, 0x00, 0x00, 0x00, 0x00, 0x00, 0x00, 0x00,
    0x00, 0x00, 0x00, 0x00, 0x00, 0x00, 0x00, 0x00, 0x00, 0x00, 0x00, 0x00,
    0x00, 0x00, 0x00, 0x00, 0x00, 0x00, 0x00, 0x00, 0x00, 0x00, 0x00, 0x00,
    0x00, 0x00, 0x00, 0x00, 0x00, 0x00, 0x00, 0x00, 0x00, 0x00, 0x00, 0x00,
    0x00, 0x00, 0x00, 0x00, 0x00, 0x00, 0x00, 0x00, 0x00, 0x00, 0x00, 0x00,
    0x00, 0x00, 0x00, 0x00, 0x00, 0x01, 0x00, 0x1f, 0x1a, 0x1c, 0x1e, 0x1b,
    0x0d, 0x0c, 0x0c, 0x0c, 0x59, 0x0c, 0x0c, 0x59, 0x59, 0x0c, 0x0c, 0x59,
    0x0c, 0x0c, 0x59, 0x0c, 0x0c, 0x0c, 0x59, 0x0c, 0x0c, 0x0c, 0x0c, 0x0c,
    0x59, 0x59, 0x0c, 0x59, 0x59, 0x0c, 0x0c, 0x0c, 0x0c, 0x0c, 0x0c, 0x0c,
    0x0c, 0x0c, 0x0c, 0x0c, 0x0c, 0x0c, 0x0c, 0x0c, 0x59, 0x0c, 0x0c, 0x59,
    0x0c, 0x0c, 0x11, 0x1c, 0x1e, 0x1c, 0x1a, 0x02, 0x00, 0x01, 0x00, 0x00,
    0x00, 0x00, 0x00, 0x00, 0x00, 0x00, 0x00, 0x00, 0x00, 0x00, 0x00, 0x00,
    0x00, 0x00, 0x00, 0x00, 0x00, 0x00, 0x00, 0x00, 0x00, 0x00, 0x00, 0x00,
    0x00, 0x00, 0x26, 0x18, 0x18, 0x42, 0x18, 0x18, 0x29, 0x01, 0x00, 0x00,
    0x00, 0x00, 0x00, 0x00, 0x00, 0x00, 0x00, 0x00, 0x00, 0x00, 0x00, 0x18,
    0x19, 0x42, 0x18, 0x19, 0x01, 0x00, 0x00, 0x00, 0x01, 0x01, 0x21, 0x49,
    0x08, 0x1e, 0x1e, 0x1e, 0x1e, 0x48, 0x1e, 0x4a, 0x1e, 0x08, 0x22, 0x14,
    0x00, 0x51, 0x54, 0x58, 0x41, 0x54, 0x54, 0x3f, 0x54, 0x58, 0x45, 0x01,
    0x14, 0x16, 0x1a, 0x48, 0x1b, 0x14, 0x0d, 0x22, 0x5a, 0x0c, 0x00, 0x0f,
    0x00, 0x00, 0x00, 0x00, 0x00, 0x00, 0x4b, 0x00, 0x14, 0x16, 0x1a, 0x1a,
    0x48, 0x1b, 0x0a, 0x00, 0x00, 0x00, 0x00, 0x00, 0x00, 0x13, 0x00, 0x14,
    0x16, 0x1a, 0x4a, 0x16, 0x0c, 0x0b, 0x42, 0x01, 0x00, 0x00, 0x23, 0x3d,
    0x3b, 0x16, 0x03, 0x00, 0x01, 0x00, 0x00, 0x00, 0x00, 0x00, 0x03, 0x15,
    0x09, 0x09, 0x5b, 0x3d, 0x5c, 0x00, 0x00, 0x00, 0x00, 0x00, 0x01, 0x00,
    0x14, 0x1c, 0x04, 0x16, 0x04, 0x04, 0x16, 0x46, 0x04, 0x04, 0x16, 0x04,
    0x46, 0x16, 0x04, 0x22, 0x0a, 0x01, 0x17, 0x00, 0x00, 0x00, 0x00, 0x00,
    0x00, 0x12, 0x00, 0x0d, 0x52, 0x1b, 0x22, 0x5b, 0x07, 0x01, 0x00, 0x00,
    0x00, 0x00, 0x00, 0x00, 0x00, 0x00, 0x00, 0x00, 0x00, 0x00, 0x29, 0x00,
    0x0c, 0x16, 0x1a, 0x1e, 0x16, 0x0c, 0x00, 0x42, 0x00, 0x00, 0x00, 0x00,
    0x00, 0x00, 0x00, 0x00, 0x00, 0x00, 0x00, 0x00, 0x00, 0x00, 0x00, 0x00,
    0x00, 0x00, 0x00, 0x00, 0x00, 0x00, 0x00, 0x00, 0x00, 0x00, 0x00, 0x00,
    0x00, 0x00, 0x00, 0x00, 0x00, 0x00, 0x00, 0x00, 0x00, 0x00, 0x00, 0x00,
    0x00, 0x00, 0x00, 0x00, 0x00, 0x00, 0x00, 0x00, 0x00, 0x00, 0x00, 0x00,
    0x00, 0x00, 0x48, 0x15, 0x09, 0x22, 0x5b, 0x07, 0x42, 0x00, 0x00, 0x00,
    0x00, 0x00, 0x06, 0x00, 0x14, 0x1b, 0x16, 0x04, 0x16, 0x04, 0x04, 0x4f,
    0x04, 0x04, 0x04, 0x16, 0x46, 0x04, 0x16, 0x22, 0x47, 0x01, 0x0f, 0x00,
    0x00, 0x00, 0x00, 0x00, 0x00, 0x06, 0x00, 0x03, 0x52, 0x1e, 0x22, 0x5b,
    0x0a, 0x00, 0x00, 0x00, 0x00, 0x00, 0x00, 0x00, 0x00, 0x00, 0x00, 0x00,
    0x00, 0x00, 0x42, 0x00, 0x0c, 0x16, 0x1a, 0x1e, 0x16, 0x0c, 0x00, 0x42,
    0x00, 0x00, 0x00, 0x00, 0x00, 0x00, 0x00, 0x00, 0x00, 0x00, 0x00, 0x00,
    0x00, 0x00, 0x00, 0x00, 0x00, 0x00, 0x00, 0x00, 0x00, 0x00, 0x00, 0x00,
    0x33, 0x00, 0x0d, 0x16, 0x1a, 0x1a, 0x16, 0x14, 0x01, 0x29, 0x01, 0x01,
    0x01, 0x01, 0x01, 0x01, 0x01, 0x01, 0x01, 0x01, 0x01, 0x01, 0x01, 0x01,
    0x00, 0x00, 0x00, 0x00, 0x00, 0x00, 0x00, 0x00, 0x00, 0x00, 0x00, 0x00,
    0x00, 0x00, 0x00, 0x00, 0x00, 0x00, 0x00, 0x00, 0x0c, 0x16, 0x1a, 0x4a,
    0x16, 0x14, 0x00, 0x00, 0x00, 0x00, 0x00, 0x00, 0x00, 0x00, 0x00, 0x00,
    0x00, 0x00, 0x00, 0x00, 0x00, 0x00, 0x00, 0x00, 0x00, 0x00, 0x00, 0x00,
    0x00, 0x00, 0x00, 0x00, 0x00, 0x00, 0x18, 0x19, 0x42, 0x18, 0x18, 0x29,
    0x01, 0x00, 0x00, 0x00, 0x00, 0x00, 0x00, 0x00, 0x00, 0x00, 0x00, 0x00,
    0x00, 0x00, 0x18, 0x19, 0x42, 0x18, 0x19, 0x01, 0x00, 0x00, 0x00, 0x00,
    0x00, 0x00, 0x00, 0x00, 0x00, 0x00, 0x4b, 0x19, 0x18, 0x42, 0x18, 0x18,
    0x00, 0x00, 0x00, 0x00, 0x00, 0x00, 0x00, 0x00, 0x00, 0x00, 0x00, 0x00,
    0x00, 0x12, 0x00, 0x14, 0x1b, 0x1e, 0x04, 0x0c, 0x00, 0x00, 0x00, 0x00,
    0x00, 0x00, 0x00, 0x00, 0x00, 0x00, 0x00, 0x00, 0x00, 0x00, 0x00, 0x00,
    0x00, 0x00, 0x00, 0x00, 0x00, 0x00, 0x00, 0x00, 0x00, 0x00, 0x00, 0x00,
    0x00, 0x00, 0x00, 0x00, 0x00, 0x00, 0x00, 0x00, 0x00, 0x00, 0x00, 0x00,
    0x00, 0x00, 0x00, 0x00, 0x00, 0x00, 0x00, 0x00, 0x00, 0x00, 0x00, 0x0c,
    0x16, 0x1a, 0x16, 0x14, 0x00, 0x13, 0x00, 0x00, 0x00, 0x00, 0x00, 0x00,
    0x00, 0x00, 0x00, 0x00, 0x00, 0x00, 0x00, 0x00, 0x00, 0x00, 0x00, 0x00,
    0x00, 0x00, 0x00, 0x00, 0x00, 0x00, 0x00, 0x00, 0x00, 0x00, 0x00, 0x00,
    0x00, 0x00, 0x00, 0x00, 0x00, 0x00, 0x00, 0x00, 0x00, 0x00, 0x00, 0x00,
    0x00, 0x00, 0x00, 0x00, 0x00, 0x00, 0x00, 0x00, 0x00, 0x00, 0x00, 0x00,
    0x00, 0x00, 0x00, 0x00, 0x13, 0x00, 0x0c, 0x15, 0x4a, 0x1a, 0x4a, 0x4a,
    0x1a, 0x1e, 0x4a, 0x1e, 0x1a, 0x48, 0x16, 0x1e, 0x02, 0x0a, 0x22, 0x03,
    0x03, 0x03, 0x03, 0x03, 0x03, 0x03, 0x5a, 0x14, 0x0a, 0x1b, 0x1e, 0x1e,
    0x1b, 0x0a, 0x03, 0x16, 0x16, 0x1a, 0x3e, 0x00, 0x00, 0x00, 0x00, 0x00,
    0x00, 0x01, 0x06, 0x02, 0x03, 0x1b, 0x1e, 0x1e, 0x16, 0x0c, 0x0a, 0x07,
    0x07, 0x0a, 0x5d, 0x21, 0x3c, 0x51, 0x00, 0x2d, 0x16, 0x1a, 0x1a, 0x16,
    0x5b, 0x00, 0x00, 0x00, 0x0a, 0x5e, 0x22, 0x09, 0x4f, 0x04, 0x0d, 0x00,
    0x01, 0x00, 0x00, 0x00, 0x00, 0x00, 0x03, 0x1c, 0x1e, 0x1c, 0x16, 0x1c,
    0x22, 0x5b, 0x0a, 0x06, 0x3c, 0x01, 0x01, 0x55, 0x4a, 0x16, 0x1a, 0x1a,
    0x1a, 0x1a, 0x1a, 0x1a, 0x1a, 0x1a, 0x1a, 0x1a, 0x1a, 0x1a, 0x1a, 0x15,
    0x0d, 0x00, 0x06, 0x00, 0x00, 0x00, 0x00, 0x00, 0x00, 0x12, 0x00, 0x0d,
    0x16, 0x1e, 0x1c, 0x16, 0x1c, 0x22, 0x5b, 0x07, 0x33, 0x26, 0x00, 0x00,
    0x00, 0x00, 0x00, 0x00, 0x00, 0x00, 0x19, 0x00, 0x0c, 0x16, 0x1a, 0x1a,
    0x16, 0x0c, 0x00, 0x42, 0x00, 0x00, 0x00, 0x00, 0x00, 0x00, 0x00, 0x00,
    0x00, 0x00, 0x00, 0x00, 0x00, 0x00, 0x00, 0x00, 0x00, 0x00, 0x00, 0x00,
    0x00, 0x00, 0x00, 0x00, 0x00, 0x00, 0x00, 0x00, 0x00, 0x00, 0x00, 0x00,
    0x00, 0x00, 0x00, 0x00, 0x00, 0x00, 0x00, 0x00, 0x00, 0x00, 0x00, 0x00,
    0x00, 0x00, 0x00, 0x00, 0x00, 0x00, 0x00, 0x00, 0x00, 0x01, 0x03, 0x1c,
    0x1e, 0x5f, 0x16, 0x1c, 0x22, 0x5b, 0x0a, 0x0b, 0x26, 0x01, 0x26, 0x37,
    0x1a, 0x04, 0x1a, 0x1a, 0x1a, 0x1a, 0x1a, 0x1a, 0x1a, 0x1a, 0x1a, 0x1a,
    0x1a, 0x1a, 0x1a, 0x15, 0x11, 0x00, 0x12, 0x00, 0x00, 0x00, 0x00, 0x00,
    0x00, 0x06, 0x00, 0x0d, 0x16, 0x1a, 0x1c, 0x16, 0x1b, 0x22, 0x5b, 0x0a,
    0x23, 0x26, 0x00, 0x00, 0x00, 0x00, 0x00, 0x00, 0x00, 0x00, 0x18, 0x00,
    0x2a, 0x16, 0x1a, 0x1a, 0x16, 0x0c, 0x00, 0x42, 0x00, 0x00, 0x00, 0x00,
    0x00, 0x00, 0x00, 0x00, 0x00, 0x00, 0x00, 0x00, 0x00, 0x00, 0x00, 0x00,
    0x00, 0x00, 0x00, 0x00, 0x00, 0x00, 0x00, 0x00, 0x12, 0x00, 0x0d, 0x16,
    0x1e, 0x1a, 0x16, 0x14, 0x00, 0x00, 0x00, 0x00, 0x00, 0x00, 0x00, 0x00,
    0x00, 0x00, 0x00, 0x00, 0x00, 0x00, 0x00, 0x00, 0x00, 0x00, 0x00, 0x01,
    0x00, 0x0c, 0x22, 0x03, 0x03, 0x20, 0x03, 0x03, 0x20, 0x03, 0x03, 0x20,
    0x03, 0x03, 0x20, 0x03, 0x1e, 0x1b, 0x1a, 0x1e, 0x1b, 0x03, 0x03, 0x03,
    0x2e, 0x03, 0x03, 0x20, 0x03, 0x03, 0x20, 0x03, 0x03, 0x20, 0x03, 0x5a,
    0x0c, 0x00, 0x0b, 0x00, 0x00, 0x00, 0x00, 0x00, 0x00, 0x00, 0x00, 0x00,
    0x00, 0x00, 0x00, 0x00, 0x00, 0x00, 0x00, 0x00, 0x00, 0x00, 0x00, 0x00,
    0x00, 0x00, 0x00, 0x00, 0x00, 0x00, 0x00, 0x00, 0x00, 0x00, 0x00, 0x00,
    0x00, 0x00, 0x00, 0x00, 0x00, 0x00, 0x00, 0x00, 0x00, 0x00, 0x00, 0x00,
    0x00, 0x00, 0x00, 0x00, 0x00, 0x00, 0x00, 0x00, 0x00, 0x00, 0x00, 0x00,
    0x00, 0x00, 0x00, 0x00, 0x00, 0x00, 0x00, 0x00, 0x00, 0x4b, 0x00, 0x14,
    0x16, 0x1a, 0x16, 0x2d, 0x01, 0x0e, 0x42, 0x29, 0x19, 0x29, 0x29, 0x19,
    0x2b, 0x29, 0x19, 0x2b, 0x19, 0x29, 0x39, 0x29, 0x19, 0x29, 0x19, 0x29,
    0x19, 0x29, 0x19, 0x29, 0x19, 0x29, 0x19, 0x29, 0x19, 0x19, 0x29, 0x19,
    0x29, 0x19, 0x19, 0x2b, 0x19, 0x29, 0x29, 0x19, 0x29, 0x29, 0x19, 0x29,
    0x19, 0x29, 0x19, 0x29, 0x29, 0x0e, 0x0b, 0x07, 0x1b, 0x1e, 0x04, 0x05,
    0x00, 0x42, 0x00, 0x00, 0x00, 0x00, 0x00, 0x00, 0x00, 0x00, 0x00, 0x00,
    0x00, 0x00, 0x00, 0x00, 0x00, 0x00, 0x00, 0x00, 0x00, 0x00, 0x00, 0x00,
    0x00, 0x00, 0x00, 0x00, 0x3c, 0x00, 0x02, 0x05, 0x38, 0x60, 0x05, 0x38,
    0x5e, 0x02, 0x00, 0x01, 0x00, 0x00, 0x00, 0x00, 0x00, 0x00, 0x00, 0x00,
    0x01, 0x00, 0x61, 0x05, 0x38, 0x60, 0x05, 0x5e, 0x1f, 0x00, 0x01, 0x26,
    0x00, 0x13, 0x20, 0x1c, 0x1e, 0x1e, 0x4d, 0x1a, 0x08, 0x4a, 0x1a, 0x08,
    0x4a, 0x1a, 0x1e, 0x1b, 0x0a, 0x1f, 0x1c, 0x1c, 0x62, 0x1b, 0x1c, 0x1b,
    0x1c, 0x1b, 0x15, 0x27, 0x1f, 0x1b, 0x1a, 0x1e, 0x16, 0x14, 0x0d, 0x16,
    0x1a, 0x1a, 0x21, 0x00, 0x01, 0x00, 0x00, 0x00, 0x00, 0x51, 0x00, 0x0c,
    0x16, 0x1a, 0x4a, 0x1b, 0x1b, 0x02, 0x0c, 0x52, 0x1a, 0x1b, 0x16, 0x0d,
    0x00, 0x63, 0x00, 0x14, 0x16, 0x1e, 0x1a, 0x16, 0x0c, 0x0a, 0x5e, 0x20,
    0x08, 0x16, 0x43, 0x1a, 0x1a, 0x16, 0x0d, 0x00, 0x01, 0x00, 0x00, 0x00,
    0x00, 0x00, 0x48, 0x04, 0x1a, 0x1e, 0x1a, 0x1a, 0x1b, 0x16, 0x1a, 0x21,
    0x00, 0x13, 0x00, 0x0a, 0x1e, 0x1a, 0x1e, 0x1e, 0x4c, 0x1b, 0x1c, 0x1b,
    0x1b, 0x1c, 0x1b, 0x1b, 0x1e, 0x1e, 0x4c, 0x1c, 0x03, 0x3e, 0x00, 0x00,
    0x00, 0x00, 0x00, 0x00, 0x00, 0x33, 0x00, 0x0d, 0x04, 0x1a, 0x1e, 0x1a,
    0x1e, 0x1c, 0x16, 0x04, 0x0d, 0x00, 0x01, 0x00, 0x00, 0x00, 0x00, 0x00,
    0x00, 0x00, 0x29, 0x00, 0x2a, 0x16, 0x1a, 0x4a, 0x16, 0x0c, 0x00, 0x64,
    0x00, 0x00, 0x00, 0x00, 0x00, 0x00, 0x00, 0x00, 0x00, 0x00, 0x00, 0x00,
    0x00, 0x00, 0x00, 0x00, 0x00, 0x00, 0x00, 0x00, 0x00, 0x00, 0x00, 0x00,
    0x00, 0x00, 0x00, 0x00, 0x00, 0x00, 0x00, 0x00, 0x00, 0x00, 0x00, 0x00,
    0x00, 0x00, 0x00, 0x00, 0x00, 0x00, 0x00, 0x00, 0x00, 0x00, 0x00, 0x00,
    0x00, 0x00, 0x00, 0x00, 0x00, 0x01, 0x1e, 0x04, 0x1a, 0x1e, 0x1a, 0x1a,
    0x1c, 0x16, 0x1a, 0x02, 0x00, 0x13, 0x00, 0x2c, 0x1c, 0x1e, 0x1e, 0x4e,
    0x1e, 0x1c, 0x1b, 0x1b, 0x1c, 0x1b, 0x1b, 0x1c, 0x1e, 0x48, 0x1a, 0x1c,
    0x03, 0x00, 0x00, 0x00, 0x00, 0x00, 0x00, 0x00, 0x00, 0x23, 0x00, 0x0d,
    0x16, 0x1e, 0x1a, 0x1a, 0x1e, 0x1c, 0x16, 0x04, 0x0d, 0x00, 0x01, 0x00,
    0x00, 0x00, 0x00, 0x00, 0x00, 0x00, 0x42, 0x00, 0x0c, 0x16, 0x1a, 0x4a,
    0x16, 0x0c, 0x00, 0x64, 0x00, 0x00, 0x00, 0x00, 0x00, 0x00, 0x00, 0x00,
    0x00, 0x00, 0x00, 0x00, 0x00, 0x00, 0x00, 0x00, 0x00, 0x00, 0x00, 0x00,
    0x00, 0x00, 0x00, 0x00, 0x33, 0x00, 0x11, 0x16, 0x1a, 0x48, 0x16, 0x14,
    0x02, 0x1f, 0x02, 0x47, 0x1f, 0x02, 0x47, 0x1f, 0x02, 0x47, 0x1f, 0x02,
    0x47, 0x1f, 0x45, 0x55, 0x00, 0x00, 0x00, 0x06, 0x00, 0x03, 0x52, 0x1b,
    0x04, 0x16, 0x16, 0x04, 0x16, 0x16, 0x04, 0x16, 0x16, 0x04, 0x16, 0x16,
    0x1c, 0x1e, 0x1e, 0x4a, 0x1e, 0x1b, 0x16, 0x16, 0x04, 0x16, 0x16, 0x04,
    0x16, 0x16, 0x04, 0x16, 0x16, 0x04, 0x1b, 0x15, 0x0d, 0x00, 0x06, 0x00,
    0x00, 0x00, 0x00, 0x00, 0x00, 0x00, 0x00, 0x00, 0x00, 0x24, 0x05, 0x5e,
    0x38, 0x05, 0x60, 0x5e, 0x0a, 0x00, 0x0f, 0x00, 0x00, 0x00, 0x00, 0x00,
    0x00, 0x00, 0x00, 0x3c, 0x00, 0x10, 0x38, 0x5e, 0x05, 0x38, 0x5e, 0x0a,
    0x00, 0x0f, 0x00, 0x00, 0x00, 0x00, 0x00, 0x00, 0x00, 0x00, 0x05, 0x5e,
    0x38, 0x05, 0x38, 0x60, 0x00, 0x3c, 0x00, 0x00, 0x00, 0x00, 0x00, 0x00,
    0x00, 0x00, 0x00, 0x00, 0x00, 0x13, 0x00, 0x2d, 0x04, 0x1a, 0x1c, 0x14,
    0x00, 0x33, 0x00, 0x00, 0x00, 0x00, 0x00, 0x00, 0x00, 0x00, 0x00, 0x00,
    0x00, 0x00, 0x00, 0x00, 0x00, 0x00, 0x00, 0x00, 0x00, 0x00, 0x00, 0x00,
    0x00, 0x00, 0x00, 0x00, 0x00, 0x00, 0x00, 0x00, 0x00, 0x00, 0x00, 0x00,
    0x00, 0x00, 0x00, 0x00, 0x00, 0x00, 0x00, 0x00, 0x00, 0x00, 0x00, 0x00,
    0x00, 0x17, 0x00, 0x0a, 0x1e, 0x4a, 0x16, 0x05, 0x00, 0x18, 0x00, 0x00,
    0x00, 0x00, 0x00, 0x00, 0x00, 0x00, 0x00, 0x00, 0x00, 0x00, 0x00, 0x00,
    0x00, 0x00, 0x00, 0x00, 0x00, 0x00, 0x00, 0x00, 0x00, 0x00, 0x00, 0x00,
    0x18, 0x26, 0x3d, 0x15, 0x16, 0x16, 0x16, 0x46, 0x65, 0x05, 0x00, 0x18,
    0x00, 0x00, 0x00, 0x00, 0x00, 0x00, 0x00, 0x00, 0x01, 0x00, 0x02, 0x1b,
    0x4f, 0x16, 0x04, 0x66, 0x14, 0x00, 0x12, 0x01, 0x00, 0x55, 0x1a, 0x1b,
    0x1e, 0x1a, 0x48, 0x1e, 0x67, 0x4d, 0x1e, 0x67, 0x1b, 0x1e, 0x1a, 0x16,
    0x0a, 0x54, 0x1a, 0x08, 0x1e, 0x1e, 0x1e, 0x1e, 0x1e, 0x1e, 0x16, 0x05,
    0x02, 0x1a, 0x1a, 0x48, 0x16, 0x14, 0x2a, 0x16, 0x1e, 0x48, 0x2c, 0x00,
    0x01, 0x00, 0x00, 0x00, 0x51, 0x00, 0x14, 0x16, 0x1a, 0x1e, 0x1c, 0x08,
    0x0a, 0x00, 0x45, 0x1e, 0x1b, 0x1e, 0x1a, 0x16, 0x14, 0x00, 0x00, 0x14,
    0x16, 0x1a, 0x1e, 0x4a, 0x1a, 0x1a, 0x16, 0x04, 0x1a, 0x1e, 0x1e, 0x4a,
    0x1e, 0x15, 0x11, 0x00, 0x01, 0x00, 0x00, 0x00, 0x01, 0x00, 0x27, 0x22,
    0x1b, 0x16, 0x68, 0x1e, 0x1e, 0x1a, 0x1e, 0x21, 0x00, 0x13, 0x00, 0x2c,
    0x1a, 0x48, 0x4c, 0x1e, 0x1e, 0x03, 0x2e, 0x03, 0x2e, 0x2e, 0x03, 0x20,
    0x1b, 0x1e, 0x1e, 0x1b, 0x03, 0x51, 0x00, 0x3c, 0x00, 0x00, 0x00, 0x00,
    0x00, 0x12, 0x00, 0x11, 0x15, 0x16, 0x09, 0x1e, 0x1a, 0x1e, 0x1a, 0x1c,
    0x03, 0x00, 0x3c, 0x00, 0x00, 0x00, 0x00, 0x00, 0x00, 0x00, 0x19, 0x00,
    0x0c, 0x16, 0x1a, 0x1e, 0x16, 0x59, 0x00, 0x69, 0x00, 0x00, 0x00, 0x00,
    0x00, 0x00, 0x00, 0x00, 0x00, 0x00, 0x00, 0x00, 0x00, 0x00, 0x00, 0x00,
    0x00, 0x00, 0x00, 0x00, 0x00, 0x00, 0x00, 0x00, 0x00, 0x00, 0x00, 0x00,
    0x00, 0x00, 0x00, 0x00, 0x00, 0x00, 0x00, 0x00, 0x00, 0x00, 0x00, 0x00,
    0x00, 0x00, 0x00, 0x00, 0x00, 0x00, 0x00, 0x00, 0x00, 0x00, 0x00, 0x00,
    0x01, 0x01, 0x2a, 0x22, 0x1b, 0x16, 0x09, 0x1e, 0x1e, 0x1a, 0x1e, 0x1f,
    0x00, 0x13, 0x00, 0x0a, 0x08, 0x1e, 0x4a, 0x48, 0x1e, 0x03, 0x03, 0x2e,
    0x03, 0x2e, 0x03, 0x1e, 0x1b, 0x1e, 0x48, 0x1b, 0x03, 0x32, 0x00, 0x00,
    0x00, 0x00, 0x00, 0x00, 0x00, 0x06, 0x00, 0x0d, 0x52, 0x16, 0x09, 0x1e,
    0x1a, 0x1a, 0x1a, 0x16, 0x03, 0x00, 0x01, 0x00, 0x00, 0x00, 0x00, 0x00,
    0x00, 0x00, 0x18, 0x00, 0x2a, 0x16, 0x1a, 0x1e, 0x16, 0x59, 0x00, 0x69,
    0x00, 0x00, 0x00, 0x00, 0x00, 0x00, 0x00, 0x00, 0x00, 0x00, 0x00, 0x00,
    0x00, 0x00, 0x00, 0x00, 0x00, 0x00, 0x00, 0x00, 0x00, 0x00, 0x00, 0x00,
    0x12, 0x00, 0x0d, 0x16, 0x1a, 0x1a, 0x1e, 0x4a, 0x1a, 0x1a, 0x1a, 0x1e,
    0x1a, 0x1a, 0x1e, 0x1a, 0x1a, 0x1e, 0x1a, 0x1a, 0x1e, 0x1a, 0x16, 0x0d,
    0x00, 0x01, 0x00, 0x13, 0x00, 0x0c, 0x16, 0x1e, 0x1e, 0x1e, 0x1a, 0x1e,
    0x1e, 0x1e, 0x1e, 0x1e, 0x1e, 0x1a, 0x1e, 0x1e, 0x1a, 0x4a, 0x1e, 0x4e,
    0x48, 0x1e, 0x1a, 0x1e, 0x1a, 0x1e, 0x1e, 0x1a, 0x1e, 0x1e, 0x1e, 0x1e,
    0x1e, 0x1e, 0x1e, 0x16, 0x11, 0x00, 0x23, 0x00, 0x00, 0x00, 0x00, 0x00,
    0x00, 0x00, 0x00, 0x12, 0x00, 0x14, 0x52, 0x16, 0x04, 0x16, 0x16, 0x6a,
    0x0c, 0x00, 0x18, 0x00, 0x00, 0x00, 0x00, 0x00, 0x00, 0x00, 0x00, 0x01,
    0x00, 0x21, 0x1e, 0x15, 0x16, 0x04, 0x15, 0x14, 0x00, 0x13, 0x00, 0x00,
    0x00, 0x00, 0x00, 0x00, 0x01, 0x00, 0x03, 0x52, 0x16, 0x04, 0x4f, 0x1b,
    0x01, 0x00, 0x17, 0x01, 0x00, 0x00, 0x00, 0x00, 0x00, 0x00, 0x00, 0x00,
    0x00, 0x01, 0x00, 0x14, 0x16, 0x1a, 0x1b, 0x14, 0x00, 0x12, 0x00, 0x00,
    0x00, 0x00, 0x00, 0x00, 0x00, 0x00, 0x00, 0x00, 0x00, 0x00, 0x00, 0x00,
    0x00, 0x00, 0x00, 0x00, 0x00, 0x00, 0x00, 0x00, 0x00, 0x00, 0x00, 0x00,
    0x00, 0x00, 0x00, 0x00, 0x00, 0x00, 0x00, 0x00, 0x00, 0x00, 0x00, 0x00,
    0x00, 0x00, 0x00, 0x00, 0x00, 0x00, 0x00, 0x00, 0x00, 0x1d, 0x00, 0x2c,
    0x1e, 0x1a, 0x16, 0x27, 0x00, 0x01, 0x00, 0x00, 0x00, 0x00, 0x00, 0x00,
    0x00, 0x00, 0x00, 0x0f, 0x00, 0x00, 0x0f, 0x00, 0x00, 0x00, 0x00, 0x00,
    0x00, 0x00, 0x00, 0x00, 0x00, 0x00, 0x00, 0x00, 0x23, 0x00, 0x0d, 0x16,
    0x1a, 0x1a, 0x1e, 0x1a, 0x1b, 0x03, 0x01, 0x01, 0x00, 0x00, 0x00, 0x00,
    0x00, 0x00, 0x00, 0x00, 0x01, 0x00, 0x21, 0x1a, 0x1b, 0x1e, 0x1a, 0x1b,
    0x14, 0x00, 0x33, 0x01, 0x00, 0x55, 0x48, 0x1b, 0x1a, 0x4a, 0x6b, 0x21,
    0x1f, 0x1f, 0x1f, 0x07, 0x0d, 0x16, 0x4a, 0x16, 0x14, 0x00, 0x1e, 0x1b,
    0x1a, 0x1e, 0x4a, 0x1a, 0x1e, 0x4a, 0x04, 0x05, 0x29, 0x1e, 0x1b, 0x1a,
    0x16, 0x14, 0x05, 0x16, 0x1a, 0x1b, 0x14, 0x00, 0x12, 0x00, 0x00, 0x33,
    0x00, 0x2c, 0x1c, 0x1b, 0x1a, 0x1e, 0x16, 0x27, 0x00, 0x0e, 0x00, 0x14,
    0x16, 0x1a, 0x1e, 0x1b, 0x09, 0x21, 0x01, 0x14, 0x16, 0x1a, 0x48, 0x1e,
    0x1b, 0x1e, 0x1a, 0x1e, 0x1a, 0x4e, 0x16, 0x16, 0x1c, 0x5b, 0x07, 0x5d,
    0x23, 0x00, 0x00, 0x00, 0x00, 0x00, 0x00, 0x5c, 0x3d, 0x5b, 0x1c, 0x16,
    0x16, 0x09, 0x1a, 0x1f, 0x00, 0x13, 0x00, 0x2c, 0x1e, 0x1a, 0x4a, 0x1b,
    0x03, 0x01, 0x00, 0x00, 0x00, 0x00, 0x00, 0x0a, 0x1e, 0x4a, 0x1e, 0x1b,
    0x20, 0x37, 0x00, 0x3c, 0x00, 0x00, 0x00, 0x00, 0x00, 0x00, 0x01, 0x1f,
    0x14, 0x5b, 0x1c, 0x16, 0x16, 0x08, 0x1e, 0x1b, 0x03, 0x00, 0x3c, 0x00,
    0x00, 0x00, 0x00, 0x00, 0x00, 0x00, 0x39, 0x00, 0x59, 0x16, 0x1a, 0x1a,
    0x16, 0x2a, 0x00, 0x18, 0x00, 0x00, 0x00, 0x00, 0x00, 0x00, 0x00, 0x00,
    0x00, 0x00, 0x00, 0x00, 0x00, 0x00, 0x00, 0x00, 0x00, 0x00, 0x00, 0x00,
    0x00, 0x00, 0x00, 0x00, 0x00, 0x00, 0x00, 0x00, 0x00, 0x00, 0x00, 0x00,
    0x00, 0x00, 0x00, 0x00, 0x00, 0x00, 0x00, 0x00, 0x00, 0x00, 0x00, 0x00,
    0x00, 0x00, 0x00, 0x00, 0x00, 0x00, 0x00, 0x00, 0x00, 0x00, 0x00, 0x6c,
    0x3d, 0x5b, 0x1a, 0x16, 0x16, 0x08, 0x1a, 0x45, 0x00, 0x13, 0x00, 0x0a,
    0x1b, 0x1e, 0x4e, 0x1b, 0x20, 0x00, 0x00, 0x00, 0x00, 0x00, 0x00, 0x0a,
    0x1b, 0x1a, 0x1e, 0x1b, 0x03, 0x01, 0x00, 0x00, 0x00, 0x00, 0x00, 0x00,
    0x00, 0x00, 0x3c, 0x6d, 0x3d, 0x3b, 0x1c, 0x16, 0x16, 0x08, 0x1e, 0x1c,
    0x03, 0x00, 0x01, 0x00, 0x00, 0x00, 0x00, 0x00, 0x00, 0x00, 0x6e, 0x00,
    0x59, 0x16, 0x1a, 0x1a, 0x16, 0x2a, 0x00, 0x18, 0x00, 0x00, 0x00, 0x00,
    0x00, 0x00, 0x00, 0x00, 0x00, 0x00, 0x00, 0x00, 0x00, 0x00, 0x00, 0x00,
    0x00, 0x00, 0x00, 0x00, 0x00, 0x00, 0x00, 0x00, 0x33, 0x00, 0x0d, 0x16,
    0x1e, 0x1a, 0x4d, 0x1b, 0x1b, 0x1b, 0x1c, 0x1b, 0x1b, 0x1c, 0x1b, 0x1b,
    0x1c, 0x1b, 0x1b, 0x1c, 0x1b, 0x1e, 0x04, 0x03, 0x00, 0x01, 0x00, 0x42,
    0x00, 0x2a, 0x66, 0x1c, 0x16, 0x04, 0x16, 0x16, 0x6f, 0x04, 0x16, 0x6f,
    0x16, 0x16, 0x04, 0x16, 0x16, 0x16, 0x16, 0x16, 0x04, 0x16, 0x16, 0x04,
    0x16, 0x16, 0x16, 0x16, 0x16, 0x6f, 0x16, 0x04, 0x6f, 0x16, 0x09, 0x66,
    0x0d, 0x00, 0x23, 0x00, 0x00, 0x00, 0x00, 0x00, 0x00, 0x00, 0x00, 0x4b,
    0x00, 0x0c, 0x16, 0x1a, 0x1a, 0x1a, 0x1a, 0x1b, 0x20, 0x0e, 0x00, 0x26,
    0x00, 0x00, 0x00, 0x00, 0x00, 0x00, 0x00, 0x01, 0x00, 0x21, 0x4a, 0x09,
    0x1e, 0x1a, 0x16, 0x2d, 0x00, 0x13, 0x00, 0x00, 0x00, 0x00, 0x00, 0x00,
    0x0f, 0x00, 0x03, 0x04, 0x1e, 0x1a, 0x1b, 0x1e, 0x00, 0x6c, 0x00, 0x00,
    0x00, 0x00, 0x00, 0x00, 0x00, 0x00, 0x01, 0x01, 0x01, 0x4b, 0x01, 0x14,
    0x16, 0x1e, 0x09, 0x14, 0x00, 0x33, 0x00, 0x00, 0x00, 0x00, 0x00, 0x00,
    0x00, 0x00, 0x00, 0x00, 0x00, 0x00, 0x00, 0x00, 0x00, 0x00, 0x00, 0x00,
    0x00, 0x00, 0x00, 0x00, 0x00, 0x00, 0x00, 0x00, 0x00, 0x00, 0x00, 0x00,
    0x00, 0x00, 0x00, 0x00, 0x00, 0x00, 0x00, 0x00, 0x00, 0x00, 0x00, 0x00,
    0x00, 0x00, 0x00, 0x00, 0x00, 0x17, 0x00, 0x2c, 0x1a, 0x1e, 0x16, 0x05,
    0x00, 0x42, 0x00, 0x00, 0x00, 0x00, 0x00, 0x00, 0x00, 0x00, 0x00, 0x00,
    0x00, 0x00, 0x00, 0x00, 0x00, 0x00, 0x00, 0x00, 0x00, 0x00, 0x00, 0x00,
    0x00, 0x00, 0x00, 0x01, 0x00, 0x02, 0x1a, 0x1b, 0x1e, 0x1e, 0x4a, 0x48,
    0x1e, 0x1b, 0x2c, 0x00, 0x23, 0x00, 0x00, 0x00, 0x00, 0x00, 0x00, 0x00,
    0x01, 0x00, 0x21, 0x1e, 0x09, 0x1a, 0x1e, 0x1b, 0x14, 0x00, 0x33, 0x01,
    0x00, 0x0e, 0x1e, 0x1c, 0x1b, 0x1e, 0x70, 0x14, 0x5e, 0x05, 0x05, 0x3e,
    0x0c, 0x16, 0x1a, 0x1b, 0x14, 0x01, 0x0a, 0x50, 0x0a, 0x2c, 0x71, 0x0a,
    0x2c, 0x0a, 0x72, 0x21, 0x1f, 0x1e, 0x1c, 0x1a, 0x16, 0x05, 0x14, 0x65,
    0x09, 0x65, 0x27, 0x00, 0x42, 0x00, 0x0b, 0x00, 0x0a, 0x08, 0x1b, 0x1e,
    0x1a, 0x1b, 0x27, 0x00, 0x00, 0x00, 0x00, 0x00, 0x0d, 0x16, 0x1e, 0x1a,
    0x16, 0x0c, 0x00, 0x2d, 0x16, 0x1a, 0x1a, 0x4d, 0x1e, 0x4a, 0x1b, 0x16,
    0x16, 0x09, 0x22, 0x5e, 0x0a, 0x00, 0x00, 0x00, 0x00, 0x00, 0x00, 0x00,
    0x00, 0x00, 0x23, 0x00, 0x00, 0x00, 0x28, 0x3d, 0x5b, 0x1c, 0x1c, 0x21,
    0x00, 0x58, 0x01, 0x0a, 0x1b, 0x1e, 0x1e, 0x1b, 0x03, 0x00, 0x25, 0x00,
    0x26, 0x73, 0x01, 0x3a, 0x08, 0x1c, 0x1a, 0x08, 0x03, 0x74, 0x26, 0x3e,
    0x25, 0x06, 0x00, 0x00, 0x00, 0x00, 0x00, 0x00, 0x00, 0x00, 0x28, 0x3d,
    0x5b, 0x5f, 0x1c, 0x66, 0x03, 0x00, 0x75, 0x00, 0x00, 0x00, 0x00, 0x00,
    0x00, 0x00, 0x29, 0x00, 0x0c, 0x16, 0x4a, 0x1e, 0x16, 0x0c, 0x00, 0x42,
    0x00, 0x00, 0x00, 0x00, 0x00, 0x00, 0x00, 0x00, 0x00, 0x00, 0x00, 0x00,
    0x00, 0x00, 0x00, 0x00, 0x00, 0x00, 0x00, 0x00, 0x00, 0x00, 0x00, 0x00,
    0x00, 0x00, 0x00, 0x00, 0x00, 0x00, 0x00, 0x00, 0x00, 0x00, 0x00, 0x00,
    0x00, 0x00, 0x00, 0x00, 0x00, 0x00, 0x00, 0x00, 0x00, 0x00, 0x00, 0x00,
    0x00, 0x00, 0x00, 0x00, 0x00, 0x00, 0x33, 0x00, 0x00, 0x00, 0x28, 0x3d,
    0x5b, 0x1c, 0x1b, 0x21, 0x00, 0x58, 0x01, 0x14, 0x16, 0x1e, 0x1a, 0x16,
    0x03, 0x00, 0x3e, 0x00, 0x26, 0x56, 0x01, 0x2c, 0x1e, 0x1a, 0x4d, 0x1b,
    0x03, 0x01, 0x26, 0x25, 0x25, 0x06, 0x00, 0x00, 0x00, 0x00, 0x00, 0x00,
    0x00, 0x00, 0x21, 0x3d, 0x3b, 0x1c, 0x08, 0x15, 0x03, 0x00, 0x01, 0x00,
    0x00, 0x00, 0x00, 0x00, 0x00, 0x00, 0x76, 0x00, 0x0c, 0x16, 0x1a, 0x48,
    0x16, 0x0c, 0x00, 0x42, 0x00, 0x00, 0x00, 0x00, 0x00, 0x00, 0x00, 0x00,
    0x00, 0x00, 0x00, 0x00, 0x00, 0x00, 0x00, 0x00, 0x00, 0x00, 0x00, 0x00,
    0x00, 0x00, 0x00, 0x00, 0x12, 0x00, 0x0d, 0x16, 0x4a, 0x1e, 0x1a, 0x1e,
    0x1e, 0x1e, 0x1e, 0x1e, 0x1e, 0x1e, 0x1e, 0x1e, 0x1e, 0x1e, 0x1e, 0x48,
    0x1a, 0x1e, 0x1b, 0x03, 0x00, 0x01, 0x00, 0x01, 0x00, 0x07, 0x77, 0x14,
    0x14, 0x14, 0x14, 0x14, 0x14, 0x14, 0x14, 0x14, 0x14, 0x14, 0x14, 0x14,
    0x14, 0x14, 0x14, 0x14, 0x14, 0x14, 0x14, 0x14, 0x14, 0x14, 0x14, 0x14,
    0x14, 0x14, 0x14, 0x14, 0x14, 0x14, 0x14, 0x3d, 0x0a, 0x00, 0x01, 0x00,
    0x00, 0x00, 0x00, 0x00, 0x00, 0x00, 0x3c, 0x00, 0x1f, 0x1a, 0x08, 0x1e,
    0x1e, 0x1a, 0x1e, 0x1e, 0x1b, 0x0a, 0x00, 0x12, 0x00, 0x00, 0x00, 0x00,
    0x00, 0x00, 0x00, 0x01, 0x00, 0x21, 0x1a, 0x1b, 0x1e, 0x1a, 0x16, 0x14,
    0x00, 0x13, 0x00, 0x00, 0x00, 0x00, 0x00, 0x00, 0x1d, 0x00, 0x20, 0x16,
    0x1a, 0x1a, 0x1c, 0x1e, 0x05, 0x5a, 0x0c, 0x02, 0x19, 0x13, 0x12, 0x18,
    0x33, 0x14, 0x78, 0x03, 0x03, 0x20, 0x03, 0x1a, 0x1e, 0x4a, 0x1b, 0x14,
    0x00, 0x33, 0x00, 0x00, 0x00, 0x00, 0x00, 0x00, 0x00, 0x00, 0x0b, 0x18,
    0x42, 0x06, 0x23, 0x13, 0x18, 0x33, 0x01, 0x00, 0x00, 0x00, 0x00, 0x00,
    0x00, 0x00, 0x00, 0x00, 0x00, 0x00, 0x00, 0x00, 0x00, 0x00, 0x00, 0x00,
    0x00, 0x00, 0x00, 0x00, 0x00, 0x00, 0x00, 0x00, 0x00, 0x00, 0x00, 0x00,
    0x00, 0x17, 0x00, 0x2f, 0x48, 0x1a, 0x1b, 0x48, 0x03, 0x20, 0x20, 0x03,
    0x03, 0x2c, 0x06, 0x79, 0x23, 0x51, 0x4b, 0x2c, 0x22, 0x22, 0x07, 0x00,
    0x1d, 0x00, 0x00, 0x00, 0x00, 0x00, 0x00, 0x00, 0x00, 0x00, 0x00, 0x18,
    0x26, 0x14, 0x16, 0x1e, 0x4a, 0x1e, 0x4e, 0x4a, 0x1e, 0x16, 0x0c, 0x00,
    0x18, 0x00, 0x00, 0x00, 0x00, 0x00, 0x00, 0x00, 0x01, 0x00, 0x21, 0x1a,
    0x1b, 0x1e, 0x4a, 0x1c, 0x14, 0x00, 0x12, 0x01, 0x00, 0x7a, 0x1e, 0x1b,
    0x09, 0x1e, 0x1f, 0x03, 0x66, 0x16, 0x04, 0x1f, 0x0c, 0x16, 0x1e, 0x09,
    0x3d, 0x00, 0x00, 0x00, 0x00, 0x00, 0x00, 0x00, 0x00, 0x00, 0x00, 0x00,
    0x4b, 0x03, 0x08, 0x1e, 0x16, 0x2a, 0x21, 0x5b, 0x0c, 0x57, 0x2d, 0x00,
    0x01, 0x06, 0x3c, 0x14, 0x16, 0x09, 0x1e, 0x1a, 0x1c, 0x48, 0x0d, 0x0d,
    0x11, 0x49, 0x0d, 0x11, 0x03, 0x1b, 0x48, 0x1a, 0x1e, 0x1b, 0x0a, 0x14,
    0x16, 0x1a, 0x1e, 0x4a, 0x1b, 0x16, 0x1e, 0x3b, 0x7b, 0x07, 0x00, 0x0e,
    0x03, 0x22, 0x5b, 0x7c, 0x0a, 0x00, 0x25, 0x00, 0x06, 0x29, 0x42, 0x51,
    0x1f, 0x5c, 0x01, 0x00, 0x00, 0x47, 0x3d, 0x21, 0x12, 0x7d, 0x00, 0x0c,
    0x16, 0x1a, 0x1e, 0x16, 0x11, 0x00, 0x33, 0x00, 0x00, 0x25, 0x00, 0x37,
    0x48, 0x1b, 0x1e, 0x1c, 0x03, 0x3c, 0x00, 0x00, 0x00, 0x00, 0x00, 0x00,
    0x00, 0x00, 0x00, 0x01, 0x4b, 0x13, 0x00, 0x00, 0x00, 0x21, 0x3d, 0x7e,
    0x0d, 0x01, 0x3c, 0x00, 0x00, 0x00, 0x00, 0x00, 0x00, 0x00, 0x29, 0x00,
    0x0c, 0x16, 0x1a, 0x1a, 0x16, 0x0c, 0x00, 0x18, 0x00, 0x00, 0x00, 0x00,
    0x00, 0x00, 0x00, 0x00, 0x00, 0x00, 0x00, 0x00, 0x00, 0x00, 0x00, 0x00,
    0x00, 0x00, 0x00, 0x00, 0x00, 0x00, 0x00, 0x00, 0x00, 0x00, 0x00, 0x00,
    0x00, 0x00, 0x00, 0x00, 0x00, 0x00, 0x00, 0x00, 0x00, 0x00, 0x00, 0x00,
    0x00, 0x00, 0x00, 0x00, 0x00, 0x00, 0x00, 0x00, 0x00, 0x00, 0x00, 0x00,
    0x06, 0x29, 0x18, 0x37, 0x1f, 0x5c, 0x01, 0x00, 0x00, 0x21, 0x14, 0x55,
    0x4b, 0x79, 0x00, 0x0c, 0x04, 0x4a, 0x1e, 0x16, 0x0d, 0x00, 0x13, 0x00,
    0x00, 0x1d, 0x00, 0x0a, 0x48, 0x1e, 0x1a, 0x1c, 0x2e, 0x00, 0x00, 0x00,
    0x00, 0x00, 0x00, 0x00, 0x00, 0x00, 0x00, 0x01, 0x13, 0x13, 0x00, 0x00,
    0x00, 0x47, 0x3d, 0x7e, 0x0d, 0x32, 0x01, 0x00, 0x00, 0x00, 0x00, 0x00,
    0x00, 0x00, 0x42, 0x00, 0x2a, 0x16, 0x1a, 0x1a, 0x16, 0x0c, 0x00, 0x18,
    0x00, 0x00, 0x00, 0x00, 0x00, 0x00, 0x00, 0x00, 0x00, 0x00, 0x00, 0x00,
    0x00, 0x00, 0x00, 0x00, 0x00, 0x00, 0x00, 0x00, 0x00, 0x00, 0x00, 0x00,
    0x7f, 0x00, 0x0d, 0x16, 0x1a, 0x48, 0x1a, 0x1b, 0x1c, 0x08, 0x1b, 0x09,
    0x1b, 0x1c, 0x08, 0x1c, 0x08, 0x1c, 0x08, 0x1b, 0x1c, 0x09, 0x16, 0x03,
    0x00, 0x01, 0x00, 0x00, 0x00, 0x00, 0x00, 0x00, 0x00, 0x00, 0x6d, 0x72,
    0x0a, 0x0a, 0x0a, 0x2c, 0x0a, 0x0a, 0x2c, 0x0a, 0x0a, 0x2c, 0x0a, 0x0a,
    0x2c, 0x0a, 0x0a, 0x2c, 0x0a, 0x2c, 0x0a, 0x0a, 0x2c, 0x0a, 0x72, 0x00,
    0x00, 0x00, 0x00, 0x00, 0x00, 0x00, 0x00, 0x00, 0x00, 0x00, 0x00, 0x00,
    0x00, 0x00, 0x4b, 0x00, 0x14, 0x16, 0x1a, 0x4a, 0x4d, 0x48, 0x1a, 0x48,
    0x16, 0x0c, 0x00, 0x42, 0x00, 0x00, 0x00, 0x00, 0x00, 0x00, 0x00, 0x01,
    0x00, 0x21, 0x1e, 0x1c, 0x48, 0x1a, 0x16, 0x14, 0x00, 0x13, 0x00, 0x00,
    0x00, 0x00, 0x00, 0x00, 0x01, 0x00, 0x0d, 0x16, 0x1e, 0x1e, 0x1b, 0x03,
    0x4a, 0x04, 0x16, 0x03, 0x03, 0x20, 0x03, 0x20, 0x03, 0x48, 0x16, 0x1b,
    0x09, 0x1b, 0x1b, 0x1c, 0x1e, 0x1e, 0x1b, 0x14, 0x00, 0x12, 0x00, 0x00,
    0x00, 0x00, 0x00, 0x00, 0x06, 0x0f, 0x00, 0x00, 0x00, 0x00, 0x00, 0x00,
    0x00, 0x00, 0x00, 0x4b, 0x26, 0x00, 0x00, 0x00, 0x00, 0x00, 0x00, 0x00,
    0x00, 0x00, 0x00, 0x00, 0x00, 0x00, 0x00, 0x00, 0x00, 0x00, 0x00, 0x00,
    0x00, 0x00, 0x00, 0x00, 0x00, 0x00, 0x00, 0x00, 0x00, 0x1d, 0x00, 0x0a,
    0x1e, 0x4a, 0x1a, 0x1b, 0x1c, 0x1b, 0x80, 0x08, 0x1c, 0x03, 0x03, 0x20,
    0x03, 0x03, 0x03, 0x1a, 0x16, 0x66, 0x0c, 0x00, 0x18, 0x00, 0x00, 0x00,
    0x00, 0x00, 0x00, 0x00, 0x00, 0x00, 0x00, 0x01, 0x00, 0x0d, 0x16, 0x1a,
    0x1e, 0x4a, 0x08, 0x1a, 0x1a, 0x1b, 0x03, 0x3e, 0x01, 0x00, 0x00, 0x00,
    0x00, 0x00, 0x00, 0x00, 0x01, 0x00, 0x02, 0x1e, 0x1b, 0x1e, 0x1e, 0x1b,
    0x14, 0x00, 0x33, 0x01, 0x00, 0x55, 0x4a, 0x1c, 0x68, 0x1e, 0x21, 0x20,
    0x1c, 0x1a, 0x1c, 0x47, 0x0c, 0x6f, 0x1a, 0x1c, 0x14, 0x13, 0x55, 0x3f,
    0x3f, 0x3f, 0x3f, 0x3f, 0x3f, 0x3f, 0x3f, 0x19, 0x23, 0x03, 0x1c, 0x1e,
    0x16, 0x0c, 0x00, 0x00, 0x00, 0x00, 0x00, 0x00, 0x00, 0x13, 0x00, 0x14,
    0x16, 0x1a, 0x1e, 0x1e, 0x4a, 0x1b, 0x16, 0x16, 0x16, 0x16, 0x16, 0x16,
    0x1c, 0x1e, 0x1a, 0x48, 0x1a, 0x16, 0x05, 0x3d, 0x16, 0x1e, 0x1a, 0x1b,
    0x22, 0x3d, 0x07, 0x00, 0x00, 0x00, 0x01, 0x0a, 0x1c, 0x16, 0x4f, 0x65,
    0x05, 0x00, 0x18, 0x00, 0x00, 0x00, 0x00, 0x00, 0x00, 0x00, 0x00, 0x00,
    0x01, 0x00, 0x00, 0x00, 0x00, 0x00, 0x5e, 0x08, 0x1a, 0x48, 0x1a, 0x16,
    0x27, 0x00, 0x42, 0x00, 0x00, 0x0f, 0x00, 0x47, 0x1a, 0x08, 0x1e, 0x1b,
    0x1e, 0x21, 0x33, 0x1f, 0x02, 0x3d, 0x21, 0x00, 0x3c, 0x00, 0x3c, 0x3c,
    0x3c, 0x01, 0x0f, 0x13, 0x51, 0x00, 0x00, 0x00, 0x1f, 0x01, 0x00, 0x00,
    0x00, 0x00, 0x00, 0x00, 0x00, 0x00, 0x19, 0x00, 0x2a, 0x16, 0x1a, 0x1e,
    0x16, 0x81, 0x00, 0x69, 0x00, 0x00, 0x00, 0x00, 0x00, 0x00, 0x00, 0x00,
    0x00, 0x00, 0x00, 0x00, 0x00, 0x00, 0x00, 0x00, 0x00, 0x00, 0x00, 0x00,
    0x00, 0x00, 0x00, 0x00, 0x00, 0x00, 0x00, 0x00, 0x00, 0x00, 0x00, 0x00,
    0x00, 0x00, 0x00, 0x00, 0x00, 0x00, 0x00, 0x00, 0x00, 0x00, 0x00, 0x00,
    0x00, 0x00, 0x00, 0x00, 0x00, 0x00, 0x00, 0x00, 0x00, 0x00, 0x00, 0x00,
    0x00, 0x00, 0x00, 0x00, 0x0f, 0x00, 0x00, 0x00, 0x00, 0x00, 0x5e, 0x1c,
    0x1a, 0x1e, 0x4a, 0x16, 0x27, 0x00, 0x42, 0x00, 0x00, 0x1d, 0x00, 0x2f,
    0x4a, 0x1e, 0x1a, 0x1b, 0x48, 0x1f, 0x12, 0x0e, 0x1f, 0x14, 0x1f, 0x00,
    0x26, 0x00, 0x3c, 0x26, 0x3c, 0x3c, 0x25, 0x18, 0x51, 0x00, 0x00, 0x00,
    0x24, 0x26, 0x00, 0x00, 0x00, 0x00, 0x00, 0x00, 0x00, 0x00, 0x18, 0x00,
    0x0c, 0x16, 0x1a, 0x1e, 0x16, 0x59, 0x00, 0x82, 0x00, 0x00, 0x00, 0x00,
    0x00, 0x00, 0x00, 0x00, 0x00, 0x00, 0x00, 0x00, 0x00, 0x00, 0x00, 0x00,
    0x00, 0x00, 0x00, 0x00, 0x00, 0x00, 0x00, 0x00, 0x12, 0x00, 0x11, 0x16,
    0x1e, 0x1a, 0x1b, 0x27, 0x14, 0x14, 0x14, 0x14, 0x14, 0x14, 0x14, 0x14,
    0x14, 0x14, 0x14, 0x14, 0x14, 0x14, 0x3d, 0x0a, 0x00, 0x00, 0x00, 0x00,
    0x00, 0x25, 0x4b, 0x5c, 0x0b, 0x14, 0x1b, 0x16, 0x16, 0x16, 0x16, 0x6f,
    0x04, 0x16, 0x6f, 0x16, 0x04, 0x6f, 0x16, 0x04, 0x6f, 0x16, 0x6f, 0x16,
    0x6f, 0x04, 0x6f, 0x16, 0x04, 0x16, 0x16, 0x1c, 0x14, 0x13, 0x3f, 0x4b,
    0x01, 0x00, 0x00, 0x00, 0x00, 0x00, 0x00, 0x00, 0x00, 0x00, 0x12, 0x00,
    0x0d, 0x16, 0x1a, 0x1a, 0x08, 0x1a, 0x4a, 0x4e, 0x1b, 0x1a, 0x55, 0x00,
    0x26, 0x00, 0x00, 0x00, 0x00, 0x00, 0x00, 0x01, 0x00, 0x21, 0x4a, 0x1b,
    0x1e, 0x1a, 0x16, 0x2d, 0x00, 0x13, 0x00, 0x00, 0x00, 0x00, 0x00, 0x00,
    0x12, 0x00, 0x0d, 0x16, 0x1a, 0x48, 0x1b, 0x03, 0x0c, 0x16, 0x03, 0x0a,
    0x07, 0x6b, 0x0a, 0x07, 0x0a, 0x05, 0x16, 0x1e, 0x1e, 0x1e, 0x1e, 0x48,
    0x1a, 0x1a, 0x1c, 0x14, 0x00, 0x33, 0x00, 0x00, 0x00, 0x00, 0x00, 0x06,
    0x00, 0x00, 0x07, 0x5e, 0x2a, 0x0d, 0x0d, 0x5b, 0x83, 0x3d, 0x24, 0x00,
    0x00, 0x0f, 0x00, 0x00, 0x00, 0x00, 0x00, 0x00, 0x00, 0x00, 0x00, 0x00,
    0x00, 0x00, 0x00, 0x00, 0x00, 0x00, 0x00, 0x00, 0x00, 0x00, 0x00, 0x00,
    0x00, 0x00, 0x00, 0x00, 0x00, 0x17, 0x00, 0x2c, 0x1a, 0x1e, 0x1e, 0x1e,
    0x1e, 0x1e, 0x1e, 0x1e, 0x1e, 0x14, 0x6b, 0x2c, 0x07, 0x2c, 0x07, 0x14,
    0x1c, 0x1c, 0x14, 0x00, 0x23, 0x00, 0x00, 0x00, 0x00, 0x00, 0x00, 0x00,
    0x00, 0x00, 0x0f, 0x00, 0x1f, 0x1e, 0x1b, 0x1a, 0x16, 0x11, 0x0d, 0x16,
    0x1e, 0x1e, 0x1b, 0x0a, 0x00, 0x23, 0x00, 0x00, 0x00, 0x00, 0x00, 0x00,
    0x01, 0x00, 0x1f, 0x1a, 0x1c, 0x1e, 0x1a, 0x1b, 0x2d, 0x00, 0x33, 0x01,
    0x00, 0x55, 0x48, 0x1c, 0x1b, 0x1a, 0x21, 0x03, 0x16, 0x1a, 0x1b, 0x47,
    0x0c, 0x16, 0x1a, 0x1e, 0x60, 0x03, 0x03, 0x20, 0x03, 0x03, 0x03, 0x03,
    0x03, 0x03, 0x03, 0x03, 0x03, 0x48, 0x1a, 0x1a, 0x1b, 0x1a, 0x03, 0x4a,
    0x1e, 0x4e, 0x03, 0x0a, 0x00, 0x29, 0x00, 0x07, 0x1b, 0x1e, 0x4a, 0x08,
    0x1e, 0x1a, 0x1e, 0x1a, 0x1a, 0x1e, 0x1e, 0x1a, 0x1e, 0x1e, 0x4a, 0x4e,
    0x1e, 0x52, 0x0c, 0x14, 0x16, 0x4a, 0x1e, 0x16, 0x0c, 0x00, 0x00, 0x0f,
    0x42, 0x84, 0x01, 0x0a, 0x1e, 0x1e, 0x1a, 0x04, 0x60, 0x00, 0x37, 0x00,
    0x3d, 0x7c, 0x05, 0x05, 0x27, 0x05, 0x5e, 0x3d, 0x7a, 0x00, 0x29, 0x21,
    0x3d, 0x85, 0x46, 0x1a, 0x1e, 0x4d, 0x1b, 0x1a, 0x45, 0x01, 0x01, 0x00,
    0x00, 0x25, 0x00, 0x1f, 0x1a, 0x1c, 0x1e, 0x1e, 0x1b, 0x1a, 0x03, 0x1a,
    0x1c, 0x1a, 0x0e, 0x00, 0x01, 0x00, 0x00, 0x00, 0x00, 0x00, 0x00, 0x00,
    0x00, 0x00, 0x17, 0x33, 0x00, 0x00, 0x00, 0x00, 0x00, 0x00, 0x00, 0x00,
    0x00, 0x00, 0x19, 0x00, 0x0c, 0x16, 0x1a, 0x4a, 0x16, 0x0c, 0x00, 0x18,
    0x00, 0x00, 0x00, 0x00, 0x00, 0x00, 0x00, 0x00, 0x00, 0x00, 0x00, 0x00,
    0x00, 0x00, 0x00, 0x00, 0x00, 0x00, 0x00, 0x00, 0x00, 0x00, 0x00, 0x00,
    0x00, 0x00, 0x00, 0x00, 0x00, 0x00, 0x00, 0x00, 0x00, 0x00, 0x00, 0x00,
    0x00, 0x00, 0x00, 0x00, 0x00, 0x00, 0x00, 0x00, 0x00, 0x00, 0x00, 0x00,
    0x00, 0x00, 0x01, 0x00, 0x14, 0x7c, 0x05, 0x05, 0x05, 0x27, 0x5e, 0x3d,
    0x86, 0x00, 0x29, 0x21, 0x3d, 0x85, 0x04, 0x1e, 0x1a, 0x08, 0x1b, 0x1a,
    0x1f, 0x01, 0x01, 0x00, 0x00, 0x17, 0x00, 0x2c, 0x4e, 0x48, 0x1e, 0x1a,
    0x1b, 0x1e, 0x03, 0x4a, 0x1c, 0x1a, 0x47, 0x00, 0x01, 0x00, 0x00, 0x00,
    0x00, 0x00, 0x00, 0x00, 0x00, 0x00, 0x01, 0x33, 0x00, 0x00, 0x00, 0x00,
    0x00, 0x00, 0x00, 0x00, 0x00, 0x00, 0x18, 0x00, 0x0c, 0x16, 0x1a, 0x4a,
    0x16, 0x0c, 0x00, 0x18, 0x00, 0x00, 0x00, 0x00, 0x00, 0x00, 0x00, 0x00,
    0x00, 0x00, 0x00, 0x00, 0x00, 0x00, 0x00, 0x4b, 0x12, 0x0b, 0x0b, 0x0b,
    0x3e, 0x0b, 0x0b, 0x0b, 0x5d, 0x0b, 0x0d, 0x16, 0x1a, 0x1e, 0x16, 0x14,
    0x00, 0x00, 0x00, 0x00, 0x00, 0x00, 0x00, 0x00, 0x00, 0x00, 0x00, 0x00,
    0x00, 0x00, 0x00, 0x00, 0x00, 0x00, 0x00, 0x00, 0x00, 0x00, 0x01, 0x26,
    0x55, 0x1e, 0x16, 0x1a, 0x1a, 0x1a, 0x1a, 0x1a, 0x1a, 0x1a, 0x1a, 0x1a,
    0x1a, 0x1a, 0x1a, 0x1a, 0x1a, 0x1e, 0x1a, 0x1a, 0x1e, 0x1a, 0x1a, 0x1a,
    0x1a, 0x1a, 0x1a, 0x04, 0x03, 0x01, 0x17, 0x00, 0x00, 0x00, 0x00, 0x00,
    0x00, 0x00, 0x00, 0x00, 0x00, 0x01, 0x00, 0x1f, 0x1a, 0x1c, 0x1e, 0x16,
    0x03, 0x0d, 0x16, 0x1e, 0x1e, 0x1b, 0x3d, 0x00, 0x33, 0x00, 0x00, 0x00,
    0x00, 0x00, 0x00, 0x01, 0x00, 0x21, 0x1e, 0x1c, 0x1a, 0x1e, 0x16, 0x14,
    0x00, 0x13, 0x00, 0x00, 0x00, 0x00, 0x00, 0x00, 0x18, 0x00, 0x2a, 0x16,
    0x1a, 0x1a, 0x1b, 0x03, 0x00, 0x07, 0x1f, 0x00, 0x00, 0x00, 0x00, 0x00,
    0x00, 0x70, 0x72, 0x0a, 0x0a, 0x07, 0x0a, 0x27, 0x16, 0x4a, 0x1b, 0x14,
    0x00, 0x33, 0x00, 0x00, 0x00, 0x00, 0x0f, 0x00, 0x14, 0x3b, 0x08, 0x16,
    0x16, 0x04, 0x16, 0x16, 0x16, 0x1c, 0x22, 0x7b, 0x56, 0x00, 0x01, 0x00,
    0x00, 0x00, 0x00, 0x00, 0x00, 0x00, 0x00, 0x00, 0x00, 0x00, 0x00, 0x00,
    0x00, 0x00, 0x00, 0x00, 0x00, 0x00, 0x00, 0x00, 0x00, 0x00, 0x00, 0x00,
    0x00, 0x17, 0x00, 0x71, 0x1e, 0x4c, 0x16, 0x0c, 0x0a, 0x0a, 0x2c, 0x0a,
    0x0a, 0x00, 0x00, 0x00, 0x00, 0x00, 0x00, 0x00, 0x0a, 0x0a, 0x00, 0x00,
    0x00, 0x00, 0x00, 0x00, 0x00, 0x00, 0x00, 0x00, 0x00, 0x00, 0x18, 0x00,
    0x27, 0x16, 0x1a, 0x1e, 0x16, 0x14, 0x14, 0x16, 0x48, 0x1a, 0x16, 0x0c,
    0x00, 0x18, 0x00, 0x00, 0x00, 0x00, 0x00, 0x00, 0x01, 0x00, 0x28, 0x1a,
    0x1b, 0x48, 0x1a, 0x1c, 0x14, 0x00, 0x12, 0x01, 0x00, 0x7a, 0x1e, 0x1b,
    0x1c, 0x1e, 0x21, 0x20, 0x16, 0x1e, 0x09, 0x1f, 0x0c, 0x16, 0x1a, 0x1e,
    0x87, 0x1a, 0x1b, 0x1b, 0x09, 0x1b, 0x08, 0x08, 0x1b, 0x09, 0x1b, 0x1b,
    0x1c, 0x1e, 0x1e, 0x4a, 0x1e, 0x1b, 0x1c, 0x1b, 0x1b, 0x09, 0x1b, 0x0a,
    0x00, 0x12, 0x00, 0x1f, 0x1e, 0x16, 0x16, 0x16, 0x04, 0x16, 0x16, 0x04,
    0x04, 0x16, 0x04, 0x04, 0x16, 0x16, 0x16, 0x04, 0x16, 0x1c, 0x02, 0x14,
    0x16, 0x1a, 0x1a, 0x16, 0x0c, 0x00, 0x86, 0x23, 0x06, 0x79, 0x00, 0x1f,
    0x1e, 0x4a, 0x1a, 0x16, 0x05, 0x00, 0x24, 0x00, 0x0d, 0x52, 0x16, 0x16,
    0x04, 0x16, 0x16, 0x04, 0x03, 0x55, 0x00, 0x14, 0x16, 0x04, 0x1a, 0x08,
    0x4a, 0x1b, 0x4f, 0x14, 0x00, 0x23, 0x00, 0x00, 0x00, 0x0f, 0x00, 0x55,
    0x4a, 0x1e, 0x1a, 0x4a, 0x48, 0x1b, 0x1c, 0x08, 0x4f, 0x0d, 0x00, 0x3f,
    0x00, 0x14, 0x5a, 0x03, 0x03, 0x03, 0x03, 0x20, 0x22, 0x0c, 0x1f, 0x01,
    0x01, 0x00, 0x26, 0x01, 0x01, 0x01, 0x01, 0x01, 0x01, 0x01, 0x41, 0x01,
    0x0c, 0x16, 0x1a, 0x1e, 0x16, 0x0c, 0x01, 0x58, 0x01, 0x01, 0x01, 0x01,
    0x01, 0x01, 0x3c, 0x00, 0x00, 0x00, 0x00, 0x00, 0x00, 0x00, 0x00, 0x00,
    0x00, 0x00, 0x00, 0x00, 0x00, 0x00, 0x00, 0x00, 0x00, 0x00, 0x00, 0x00,
    0x00, 0x00, 0x00, 0x00, 0x00, 0x00, 0x00, 0x00, 0x00, 0x00, 0x00, 0x00,
    0x00, 0x00, 0x00, 0x00, 0x00, 0x00, 0x00, 0x00, 0x00, 0x00, 0x12, 0x00,
    0x0d, 0x52, 0x16, 0x04, 0x16, 0x16, 0x04, 0x16, 0x03, 0x51, 0x00, 0x14,
    0x15, 0x09, 0x1a, 0x1e, 0x48, 0x4a, 0x16, 0x14, 0x00, 0x06, 0x00, 0x00,
    0x00, 0x1d, 0x00, 0x0a, 0x1a, 0x48, 0x08, 0x1a, 0x1e, 0x1b, 0x1c, 0x08,
    0x4f, 0x0d, 0x00, 0x24, 0x00, 0x14, 0x5a, 0x03, 0x03, 0x03, 0x03, 0x03,
    0x22, 0x27, 0x3f, 0x01, 0x01, 0x00, 0x26, 0x01, 0x01, 0x01, 0x01, 0x01,
    0x01, 0x01, 0x58, 0x01, 0x2a, 0x16, 0x1a, 0x1e, 0x16, 0x0c, 0x01, 0x58,
    0x01, 0x01, 0x01, 0x01, 0x01, 0x01, 0x3c, 0x00, 0x00, 0x00, 0x00, 0x00,
    0x00, 0x00, 0x26, 0x00, 0x00, 0x00, 0x00, 0x00, 0x00, 0x00, 0x00, 0x00,
    0x00, 0x00, 0x0d, 0x16, 0x1a, 0x48, 0x16, 0x14, 0x00, 0x00, 0x00, 0x00,
    0x00, 0x00, 0x00, 0x00, 0x00, 0x00, 0x00, 0x00, 0x3e, 0x23, 0x23, 0x01,
    0x00, 0x00, 0x00, 0x00, 0x00, 0x00, 0x1d, 0x00, 0x2c, 0x1a, 0x1e, 0x4a,
    0x1e, 0x1c, 0x04, 0x16, 0x16, 0x04, 0x16, 0x16, 0x04, 0x16, 0x16, 0x04,
    0x16, 0x04, 0x04, 0x16, 0x16, 0x04, 0x16, 0x16, 0x09, 0x1e, 0x1a, 0x1b,
    0x1e, 0x1f, 0x00, 0x01, 0x00, 0x00, 0x00, 0x00, 0x00, 0x00, 0x00, 0x00,
    0x00, 0x18, 0x00, 0x14, 0x16, 0x1a, 0x48, 0x16, 0x05, 0x2d, 0x16, 0x1e,
    0x1a, 0x16, 0x2a, 0x00, 0x18, 0x00, 0x00, 0x00, 0x00, 0x00, 0x00, 0x01,
    0x00, 0x21, 0x1a, 0x1b, 0x1e, 0x4a, 0x16, 0x14, 0x00, 0x13, 0x00, 0x00,
    0x00, 0x00, 0x00, 0x00, 0x42, 0x00, 0x0c, 0x16, 0x1e, 0x1e, 0x1c, 0x03,
    0x00, 0x00, 0x00, 0x0b, 0x25, 0x1d, 0x1d, 0x0f, 0x1d, 0x00, 0x00, 0x00,
    0x00, 0x00, 0x00, 0x88, 0x16, 0x1e, 0x1b, 0x14, 0x00, 0x12, 0x00, 0x00,
    0x3c, 0x06, 0x00, 0x5b, 0x1c, 0x16, 0x1a, 0x1a, 0x1a, 0x1a, 0x1a, 0x1a,
    0x1a, 0x1a, 0x1b, 0x4f, 0x22, 0x0a, 0x00, 0x0b, 0x00, 0x00, 0x00, 0x00,
    0x00, 0x00, 0x00, 0x00, 0x00, 0x00, 0x00, 0x00, 0x00, 0x00, 0x00, 0x00,
    0x00, 0x00, 0x00, 0x00, 0x00, 0x00, 0x00, 0x00, 0x00, 0x1d, 0x00, 0x2f,
    0x1e, 0x4a, 0x16, 0x05, 0x00, 0x00, 0x00, 0x00, 0x00, 0x00, 0x25, 0x25,
    0x25, 0x25, 0x25, 0x3e, 0x00, 0x00, 0x01, 0x00, 0x00, 0x00, 0x00, 0x00,
    0x00, 0x00, 0x00, 0x00, 0x00, 0x00, 0x3e, 0x00, 0x11, 0x16, 0x1a, 0x48,
    0x1b, 0x21, 0x0a, 0x1b, 0x1a, 0x4a, 0x1b, 0x03, 0x12, 0x01, 0x00, 0x00,
    0x00, 0x00, 0x00, 0x00, 0x01, 0x00, 0x02, 0x1e, 0x1b, 0x1e, 0x1e, 0x1b,
    0x14, 0x00, 0x33, 0x01, 0x00, 0x55, 0x1a, 0x1b, 0x09, 0x1e, 0x21, 0x03,
    0x16, 0x1a, 0x1c, 0x28, 0x0c, 0x04, 0x4a, 0x1b, 0x14, 0x1e, 0x1b, 0x1e,
    0x1e, 0x1e, 0x1e, 0x1e, 0x1e, 0x1e, 0x1e, 0x1e, 0x4a, 0x1e, 0x4c, 0x1e,
    0x1e, 0x1e, 0x1e, 0x1e, 0x1e, 0x1e, 0x48, 0x2c, 0x00, 0x01, 0x00, 0x17,
    0x05, 0x5b, 0x0c, 0x59, 0x59, 0x0c, 0x0c, 0x0c, 0x59, 0x0c, 0x59, 0x0c,
    0x59, 0x0c, 0x0c, 0x5b, 0x5e, 0x0e, 0x00, 0x14, 0x16, 0x1a, 0x1e, 0x1c,
    0x22, 0x21, 0x00, 0x00, 0x00, 0x00, 0x86, 0x0c, 0x16, 0x1a, 0x48, 0x16,
    0x05, 0x00, 0x0e, 0x00, 0x0c, 0x16, 0x1a, 0x1a, 0x1e, 0x1a, 0x1a, 0x1e,
    0x15, 0x2d, 0x00, 0x45, 0x1a, 0x1c, 0x1e, 0x1a, 0x1b, 0x04, 0x27, 0x00,
    0x4b, 0x00, 0x00, 0x00, 0x00, 0x26, 0x01, 0x55, 0x48, 0x1b, 0x1e, 0x1a,
    0x1e, 0x1e, 0x1e, 0x1e, 0x16, 0x60, 0x00, 0x5c, 0x00, 0x2d, 0x16, 0x1c,
    0x1c, 0x80, 0x09, 0x1c, 0x89, 0x66, 0x0c, 0x00, 0x06, 0x00, 0x00, 0x00,
    0x00, 0x00, 0x00, 0x00, 0x00, 0x00, 0x1d, 0x00, 0x0c, 0x16, 0x1a, 0x1a,
    0x16, 0x0c, 0x00, 0x0f, 0x00, 0x00, 0x00, 0x00, 0x00, 0x00, 0x00, 0x00,
    0x00, 0x00, 0x00, 0x00, 0x00, 0x00, 0x00, 0x00, 0x00, 0x00, 0x00, 0x00,
    0x00, 0x00, 0x00, 0x00, 0x00, 0x00, 0x00, 0x00, 0x00, 0x00, 0x00, 0x00,
    0x00, 0x00, 0x00, 0x00, 0x00, 0x00, 0x00, 0x00, 0x00, 0x00, 0x00, 0x00,
    0x00, 0x00, 0x00, 0x00, 0x00, 0x00, 0x13, 0x00, 0x0c, 0x16, 0x1a, 0x1e,
    0x1a, 0x1a, 0x1a, 0x1a, 0x16, 0x14, 0x00, 0x1f, 0x1a, 0x1c, 0x1e, 0x4e,
    0x1b, 0x04, 0x05, 0x00, 0x33, 0x00, 0x00, 0x00, 0x00, 0x01, 0x3c, 0x02,
    0x1a, 0x1b, 0x4a, 0x1e, 0x48, 0x1a, 0x1e, 0x1e, 0x16, 0x27, 0x00, 0x24,
    0x00, 0x14, 0x15, 0x1c, 0x1b, 0x8a, 0x1c, 0x1c, 0x1c, 0x66, 0x0c, 0x00,
    0x4b, 0x00, 0x00, 0x00, 0x00, 0x00, 0x00, 0x00, 0x00, 0x00, 0x25, 0x00,
    0x0c, 0x16, 0x1a, 0x1a, 0x16, 0x0c, 0x00, 0x0f, 0x00, 0x00, 0x00, 0x00,
    0x00, 0x00, 0x00, 0x00, 0x00, 0x00, 0x00, 0x00, 0x00, 0x01, 0x00, 0x14,
    0x3b, 0x0d, 0x0d, 0x11, 0x0d, 0x0d, 0x11, 0x0d, 0x0d, 0x0d, 0x48, 0x1c,
    0x1e, 0x1a, 0x1b, 0x03, 0x11, 0x8b, 0x0d, 0x11, 0x8b, 0x0d, 0x11, 0x8b,
    0x0d, 0x11, 0x3b, 0x5e, 0x4b, 0x01, 0x3c, 0x00, 0x00, 0x00, 0x00, 0x00,
    0x00, 0x00, 0x17, 0x00, 0x2c, 0x1a, 0x1e, 0x48, 0x1b, 0x03, 0x0c, 0x0c,
    0x0c, 0x0c, 0x0c, 0x0c, 0x0c, 0x0c, 0x0c, 0x0c, 0x0c, 0x0c, 0x0c, 0x0c,
    0x0c, 0x0c, 0x0c, 0x0c, 0x03, 0x1b, 0x1e, 0x1c, 0x1a, 0x1f, 0x00, 0x01,
    0x00, 0x00, 0x00, 0x00, 0x00, 0x00, 0x00, 0x00, 0x00, 0x23, 0x00, 0x0d,
    0x04, 0x1a, 0x1a, 0x1b, 0x0a, 0x1f, 0x08, 0x1b, 0x1a, 0x09, 0x1e, 0x45,
    0x00, 0x3c, 0x00, 0x00, 0x00, 0x00, 0x00, 0x01, 0x00, 0x21, 0x48, 0x1c,
    0x1e, 0x1a, 0x16, 0x14, 0x00, 0x13, 0x00, 0x00, 0x00, 0x00, 0x00, 0x00,
    0x18, 0x00, 0x0c, 0x16, 0x1a, 0x48, 0x16, 0x0d, 0x00, 0x01, 0x01, 0x00,
    0x00, 0x00, 0x00, 0x00, 0x00, 0x3c, 0x1d, 0x0f, 0x25, 0x8c, 0x0f, 0x14,
    0x04, 0x1a, 0x1c, 0x14, 0x00, 0x33, 0x00, 0x00, 0x12, 0x00, 0x0c, 0x16,
    0x1a, 0x1e, 0x1e, 0x1a, 0x48, 0x1c, 0x1b, 0x1e, 0x1e, 0x1a, 0x1e, 0x1a,
    0x16, 0x08, 0x47, 0x26, 0x17, 0x00, 0x00, 0x00, 0x00, 0x00, 0x00, 0x00,
    0x00, 0x00, 0x00, 0x00, 0x00, 0x00, 0x00, 0x00, 0x00, 0x00, 0x00, 0x00,
    0x00, 0x00, 0x00, 0x00, 0x00, 0x8d, 0x00, 0x0a, 0x1a, 0x1e, 0x16, 0x05,
    0x0f, 0x23, 0x0f, 0x0f, 0x0f, 0x00, 0x00, 0x00, 0x00, 0x00, 0x00, 0x00,
    0x17, 0x1d, 0x00, 0x00, 0x00, 0x00, 0x00, 0x00, 0x00, 0x00, 0x00, 0x00,
    0x00, 0x0f, 0x00, 0x0a, 0x08, 0x1a, 0x1e, 0x1c, 0x03, 0x00, 0x01, 0x03,
    0x1b, 0x1e, 0x1e, 0x1b, 0x07, 0x00, 0x23, 0x00, 0x00, 0x00, 0x00, 0x00,
    0x01, 0x00, 0x02, 0x1a, 0x1c, 0x1e, 0x1a, 0x1b, 0x2d, 0x00, 0x33, 0x01,
    0x00, 0x8e, 0x48, 0x1b, 0x5f, 0x1e, 0x21, 0x03, 0x16, 0x1a, 0x08, 0x1f,
    0x0c, 0x16, 0x1a, 0x1b, 0x14, 0x03, 0x1b, 0x1e, 0x1a, 0x4c, 0x1a, 0x4e,
    0x48, 0x1a, 0x1a, 0x48, 0x1a, 0x4e, 0x48, 0x1a, 0x4c, 0x4a, 0x1a, 0x4a,
    0x1e, 0x1a, 0x1a, 0x0a, 0x00, 0x3e, 0x00, 0x00, 0x00, 0x00, 0x00, 0x00,
    0x00, 0x00, 0x00, 0x00, 0x00, 0x00, 0x00, 0x00, 0x00, 0x00, 0x00, 0x00,
    0x00, 0x00, 0x01, 0x14, 0x16, 0x1a, 0x1e, 0x4a, 0x1c, 0x1a, 0x03, 0x0d,
    0x0d, 0x11, 0x03, 0x1c, 0x1a, 0x1e, 0x1a, 0x16, 0x27, 0x00, 0x8f, 0x00,
    0x60, 0x16, 0x1a, 0x1e, 0x4a, 0x1a, 0x1e, 0x4c, 0x16, 0x0c, 0x00, 0x00,
    0x0d, 0x16, 0x1e, 0x16, 0x1c, 0x14, 0x00, 0x42, 0x01, 0x01, 0x01, 0x01,
    0x01, 0x01, 0x18, 0x00, 0x14, 0x1b, 0x16, 0x16, 0x16, 0x16, 0x04, 0x16,
    0x16, 0x0a, 0x00, 0x29, 0x00, 0x07, 0x1c, 0x1e, 0x1e, 0x1e, 0x1e, 0x1e,
    0x48, 0x1c, 0x03, 0x23, 0x00, 0x26, 0x86, 0x1f, 0x55, 0x55, 0x55, 0x55,
    0x55, 0x0e, 0x29, 0x0e, 0x2a, 0x16, 0x1a, 0x4a, 0x16, 0x0c, 0x0e, 0x1f,
    0x55, 0x55, 0x0e, 0x55, 0x55, 0x0e, 0x24, 0x00, 0x00, 0x00, 0x00, 0x00,
    0x00, 0x00, 0x00, 0x00, 0x00, 0x00, 0x00, 0x00, 0x00, 0x00, 0x00, 0x00,
    0x00, 0x00, 0x00, 0x00, 0x00, 0x00, 0x00, 0x00, 0x00, 0x00, 0x00, 0x00,
    0x00, 0x00, 0x00, 0x00, 0x00, 0x00, 0x00, 0x00, 0x00, 0x00, 0x00, 0x00,
    0x00, 0x00, 0x29, 0x00, 0x2a, 0x04, 0x1a, 0x1a, 0x48, 0x1e, 0x1a, 0x48,
    0x16, 0x05, 0x00, 0x00, 0x11, 0x16, 0x1e, 0x16, 0x1b, 0x14, 0x00, 0x42,
    0x01, 0x01, 0x01, 0x01, 0x01, 0x01, 0x13, 0x00, 0x14, 0x1b, 0x16, 0x16,
    0x16, 0x16, 0x04, 0x16, 0x1c, 0x0a, 0x00, 0x29, 0x00, 0x2c, 0x1b, 0x1e,
    0x1e, 0x1e, 0x1e, 0x1e, 0x1a, 0x1b, 0x20, 0x00, 0x00, 0x00, 0x24, 0x1f,
    0x55, 0x55, 0x55, 0x55, 0x55, 0x0e, 0x1f, 0x0e, 0x0c, 0x16, 0x1a, 0x4a,
    0x16, 0x0c, 0x0e, 0x1f, 0x55, 0x55, 0x0e, 0x55, 0x55, 0x0e, 0x74, 0x00,
    0x00, 0x00, 0x00, 0x00, 0x4b, 0x00, 0x05, 0x90, 0x16, 0x04, 0x16, 0x16,
    0x04, 0x16, 0x16, 0x16, 0x16, 0x04, 0x1b, 0x1e, 0x1a, 0x1e, 0x4a, 0x1b,
    0x16, 0x16, 0x46, 0x16, 0x16, 0x16, 0x16, 0x16, 0x16, 0x46, 0x16, 0x15,
    0x0c, 0x00, 0x06, 0x00, 0x00, 0x00, 0x00, 0x00, 0x00, 0x00, 0x1d, 0x00,
    0x0a, 0x4d, 0x1a, 0x1a, 0x16, 0x0c, 0x00, 0x00, 0x00, 0x00, 0x00, 0x00,
    0x00, 0x00, 0x00, 0x00, 0x00, 0x00, 0x00, 0x00, 0x00, 0x00, 0x00, 0x00,
    0x0c, 0x16, 0x48, 0x1b, 0x1e, 0x47, 0x00, 0x01, 0x00, 0x00, 0x00, 0x00,
    0x00, 0x00, 0x00, 0x00, 0x01, 0x00, 0x1f, 0x1a, 0x1c, 0x1e, 0x1b, 0x03,
    0x70, 0x00, 0x0d, 0x16, 0x1e, 0x1a, 0x16, 0x14, 0x00, 0x33, 0x00, 0x00,
    0x00, 0x00, 0x00, 0x01, 0x00, 0x21, 0x1a, 0x1b, 0x1e, 0x1a, 0x16, 0x14,
    0x00, 0x13, 0x00, 0x00, 0x00, 0x00, 0x00, 0x00, 0x91, 0x00, 0x0c, 0x6f,
    0x1a, 0x1a, 0x16, 0x0d, 0x00, 0x00, 0x00, 0x00, 0x00, 0x00, 0x00, 0x00,
    0x00, 0x00, 0x00, 0x00, 0x00, 0x4b, 0x00, 0x14, 0x16, 0x1a, 0x08, 0x14,
    0x00, 0x33, 0x00, 0x92, 0x00, 0x38, 0x16, 0x1a, 0x1a, 0x48, 0x4a, 0x16,
    0x1b, 0x1e, 0x1e, 0x1b, 0x16, 0x48, 0x1a, 0x1a, 0x4a, 0x16, 0x03, 0x23,
    0x3e, 0x00, 0x00, 0x00, 0x00, 0x00, 0x00, 0x00, 0x00, 0x00, 0x00, 0x00,
    0x00, 0x00, 0x00, 0x00, 0x00, 0x00, 0x00, 0x00, 0x00, 0x00, 0x00, 0x00,
    0x00, 0x17, 0x00, 0x2c, 0x4a, 0x1e, 0x16, 0x38, 0x00, 0x69, 0x00, 0x00,
    0x00, 0x00, 0x00, 0x00, 0x00, 0x00, 0x00, 0x00, 0x00, 0x00, 0x00, 0x00,
    0x00, 0x00, 0x00, 0x00, 0x00, 0x00, 0x00, 0x00, 0x00, 0x19, 0x00, 0x05,
    0x16, 0x1e, 0x1a, 0x16, 0x0c, 0x00, 0x00, 0x2a, 0x16, 0x1e, 0x1a, 0x16,
    0x0c, 0x00, 0x42, 0x00, 0x00, 0x00, 0x00, 0x00, 0x01, 0x00, 0x28, 0x1e,
    0x1b, 0x4a, 0x1e, 0x1c, 0x14, 0x00, 0x12, 0x01, 0x00, 0x0e, 0x1e, 0x1c,
    0x08, 0x1a, 0x21, 0x20, 0x16, 0x1e, 0x09, 0x28, 0x0c, 0x44, 0x1e, 0x1c,
    0x14, 0x1f, 0x50, 0x1f, 0x0a, 0x1f, 0x2c, 0x3d, 0x88, 0x2d, 0x93, 0x07,
    0x21, 0x0c, 0x16, 0x1a, 0x1b, 0x03, 0x0a, 0x1f, 0x1f, 0x1f, 0x21, 0x40,
    0x00, 0x00, 0x00, 0x01, 0x33, 0x02, 0x5b, 0x22, 0x03, 0x20, 0x22, 0x20,
    0x22, 0x20, 0x22, 0x20, 0x03, 0x22, 0x22, 0x94, 0x95, 0x06, 0x01, 0x1f,
    0x1a, 0x1c, 0x1e, 0x1e, 0x1a, 0x1b, 0x16, 0x16, 0x16, 0x16, 0x1c, 0x1e,
    0x48, 0x1a, 0x4e, 0x1c, 0x0a, 0x00, 0x74, 0x00, 0x05, 0x16, 0x1e, 0x4a,
    0x1b, 0x1e, 0x48, 0x1a, 0x16, 0x0c, 0x00, 0x00, 0x14, 0x15, 0x08, 0x5b,
    0x28, 0x00, 0x00, 0x00, 0x00, 0x00, 0x00, 0x00, 0x00, 0x00, 0x00, 0x00,
    0x00, 0x0a, 0x5e, 0x5b, 0x0d, 0x0d, 0x34, 0x96, 0x14, 0x97, 0x00, 0x1d,
    0x00, 0x28, 0x08, 0x04, 0x16, 0x6f, 0x1a, 0x1a, 0x1e, 0x1b, 0x1a, 0x86,
    0x00, 0x00, 0x0d, 0x16, 0x1a, 0x48, 0x4a, 0x1a, 0x48, 0x4a, 0x1e, 0x1a,
    0x4a, 0x1e, 0x1e, 0x1a, 0x48, 0x1a, 0x4a, 0x48, 0x1a, 0x4a, 0x48, 0x4a,
    0x48, 0x1c, 0x03, 0x1f, 0x00, 0x01, 0x00, 0x00, 0x00, 0x00, 0x00, 0x00,
    0x00, 0x00, 0x00, 0x00, 0x00, 0x00, 0x00, 0x00, 0x00, 0x00, 0x00, 0x00,
    0x00, 0x00, 0x00, 0x00, 0x00, 0x00, 0x00, 0x00, 0x00, 0x00, 0x00, 0x00,
    0x00, 0x00, 0x00, 0x00, 0x00, 0x00, 0x00, 0x00, 0x00, 0x00, 0x18, 0x00,
    0x05, 0x16, 0x1e, 0x4c, 0x1b, 0x1e, 0x4c, 0x1e, 0x16, 0x05, 0x00, 0x00,
    0x14, 0x66, 0x1b, 0x5b, 0x7a, 0x00, 0x00, 0x00, 0x00, 0x00, 0x00, 0x00,
    0x00, 0x00, 0x00, 0x00, 0x00, 0x0a, 0x7b, 0x5b, 0x0d, 0x0d, 0x5b, 0x5e,
    0x14, 0x17, 0x00, 0x0b, 0x00, 0x0a, 0x04, 0x16, 0x04, 0x6f, 0x1a, 0x48,
    0x1e, 0x1b, 0x03, 0x4b, 0x00, 0x00, 0x0d, 0x1c, 0x1e, 0x4a, 0x4a, 0x48,
    0x1a, 0x48, 0x1a, 0x1a, 0x4a, 0x1e, 0x1e, 0x4a, 0x1e, 0x1a, 0x4a, 0x1e,
    0x4a, 0x4a, 0x1e, 0x4a, 0x48, 0x1c, 0x03, 0x6d, 0x00, 0x01, 0x00, 0x00,
    0x0f, 0x00, 0x03, 0x16, 0x1a, 0x1e, 0x1a, 0x1e, 0x1e, 0x1a, 0x1e, 0x1e,
    0x1a, 0x1e, 0x1e, 0x1a, 0x48, 0x08, 0x1e, 0x1a, 0x1e, 0x1e, 0x1a, 0x1e,
    0x1e, 0x1a, 0x1e, 0x1e, 0x1a, 0x1e, 0x1a, 0x09, 0x1a, 0x21, 0x00, 0x01,
    0x00, 0x00, 0x00, 0x00, 0x00, 0x00, 0x1d, 0x00, 0x0a, 0x4a, 0x1e, 0x4e,
    0x1b, 0x1e, 0x20, 0x20, 0x22, 0x20, 0x20, 0x22, 0x20, 0x03, 0x98, 0x20,
    0x22, 0x20, 0x22, 0x20, 0x20, 0x22, 0x20, 0x20, 0x4e, 0x1b, 0x1a, 0x09,
    0x1e, 0x1f, 0x00, 0x01, 0x00, 0x00, 0x00, 0x00, 0x00, 0x00, 0x00, 0x00,
    0x18, 0x00, 0x14, 0x16, 0x1e, 0x48, 0x16, 0x0c, 0x00, 0x00, 0x27, 0x16,
    0x1a, 0x1e, 0x16, 0x0c, 0x00, 0x01, 0x00, 0x00, 0x00, 0x00, 0x00, 0x01,
    0x00, 0x21, 0x1e, 0x1c, 0x4a, 0x1e, 0x04, 0x2d, 0x00, 0x13, 0x00, 0x00,
    0x00, 0x00, 0x00, 0x00, 0x42, 0x00, 0x38, 0x16, 0x1e, 0x1e, 0x04, 0x0d,
    0x00, 0x01, 0x01, 0x00, 0x00, 0x00, 0x00, 0x00, 0x00, 0x01, 0x01, 0x0b,
    0x0b, 0x99, 0x0b, 0x14, 0x16, 0x1e, 0x1b, 0x14, 0x00, 0x12, 0x01, 0x00,
    0x1f, 0x1a, 0x1c, 0x1e, 0x1a, 0x1a, 0x16, 0x3b, 0x14, 0x47, 0x1f, 0x0a,
    0x0c, 0x1b, 0x1c, 0x1e, 0x1e, 0x1a, 0x16, 0x14, 0x00, 0x13, 0x00, 0x00,
    0x00, 0x00, 0x00, 0x00, 0x00, 0x00, 0x00, 0x00, 0x00, 0x00, 0x00, 0x00,
    0x00, 0x00, 0x00, 0x00, 0x00, 0x00, 0x00, 0x00, 0x00, 0x1d, 0x00, 0x2f,
    0x1e, 0x4a, 0x16, 0x27, 0x0b, 0x9a, 0x3e, 0x3e, 0x0b, 0x00, 0x00, 0x00,
    0x00, 0x00, 0x00, 0x00, 0x17, 0x1d, 0x00, 0x00, 0x00, 0x00, 0x00, 0x00,
    0x00, 0x00, 0x00, 0x00, 0x00, 0x25, 0x00, 0x20, 0x16, 0x1e, 0x4a, 0x1b,
    0x0a, 0x00, 0x00, 0x0a, 0x08, 0x1e, 0x4a, 0x1c, 0x03, 0x13, 0x01, 0x00,
    0x00, 0x00, 0x00, 0x00, 0x01, 0x00, 0x02, 0x1e, 0x1b, 0x1e, 0x1e, 0x1b,
    0x14, 0x00, 0x33, 0x01, 0x00, 0x0e, 0x1e, 0x1c, 0x1b, 0x1e, 0x21, 0x03,
    0x16, 0x1a, 0x1c, 0x47, 0x0c, 0x16, 0x1a, 0x1b, 0x14, 0x00, 0x00, 0x00,
    0x00, 0x00, 0x55, 0x1a, 0x1b, 0x1b, 0x1e, 0x1f, 0x00, 0x27, 0x16, 0x1e,
    0x1b, 0x2e, 0x00, 0x00, 0x00, 0x00, 0x00, 0x00, 0x00, 0x00, 0x00, 0x0f,
    0x54, 0x03, 0x15, 0x1c, 0x16, 0x16, 0x04, 0x4f, 0x16, 0x16, 0x04, 0x16,
    0x16, 0x16, 0x09, 0x15, 0x0d, 0x42, 0x18, 0x00, 0x27, 0x16, 0x1b, 0x1e,
    0x1e, 0x1e, 0x1a, 0x1e, 0x1e, 0x1a, 0x1e, 0x1a, 0x48, 0x1b, 0x15, 0x2a,
    0x00, 0x23, 0x00, 0x00, 0x0e, 0x07, 0x07, 0x0a, 0x34, 0x16, 0x1a, 0x1a,
    0x16, 0x0c, 0x00, 0x0f, 0x1f, 0x5e, 0x0a, 0x00, 0x41, 0x02, 0x02, 0x47,
    0x1f, 0x02, 0x47, 0x1f, 0x02, 0x1f, 0x1f, 0x1f, 0x0e, 0x01, 0x00, 0x00,
    0x00, 0x00, 0x00, 0x00, 0x00, 0x00, 0x00, 0x00, 0x00, 0x0e, 0x27, 0x0c,
    0x0c, 0x0c, 0x4a, 0x48, 0x1a, 0x1b, 0x1e, 0x1f, 0x00, 0x00, 0x0d, 0x16,
    0x1c, 0x1c, 0x1c, 0x1c, 0x1b, 0x1c, 0x1b, 0x1b, 0x1b, 0x1e, 0x1a, 0x48,
    0x1a, 0x1b, 0x1b, 0x5f, 0x1c, 0x1b, 0x1c, 0x5f, 0x1b, 0x16, 0x1e, 0x02,
    0x00, 0x01, 0x00, 0x00, 0x00, 0x00, 0x00, 0x00, 0x00, 0x00, 0x00, 0x00,
    0x00, 0x00, 0x00, 0x00, 0x00, 0x00, 0x00, 0x00, 0x00, 0x00, 0x00, 0x00,
    0x00, 0x00, 0x00, 0x00, 0x00, 0x00, 0x00, 0x00, 0x00, 0x00, 0x00, 0x00,
    0x00, 0x00, 0x00, 0x00, 0x00, 0x00, 0x26, 0x00, 0x1f, 0x07, 0x07, 0x0a,
    0x0c, 0x16, 0x1a, 0x1a, 0x16, 0x05, 0x00, 0x53, 0x1f, 0x7b, 0x0a, 0x00,
    0x86, 0x28, 0x02, 0x02, 0x28, 0x02, 0x02, 0x28, 0x02, 0x02, 0x28, 0x1f,
    0x55, 0x01, 0x00, 0x00, 0x00, 0x00, 0x00, 0x00, 0x00, 0x00, 0x00, 0x00,
    0x00, 0x1f, 0x0c, 0x0c, 0x0c, 0x11, 0x1b, 0x1a, 0x1e, 0x1c, 0x03, 0x4b,
    0x01, 0x00, 0x0d, 0x16, 0x1c, 0x1c, 0x1c, 0x1c, 0x1b, 0x1c, 0x1c, 0x1b,
    0x1b, 0x1e, 0x1a, 0x48, 0x1a, 0x1b, 0x1b, 0x1c, 0x1c, 0x1b, 0x1c, 0x1c,
    0x1b, 0x4f, 0x1e, 0x0e, 0x00, 0x01, 0x00, 0x00, 0x00, 0x01, 0x20, 0x1c,
    0x1e, 0x1a, 0x4a, 0x16, 0x16, 0x04, 0x16, 0x16, 0x04, 0x16, 0x16, 0x16,
    0x6f, 0x16, 0x04, 0x16, 0x16, 0x04, 0x16, 0x16, 0x04, 0x04, 0x4f, 0x04,
    0x1a, 0x4a, 0x1e, 0x1b, 0x48, 0x1f, 0x00, 0x01, 0x00, 0x00, 0x00, 0x00,
    0x00, 0x00, 0x17, 0x00, 0x07, 0x1e, 0x48, 0x48, 0x1a, 0x1b, 0x16, 0x16,
    0x46, 0x16, 0x16, 0x16, 0x46, 0x16, 0x16, 0x46, 0x16, 0x16, 0x16, 0x4f,
    0x16, 0x16, 0x4f, 0x04, 0x1c, 0x1e, 0x1e, 0x1b, 0x1a, 0x45, 0x00, 0x01,
    0x00, 0x00, 0x00, 0x00, 0x00, 0x00, 0x00, 0x00, 0x23, 0x00, 0x0d, 0x04,
    0x1a, 0x1a, 0x16, 0x14, 0x00, 0x00, 0x07, 0x1c, 0x1a, 0x4a, 0x1b, 0x1a,
    0x1f, 0x00, 0x3c, 0x00, 0x00, 0x00, 0x00, 0x01, 0x00, 0x21, 0x48, 0x1b,
    0x1a, 0x1e, 0x16, 0x14, 0x00, 0x13, 0x00, 0x00, 0x00, 0x00, 0x00, 0x00,
    0x19, 0x00, 0x05, 0x16, 0x1a, 0x4a, 0x16, 0x0c, 0x00, 0x00, 0x00, 0x01,
    0x1d, 0x0b, 0x0b, 0x3e, 0x0b, 0x00, 0x00, 0x00, 0x00, 0x00, 0x00, 0x14,
    0x04, 0x1a, 0x1c, 0x2d, 0x00, 0x33, 0x42, 0x00, 0x27, 0x16, 0x1a, 0x48,
    0x1e, 0x16, 0x5e, 0x00, 0x00, 0x00, 0x00, 0x00, 0x00, 0x0a, 0x1b, 0x1b,
    0x1e, 0x4a, 0x16, 0x03, 0x3c, 0x0f, 0x00, 0x00, 0x00, 0x00, 0x00, 0x00,
    0x00, 0x00, 0x00, 0x00, 0x00, 0x00, 0x00, 0x00, 0x00, 0x00, 0x00, 0x00,
    0x00, 0x00, 0x00, 0x00, 0x00, 0x17, 0x00, 0x2f, 0x1a, 0x1a, 0x16, 0x05,
    0x00, 0x00, 0x00, 0x00, 0x00, 0x00, 0x0b, 0x0b, 0x0b, 0x0b, 0x3e, 0x01,
    0x00, 0x00, 0x01, 0x00, 0x00, 0x00, 0x00, 0x00, 0x00, 0x00, 0x00, 0x00,
    0x0b, 0x00, 0x0a, 0x1b, 0x1a, 0x1e, 0x1b, 0x03, 0x19, 0x3c, 0x00, 0x3f,
    0x03, 0x1c, 0x1e, 0x1e, 0x1b, 0x2c, 0x00, 0x06, 0x00, 0x00, 0x00, 0x00,
    0x01, 0x00, 0x1f, 0x1a, 0x1c, 0x1a, 0x1e, 0x1b, 0x14, 0x00, 0x33, 0x01,
    0x00, 0x9b, 0x1a, 0x1b, 0x09, 0x1e, 0x21, 0x20, 0x16, 0x1a, 0x1b, 0x1f,
    0x0c, 0x16, 0x1a, 0x09, 0x14, 0x00, 0x00, 0x00, 0x00, 0x00, 0x21, 0x1e,
    0x1c, 0x68, 0x1e, 0x1f, 0x0f, 0x05, 0x16, 0x1a, 0x08, 0x48, 0x28, 0x0f,
    0x06, 0x0f, 0x0f, 0x00, 0x00, 0x00, 0x33, 0x00, 0x14, 0x16, 0x1a, 0x1a,
    0x1e, 0x1a, 0x1a, 0x1a, 0x1e, 0x1a, 0x1a, 0x1e, 0x1a, 0x1a, 0x1e, 0x1a,
    0x16, 0x3d, 0x00, 0x3f, 0x00, 0x05, 0x1b, 0x16, 0x16, 0x16, 0x04, 0x16,
    0x16, 0x04, 0x16, 0x16, 0x16, 0x08, 0x27, 0x00, 0x01, 0x00, 0x00, 0x00,
    0x00, 0x00, 0x00, 0x00, 0x14, 0x16, 0x1e, 0x4a, 0x16, 0x0c, 0x00, 0x3f,
    0x00, 0x7a, 0x03, 0x1a, 0x1a, 0x1a, 0x1a, 0x1a, 0x1a, 0x1e, 0x1a, 0x1e,
    0x1a, 0x1e, 0x1a, 0x1e, 0x1e, 0x1a, 0x1a, 0x1a, 0x1c, 0x22, 0x05, 0x01,
    0x37, 0x00, 0x00, 0x00, 0x00, 0x00, 0x00, 0x00, 0x00, 0x42, 0x1e, 0x1b,
    0x1e, 0x1c, 0x1e, 0x02, 0x0f, 0x00, 0x0c, 0x04, 0x1e, 0x1e, 0x1e, 0x1e,
    0x1e, 0x1e, 0x1e, 0x1e, 0x1e, 0x4a, 0x4e, 0x1e, 0x1e, 0x1e, 0x1e, 0x1e,
    0x1e, 0x1e, 0x1e, 0x1e, 0x1a, 0x08, 0x1a, 0x28, 0x00, 0x01, 0x00, 0x00,
    0x00, 0x00, 0x00, 0x00, 0x00, 0x00, 0x00, 0x00, 0x00, 0x00, 0x00, 0x00,
    0x00, 0x00, 0x00, 0x00, 0x00, 0x00, 0x00, 0x00, 0x00, 0x00, 0x00, 0x00,
    0x00, 0x00, 0x00, 0x00, 0x00, 0x00, 0x00, 0x00, 0x00, 0x00, 0x00, 0x00,
    0x00, 0x00, 0x00, 0x00, 0x00, 0x00, 0x00, 0x00, 0x14, 0x16, 0x1e, 0x4a,
    0x16, 0x27, 0x00, 0x9c, 0x00, 0x3f, 0x03, 0x1a, 0x4a, 0x1e, 0x1a, 0x1a,
    0x1e, 0x1a, 0x1a, 0x1e, 0x1a, 0x1e, 0x4a, 0x1a, 0x1e, 0x1a, 0x1a, 0x1e,
    0x1c, 0x22, 0x05, 0x01, 0x51, 0x00, 0x00, 0x00, 0x00, 0x00, 0x00, 0x00,
    0x00, 0x29, 0x1e, 0x1b, 0x1e, 0x1b, 0x03, 0x33, 0x01, 0x00, 0x0d, 0x04,
    0x1e, 0x1e, 0x1e, 0x1e, 0x1e, 0x1e, 0x1e, 0x1e, 0x1e, 0x4a, 0x4e, 0x1e,
    0x48, 0x1e, 0x1e, 0x1e, 0x1e, 0x1e, 0x1e, 0x1e, 0x1a, 0x1b, 0x1e, 0x55,
    0x00, 0x01, 0x00, 0x00, 0x00, 0x01, 0x03, 0x1b, 0x1e, 0x1e, 0x1b, 0x0c,
    0x05, 0x05, 0x05, 0x05, 0x05, 0x05, 0x05, 0x05, 0x05, 0x05, 0x05, 0x05,
    0x05, 0x05, 0x05, 0x05, 0x05, 0x05, 0x38, 0x83, 0x1e, 0x1b, 0x1e, 0x1c,
    0x1a, 0x28, 0x00, 0x01, 0x00, 0x00, 0x00, 0x00, 0x00, 0x00, 0x9d, 0x01,
    0x1f, 0x03, 0x16, 0x1a, 0x1b, 0x43, 0x1e, 0x1a, 0x1a, 0x1e, 0x1a, 0x1a,
    0x1e, 0x1a, 0x1a, 0x1a, 0x1a, 0x1a, 0x1a, 0x1a, 0x1a, 0x1a, 0x1a, 0x1e,
    0x1b, 0x09, 0x1e, 0x15, 0x0d, 0x00, 0x3e, 0x00, 0x00, 0x00, 0x00, 0x00,
    0x00, 0x00, 0x00, 0x0f, 0x00, 0x21, 0x4a, 0x1b, 0x1e, 0x1c, 0x1a, 0x61,
    0x00, 0x0f, 0x01, 0x03, 0x1b, 0x1e, 0x1e, 0x16, 0x14, 0x00, 0x4b, 0x00,
    0x00, 0x00, 0x00, 0x01, 0x00, 0x21, 0x1a, 0x1c, 0x1e, 0x1a, 0x16, 0x14,
    0x00, 0x13, 0x00, 0x00, 0x00, 0x00, 0x00, 0x00, 0x42, 0x00, 0x27, 0x16,
    0x1a, 0x1e, 0x16, 0x0c, 0x00, 0x50, 0x21, 0x00, 0x00, 0x00, 0x00, 0x00,
    0x00, 0x02, 0x50, 0x0a, 0x2c, 0x07, 0x0a, 0x60, 0x16, 0x1a, 0x1b, 0x14,
    0x00, 0x33, 0x0b, 0x00, 0x0d, 0x16, 0x1a, 0x1a, 0x16, 0x03, 0x00, 0x01,
    0x13, 0x01, 0x01, 0x0b, 0x02, 0x00, 0x27, 0x04, 0x1a, 0x1e, 0x1e, 0x4a,
    0x07, 0x00, 0x1d, 0x00, 0x00, 0x00, 0x00, 0x00, 0x00, 0x00, 0x00, 0x00,
    0x00, 0x00, 0x00, 0x00, 0x00, 0x00, 0x00, 0x00, 0x00, 0x00, 0x00, 0x00,
    0x00, 0x17, 0x00, 0x2c, 0x48, 0x1e, 0x16, 0x0c, 0x0a, 0x2c, 0x0a, 0x71,
    0x2c, 0x00, 0x00, 0x00, 0x00, 0x00, 0x00, 0x00, 0x71, 0x0a, 0x00, 0x00,
    0x00, 0x00, 0x00, 0x00, 0x00, 0x00, 0x00, 0x00, 0x18, 0x00, 0x60, 0x16,
    0x1a, 0x1e, 0x16, 0x0c, 0x00, 0x42, 0x18, 0x00, 0x0c, 0x16, 0x1a, 0x1e,
    0x16, 0x0c, 0x00, 0x18, 0x00, 0x00, 0x00, 0x00, 0x01, 0x00, 0x47, 0x1e,
    0x1b, 0x4a, 0x1e, 0x1c, 0x2d, 0x00, 0x12, 0x01, 0x00, 0x55, 0x1e, 0x1b,
    0x1c, 0x1e, 0x21, 0x03, 0x16, 0x1e, 0x09, 0x28, 0x0c, 0x04, 0x1a, 0x16,
    0x07, 0x14, 0x7e, 0x0d, 0x7e, 0x14, 0x29, 0x1a, 0x09, 0x1b, 0x1e, 0x47,
    0x00, 0x2d, 0x16, 0x1a, 0x1b, 0x1e, 0x1f, 0x00, 0x01, 0x00, 0x00, 0x00,
    0x00, 0x00, 0x18, 0x00, 0x38, 0x16, 0x1e, 0x1a, 0x48, 0x1c, 0x16, 0x04,
    0x16, 0x16, 0x04, 0x16, 0x1c, 0x1a, 0x1e, 0x4a, 0x16, 0x27, 0x00, 0x00,
    0x00, 0x00, 0x00, 0x07, 0x3d, 0x05, 0x05, 0x0c, 0x59, 0x05, 0x05, 0x3d,
    0x3d, 0x7a, 0x00, 0x00, 0x00, 0x00, 0x00, 0x00, 0x3c, 0x01, 0x86, 0x3e,
    0x38, 0x16, 0x1a, 0x1e, 0x16, 0x0c, 0x00, 0x9e, 0x26, 0x21, 0x48, 0x1c,
    0x1c, 0x80, 0x1c, 0x1c, 0x1b, 0x1c, 0x1b, 0x1b, 0x1c, 0x08, 0x1b, 0x1c,
    0x09, 0x1b, 0x1c, 0x09, 0x1b, 0x5f, 0x04, 0x14, 0x00, 0x06, 0x00, 0x00,
    0x00, 0x00, 0x42, 0x41, 0x29, 0x1f, 0x1a, 0x1b, 0x1e, 0x1b, 0x1a, 0x1f,
    0x17, 0x00, 0x0c, 0x65, 0x16, 0x04, 0x6f, 0x4f, 0x04, 0x16, 0x04, 0x16,
    0x1c, 0x1a, 0x48, 0x4c, 0x1a, 0x1b, 0x16, 0x04, 0x16, 0x04, 0x16, 0x16,
    0x04, 0x16, 0x1a, 0x1f, 0x00, 0x01, 0x00, 0x00, 0x00, 0x00, 0x00, 0x00,
    0x00, 0x00, 0x00, 0x00, 0x00, 0x00, 0x00, 0x00, 0x00, 0x00, 0x00, 0x00,
    0x00, 0x00, 0x00, 0x00, 0x00, 0x00, 0x00, 0x00, 0x00, 0x00, 0x00, 0x00,
    0x00, 0x00, 0x00, 0x00, 0x00, 0x00, 0x00, 0x00, 0x00, 0x00, 0x00, 0x00,
    0x01, 0x01, 0x86, 0x0b, 0x38, 0x16, 0x1e, 0x1a, 0x16, 0x27, 0x00, 0x7d,
    0x01, 0x21, 0x1a, 0x1b, 0x1b, 0x1c, 0x1b, 0x1b, 0x1c, 0x1b, 0x1b, 0x1c,
    0x1b, 0x1b, 0x1b, 0x08, 0x1b, 0x1c, 0x1b, 0x1b, 0x43, 0x1c, 0x4f, 0x0a,
    0x00, 0x23, 0x00, 0x00, 0x00, 0x00, 0x42, 0x41, 0x29, 0x02, 0x1a, 0x1c,
    0x1e, 0x08, 0x20, 0x33, 0x23, 0x00, 0x0c, 0x65, 0x16, 0x04, 0x4f, 0x6f,
    0x04, 0x16, 0x16, 0x04, 0x1b, 0x1a, 0x1e, 0x4c, 0x1a, 0x1b, 0x16, 0x04,
    0x4f, 0x04, 0x16, 0x46, 0x04, 0x15, 0x4a, 0x1f, 0x00, 0x01, 0x00, 0x00,
    0x00, 0x32, 0x03, 0x1b, 0x1e, 0x1c, 0x1e, 0x37, 0x00, 0x00, 0x00, 0x00,
    0x00, 0x00, 0x00, 0x00, 0x00, 0x00, 0x00, 0x00, 0x00, 0x00, 0x00, 0x00,
    0x00, 0x00, 0x00, 0x00, 0x03, 0x1b, 0x1e, 0x1c, 0x1a, 0x02, 0x00, 0x01,
    0x00, 0x00, 0x00, 0x00, 0x00, 0x00, 0x3e, 0x70, 0x13, 0x2c, 0x22, 0x1b,
    0x1e, 0x1e, 0x4a, 0x1e, 0x4a, 0x1e, 0x1a, 0x4a, 0x48, 0x1e, 0x4a, 0x48,
    0x1e, 0x1a, 0x48, 0x48, 0x1a, 0x48, 0x1a, 0x1a, 0x1e, 0x1a, 0x1b, 0x22,
    0x07, 0x37, 0x3f, 0x0f, 0x00, 0x00, 0x00, 0x00, 0x00, 0x00, 0x00, 0x18,
    0x00, 0x27, 0x16, 0x1a, 0x1e, 0x16, 0x0d, 0x00, 0x33, 0x19, 0x00, 0x2a,
    0x16, 0x1e, 0x1a, 0x16, 0x0c, 0x00, 0x4b, 0x00, 0x00, 0x00, 0x00, 0x01,
    0x00, 0x21, 0x1e, 0x1b, 0x1e, 0x4a, 0x16, 0x14, 0x00, 0x13, 0x00, 0x00,
    0x00, 0x00, 0x00, 0x00, 0x6e, 0x00, 0x38, 0x16, 0x1e, 0x1a, 0x16, 0x2a,
    0x0d, 0x04, 0x03, 0x07, 0x07, 0x0a, 0x2c, 0x07, 0x0a, 0x0c, 0x16, 0x1a,
    0x1e, 0x48, 0x1a, 0x1a, 0x1e, 0x1e, 0x1b, 0x14, 0x00, 0x18, 0x00, 0x21,
    0x4a, 0x1c, 0x1e, 0x1e, 0x16, 0x05, 0x01, 0x19, 0x00, 0x00, 0x00, 0x00,
    0x17, 0x3e, 0x02, 0x1a, 0x1c, 0x1e, 0x1a, 0x16, 0x14, 0x00, 0x4b, 0x00,
    0x00, 0x00, 0x00, 0x00, 0x00, 0x00, 0x00, 0x00, 0x00, 0x00, 0x00, 0x00,
    0x00, 0x00, 0x00, 0x00, 0x00, 0x00, 0x00, 0x00, 0x00, 0x1d, 0x00, 0x0a,
    0x1a, 0x48, 0x1a, 0x1a, 0x48, 0x1a, 0x1a, 0x1e, 0x1a, 0x2d, 0x07, 0x2f,
    0x31, 0x2c, 0x07, 0x27, 0x08, 0x08, 0x14, 0x00, 0x06, 0x00, 0x00, 0x00,
    0x00, 0x00, 0x00, 0x00, 0x01, 0x01, 0x03, 0x1b, 0x1e, 0x4a, 0x1b, 0x14,
    0x00, 0x33, 0x33, 0x00, 0x3d, 0x16, 0x1a, 0x4a, 0x1b, 0x03, 0x51, 0x26,
    0x00, 0x00, 0x00, 0x00, 0x01, 0x00, 0x1f, 0x1a, 0x1c, 0x1e, 0x1e, 0x1b,
    0x14, 0x00, 0x33, 0x01, 0x00, 0x7a, 0x1e, 0x1b, 0x1c, 0x1a, 0x21, 0x03,
    0x16, 0x1a, 0x09, 0x1f, 0x0c, 0x16, 0x1a, 0x16, 0x0a, 0x60, 0x65, 0x1b,
    0x15, 0x60, 0x00, 0x1e, 0x1b, 0x1c, 0x1a, 0x21, 0x13, 0x14, 0x08, 0x1e,
    0x1a, 0x1a, 0x0a, 0x00, 0x25, 0x00, 0x00, 0x00, 0x00, 0x00, 0x42, 0x00,
    0x27, 0x16, 0x1a, 0x48, 0x1b, 0x03, 0x27, 0x05, 0x05, 0x05, 0x27, 0x05,
    0x03, 0x1b, 0x48, 0x1a, 0x16, 0x05, 0x00, 0x02, 0x3d, 0x14, 0x0a, 0x07,
    0x02, 0x00, 0x00, 0x00, 0x00, 0x00, 0x00, 0x00, 0x00, 0x00, 0x28, 0x02,
    0x00, 0x01, 0x00, 0x00, 0x00, 0x00, 0x42, 0x00, 0x14, 0x16, 0x1a, 0x1a,
    0x16, 0x59, 0x00, 0x37, 0x00, 0x06, 0x03, 0x1b, 0x1e, 0x1e, 0x1e, 0x1e,
    0x1e, 0x1e, 0x1e, 0x1e, 0x1e, 0x1e, 0x1e, 0x1a, 0x1e, 0x1e, 0x1e, 0x1e,
    0x1e, 0x1e, 0x16, 0x0c, 0x00, 0x29, 0x00, 0x00, 0x00, 0x00, 0x00, 0x01,
    0x00, 0x02, 0x1a, 0x1b, 0x1e, 0x09, 0x1a, 0x28, 0x01, 0x00, 0x2c, 0x7c,
    0x05, 0x05, 0x05, 0x05, 0x05, 0x05, 0x05, 0x05, 0x03, 0x1b, 0x1e, 0x1e,
    0x1b, 0x03, 0x05, 0x05, 0x05, 0x05, 0x05, 0x05, 0x27, 0x05, 0x27, 0x3f,
    0x00, 0x01, 0x00, 0x00, 0x00, 0x00, 0x00, 0x00, 0x00, 0x00, 0x00, 0x00,
    0x00, 0x00, 0x00, 0x00, 0x00, 0x00, 0x00, 0x00, 0x00, 0x00, 0x00, 0x00,
    0x00, 0x00, 0x00, 0x00, 0x00, 0x00, 0x00, 0x00, 0x00, 0x00, 0x00, 0x00,
    0x00, 0x00, 0x00, 0x00, 0x00, 0x00, 0x00, 0x00, 0x00, 0x00, 0x42, 0x00,
    0x27, 0x16, 0x1a, 0x1a, 0x16, 0x05, 0x00, 0x37, 0x00, 0x86, 0x03, 0x1c,
    0x1e, 0x1e, 0x1e, 0x1e, 0x1e, 0x1e, 0x1e, 0x1e, 0x1e, 0x1e, 0x1e, 0x1e,
    0x1e, 0x1e, 0x1e, 0x1e, 0x1a, 0x1e, 0x16, 0x0c, 0x00, 0x19, 0x00, 0x00,
    0x00, 0x00, 0x00, 0x01, 0x00, 0x47, 0x1a, 0x1b, 0x1e, 0x1c, 0x03, 0x12,
    0x01, 0x00, 0x2c, 0x7c, 0x05, 0x05, 0x05, 0x05, 0x05, 0x05, 0x05, 0x05,
    0x03, 0x1b, 0x1e, 0x1e, 0x1b, 0x03, 0x05, 0x05, 0x05, 0x05, 0x05, 0x38,
    0x27, 0x5e, 0x05, 0x54, 0x00, 0x3c, 0x00, 0x00, 0x00, 0x01, 0x03, 0x08,
    0x48, 0x1b, 0x1a, 0x21, 0x76, 0x23, 0x42, 0x42, 0x42, 0x42, 0x42, 0x64,
    0x42, 0x42, 0x42, 0x76, 0x42, 0x42, 0x42, 0x76, 0x42, 0x58, 0x42, 0x86,
    0x48, 0x1b, 0x1e, 0x08, 0x1e, 0x1f, 0x00, 0x01, 0x00, 0x00, 0x00, 0x00,
    0x00, 0x25, 0x00, 0x00, 0x00, 0x00, 0x00, 0x01, 0x70, 0x24, 0x9f, 0x24,
    0x9f, 0x9f, 0x24, 0x9f, 0x9f, 0x24, 0x9f, 0x9f, 0x24, 0x24, 0x9f, 0x24,
    0x24, 0x9f, 0x24, 0x24, 0x9a, 0x61, 0x01, 0x00, 0x00, 0x00, 0x00, 0x00,
    0x1d, 0x00, 0x00, 0x00, 0x00, 0x00, 0x00, 0x3e, 0x00, 0x0d, 0x16, 0x1a,
    0x1a, 0x16, 0x14, 0x00, 0x18, 0x23, 0x00, 0x0a, 0x08, 0x1a, 0x4a, 0x1c,
    0x1a, 0x02, 0x00, 0x3c, 0x00, 0x00, 0x00, 0x01, 0x00, 0x21, 0x4a, 0x1c,
    0x1e, 0x1a, 0x16, 0x14, 0x00, 0x13, 0x00, 0x00, 0x00, 0x00, 0x00, 0x00,
    0x13, 0x00, 0x14, 0x16, 0x1a, 0x4a, 0x16, 0x0c, 0x1a, 0x16, 0x16, 0x03,
    0x03, 0x20, 0x03, 0x03, 0x20, 0x1e, 0x16, 0x1b, 0x08, 0x1b, 0x1b, 0x1b,
    0x1e, 0x4a, 0x1c, 0x14, 0x00, 0x40, 0x00, 0x02, 0x1e, 0x1b, 0x1a, 0x48,
    0x1b, 0x0a, 0x00, 0x23, 0x00, 0x00, 0x00, 0x00, 0x00, 0x00, 0x01, 0x03,
    0x1b, 0x48, 0x1a, 0x16, 0x60, 0x00, 0x18, 0x00, 0x00, 0x00, 0x00, 0x00,
    0x00, 0x00, 0x00, 0x01, 0x01, 0x01, 0x00, 0x00, 0x00, 0x00, 0x00, 0x00,
    0x00, 0x00, 0x00, 0x00, 0x00, 0x17, 0x00, 0x2f, 0x1e, 0x4c, 0x1a, 0x1b,
    0x1b, 0x1b, 0x1b, 0x16, 0x1b, 0x03, 0x03, 0x20, 0x03, 0x03, 0x20, 0x1e,
    0x16, 0x15, 0x0c, 0x00, 0x42, 0x00, 0x00, 0x00, 0x00, 0x00, 0x00, 0x01,
    0x00, 0x07, 0x1b, 0x1e, 0x1e, 0x1b, 0x1a, 0x55, 0x00, 0x3c, 0x01, 0x00,
    0x02, 0x1a, 0x1b, 0x1e, 0x1e, 0x1b, 0x2c, 0x00, 0x23, 0x00, 0x00, 0x00,
    0x01, 0x00, 0x02, 0x1e, 0x1b, 0x1a, 0x1e, 0x1b, 0x14, 0x00, 0x12, 0x01,
    0x00, 0x8e, 0x4a, 0x1b, 0x68, 0x1e, 0x21, 0x20, 0x16, 0x1a, 0x1a, 0x1f,
    0x0c, 0x6f, 0x1e, 0x16, 0x0a, 0x27, 0x16, 0x1a, 0x04, 0x14, 0x00, 0x1a,
    0x1b, 0x09, 0x1e, 0x42, 0x00, 0x0a, 0x1b, 0x1e, 0x48, 0x1b, 0x07, 0x00,
    0x06, 0x00, 0x00, 0x00, 0x00, 0x00, 0x42, 0x00, 0x05, 0x16, 0x1a, 0x1e,
    0x16, 0x05, 0x00, 0x00, 0x00, 0x00, 0x00, 0x00, 0x27, 0x16, 0x1a, 0x1e,
    0x16, 0x05, 0x00, 0x14, 0x15, 0x1c, 0x09, 0x15, 0x0c, 0x42, 0x1f, 0x29,
    0x5c, 0x55, 0x00, 0x00, 0x28, 0x5e, 0x09, 0x0a, 0x00, 0x01, 0x00, 0x00,
    0x00, 0x00, 0x42, 0x00, 0x2d, 0x16, 0x1e, 0x4a, 0x16, 0x0c, 0x00, 0x29,
    0x0f, 0x00, 0x03, 0x04, 0x1b, 0x09, 0x08, 0x1b, 0x1b, 0x09, 0x1b, 0x08,
    0x1c, 0x1b, 0x08, 0x1b, 0x1b, 0x1b, 0x1e, 0x4a, 0x1a, 0x1e, 0x16, 0x0c,
    0x00, 0x29, 0x00, 0x00, 0x00, 0x00, 0x00, 0x01, 0x00, 0x02, 0x1a, 0x1c,
    0x1e, 0x1b, 0x1e, 0x02, 0x00, 0x01, 0x00, 0x00, 0x00, 0x00, 0x00, 0x00,
    0x00, 0x00, 0x00, 0x00, 0x0c, 0x16, 0x1a, 0x1e, 0x16, 0x2a, 0x00, 0x00,
    0x00, 0x00, 0x00, 0x00, 0x00, 0x00, 0x00, 0x00, 0x00, 0x00, 0x00, 0x00,
    0x00, 0x00, 0x00, 0x00, 0x00, 0x00, 0x00, 0x00, 0x00, 0x00, 0x00, 0x00,
    0x00, 0x00, 0x00, 0x00, 0x00, 0x00, 0x00, 0x00, 0x00, 0x00, 0x00, 0x00,
    0x00, 0x00, 0x00, 0x00, 0x00, 0x00, 0x00, 0x00, 0x00, 0x00, 0x00, 0x00,
    0x00, 0x00, 0x00, 0x00, 0x00, 0x00, 0x42, 0x00, 0x05, 0x16, 0x48, 0x1a,
    0x16, 0x38, 0x00, 0x29, 0x01, 0x00, 0x20, 0x16, 0x08, 0x09, 0x1b, 0x09,
    0x1b, 0x09, 0x1b, 0x1b, 0x09, 0x1c, 0x1b, 0x1c, 0x09, 0x1b, 0x1e, 0x4a,
    0x48, 0x1a, 0x16, 0x2a, 0x00, 0x29, 0x00, 0x00, 0x00, 0x00, 0x00, 0x01,
    0x00, 0x1f, 0x1a, 0x1b, 0x1e, 0x1c, 0x03, 0x33, 0x00, 0x26, 0x00, 0x00,
    0x00, 0x00, 0x00, 0x00, 0x00, 0x00, 0x00, 0x00, 0x0c, 0x16, 0x4a, 0x1e,
    0x16, 0x27, 0x00, 0x00, 0x00, 0x00, 0x00, 0x00, 0x00, 0x00, 0x00, 0x00,
    0x00, 0x00, 0x00, 0x00, 0x00, 0x01, 0x2e, 0x1c, 0x1e, 0x1b, 0x1a, 0x02,
    0x00, 0x0f, 0x00, 0x00, 0x00, 0x00, 0x00, 0x00, 0x00, 0x00, 0x00, 0x00,
    0x00, 0x00, 0x00, 0x00, 0x00, 0x01, 0x00, 0x70, 0x4a, 0x1c, 0x1e, 0x1b,
    0x1a, 0x28, 0x00, 0x01, 0x00, 0x00, 0x00, 0x00, 0x01, 0x00, 0x2c, 0x7b,
    0x05, 0x05, 0x27, 0x05, 0x38, 0x83, 0x05, 0x05, 0x27, 0x38, 0x05, 0x27,
    0x05, 0x05, 0x05, 0x05, 0x05, 0x83, 0x05, 0x05, 0x27, 0x83, 0x38, 0x27,
    0x83, 0x27, 0x27, 0x05, 0x60, 0x27, 0x7b, 0xa0, 0x00, 0x01, 0x00, 0x00,
    0x00, 0x00, 0x17, 0x00, 0x1f, 0x09, 0x1a, 0x48, 0x1b, 0x1e, 0x1f, 0x00,
    0x01, 0x00, 0x00, 0x3f, 0x03, 0x1b, 0x1e, 0x1e, 0x16, 0x14, 0x00, 0x13,
    0x00, 0x00, 0x00, 0x01, 0x00, 0x21, 0x1e, 0x1b, 0x1a, 0x1e, 0x16, 0x2d,
    0x00, 0x13, 0x00, 0x00, 0x00, 0x00, 0x00, 0x00, 0x12, 0x00, 0x2d, 0x16,
    0x1a, 0x1e, 0x16, 0x05, 0x05, 0x5a, 0x0c, 0x4b, 0x00, 0x00, 0x00, 0x00,
    0x00, 0x14, 0x78, 0x03, 0x03, 0x03, 0x03, 0x03, 0x1b, 0x1e, 0x1b, 0x14,
    0x00, 0x40, 0x00, 0x21, 0x1a, 0x1c, 0x1e, 0x1a, 0x1b, 0x0a, 0x00, 0x06,
    0x00, 0x00, 0x00, 0x00, 0x00, 0x3c, 0x00, 0x03, 0x1b, 0x1e, 0x1a, 0x16,
    0x05, 0x00, 0x42, 0x00, 0x00, 0x00, 0x00, 0x00, 0x00, 0x00, 0x00, 0x00,
    0x00, 0x00, 0x00, 0x00, 0x00, 0x00, 0x00, 0x00, 0x00, 0x00, 0x00, 0x00,
    0x00, 0x17, 0x00, 0x71, 0x1e, 0x1e, 0x1b, 0x1e, 0x03, 0x03, 0x2e, 0x03,
    0x03, 0x1f, 0x00, 0x00, 0x00, 0x00, 0x00, 0x6b, 0x22, 0x22, 0x2c, 0x00,
    0x0f, 0x00, 0x00, 0x00, 0x00, 0x00, 0x00, 0x19, 0x00, 0x0c, 0x16, 0x1a,
    0x1e, 0x16, 0x0d, 0x23, 0x02, 0x13, 0x13, 0x18, 0x01, 0x0d, 0x16, 0x1e,
    0x1a, 0x16, 0x0c, 0x00, 0x42, 0x00, 0x00, 0x00, 0x01, 0x00, 0x28, 0x1e,
    0x08, 0x4a, 0x1e, 0x1c, 0x14, 0x00, 0x33, 0x01, 0x00, 0x55, 0x1e, 0x1c,
    0x1c, 0x1e, 0x1f, 0x03, 0x1c, 0x1e, 0x1a, 0x1f, 0x0c, 0x04, 0x1a, 0x16,
    0x0a, 0x05, 0x16, 0x1e, 0x16, 0x14, 0x00, 0x1e, 0x1b, 0x08, 0x1e, 0x38,
    0x3d, 0x3d, 0x1a, 0x4d, 0x1a, 0x1c, 0x14, 0x00, 0x33, 0x00, 0x00, 0x00,
    0x00, 0x00, 0x18, 0x00, 0x60, 0x16, 0x1a, 0x1a, 0x1c, 0x0d, 0x2a, 0x2a,
    0x34, 0x2a, 0x2a, 0x0c, 0x20, 0x1b, 0x1e, 0x1a, 0x16, 0x27, 0x00, 0x2d,
    0x16, 0x1a, 0x1e, 0x16, 0x0c, 0x01, 0x5c, 0x17, 0x00, 0x00, 0x1f, 0x96,
    0x22, 0x04, 0x1c, 0x0a, 0x00, 0x01, 0x00, 0x00, 0x00, 0x00, 0x18, 0x00,
    0x14, 0x16, 0x1a, 0x1e, 0x16, 0x0c, 0x00, 0x18, 0x00, 0x00, 0x21, 0x07,
    0x07, 0x0a, 0x0a, 0x0a, 0x07, 0x0a, 0x0a, 0x0a, 0x0a, 0x0a, 0x0a, 0x0a,
    0x07, 0x0a, 0x48, 0x1b, 0x1a, 0x4a, 0x16, 0x05, 0x00, 0x18, 0x00, 0x00,
    0x00, 0x00, 0x00, 0x01, 0x00, 0x28, 0x1e, 0x1b, 0x1a, 0x1b, 0x1e, 0x1f,
    0x00, 0x01, 0x1d, 0x29, 0x42, 0x29, 0x29, 0x29, 0x29, 0x29, 0x1f, 0x29,
    0x0c, 0x16, 0x4a, 0x1a, 0x16, 0x0c, 0x29, 0x42, 0x29, 0x29, 0x29, 0x29,
    0x42, 0x29, 0x18, 0x00, 0x00, 0x00, 0x00, 0x00, 0x00, 0x00, 0x00, 0x00,
    0x00, 0x00, 0x00, 0x00, 0x00, 0x00, 0x00, 0x00, 0x00, 0x00, 0x00, 0x00,
    0x00, 0x00, 0x00, 0x00, 0x00, 0x00, 0x00, 0x00, 0x00, 0x00, 0x00, 0x00,
    0x00, 0x00, 0x00, 0x00, 0x00, 0x00, 0x00, 0x00, 0x00, 0x00, 0x00, 0x00,
    0x00, 0x00, 0x18, 0x00, 0x38, 0x16, 0x1e, 0x1a, 0x16, 0x27, 0x00, 0x18,
    0x00, 0x00, 0x28, 0x07, 0x07, 0x0a, 0x0a, 0x0a, 0x07, 0x0a, 0x0a, 0x0a,
    0x0a, 0x0a, 0x0a, 0x0a, 0x0a, 0x14, 0x4a, 0x1b, 0x1e, 0x1a, 0x16, 0x05,
    0x00, 0x18, 0x00, 0x00, 0x00, 0x00, 0x00, 0x01, 0x00, 0x02, 0x1e, 0x1c,
    0x1e, 0x08, 0x03, 0x33, 0x00, 0x26, 0x3e, 0x29, 0x42, 0x29, 0x29, 0x29,
    0x29, 0x29, 0x42, 0x29, 0x2a, 0x16, 0x1a, 0x1a, 0x16, 0x2a, 0x29, 0x42,
    0x29, 0x29, 0x29, 0x29, 0x42, 0x29, 0x18, 0x00, 0x00, 0x00, 0x00, 0x00,
    0x00, 0x01, 0x20, 0x1b, 0x1e, 0x09, 0x1e, 0x21, 0x12, 0x40, 0x12, 0x12,
    0x12, 0x12, 0x12, 0x33, 0x12, 0x12, 0x12, 0x12, 0x12, 0x12, 0x12, 0x12,
    0x12, 0x29, 0x33, 0xa1, 0x1e, 0x1b, 0x1a, 0x1c, 0x1e, 0x02, 0x00, 0x01,
    0x00, 0x00, 0x00, 0x23, 0x00, 0x05, 0x1b, 0x16, 0x16, 0x16, 0x16, 0x16,
    0x16, 0x16, 0x04, 0x16, 0x16, 0x16, 0x16, 0x16, 0x16, 0x16, 0x16, 0x04,
    0x16, 0x16, 0x16, 0x16, 0x16, 0x04, 0x16, 0x16, 0x16, 0x16, 0x16, 0x16,
    0x16, 0x16, 0x04, 0x09, 0x14, 0x00, 0x06, 0x00, 0x00, 0x00, 0x18, 0x00,
    0x05, 0x16, 0x1e, 0x1a, 0x16, 0x0d, 0x0b, 0x9a, 0x13, 0x13, 0x02, 0x06,
    0x0c, 0x16, 0x1e, 0x1a, 0x16, 0x11, 0x00, 0x33, 0x00, 0x00, 0x00, 0x01,
    0x00, 0x21, 0x48, 0x1c, 0x1a, 0x48, 0x16, 0x14, 0x00, 0x13, 0x00, 0x00,
    0x00, 0x00, 0x00, 0x00, 0x12, 0x00, 0x14, 0x16, 0x1a, 0x1e, 0x16, 0x05,
    0x00, 0x0f, 0x00, 0x00, 0x00, 0x00, 0x00, 0x00, 0x00, 0x00, 0x00, 0x00,
    0x00, 0x00, 0x00, 0x14, 0x16, 0x1e, 0x09, 0x14, 0x00, 0x29, 0x00, 0x28,
    0x1e, 0x1b, 0x1e, 0x1e, 0x16, 0x14, 0x01, 0x12, 0x00, 0x00, 0x00, 0x00,
    0x01, 0x00, 0x55, 0x1e, 0x1c, 0x1e, 0x1e, 0x16, 0x14, 0x00, 0x13, 0x00,
    0x00, 0x00, 0x00, 0x00, 0x00, 0x00, 0x24, 0x1f, 0x3a, 0x02, 0x01, 0x00,
    0x00, 0x00, 0x00, 0x00, 0x00, 0x00, 0x00, 0x00, 0x00, 0xa2, 0x00, 0x2c,
    0x1a, 0x48, 0x16, 0x27, 0x00, 0x00, 0x00, 0x00, 0x00, 0x00, 0x00, 0x00,
    0x00, 0x00, 0x00, 0x00, 0x00, 0x00, 0x00, 0x00, 0x00, 0x00, 0x00, 0x00,
    0x00, 0x00, 0x00, 0x01, 0x23, 0x03, 0x08, 0x48, 0x1a, 0x16, 0x3d, 0x00,
    0x00, 0x00, 0x00, 0x00, 0x00, 0x2d, 0x16, 0x1a, 0x4a, 0x1c, 0x03, 0x10,
    0x00, 0x00, 0x00, 0x00, 0x01, 0x00, 0x1f, 0x1a, 0x1c, 0x1e, 0x1a, 0x1b,
    0x2d, 0x00, 0x33, 0x01, 0x00, 0x0e, 0x48, 0x1b, 0x09, 0x1e, 0x1f, 0x03,
    0x08, 0x1e, 0x1a, 0x1f, 0x0c, 0x16, 0x1a, 0x04, 0x2c, 0x05, 0x04, 0x1a,
    0x16, 0x2d, 0x00, 0x1e, 0x1c, 0x1e, 0x1e, 0x16, 0x15, 0x05, 0x48, 0x1b,
    0x1e, 0x16, 0x14, 0x00, 0x13, 0x00, 0x00, 0x00, 0x00, 0x00, 0x69, 0x00,
    0x05, 0x16, 0x1e, 0x48, 0x1e, 0x1b, 0x16, 0x4f, 0x16, 0x16, 0x4f, 0x16,
    0x1c, 0x1a, 0x1e, 0x4a, 0x16, 0x05, 0x00, 0x14, 0x16, 0x1a, 0x4a, 0x16,
    0x0c, 0x00, 0x00, 0x00, 0x2c, 0x5b, 0x1c, 0x46, 0x09, 0x1a, 0x89, 0x07,
    0x00, 0x01, 0x00, 0x00, 0x00, 0x00, 0x42, 0x00, 0x2d, 0x16, 0x1a, 0x1a,
    0x16, 0x2a, 0x00, 0x42, 0x3c, 0x00, 0x0a, 0x3d, 0x14, 0x3d, 0xa3, 0x1f,
    0x00, 0x00, 0x00, 0x00, 0x00, 0x00, 0x00, 0x00, 0x00, 0x14, 0x16, 0x1e,
    0x1e, 0x4e, 0x1b, 0x07, 0x00, 0x17, 0x00, 0x00, 0x00, 0x00, 0x00, 0x01,
    0x00, 0x02, 0x1a, 0x1b, 0x1e, 0x09, 0x1a, 0x28, 0x00, 0x01, 0x00, 0x00,
    0x00, 0x00, 0x00, 0x00, 0x00, 0x00, 0x19, 0x00, 0x0c, 0x16, 0x1a, 0x1e,
    0x16, 0x0c, 0x00, 0x6e, 0x00, 0x00, 0x00, 0x00, 0x00, 0x00, 0x00, 0x00,
    0x00, 0x00, 0x00, 0x00, 0x00, 0x00, 0x00, 0x00, 0x00, 0x00, 0x00, 0x00,
    0x00, 0x00, 0x00, 0x00, 0x00, 0x00, 0x00, 0x00, 0x00, 0x00, 0x00, 0x00,
    0x00, 0x00, 0x00, 0x00, 0x00, 0x00, 0x00, 0x00, 0x00, 0x00, 0x00, 0x00,
    0x00, 0x00, 0x00, 0x00, 0x00, 0x00, 0x00, 0x00, 0x00, 0x00, 0x42, 0x00,
    0x27, 0x16, 0x1a, 0x1a, 0x16, 0x27, 0x00, 0x42, 0x00, 0x00, 0x07, 0x3d,
    0x14, 0x14, 0xa3, 0x21, 0x00, 0x00, 0x00, 0x00, 0x00, 0x00, 0x00, 0x00,
    0x00, 0x14, 0x16, 0x1e, 0x1a, 0x4a, 0x1b, 0x21, 0x00, 0x0f, 0x00, 0x00,
    0x00, 0x00, 0x00, 0x01, 0x00, 0x28, 0x1a, 0x1b, 0x1e, 0x1b, 0x03, 0x12,
    0x00, 0x26, 0x00, 0x00, 0x00, 0x00, 0x00, 0x00, 0x00, 0x00, 0x6e, 0x00,
    0x0c, 0x16, 0x1e, 0x1a, 0x16, 0x0c, 0x00, 0x18, 0x00, 0x00, 0x00, 0x00,
    0x00, 0x00, 0x00, 0x00, 0x00, 0x00, 0x00, 0x00, 0x00, 0x32, 0x03, 0x1b,
    0x1e, 0x1c, 0x1b, 0x37, 0x00, 0x00, 0x00, 0x00, 0x00, 0x00, 0x00, 0x00,
    0x00, 0x00, 0x00, 0x00, 0x00, 0x00, 0x00, 0x00, 0x00, 0x00, 0x00, 0x00,
    0x1e, 0x08, 0x1e, 0x1c, 0x1e, 0x1f, 0x00, 0x01, 0x00, 0x00, 0x01, 0x00,
    0x45, 0x1e, 0x08, 0x1a, 0x1e, 0x1a, 0x1a, 0x1e, 0x1a, 0x1e, 0x1a, 0x1a,
    0x1a, 0x1a, 0x1a, 0x1a, 0x1e, 0x1a, 0x1a, 0x1e, 0x1e, 0x1a, 0x1e, 0x1a,
    0x1a, 0x1a, 0x1a, 0x1a, 0x1a, 0x1a, 0x1a, 0x1a, 0x1a, 0x1a, 0x1a, 0x16,
    0x03, 0x01, 0x01, 0x00, 0x00, 0x00, 0x25, 0x00, 0x03, 0x16, 0x1e, 0x1a,
    0x16, 0x14, 0x00, 0x00, 0x00, 0x00, 0x00, 0x00, 0x0a, 0x1c, 0x4a, 0x1e,
    0x1b, 0x1a, 0x02, 0x00, 0x3c, 0x00, 0x00, 0x01, 0x00, 0x21, 0x1a, 0x1b,
    0x1e, 0x1a, 0x04, 0x14, 0x00, 0x13, 0x00, 0x00, 0x00, 0x00, 0x00, 0x00,
    0x33, 0x00, 0x14, 0x1b, 0x1a, 0x4a, 0x1b, 0x14, 0x06, 0x00, 0x17, 0x26,
    0x00, 0x00, 0x00, 0x00, 0x00, 0x00, 0x26, 0xa4, 0x26, 0xa5, 0x26, 0x2d,
    0x16, 0x1e, 0x1c, 0x14, 0x00, 0x13, 0x00, 0x1d, 0x20, 0x1b, 0x1a, 0x4a,
    0x16, 0x0c, 0x00, 0x3f, 0x00, 0x00, 0x00, 0x00, 0x42, 0x01, 0x0a, 0x1b,
    0x4a, 0x1a, 0x48, 0x1b, 0x0a, 0x00, 0xa6, 0x18, 0x6e, 0x23, 0x00, 0x00,
    0x6e, 0x00, 0x05, 0x16, 0x1a, 0x03, 0x1f, 0x00, 0x01, 0x00, 0x00, 0x00,
    0x00, 0x00, 0x00, 0x00, 0x00, 0x17, 0x00, 0x2f, 0x1a, 0x1a, 0x16, 0x05,
    0x26, 0x40, 0x26, 0xa4, 0x26, 0x00, 0x00, 0x00, 0x00, 0x00, 0x00, 0x25,
    0x00, 0x00, 0x0f, 0x00, 0x00, 0x00, 0x00, 0x00, 0x00, 0x00, 0x06, 0x00,
    0x0a, 0x1b, 0x1e, 0x1a, 0x4a, 0x1e, 0x05, 0x2d, 0x14, 0x2d, 0x2d, 0x14,
    0x14, 0x60, 0x1e, 0x1a, 0x1e, 0x48, 0x1b, 0x0a, 0x00, 0x12, 0x00, 0x00,
    0x01, 0x00, 0x02, 0x1e, 0x1b, 0x1e, 0x1e, 0x1b, 0x14, 0x00, 0x12, 0x01,
    0x00, 0x7a, 0x1e, 0x1b, 0x89, 0x1a, 0x02, 0x1a, 0x1b, 0x1b, 0x1e, 0x13,
    0x0c, 0x6f, 0x1a, 0x16, 0x0a, 0x05, 0x16, 0x1a, 0x16, 0x14, 0x00, 0x1a,
    0x1b, 0x1a, 0x1a, 0x48, 0x1b, 0x14, 0x03, 0x1c, 0x1e, 0x04, 0x05, 0x00,
    0x42, 0x00, 0x00, 0x00, 0x00, 0x00, 0x18, 0x00, 0x38, 0x16, 0x1a, 0x1a,
    0x1e, 0x1a, 0x1a, 0x1a, 0x1a, 0x1a, 0x1a, 0x1a, 0x1e, 0x1e, 0x4a, 0x1e,
    0x16, 0x05, 0x00, 0x14, 0x16, 0x1e, 0x1a, 0x16, 0x2a, 0x21, 0x3d, 0x3b,
    0x09, 0x16, 0x68, 0x1a, 0x1e, 0x1a, 0x16, 0x07, 0x00, 0x01, 0x00, 0x00,
    0x00, 0x00, 0x42, 0x00, 0x14, 0x16, 0x1a, 0x1a, 0x16, 0x0c, 0x00, 0x18,
    0x76, 0x00, 0x2a, 0x15, 0x16, 0x04, 0x15, 0x03, 0x1d, 0x54, 0x23, 0x23,
    0x06, 0x23, 0x06, 0x23, 0x01, 0x03, 0x16, 0x1a, 0x48, 0x16, 0x0d, 0x00,
    0x01, 0x00, 0x00, 0x00, 0x00, 0x00, 0x00, 0x01, 0x00, 0x1f, 0x1e, 0x09,
    0x1e, 0x1b, 0x48, 0x47, 0x00, 0x01, 0x00, 0x00, 0x00, 0x00, 0x00, 0x00,
    0x00, 0x00, 0x39, 0x00, 0x2a, 0x16, 0x1a, 0x1a, 0x16, 0x2a, 0x00, 0x18,
    0x00, 0x00, 0x00, 0x00, 0x00, 0x00, 0x00, 0x00, 0x00, 0x00, 0x00, 0x00,
    0x00, 0x00, 0x00, 0x00, 0x00, 0x00, 0x00, 0x00, 0x00, 0x00, 0x00, 0x00,
    0x00, 0x00, 0x00, 0x00, 0x00, 0x00, 0x00, 0x00, 0x00, 0x00, 0x00, 0x00,
    0x00, 0x00, 0x00, 0x00, 0x00, 0x00, 0x00, 0x00, 0x00, 0x00, 0x00, 0x00,
    0x00, 0x00, 0x00, 0x00, 0x00, 0x00, 0x6e, 0x00, 0x38, 0x16, 0x1e, 0x4a,
    0x16, 0x05, 0x00, 0x18, 0x42, 0x00, 0x2a, 0x15, 0x16, 0x16, 0x15, 0x20,
    0x26, 0x3f, 0x06, 0x23, 0x06, 0x06, 0x33, 0x9e, 0x23, 0x03, 0x16, 0x1a,
    0x1e, 0x16, 0x0d, 0x00, 0x23, 0x00, 0x00, 0x00, 0x00, 0x00, 0x00, 0x01,
    0x00, 0x02, 0x1a, 0x1c, 0x1e, 0x1c, 0x20, 0x33, 0x00, 0x26, 0x00, 0x00,
    0x00, 0x00, 0x00, 0x00, 0x00, 0x00, 0x64, 0x00, 0x0c, 0x16, 0x1a, 0x48,
    0x16, 0x0c, 0x00, 0x82, 0x00, 0x00, 0x00, 0x00, 0x00, 0x00, 0x00, 0x00,
    0x00, 0x00, 0x00, 0x00, 0x00, 0x01, 0x03, 0x1b, 0x1e, 0x1e, 0x1c, 0x03,
    0x0d, 0x0d, 0x0d, 0x11, 0x49, 0x11, 0x11, 0x0d, 0x11, 0x0d, 0x8b, 0x0d,
    0x11, 0x49, 0x11, 0x0d, 0x0d, 0x11, 0x0d, 0x0d, 0x1e, 0x1a, 0x1e, 0x1b,
    0x1a, 0x47, 0x00, 0x01, 0x00, 0x00, 0x06, 0x00, 0x0a, 0x1b, 0x1e, 0x1e,
    0x1a, 0x1c, 0x04, 0x04, 0x16, 0x16, 0x04, 0x16, 0x16, 0x04, 0x04, 0x16,
    0x04, 0x16, 0x16, 0x04, 0x16, 0x16, 0x04, 0x04, 0x16, 0x16, 0x04, 0x16,
    0x04, 0x04, 0x16, 0x04, 0x1c, 0x1e, 0x1a, 0x1b, 0x1e, 0x1f, 0x00, 0x01,
    0x00, 0x3e, 0x00, 0x07, 0x1b, 0x1e, 0x4a, 0x4a, 0x1e, 0x60, 0x14, 0x14,
    0x14, 0x14, 0x14, 0x14, 0x05, 0x1e, 0x1b, 0x1e, 0x1a, 0x16, 0x14, 0x00,
    0x18, 0x00, 0x00, 0x01, 0x00, 0x21, 0x1e, 0x09, 0x1a, 0x1e, 0x16, 0x14,
    0x00, 0x13, 0x00, 0x00, 0x00, 0x00, 0x00, 0x00, 0x06, 0x00, 0x2c, 0x1b,
    0x1e, 0x1e, 0x1b, 0x14, 0x00, 0x00, 0x00, 0x00, 0x00, 0x00, 0x00, 0x00,
    0x00, 0x00, 0x00, 0x00, 0x00, 0x4b, 0x00, 0x14, 0x16, 0x1a, 0x1b, 0x14,
    0x00, 0x33, 0x18, 0x00, 0x0c, 0x04, 0x1a, 0x1e, 0x1b, 0x09, 0x1f, 0x00,
    0x79, 0x42, 0x18, 0x19, 0x00, 0x00, 0x11, 0x16, 0x1e, 0x1a, 0x1b, 0x1a,
    0x21, 0x00, 0x00, 0x00, 0x00, 0x00, 0x00, 0x00, 0x42, 0x00, 0x38, 0x16,
    0x89, 0x1a, 0x21, 0x00, 0x01, 0x00, 0x00, 0x00, 0x00, 0x00, 0x00, 0x00,
    0x00, 0x17, 0x00, 0x2c, 0x1e, 0x1e, 0x16, 0x05, 0x00, 0x42, 0x00, 0x00,
    0x00, 0x00, 0x00, 0x00, 0x00, 0x00, 0x00, 0x00, 0x00, 0x00, 0x00, 0x00,
    0x00, 0x00, 0x00, 0x00, 0x00, 0x00, 0x42, 0x00, 0x2a, 0x16, 0x1e, 0x1a,
    0x4d, 0x1e, 0x16, 0x16, 0x16, 0x4f, 0x16, 0x16, 0x16, 0x16, 0x1a, 0x1e,
    0x1e, 0x1a, 0x16, 0x0c, 0x00, 0x13, 0x00, 0x00, 0x01, 0x00, 0x28, 0x1a,
    0x1b, 0x48, 0x1a, 0x1c, 0x14, 0x00, 0x33, 0x01, 0x00, 0x8e, 0x4a, 0x1c,
    0x1b, 0x1e, 0x0a, 0x1e, 0x1e, 0x1c, 0x4a, 0x00, 0x0d, 0x04, 0x1e, 0x16,
    0x0a, 0x60, 0x16, 0x1a, 0x04, 0x14, 0x00, 0x4a, 0x1b, 0x1e, 0x1e, 0x1b,
    0x15, 0x14, 0x20, 0x16, 0x1a, 0x16, 0x0c, 0x00, 0x18, 0x00, 0x00, 0x00,
    0x00, 0x00, 0x42, 0x00, 0x27, 0x16, 0x1a, 0x48, 0x4c, 0x1b, 0x04, 0x04,
    0x16, 0x04, 0x04, 0x16, 0x1b, 0x1a, 0x1e, 0x4e, 0x16, 0x60, 0x00, 0x14,
    0x16, 0x1a, 0x1e, 0x1c, 0x03, 0x1a, 0x16, 0x04, 0x1a, 0x1e, 0x1a, 0x4d,
    0x1b, 0x16, 0x03, 0x1f, 0x01, 0x32, 0x00, 0x00, 0x00, 0x00, 0x18, 0x00,
    0x2d, 0x04, 0x1e, 0x4a, 0x16, 0x0c, 0x00, 0x18, 0x17, 0x4b, 0x02, 0x1a,
    0x1c, 0x1a, 0x1a, 0x16, 0x14, 0x00, 0x18, 0x00, 0x00, 0x00, 0x13, 0x00,
    0x14, 0x16, 0x1a, 0x1a, 0x48, 0x1b, 0x3d, 0x00, 0x33, 0x00, 0x00, 0x00,
    0x00, 0x00, 0x00, 0x01, 0x00, 0x28, 0x1a, 0x1b, 0x1e, 0x1c, 0x1a, 0x1f,
    0x00, 0x01, 0x00, 0x00, 0x00, 0x00, 0x00, 0x00, 0x00, 0x00, 0x29, 0x00,
    0x0c, 0x16, 0x1a, 0x48, 0x16, 0x59, 0x00, 0x42, 0x00, 0x00, 0x00, 0x00,
    0x00, 0x00, 0x00, 0x00, 0x00, 0x00, 0x00, 0x00, 0x00, 0x00, 0x00, 0x00,
    0x00, 0x00, 0x00, 0x00, 0x00, 0x00, 0x00, 0x00, 0x00, 0x00, 0x00, 0x00,
    0x00, 0x00, 0x00, 0x00, 0x00, 0x00, 0x00, 0x00, 0x00, 0x00, 0x00, 0x00,
    0x00, 0x00, 0x00, 0x00, 0x00, 0x00, 0x00, 0x00, 0x00, 0x00, 0x00, 0x00,
    0x00, 0x00, 0x42, 0x00, 0x05, 0x16, 0x1e, 0x1a, 0x16, 0x27, 0x00, 0x64,
    0x0b, 0x33, 0x02, 0x1e, 0x1c, 0x1a, 0x1e, 0x16, 0x14, 0x00, 0x13, 0x00,
    0x00, 0x00, 0x42, 0x00, 0x14, 0x16, 0x1a, 0x48, 0x4e, 0x1b, 0x0a, 0x00,
    0x12, 0x00, 0x00, 0x00, 0x00, 0x00, 0x00, 0x01, 0x00, 0x02, 0x1e, 0x1b,
    0x1e, 0x08, 0x03, 0x33, 0x00, 0x26, 0x00, 0x00, 0x00, 0x00, 0x00, 0x00,
    0x00, 0x00, 0x42, 0x00, 0x2a, 0x16, 0x1a, 0x1a, 0x16, 0x0c, 0x00, 0x18,
    0x00, 0x00, 0x00, 0x00, 0x00, 0x00, 0x00, 0x00, 0x00, 0x00, 0x00, 0x00,
    0x00, 0x01, 0x2e, 0x1c, 0x1a, 0x1e, 0x1a, 0x16, 0x16, 0x16, 0x16, 0x16,
    0x04, 0x16, 0x4f, 0x16, 0x16, 0x16, 0x04, 0x16, 0x16, 0x16, 0x16, 0x16,
    0x16, 0x16, 0x16, 0x16, 0x4a, 0x1e, 0x4a, 0x1b, 0x1e, 0x21, 0x00, 0x01,
    0x00, 0x00, 0x23, 0x00, 0x0a, 0x1c, 0x1e, 0x4a, 0x1b, 0x1e, 0x0d, 0x0d,
    0x0d, 0x0d, 0x0d, 0x0d, 0x0d, 0x0d, 0x0d, 0x0d, 0x0d, 0x0d, 0x0d, 0x0d,
    0x0d, 0x0d, 0x0d, 0x0d, 0x0d, 0x0d, 0x0d, 0x0d, 0x0d, 0x0d, 0x0d, 0x0d,
    0x1e, 0x1b, 0x48, 0x1c, 0x1e, 0x1f, 0x00, 0x01, 0x00, 0x42, 0x00, 0x38,
    0x16, 0x1e, 0x1a, 0x08, 0x1a, 0x16, 0x16, 0x16, 0x16, 0x16, 0x16, 0x16,
    0x16, 0x1a, 0x1e, 0x4a, 0x1e, 0x16, 0x0d, 0x00, 0x33, 0x00, 0x00, 0x01,
    0x00, 0x21, 0x48, 0x1c, 0x1a, 0x4a, 0x16, 0x14, 0x00, 0x13, 0x00, 0x00,
    0x00, 0x00, 0x00, 0x00, 0x0b, 0x00, 0x0a, 0x08, 0x1c, 0x09, 0x04, 0x14,
    0x00, 0x00, 0x00, 0x00, 0x00, 0x00, 0x00, 0x00, 0x00, 0x00, 0x00, 0x00,
    0x00, 0x4b, 0x00, 0x14, 0x16, 0x1e, 0x08, 0x14, 0x00, 0x33, 0x06, 0x00,
    0x07, 0x1c, 0x1e, 0x1e, 0x1a, 0x1c, 0x22, 0x07, 0x00, 0x00, 0x00, 0x00,
    0x1f, 0x5b, 0x16, 0x1e, 0x1e, 0x1e, 0x16, 0x0d, 0x00, 0x01, 0x2d, 0x3d,
    0x3d, 0x2d, 0x00, 0x01, 0x42, 0x00, 0x05, 0x04, 0x1e, 0x1a, 0x21, 0x00,
    0x01, 0x00, 0x00, 0x00, 0x00, 0x00, 0x00, 0x00, 0x00, 0x1d, 0x00, 0x2f,
    0x4a, 0x48, 0x16, 0x27, 0x00, 0x42, 0x00, 0x00, 0x00, 0x00, 0x00, 0x00,
    0x00, 0x00, 0x00, 0x00, 0x00, 0x00, 0x00, 0x00, 0x00, 0x00, 0x00, 0x00,
    0x00, 0x00, 0x00, 0x51, 0x03, 0x1b, 0x1a, 0x48, 0x1a, 0x1a, 0x1a, 0x1a,
    0x1a, 0x1a, 0x1a, 0x1a, 0x1a, 0x1a, 0x4c, 0x48, 0x4e, 0x4a, 0x1b, 0x03,
    0x02, 0x00, 0x00, 0x00, 0x01, 0x00, 0x02, 0x1a, 0x1c, 0x1e, 0x1a, 0x1b,
    0x14, 0x00, 0x33, 0x01, 0x00, 0x55, 0x1e, 0x16, 0x04, 0x1a, 0x2d, 0x1b,
    0x1e, 0x16, 0x03, 0x29, 0x11, 0x15, 0x1c, 0x66, 0x0a, 0x05, 0x16, 0x1a,
    0x16, 0x14, 0x00, 0x1e, 0x1c, 0x1e, 0x4a, 0x03, 0x5a, 0x0a, 0x0d, 0x16,
    0x1a, 0x16, 0x0c, 0x00, 0x76, 0x00, 0x00, 0x00, 0x00, 0x00, 0x64, 0x00,
    0x27, 0x16, 0x1a, 0x1e, 0x1b, 0x0d, 0x27, 0x0c, 0x0c, 0x0c, 0x0c, 0x05,
    0x20, 0x1b, 0x1e, 0x4a, 0x16, 0x05, 0x00, 0x2d, 0x16, 0x1a, 0x4a, 0x1e,
    0x1b, 0x1c, 0x1e, 0x1a, 0x1e, 0x1a, 0x16, 0x16, 0xa7, 0x7b, 0x24, 0x00,
    0x00, 0x00, 0x00, 0x00, 0x00, 0x00, 0x42, 0x00, 0x05, 0x16, 0x1e, 0x1a,
    0x16, 0x0c, 0x00, 0x42, 0x01, 0x00, 0x00, 0x0c, 0x16, 0x1e, 0x4a, 0x1c,
    0x08, 0x21, 0x01, 0x0b, 0x00, 0x0f, 0x0f, 0x02, 0x22, 0x1c, 0x1e, 0x1e,
    0x16, 0x0d, 0x00, 0x3e, 0x00, 0x00, 0x00, 0x00, 0x00, 0x00, 0x00, 0x01,
    0x00, 0x02, 0x1a, 0x1b, 0x1e, 0x08, 0x1a, 0x1f, 0x00, 0x01, 0x00, 0x00,
    0x00, 0x00, 0x00, 0x00, 0x00, 0x00, 0x19, 0x00, 0x0c, 0x16, 0x1a, 0x1e,
    0x16, 0x0c, 0x00, 0x76, 0x00, 0x00, 0x00, 0x00, 0x00, 0x00, 0x00, 0x00,
    0x00, 0x00, 0x00, 0x00, 0x00, 0x00, 0x00, 0x00, 0x00, 0x00, 0x00, 0x00,
    0x00, 0x00, 0x00, 0x00, 0x00, 0x00, 0x00, 0x00, 0x00, 0x00, 0x00, 0x00,
    0x00, 0x00, 0x00, 0x00, 0x00, 0x00, 0x00, 0x00, 0x00, 0x00, 0x00, 0x00,
    0x00, 0x00, 0x00, 0x00, 0x00, 0x00, 0x00, 0x00, 0x00, 0x00, 0x64, 0x00,
    0x27, 0x16, 0x1a, 0x1a, 0x16, 0x05, 0x00, 0x69, 0x00, 0x00, 0x00, 0x0c,
    0x04, 0x1a, 0x1e, 0x1c, 0x1b, 0x47, 0x0f, 0x0f, 0x00, 0x17, 0x01, 0x02,
    0x1b, 0x08, 0x1e, 0x1a, 0x16, 0x0d, 0x00, 0x01, 0x00, 0x00, 0x00, 0x00,
    0x00, 0x00, 0x00, 0x01, 0x00, 0x28, 0x1a, 0x1b, 0x1e, 0x09, 0x03, 0x33,
    0x00, 0x26, 0x00, 0x00, 0x00, 0x00, 0x00, 0x00, 0x00, 0x00, 0x6e, 0x00,
    0x0c, 0x16, 0x1a, 0x1a, 0x16, 0x0c, 0x00, 0x42, 0x00, 0x00, 0x00, 0x00,
    0x00, 0x00, 0x00, 0x00, 0x00, 0x00, 0x00, 0x00, 0x23, 0x00, 0x0d, 0x16,
    0x48, 0x1a, 0x48, 0x1a, 0x1e, 0x1a, 0x1a, 0x1e, 0x1a, 0x1e, 0x1a, 0x1e,
    0x1a, 0x1e, 0x1a, 0x1e, 0x1a, 0x1e, 0x1a, 0x1e, 0x1e, 0x1a, 0x1e, 0x1a,
    0x1e, 0x4d, 0x1a, 0x16, 0x03, 0x42, 0x01, 0x00, 0x00, 0x00, 0x23, 0x00,
    0x0a, 0x08, 0x1e, 0x1a, 0x16, 0x0c, 0x00, 0x00, 0x00, 0x00, 0x00, 0x00,
    0x00, 0x00, 0x00, 0x00, 0x00, 0x00, 0x00, 0x00, 0x00, 0x00, 0x00, 0x00,
    0x00, 0x00, 0x00, 0x00, 0x00, 0x00, 0x00, 0x00, 0x03, 0x16, 0x1e, 0x1b,
    0x1a, 0x45, 0x00, 0x01, 0x00, 0x01, 0x3c, 0x03, 0x16, 0x1a, 0x48, 0x1a,
    0x1a, 0x4a, 0x1a, 0x1a, 0x1a, 0x4a, 0x1a, 0x1a, 0x48, 0x4a, 0x1a, 0x08,
    0x4a, 0x1b, 0x1e, 0x1f, 0x00, 0x01, 0x00, 0x01, 0x00, 0x21, 0x1a, 0x1b,
    0x1e, 0x1e, 0x16, 0x2d, 0x00, 0x13, 0x00, 0x00, 0x00, 0x00, 0x00, 0x00,
    0x17, 0x00, 0x0a, 0x1e, 0x1a, 0x1e, 0x1b, 0x0a, 0x00, 0x00, 0x00, 0x00,
    0x00, 0x00, 0x00, 0x00, 0x00, 0x00, 0x00, 0x00, 0x00, 0x4b, 0x00, 0x14,
    0x16, 0x1a, 0x1c, 0x2d, 0x00, 0x33, 0x00, 0x23, 0x00, 0x0d, 0x16, 0x4a,
    0x1e, 0x1e, 0x1c, 0x09, 0x0d, 0x0c, 0x2a, 0x0c, 0x1b, 0x46, 0x1a, 0x1a,
    0x4a, 0x4c, 0x16, 0x14, 0x01, 0x01, 0x03, 0x15, 0x52, 0x03, 0x01, 0x18,
    0x41, 0x00, 0x27, 0x16, 0x4a, 0x1e, 0x21, 0x00, 0x23, 0x12, 0x23, 0x01,
    0x00, 0x00, 0x00, 0x00, 0x00, 0x17, 0x00, 0x0a, 0x1a, 0x1a, 0x16, 0x38,
    0x00, 0x18, 0x00, 0x00, 0x00, 0x00, 0x00, 0x00, 0x00, 0x00, 0x00, 0x00,
    0x00, 0x00, 0x00, 0x00, 0x00, 0x00, 0x00, 0x00, 0x00, 0x06, 0x00, 0x2c,
    0x1b, 0x1e, 0x1a, 0x4d, 0x1e, 0x4a, 0x48, 0x1e, 0x48, 0x4a, 0x1e, 0x1e,
    0x48, 0x1a, 0x1e, 0x48, 0x1a, 0x1e, 0x1e, 0x1b, 0x14, 0x00, 0x33, 0x00,
    0x01, 0x00, 0x21, 0x1e, 0x1b, 0x1e, 0x1e, 0x1b, 0x2d, 0x00, 0x12, 0x00,
    0x00, 0x0b, 0x0a, 0x3d, 0x14, 0x0a, 0x05, 0x16, 0x1a, 0x04, 0x0c, 0x00,
    0x6d, 0x50, 0x14, 0x3d, 0x1f, 0x05, 0x04, 0x1e, 0x16, 0x14, 0x00, 0x1a,
    0x1b, 0x1b, 0x1e, 0xa1, 0x00, 0x00, 0x0d, 0x16, 0x1e, 0x04, 0x0d, 0x00,
    0x01, 0x00, 0x00, 0x00, 0x00, 0x00, 0x69, 0x00, 0x38, 0x16, 0x1a, 0x1e,
    0x16, 0x27, 0x00, 0x00, 0x00, 0x00, 0x00, 0x00, 0x27, 0x16, 0x1a, 0x1e,
    0x16, 0x05, 0x00, 0x14, 0x16, 0x1a, 0x1e, 0x48, 0x1a, 0x1e, 0x1a, 0x1b,
    0x16, 0x1c, 0x49, 0x3d, 0xa8, 0x00, 0x00, 0x01, 0x00, 0x00, 0x00, 0x00,
    0x00, 0x00, 0x18, 0x00, 0x60, 0x16, 0x1a, 0x1a, 0x16, 0x38, 0x06, 0x00,
    0x00, 0x3d, 0x1f, 0x28, 0x1a, 0x09, 0x1e, 0x1e, 0x16, 0x0d, 0x00, 0x33,
    0x06, 0x06, 0x00, 0x0d, 0x16, 0x1a, 0x48, 0x1a, 0x1b, 0x07, 0x00, 0x06,
    0x00, 0x00, 0x00, 0x00, 0x00, 0x00, 0x00, 0x01, 0x00, 0x1f, 0x1e, 0x1c,
    0x1e, 0x1b, 0x03, 0x19, 0x00, 0x26, 0x00, 0x06, 0x06, 0x00, 0x00, 0x00,
    0x00, 0x00, 0x39, 0x00, 0x2a, 0x16, 0x1a, 0x1a, 0x16, 0x0c, 0x00, 0x6e,
    0x00, 0x00, 0x00, 0x00, 0x00, 0x00, 0x00, 0x00, 0x00, 0x00, 0x00, 0x00,
    0x00, 0x00, 0x00, 0x00, 0x00, 0x00, 0x00, 0x00, 0x00, 0x00, 0x00, 0x00,
    0x00, 0x00, 0x00, 0x00, 0x00, 0x00, 0x00, 0x00, 0x00, 0x00, 0x00, 0x00,
    0x00, 0x00, 0x00, 0x00, 0x00, 0x00, 0x00, 0x00, 0x00, 0x00, 0x00, 0x00,
    0x00, 0x00, 0x00, 0x00, 0x00, 0x00, 0x42, 0x00, 0x38, 0x04, 0x1e, 0x4a,
    0x16, 0x27, 0x06, 0x00, 0x00, 0x14, 0x1f, 0x1f, 0x1b, 0x1c, 0x1a, 0x1e,
    0x04, 0x0d, 0x00, 0x4b, 0x06, 0x06, 0x00, 0x0d, 0x16, 0x1a, 0x1e, 0x1b,
    0x08, 0x0a, 0x00, 0x06, 0x00, 0x00, 0x00, 0x00, 0x00, 0x00, 0x00, 0x01,
    0x00, 0x1f, 0x1a, 0x09, 0x1e, 0x1b, 0x03, 0x00, 0x00, 0x00, 0x00, 0x06,
    0x01, 0x00, 0x00, 0x00, 0x00, 0x00, 0x18, 0x00, 0x0c, 0x16, 0x1a, 0x48,
    0x16, 0x59, 0x00, 0x64, 0x00, 0x00, 0x00, 0x00, 0x00, 0x00, 0x00, 0x00,
    0x00, 0x00, 0x00, 0x00, 0x01, 0x26, 0x0a, 0x08, 0x16, 0x16, 0x16, 0x04,
    0x04, 0x16, 0x04, 0x16, 0x16, 0x04, 0x16, 0x16, 0x04, 0x16, 0x16, 0x04,
    0x4f, 0x04, 0x04, 0x16, 0x04, 0x04, 0x16, 0x16, 0x16, 0x04, 0x4f, 0x09,
    0x2d, 0x00, 0x23, 0x00, 0x00, 0x00, 0x06, 0x00, 0x0a, 0x15, 0x16, 0x16,
    0x66, 0x11, 0x33, 0x55, 0xa9, 0x1f, 0x5b, 0x22, 0x22, 0x20, 0xaa, 0x03,
    0x20, 0x98, 0x03, 0x20, 0x98, 0x03, 0x20, 0x98, 0x03, 0xab, 0x2d, 0x00,
    0x37, 0x4b, 0x8c, 0x33, 0x03, 0x15, 0x16, 0x04, 0x89, 0x47, 0x00, 0x01,
    0x01, 0x00, 0x0a, 0x08, 0x1e, 0x1e, 0x4a, 0x4d, 0x1e, 0x1e, 0x48, 0x1a,
    0x1e, 0x1e, 0x1a, 0x1e, 0x1e, 0x4a, 0x08, 0x1e, 0x1a, 0x1a, 0x16, 0x14,
    0x00, 0x18, 0x00, 0x01, 0x00, 0x21, 0x48, 0x1b, 0x1a, 0x1e, 0x16, 0x14,
    0x00, 0x13, 0x00, 0x00, 0x00, 0x00, 0x00, 0x00, 0x00, 0x00, 0x3e, 0x21,
    0x21, 0x21, 0x21, 0x23, 0x0b, 0x19, 0x33, 0x00, 0x00, 0x00, 0x00, 0x00,
    0x00, 0x25, 0x29, 0x42, 0x42, 0x63, 0x42, 0x14, 0x04, 0x1e, 0x1c, 0x14,
    0x00, 0x12, 0x00, 0x0f, 0x0f, 0x21, 0x1b, 0x16, 0x1a, 0x1e, 0x1e, 0x1a,
    0x16, 0x16, 0x16, 0x16, 0x43, 0x1a, 0x48, 0x08, 0x1a, 0x1b, 0x03, 0x86,
    0x00, 0x00, 0x11, 0x16, 0x1c, 0x0d, 0x00, 0x00, 0x00, 0x00, 0x38, 0x16,
    0x1a, 0x4a, 0x1f, 0x01, 0x00, 0x00, 0x00, 0x00, 0x06, 0x00, 0x00, 0x00,
    0x00, 0x17, 0x00, 0x71, 0x1e, 0x1e, 0x16, 0x05, 0x42, 0x69, 0x64, 0x42,
    0x18, 0x26, 0x00, 0x00, 0x00, 0x00, 0x00, 0x3c, 0x42, 0x42, 0x01, 0x00,
    0x00, 0x00, 0x00, 0x00, 0x00, 0x42, 0x00, 0x0c, 0x16, 0x1a, 0x1e, 0x4a,
    0x1b, 0x16, 0x16, 0x16, 0x16, 0x16, 0x16, 0x16, 0x16, 0x16, 0x16, 0x1b,
    0x1a, 0x1e, 0x48, 0x16, 0x0c, 0x00, 0x13, 0x00, 0x01, 0x00, 0x21, 0x48,
    0x1c, 0x1a, 0x48, 0x1b, 0x14, 0x00, 0x33, 0x00, 0x00, 0x00, 0x00, 0x00,
    0x00, 0x00, 0x0d, 0x16, 0x1a, 0x1c, 0x0d, 0x0c, 0x7c, 0x14, 0x00, 0x00,
    0x00, 0x05, 0x16, 0x1a, 0x16, 0x2d, 0x00, 0x1e, 0x1c, 0x1b, 0x1e, 0x3f,
    0x17, 0x26, 0x2a, 0x16, 0x1a, 0x1c, 0x03, 0x00, 0x00, 0x00, 0x00, 0x00,
    0x00, 0x00, 0x18, 0x00, 0x05, 0x16, 0x1e, 0x4a, 0x1b, 0x03, 0x2a, 0xac,
    0x34, 0x2a, 0xac, 0x0c, 0x03, 0x1c, 0x1a, 0x1e, 0x16, 0x05, 0x00, 0x14,
    0x16, 0x1a, 0x1e, 0x4c, 0x1b, 0x04, 0x1c, 0x22, 0x5e, 0x0a, 0x00, 0x00,
    0x00, 0x00, 0x01, 0x4b, 0x33, 0x00, 0x00, 0x00, 0x00, 0x00, 0x42, 0x00,
    0x05, 0x16, 0x1a, 0x1e, 0x16, 0x05, 0x00, 0x07, 0x3b, 0x1a, 0x02, 0x00,
    0x05, 0x16, 0x1e, 0x1a, 0x4a, 0x16, 0x0c, 0x00, 0x00, 0x00, 0x94, 0x16,
    0x1a, 0x1e, 0x1a, 0x16, 0x0c, 0x00, 0x33, 0x00, 0x00, 0x00, 0x00, 0x00,
    0x00, 0x00, 0x00, 0x01, 0x00, 0x47, 0x1a, 0x1c, 0x1e, 0x1b, 0x03, 0x42,
    0x26, 0x1d, 0x01, 0x00, 0x00, 0x1d, 0x00, 0x00, 0x00, 0x00, 0x29, 0x00,
    0x0c, 0x16, 0x1a, 0x4a, 0x16, 0x0c, 0x00, 0x42, 0x00, 0x00, 0x00, 0x00,
    0x00, 0x00, 0x00, 0x00, 0x00, 0x00, 0x00, 0x00, 0x00, 0x00, 0x00, 0x00,
    0x01, 0x06, 0x06, 0x23, 0x06, 0x06, 0x00, 0x00, 0x00, 0x00, 0x00, 0x00,
    0x00, 0x00, 0x00, 0x00, 0x00, 0x00, 0x00, 0x00, 0x00, 0x00, 0x00, 0x00,
    0x00, 0x00, 0x00, 0x00, 0x00, 0x00, 0x00, 0x00, 0x00, 0x00, 0x00, 0x00,
    0x00, 0x00, 0x18, 0x00, 0x05, 0x16, 0x1e, 0x1a, 0x16, 0x14, 0x00, 0x3d,
    0x22, 0x1a, 0x21, 0x00, 0x05, 0x04, 0x1e, 0x1a, 0x48, 0x16, 0x0c, 0x00,
    0x00, 0x00, 0x5b, 0x4f, 0x1a, 0x1e, 0x4a, 0x16, 0x0c, 0x00, 0x33, 0x00,
    0x00, 0x00, 0x00, 0x00, 0x00, 0x00, 0x00, 0x25, 0x00, 0x02, 0x1e, 0x1b,
    0x1e, 0x1c, 0x03, 0x00, 0xa4, 0x56, 0x01, 0x00, 0x00, 0x1d, 0x00, 0x00,
    0x00, 0x00, 0x42, 0x00, 0x2a, 0x16, 0x1a, 0x1e, 0x16, 0x0c, 0x00, 0x69,
    0x00, 0x00, 0x00, 0x00, 0x00, 0x00, 0x00, 0x00, 0x00, 0x00, 0x00, 0x00,
    0x00, 0x01, 0x00, 0x47, 0x5e, 0x7b, 0x05, 0x05, 0x05, 0x05, 0x27, 0x05,
    0x05, 0x05, 0x05, 0x05, 0x05, 0x05, 0x05, 0x05, 0x05, 0x05, 0x05, 0x05,
    0x05, 0x05, 0x05, 0x05, 0x05, 0x5e, 0x5e, 0x0a, 0x00, 0x01, 0x00, 0x00,
    0x00, 0x00, 0x25, 0x00, 0x07, 0xad, 0x0d, 0x0c, 0x7e, 0x05, 0x00, 0x7d,
    0x00, 0x0c, 0x15, 0x1c, 0x09, 0x1b, 0x89, 0x1b, 0x1b, 0xae, 0x08, 0x1b,
    0x1b, 0x89, 0x80, 0x08, 0x1c, 0x16, 0x1b, 0x07, 0x00, 0x23, 0x01, 0x00,
    0x60, 0x49, 0x0c, 0x0d, 0x0c, 0x1f, 0x00, 0x01, 0x18, 0x00, 0x60, 0x16,
    0x1a, 0x1e, 0x4e, 0x1b, 0x16, 0x16, 0x16, 0x16, 0x16, 0x16, 0x16, 0x16,
    0x16, 0x16, 0x1b, 0x1e, 0x4a, 0x1e, 0x16, 0x0d, 0x00, 0x23, 0x00, 0x01,
    0x00, 0x21, 0x1e, 0x1c, 0x1a, 0x4a, 0x16, 0x14, 0x00, 0x13, 0x00, 0x00,
    0x00, 0x00, 0x00, 0x00, 0x00, 0x00, 0x12, 0x00, 0x00, 0x00, 0x00, 0x4b,
    0x00, 0x00, 0x00, 0x4b, 0x42, 0x42, 0x42, 0x13, 0x69, 0x00, 0x00, 0x00,
    0x00, 0x00, 0x00, 0x2d, 0x16, 0x1a, 0x1b, 0x14, 0x00, 0x33, 0x00, 0x00,
    0x25, 0x00, 0x0a, 0x09, 0x16, 0x1a, 0x4a, 0x08, 0x1a, 0x1a, 0x1a, 0x1a,
    0x1e, 0x4a, 0x4d, 0x1e, 0x1e, 0x16, 0x27, 0x00, 0x1f, 0x1f, 0x0d, 0x08,
    0x62, 0x03, 0x21, 0x21, 0x1f, 0x00, 0x27, 0x16, 0x1e, 0x1a, 0x70, 0x00,
    0x07, 0x3d, 0x07, 0x21, 0x00, 0x0f, 0x00, 0x00, 0x00, 0x1d, 0x00, 0x2c,
    0x1a, 0x48, 0x16, 0x05, 0x00, 0x00, 0x00, 0x00, 0x00, 0x01, 0x42, 0x42,
    0x18, 0x42, 0x42, 0x00, 0x00, 0x00, 0x00, 0x00, 0x00, 0x00, 0x00, 0x00,
    0x26, 0x00, 0x0e, 0x1a, 0x1b, 0x1e, 0x1a, 0x16, 0x0d, 0x14, 0x14, 0x14,
    0x14, 0x14, 0x14, 0x14, 0x14, 0x14, 0x14, 0x0d, 0x16, 0x1a, 0x4a, 0x1b,
    0x1a, 0x55, 0x00, 0x26, 0x01, 0x00, 0x21, 0x1a, 0x1b, 0x1e, 0x1a, 0x1c,
    0x14, 0x00, 0x12, 0x00, 0x00, 0x00, 0x23, 0x7d, 0x29, 0x07, 0x1b, 0x1e,
    0x1e, 0x4a, 0x1b, 0x16, 0x15, 0x1a, 0x0e, 0x24, 0x00, 0x27, 0x16, 0x1a,
    0x16, 0x14, 0x00, 0x1e, 0x1c, 0x09, 0x1e, 0x28, 0x00, 0x00, 0x27, 0x16,
    0x1a, 0x1b, 0x1e, 0x1f, 0x00, 0x01, 0x00, 0x00, 0x00, 0x00, 0x42, 0x00,
    0x27, 0x16, 0x1a, 0x1e, 0x1a, 0x1b, 0x16, 0x46, 0x6f, 0x6f, 0x04, 0x16,
    0x1c, 0x1a, 0x48, 0x1a, 0x16, 0x27, 0x00, 0x2d, 0x16, 0x1a, 0x1e, 0x1b,
    0x1b, 0x5b, 0x07, 0x01, 0x00, 0x00, 0x01, 0x12, 0xaf, 0x45, 0x00, 0x00,
    0x00, 0x00, 0x00, 0x00, 0x00, 0x00, 0x42, 0x00, 0x60, 0x16, 0x1a, 0x48,
    0x1b, 0x05, 0x0c, 0x1c, 0x16, 0x1a, 0x28, 0x01, 0x23, 0x20, 0x16, 0x1a,
    0x1e, 0x1a, 0x16, 0x0c, 0x21, 0x0d, 0x16, 0x1a, 0x1e, 0x48, 0x16, 0x03,
    0x45, 0x23, 0x01, 0x00, 0x00, 0x00, 0x00, 0x00, 0x00, 0x00, 0x00, 0x01,
    0x00, 0x1f, 0x1e, 0x08, 0x1e, 0x1c, 0x03, 0x51, 0x00, 0x00, 0x00, 0x0a,
    0x7e, 0x14, 0x00, 0x06, 0x00, 0x00, 0x19, 0x00, 0x0c, 0x16, 0x1a, 0x1e,
    0x16, 0x59, 0x00, 0x64, 0x00, 0x00, 0x00, 0x00, 0x00, 0x00, 0x00, 0x00,
    0x00, 0x00, 0x00, 0x00, 0x00, 0x00, 0x00, 0x00, 0x00, 0x00, 0x00, 0x00,
    0x00, 0x00, 0x00, 0x00, 0x00, 0x00, 0x00, 0x00, 0x00, 0x00, 0x00, 0x00,
    0x00, 0x00, 0x00, 0x00, 0x00, 0x00, 0x00, 0x00, 0x00, 0x00, 0x00, 0x00,
    0x00, 0x00, 0x00, 0x00, 0x00, 0x00, 0x00, 0x00, 0x00, 0x00, 0x69, 0x00,
    0x0c, 0x16, 0x1a, 0x1a, 0x1b, 0x05, 0x2a, 0x1c, 0x16, 0x1a, 0x02, 0x01,
    0x37, 0x03, 0x16, 0x1a, 0x1a, 0x48, 0x16, 0x0c, 0x21, 0x0d, 0x16, 0x1a,
    0x48, 0x1a, 0x16, 0x03, 0x8e, 0x23, 0x01, 0x00, 0x00, 0x00, 0x00, 0x00,
    0x00, 0x00, 0x00, 0x0f, 0x00, 0x02, 0x1a, 0x1b, 0x1e, 0x1b, 0x20, 0x13,
    0x00, 0x00, 0x00, 0x07, 0x7e, 0x3d, 0x00, 0x06, 0x00, 0x00, 0x18, 0x00,
    0x2a, 0x16, 0x1a, 0x1a, 0x16, 0x2a, 0x00, 0x42, 0x00, 0x00, 0x00, 0x00,
    0x00, 0x00, 0x00, 0x00, 0x00, 0x00, 0x00, 0x00, 0x00, 0x00, 0x00, 0x00,
    0x00, 0x00, 0x00, 0x00, 0x00, 0x00, 0x00, 0x00, 0x00, 0x00, 0x00, 0x00,
    0x00, 0x00, 0x00, 0x00, 0x00, 0x00, 0x00, 0x00, 0x00, 0x00, 0x00, 0x00,
    0x00, 0x00, 0x00, 0x00, 0x00, 0x00, 0x00, 0x00, 0x00, 0x00, 0x00, 0x00,
    0x00, 0x00, 0x00, 0x00, 0x00, 0x00, 0x01, 0x00, 0x28, 0x1a, 0x09, 0x1e,
    0x1e, 0x1e, 0x1e, 0x1e, 0x1e, 0x1e, 0x1e, 0x1e, 0x1e, 0x1e, 0x1e, 0x1e,
    0x1e, 0x1e, 0x04, 0x0c, 0x00, 0x29, 0x00, 0x00, 0x00, 0x00, 0x00, 0x00,
    0x00, 0x00, 0x00, 0x00, 0x01, 0x3e, 0x03, 0x1b, 0x1e, 0x4a, 0x16, 0x0d,
    0x3d, 0x14, 0x14, 0x14, 0x14, 0x14, 0x2d, 0x14, 0x14, 0x14, 0x0d, 0x16,
    0x1a, 0x48, 0x1b, 0x1a, 0x21, 0x00, 0x01, 0x01, 0x00, 0x21, 0x1a, 0x1c,
    0x1e, 0x1a, 0x16, 0x14, 0x00, 0x13, 0x00, 0x00, 0x00, 0x00, 0x00, 0x00,
    0x00, 0x00, 0x00, 0x00, 0x00, 0x00, 0x00, 0x00, 0x0a, 0x57, 0x14, 0x00,
    0x00, 0x00, 0x00, 0x00, 0x00, 0x2c, 0x57, 0x0c, 0x2a, 0x0c, 0x0c, 0x0d,
    0x1c, 0x1e, 0x1b, 0x14, 0x00, 0x33, 0x00, 0x00, 0x00, 0x01, 0x00, 0x02,
    0x3b, 0x1b, 0x16, 0x16, 0x08, 0x1c, 0x16, 0x08, 0x1e, 0x4e, 0x1a, 0x4a,
    0x1b, 0x03, 0x02, 0x00, 0x0c, 0x16, 0x1e, 0x1e, 0x1a, 0x1e, 0x48, 0x1b,
    0x03, 0x00, 0x05, 0x16, 0x1b, 0x03, 0x0a, 0x3b, 0x1c, 0x09, 0x1c, 0x1b,
    0x05, 0x00, 0x0b, 0x00, 0x00, 0x17, 0x00, 0x2f, 0x1a, 0x1a, 0x1b, 0x03,
    0x2a, 0x2a, 0x0c, 0x2a, 0x2a, 0x1d, 0x00, 0x00, 0x00, 0x00, 0x00, 0x00,
    0x5b, 0x5b, 0x02, 0x00, 0x01, 0x00, 0x00, 0x00, 0x12, 0x00, 0x2d, 0x16,
    0x1e, 0x4a, 0x1e, 0x1b, 0x07, 0x00, 0x00, 0x00, 0x00, 0x00, 0x00, 0x00,
    0x00, 0x00, 0x00, 0x14, 0x16, 0x1e, 0x1a, 0x1e, 0x16, 0x2d, 0x00, 0x33,
    0x01, 0x00, 0x21, 0x1e, 0x1c, 0x1e, 0x1e, 0x1b, 0x14, 0x00, 0x33, 0x00,
    0x00, 0x00, 0x00, 0x29, 0x00, 0x0c, 0x16, 0x1e, 0x1e, 0x1a, 0x1e, 0x1e,
    0x4a, 0x1b, 0x07, 0x00, 0x00, 0x38, 0x16, 0x1a, 0x04, 0x14, 0x00, 0x1a,
    0x1b, 0x08, 0x1e, 0x02, 0x29, 0x06, 0x14, 0x16, 0x1a, 0x1e, 0x1b, 0x0a,
    0x00, 0x01, 0x00, 0x00, 0x00, 0x00, 0x18, 0x00, 0x38, 0x16, 0x1a, 0x1e,
    0x48, 0x1a, 0x1a, 0x1a, 0x1e, 0x1a, 0x1a, 0x1a, 0x1e, 0x1e, 0x4a, 0x1e,
    0x16, 0x05, 0x00, 0x14, 0x16, 0x1a, 0x1e, 0x04, 0x0c, 0x00, 0x00, 0x00,
    0x18, 0x25, 0x17, 0x00, 0x0d, 0x16, 0x03, 0xad, 0x27, 0x00, 0x01, 0x00,
    0x00, 0x00, 0x39, 0x00, 0x0c, 0x16, 0x1a, 0x1e, 0x1a, 0x48, 0x16, 0x1a,
    0x09, 0x1e, 0x1f, 0x00, 0x00, 0x0a, 0x1b, 0x1b, 0x1e, 0x4a, 0x1a, 0x1c,
    0x1a, 0x16, 0x1a, 0x1a, 0x48, 0x1b, 0x1c, 0x0a, 0x00, 0x0b, 0x00, 0x00,
    0x00, 0x00, 0x00, 0x00, 0x00, 0x00, 0x00, 0x01, 0x00, 0x1f, 0x1a, 0x1b,
    0x1e, 0x04, 0x11, 0x00, 0x55, 0x3d, 0x3b, 0x08, 0x15, 0x14, 0x00, 0x13,
    0x00, 0x00, 0x29, 0x00, 0x0c, 0x16, 0x1a, 0x1a, 0x16, 0x0c, 0x00, 0x42,
    0x00, 0x00, 0x00, 0x00, 0x00, 0x00, 0x00, 0x00, 0x00, 0x00, 0x00, 0x00,
    0x00, 0x00, 0x01, 0x00, 0x02, 0x07, 0x0a, 0x0a, 0x0a, 0x0a, 0x5c, 0x00,
    0x00, 0x00, 0x00, 0x00, 0x00, 0x00, 0x00, 0x00, 0x00, 0x00, 0x00, 0x00,
    0x00, 0x00, 0x00, 0x00, 0x00, 0x00, 0x00, 0x00, 0x00, 0x00, 0x00, 0x00,
    0x00, 0x00, 0x00, 0x00, 0x00, 0x00, 0x18, 0x00, 0x2a, 0x16, 0x1a, 0x48,
    0x1e, 0x1e, 0x16, 0x1a, 0x1c, 0x1e, 0x28, 0x00, 0x00, 0x07, 0x1c, 0x1b,
    0x1e, 0x1a, 0x1a, 0x1c, 0x1a, 0x16, 0x1a, 0x48, 0x1a, 0x1c, 0x1b, 0x0a,
    0x00, 0x17, 0x00, 0x00, 0x00, 0x00, 0x00, 0x00, 0x00, 0x00, 0x00, 0x25,
    0x00, 0x07, 0x1e, 0x1a, 0x48, 0x16, 0x0d, 0x00, 0x02, 0x3d, 0xa7, 0x5f,
    0x66, 0x14, 0x00, 0x33, 0x00, 0x00, 0x42, 0x00, 0x0c, 0x16, 0x1a, 0x1a,
    0x16, 0x0c, 0x00, 0x18, 0x00, 0x00, 0x00, 0x00, 0x00, 0x00, 0x00, 0x00,
    0x00, 0x00, 0x00, 0x00, 0x00, 0x00, 0x1f, 0x47, 0x0a, 0x0a, 0x07, 0x1f,
    0x29, 0x1f, 0x07, 0x0a, 0x2c, 0x6b, 0x1f, 0x13, 0x42, 0x29, 0x1f, 0x2c,
    0x0a, 0x2c, 0x6b, 0x1f, 0x40, 0x42, 0x42, 0x55, 0x2c, 0x0a, 0x0a, 0x02,
    0x28, 0x01, 0x00, 0x00, 0x00, 0x00, 0x00, 0x00, 0x01, 0x13, 0x13, 0x13,
    0x42, 0x01, 0x25, 0x00, 0x1f, 0x1a, 0x1b, 0x1e, 0x1a, 0x1b, 0x48, 0x1a,
    0x4a, 0x1a, 0x4a, 0x1e, 0x1a, 0x4a, 0x1c, 0x1a, 0x1a, 0x1e, 0x16, 0x0c,
    0x00, 0x13, 0x00, 0x00, 0x00, 0x00, 0x00, 0x00, 0x00, 0x00, 0x00, 0x23,
    0x00, 0x0a, 0x1b, 0x1e, 0x1e, 0x1a, 0x16, 0x14, 0x00, 0x00, 0x00, 0x00,
    0x00, 0x00, 0x00, 0x00, 0x00, 0x00, 0x0a, 0x1b, 0x1a, 0x1e, 0x1a, 0x16,
    0x2d, 0x26, 0x18, 0x01, 0x00, 0x21, 0x48, 0x1b, 0x1e, 0x1e, 0x16, 0x2d,
    0x00, 0x13, 0x00, 0x00, 0x00, 0x00, 0x00, 0x3c, 0x00, 0x06, 0x38, 0x5b,
    0x0c, 0x81, 0x0c, 0x0c, 0x1a, 0x16, 0x08, 0x0d, 0x2a, 0x11, 0x11, 0x0d,
    0x11, 0x03, 0x16, 0x04, 0x16, 0x16, 0x16, 0x1b, 0x1a, 0x1e, 0x1c, 0x14,
    0x00, 0x12, 0x00, 0x00, 0x00, 0x00, 0x0b, 0x00, 0x00, 0x07, 0x5b, 0x22,
    0x03, 0x1e, 0x03, 0x20, 0x1b, 0x1e, 0x1e, 0x1a, 0x16, 0x14, 0x00, 0x00,
    0x0d, 0x15, 0x1a, 0x4a, 0x1e, 0x1b, 0x16, 0x66, 0x1a, 0x00, 0x27, 0x04,
    0x1a, 0x48, 0x1a, 0x15, 0x04, 0x5f, 0x1e, 0x08, 0x16, 0x14, 0x00, 0x06,
    0x00, 0x1d, 0x00, 0x0a, 0x48, 0x1e, 0x1e, 0x1b, 0x16, 0x16, 0x4f, 0x16,
    0x04, 0x0d, 0x2a, 0xb0, 0x0c, 0x2a, 0x2a, 0x03, 0x16, 0x66, 0x0c, 0x00,
    0x42, 0x00, 0x00, 0x00, 0x13, 0x00, 0x0c, 0x16, 0x1a, 0x1e, 0x1b, 0x03,
    0x1f, 0x13, 0x13, 0x33, 0x33, 0xb1, 0x33, 0x33, 0xb1, 0x29, 0x33, 0x02,
    0x1a, 0x1b, 0x1e, 0x1a, 0x16, 0x0c, 0x00, 0x13, 0x01, 0x00, 0x21, 0x4a,
    0x1c, 0x1a, 0x48, 0x1b, 0x14, 0x00, 0x33, 0x00, 0x00, 0x00, 0x18, 0x00,
    0x0a, 0x08, 0x4a, 0x1a, 0x16, 0xac, 0x03, 0x16, 0x1e, 0x16, 0x27, 0x00,
    0x00, 0x27, 0x16, 0x1a, 0x16, 0x14, 0x4b, 0x1a, 0x1b, 0x1c, 0x1e, 0xb2,
    0x00, 0x00, 0x0a, 0x1a, 0x48, 0x1a, 0x04, 0x14, 0x01, 0x18, 0x00, 0x00,
    0x00, 0x00, 0x69, 0x00, 0x27, 0x16, 0x1a, 0x4a, 0x08, 0x1b, 0x04, 0x16,
    0x16, 0x04, 0x16, 0x16, 0x1b, 0x1a, 0x1e, 0x4c, 0x16, 0x05, 0x00, 0x14,
    0x16, 0x4a, 0x1a, 0x16, 0x0c, 0x42, 0x42, 0x00, 0x00, 0x00, 0x1d, 0x00,
    0x03, 0x16, 0x1b, 0x15, 0x03, 0x00, 0x01, 0x00, 0x00, 0x00, 0x13, 0x26,
    0x0d, 0x16, 0x1a, 0x1e, 0x4a, 0x1e, 0x1e, 0x1a, 0x1b, 0x1e, 0x02, 0x00,
    0x5c, 0x00, 0x14, 0x1c, 0x1e, 0x1e, 0x4a, 0x1e, 0x1b, 0x1e, 0x48, 0x1a,
    0x1b, 0x5f, 0x0a, 0x00, 0x13, 0x00, 0x00, 0x00, 0x00, 0x00, 0x00, 0x00,
    0x00, 0x00, 0x00, 0x01, 0x00, 0x0a, 0x09, 0x1e, 0x1a, 0x16, 0x0d, 0x27,
    0x22, 0x16, 0x16, 0x1e, 0x16, 0x2d, 0x00, 0x13, 0x00, 0x00, 0x39, 0x00,
    0x2a, 0x16, 0x1a, 0x4a, 0x16, 0x0c, 0x00, 0x6e, 0x00, 0x00, 0x00, 0x00,
    0x00, 0x00, 0x00, 0x00, 0x00, 0x00, 0x00, 0x00, 0x00, 0x00, 0x18, 0x00,
    0x05, 0x15, 0x1c, 0x1b, 0x08, 0x1a, 0x21, 0x00, 0x0f, 0x00, 0x00, 0x00,
    0x00, 0x00, 0x00, 0x00, 0x00, 0x00, 0x00, 0x00, 0x00, 0x00, 0x00, 0x00,
    0x00, 0x00, 0x00, 0x00, 0x00, 0x00, 0x00, 0x00, 0x00, 0x00, 0x00, 0x00,
    0x00, 0x00, 0x13, 0x00, 0x0d, 0x16, 0x1a, 0x1e, 0x4c, 0x1a, 0x1e, 0x1a,
    0x1b, 0x1e, 0x02, 0x00, 0x3f, 0x00, 0x27, 0x1b, 0x48, 0x1a, 0x08, 0x4a,
    0x1b, 0x1e, 0x1a, 0x1e, 0x1b, 0x1c, 0x0a, 0x00, 0x4b, 0x00, 0x00, 0x00,
    0x00, 0x00, 0x00, 0x00, 0x00, 0x00, 0x00, 0x06, 0x00, 0x0a, 0x1b, 0x1e,
    0x1a, 0x16, 0x0d, 0x27, 0x22, 0x16, 0x4f, 0x1e, 0x16, 0x2d, 0x00, 0x33,
    0x00, 0x00, 0x18, 0x00, 0x0c, 0x16, 0x1a, 0x48, 0x16, 0x59, 0x00, 0x18,
    0x00, 0x00, 0x00, 0x00, 0x00, 0x00, 0x00, 0x00, 0x00, 0x00, 0x00, 0x1d,
    0x00, 0x0a, 0x09, 0x1e, 0x4a, 0x1c, 0x1e, 0x21, 0x00, 0x0a, 0x1c, 0x1e,
    0x1e, 0x1a, 0x48, 0x02, 0x00, 0x00, 0x21, 0x1e, 0x1c, 0x1e, 0x1e, 0x1c,
    0x0a, 0x00, 0x01, 0x1f, 0x03, 0x1c, 0x1a, 0x1a, 0x04, 0x14, 0x00, 0x13,
    0x00, 0x00, 0x00, 0x00, 0x00, 0x00, 0x00, 0x00, 0x00, 0x00, 0x3e, 0x06,
    0x07, 0x1e, 0x48, 0x4a, 0x1b, 0x03, 0x0a, 0x07, 0x2c, 0x0a, 0x2c, 0x2c,
    0x0a, 0x0a, 0x2d, 0x1b, 0x1a, 0x4a, 0x16, 0x0c, 0x00, 0x13, 0x01, 0x00,
    0x1f, 0xb3, 0x3d, 0x07, 0x21, 0x23, 0x00, 0x18, 0x00, 0x0c, 0x16, 0x4a,
    0x1a, 0x1b, 0x1e, 0x21, 0x33, 0x19, 0x33, 0x33, 0xb1, 0x33, 0x33, 0xb1,
    0x13, 0x13, 0x63, 0x03, 0x1b, 0x1e, 0x48, 0x16, 0x0d, 0x00, 0x23, 0x01,
    0x00, 0x21, 0x1a, 0x1c, 0x1a, 0x4a, 0x16, 0x14, 0x00, 0x13, 0x00, 0x00,
    0x00, 0x00, 0x00, 0x3c, 0x00, 0x37, 0x1a, 0x52, 0x16, 0x16, 0x6f, 0x04,
    0x03, 0x52, 0x1e, 0x0c, 0x27, 0x27, 0x27, 0x60, 0x27, 0x0d, 0x15, 0x04,
    0x46, 0x6f, 0x04, 0x09, 0x1e, 0x1a, 0x1b, 0x2d, 0x00, 0x33, 0x00, 0x00,
    0x00, 0x00, 0x00, 0x01, 0x01, 0x00, 0x00, 0x00, 0x41, 0x28, 0x01, 0x03,
    0x1c, 0x48, 0x1e, 0x16, 0x0d, 0x00, 0x37, 0x00, 0x38, 0x7e, 0x1e, 0x1b,
    0x1b, 0x1a, 0x0d, 0x3b, 0x11, 0x00, 0x27, 0x16, 0x1a, 0x1c, 0x16, 0x03,
    0x0d, 0x03, 0x1b, 0x1e, 0x04, 0x0d, 0x00, 0x33, 0x00, 0x17, 0x00, 0x71,
    0x1e, 0x4a, 0x1e, 0x1b, 0x46, 0x46, 0x04, 0xb4, 0x16, 0x0c, 0x05, 0x27,
    0x05, 0x60, 0x27, 0x0d, 0x16, 0x15, 0x05, 0x00, 0x42, 0x00, 0x00, 0x01,
    0x00, 0x1f, 0x1a, 0x1b, 0x1e, 0x4a, 0x16, 0x0c, 0x00, 0x18, 0x00, 0x00,
    0x00, 0x00, 0x00, 0x00, 0x00, 0x00, 0x33, 0x00, 0x0d, 0x16, 0x4a, 0x1a,
    0x1c, 0x1a, 0x55, 0x00, 0x3e, 0x00, 0x21, 0x1e, 0x1b, 0x1e, 0x1a, 0x1b,
    0x14, 0x00, 0x12, 0x00, 0x00, 0x42, 0x00, 0x54, 0x22, 0x1c, 0x1e, 0x1a,
    0x1b, 0x1f, 0x0c, 0x16, 0x1a, 0x16, 0x03, 0x00, 0x01, 0x27, 0x16, 0x1a,
    0x16, 0x14, 0x00, 0x48, 0x1c, 0x68, 0x1a, 0x2d, 0x5b, 0x0c, 0x1f, 0x1a,
    0x1b, 0x1e, 0x16, 0x11, 0x00, 0x70, 0x23, 0x13, 0x00, 0x00, 0x64, 0x00,
    0x05, 0x16, 0x1e, 0x1a, 0x1b, 0x0d, 0x27, 0x27, 0x05, 0x05, 0x27, 0x27,
    0x0d, 0x1b, 0x1e, 0x1a, 0x16, 0x27, 0x00, 0x2d, 0x16, 0x1e, 0x1a, 0x16,
    0x0c, 0x06, 0xb5, 0x00, 0x00, 0x00, 0x12, 0x01, 0x03, 0x04, 0x1e, 0x16,
    0x03, 0x00, 0x01, 0x00, 0x00, 0x00, 0x00, 0x00, 0x20, 0x1b, 0x1e, 0x4a,
    0x4e, 0x08, 0x4a, 0x1e, 0x16, 0x1a, 0x28, 0x01, 0x00, 0x00, 0x00, 0x0c,
    0x16, 0x1a, 0x1e, 0x48, 0x1a, 0x1a, 0x4d, 0x1e, 0x1b, 0x14, 0x00, 0x00,
    0x00, 0x4b, 0x13, 0x01, 0x01, 0x00, 0x00, 0x00, 0x00, 0x00, 0x00, 0x12,
    0x25, 0x3d, 0x1b, 0x1e, 0x4a, 0x08, 0x1e, 0x16, 0x1c, 0x1a, 0x1a, 0x1a,
    0x04, 0x14, 0x00, 0x13, 0x00, 0x00, 0x29, 0x00, 0x0c, 0x04, 0x1a, 0x1e,
    0x16, 0x2a, 0x00, 0x42, 0x00, 0x00, 0x00, 0x00, 0x00, 0x00, 0x00, 0x00,
    0x00, 0x00, 0x00, 0x00, 0x00, 0x00, 0x42, 0x00, 0x27, 0x16, 0x1a, 0x1e,
    0x48, 0x1a, 0x21, 0x00, 0x0f, 0x00, 0x00, 0x00, 0x00, 0x00, 0x00, 0x00,
    0x00, 0x00, 0x00, 0x00, 0x00, 0x00, 0x00, 0x00, 0x00, 0x00, 0x00, 0x00,
    0x00, 0x00, 0x00, 0x00, 0x00, 0x00, 0x00, 0x00, 0x00, 0x00, 0x00, 0x00,
    0x03, 0x1b, 0x1e, 0x4a, 0x1e, 0x4c, 0x1e, 0x48, 0x16, 0x1a, 0x1f, 0x0b,
    0x00, 0x00, 0x00, 0x0d, 0x16, 0x1e, 0x4a, 0x1e, 0x1e, 0x4a, 0x4d, 0x1a,
    0x1b, 0x0a, 0x00, 0x00, 0x00, 0x4b, 0x13, 0x3e, 0x01, 0x00, 0x00, 0x00,
    0x00, 0x00, 0x00, 0x33, 0x17, 0x14, 0x16, 0x4a, 0x1e, 0x1a, 0x1e, 0x16,
    0x1c, 0x1a, 0x1e, 0x4a, 0x16, 0x14, 0x00, 0x12, 0x00, 0x00, 0x64, 0x00,
    0x2a, 0x16, 0x1a, 0x1a, 0x16, 0x0c, 0x00, 0x82, 0x00, 0x00, 0x00, 0x00,
    0x00, 0x00, 0x00, 0x00, 0x00, 0x00, 0x00, 0x18, 0x00, 0x60, 0x16, 0x1a,
    0x1e, 0x16, 0x0d, 0x00, 0x01, 0x54, 0x1a, 0x1b, 0x1e, 0x1a, 0x16, 0x14,
    0x00, 0x41, 0x00, 0x0d, 0x16, 0x1a, 0x1e, 0x16, 0x27, 0x00, 0x55, 0x00,
    0x0d, 0x04, 0x1e, 0x1a, 0x16, 0x0d, 0x00, 0x06, 0x00, 0x00, 0x00, 0x00,
    0x00, 0x00, 0x00, 0x01, 0x1d, 0x13, 0x41, 0x00, 0x05, 0x16, 0x1e, 0x1a,
    0x16, 0x0d, 0x00, 0x00, 0x00, 0x00, 0x00, 0x00, 0x00, 0x00, 0x55, 0x1e,
    0x08, 0x1a, 0x16, 0x0c, 0x00, 0x13, 0x0b, 0x00, 0x0a, 0x16, 0x16, 0x1a,
    0xb6, 0x05, 0x00, 0x23, 0x40, 0x03, 0x1b, 0x1e, 0x1e, 0x16, 0x11, 0x00,
    0x06, 0x00, 0x00, 0x00, 0x00, 0x00, 0x00, 0x00, 0x00, 0x18, 0x00, 0x2a,
    0x16, 0x1a, 0x1a, 0x1c, 0x1e, 0x02, 0x00, 0x01, 0x00, 0x21, 0x48, 0x1b,
    0x1e, 0x1a, 0x16, 0x14, 0x00, 0x13, 0x00, 0x00, 0x00, 0x00, 0x00, 0x3c,
    0x00, 0x9e, 0x03, 0x1c, 0x1a, 0x1a, 0x1e, 0x1a, 0x02, 0x7c, 0x0a, 0x00,
    0x00, 0x00, 0x00, 0x00, 0x00, 0x1f, 0x7c, 0x05, 0x05, 0x96, 0x05, 0x0c,
    0x1b, 0x1e, 0x08, 0x14, 0x00, 0x12, 0x00, 0x00, 0x00, 0x00, 0x00, 0x00,
    0x00, 0x01, 0x42, 0x01, 0xb7, 0x00, 0x0c, 0x16, 0x1e, 0x1a, 0x4a, 0x1b,
    0x07, 0x26, 0x01, 0x00, 0x00, 0x00, 0x0d, 0x16, 0x1c, 0x0d, 0x00, 0x00,
    0x00, 0x00, 0x38, 0x16, 0x1e, 0x1b, 0x5b, 0x51, 0x00, 0x40, 0x03, 0x1c,
    0x1c, 0x03, 0x23, 0x00, 0x00, 0x1d, 0x00, 0x0a, 0x1a, 0x4a, 0x1b, 0x0d,
    0x05, 0x05, 0x38, 0x05, 0x27, 0x00, 0x00, 0x00, 0x00, 0x00, 0x00, 0x00,
    0x5e, 0x38, 0x13, 0x00, 0x00, 0x00, 0x00, 0x4b, 0x00, 0x14, 0x04, 0x1a,
    0x1e, 0x4a, 0x16, 0x14, 0x00, 0x4b, 0x00, 0x00, 0x00, 0x00, 0x00, 0x00,
    0x00, 0x00, 0x18, 0x00, 0x14, 0x16, 0x1e, 0x1e, 0x4a, 0x16, 0x3d, 0x00,
    0x9e, 0x00, 0x21, 0x1a, 0x1c, 0x1e, 0x1e, 0x1b, 0x2d, 0x00, 0xb8, 0x00,
    0x01, 0x00, 0x0e, 0x22, 0x16, 0x1e, 0x1e, 0x16, 0x0d, 0x00, 0x14, 0x04,
    0x1a, 0x1c, 0x1e, 0x1f, 0x00, 0x05, 0x16, 0x1a, 0x16, 0x05, 0x14, 0x1c,
    0x1b, 0x1e, 0x1e, 0x16, 0x15, 0x1a, 0x01, 0x11, 0x16, 0x1a, 0x1c, 0x1b,
    0x55, 0x00, 0x00, 0x00, 0x00, 0x00, 0x42, 0x00, 0x38, 0x16, 0x1e, 0x48,
    0x16, 0x05, 0x00, 0x00, 0x00, 0x00, 0x00, 0x00, 0x05, 0x16, 0x48, 0x1a,
    0x16, 0x05, 0x00, 0x14, 0x16, 0x1a, 0x1e, 0x16, 0x0c, 0x00, 0x0f, 0x00,
    0x01, 0x00, 0x00, 0x00, 0x03, 0x1c, 0x1a, 0x04, 0x03, 0x00, 0x01, 0x00,
    0x01, 0x01, 0x02, 0x0d, 0x1b, 0x1e, 0x1e, 0x4a, 0x1e, 0x1a, 0x16, 0x1b,
    0x49, 0x1f, 0x00, 0x00, 0x02, 0x5e, 0x49, 0x1b, 0x1a, 0x4a, 0x08, 0x4c,
    0x1a, 0x1e, 0x4a, 0x1a, 0x1e, 0x22, 0x5b, 0x07, 0x70, 0x00, 0x00, 0x00,
    0x00, 0x01, 0x00, 0x00, 0x00, 0x00, 0x00, 0x42, 0x00, 0x27, 0x16, 0x1a,
    0x1e, 0x4a, 0x1a, 0x4a, 0x1e, 0x1e, 0x1a, 0x48, 0x15, 0x14, 0x00, 0x13,
    0x00, 0x00, 0x19, 0x00, 0x59, 0x16, 0x1a, 0x1a, 0x16, 0x0c, 0x00, 0x18,
    0x00, 0x00, 0x00, 0x00, 0x00, 0x00, 0x00, 0x00, 0x00, 0x00, 0x00, 0x00,
    0x00, 0x00, 0x18, 0x00, 0x60, 0x16, 0x1a, 0x1e, 0x1c, 0x4a, 0x21, 0x00,
    0x25, 0x00, 0x00, 0x00, 0x00, 0x00, 0x00, 0x00, 0x00, 0x00, 0x00, 0x00,
    0x00, 0x00, 0x00, 0x00, 0x00, 0x00, 0x00, 0x00, 0x00, 0x00, 0x00, 0x00,
    0x00, 0x00, 0x00, 0x00, 0x01, 0x01, 0x21, 0x11, 0x1b, 0x1e, 0x4a, 0x1e,
    0x1e, 0x4a, 0x16, 0x1b, 0x5b, 0x0e, 0x00, 0x00, 0x21, 0x7b, 0x85, 0x09,
    0x1a, 0x1e, 0x4a, 0x4e, 0x1e, 0x4a, 0x1e, 0x1e, 0x1b, 0x22, 0x5b, 0x07,
    0x54, 0x00, 0x00, 0x00, 0x00, 0x0f, 0x00, 0x00, 0x00, 0x00, 0x00, 0x18,
    0x00, 0x38, 0x16, 0x1e, 0x1a, 0x4d, 0x1a, 0x1a, 0x1e, 0x1e, 0x1a, 0x4a,
    0x15, 0x14, 0x00, 0x33, 0x00, 0x00, 0x42, 0x00, 0x0c, 0x16, 0x1a, 0x1a,
    0x16, 0x0c, 0x00, 0x42, 0x00, 0x00, 0x00, 0x00, 0x00, 0x00, 0x00, 0x00,
    0x00, 0x00, 0x00, 0x0f, 0x00, 0x03, 0x16, 0x1a, 0x1a, 0x16, 0x05, 0x00,
    0x1f, 0x00, 0x0d, 0x16, 0x4a, 0x1e, 0x16, 0x0c, 0x00, 0x8e, 0x00, 0x38,
    0x16, 0x1a, 0x4a, 0x16, 0x03, 0x00, 0x8c, 0x00, 0x14, 0x16, 0x4a, 0x1e,
    0x1b, 0x48, 0x0e, 0x00, 0x01, 0x00, 0x00, 0x3c, 0x18, 0x13, 0x1d, 0x00,
    0x00, 0x00, 0x00, 0x3d, 0x1c, 0x1c, 0x1a, 0x1e, 0x16, 0x0c, 0x3e, 0xb9,
    0x1d, 0x17, 0x1d, 0x1d, 0x56, 0x17, 0x0a, 0x48, 0x4a, 0x1e, 0x16, 0x59,
    0x18, 0x13, 0x5d, 0x13, 0x07, 0x1a, 0x1a, 0x1e, 0x16, 0x05, 0x00, 0x00,
    0x0a, 0x1c, 0x1e, 0x1a, 0x48, 0x16, 0x14, 0x00, 0x42, 0x00, 0x00, 0x00,
    0x00, 0x00, 0x00, 0x00, 0x00, 0x33, 0x00, 0x3d, 0x16, 0x1e, 0x1a, 0x1e,
    0x16, 0x14, 0x26, 0x37, 0x00, 0x21, 0x1a, 0x1c, 0x1e, 0x1e, 0x16, 0x14,
    0x00, 0xba, 0x00, 0x00, 0x00, 0x00, 0x00, 0x3c, 0x00, 0x51, 0x20, 0x1b,
    0x1e, 0x1e, 0x4a, 0x1a, 0x00, 0x00, 0x00, 0x13, 0x76, 0x69, 0x42, 0x13,
    0x69, 0x00, 0x00, 0x00, 0x00, 0x00, 0x00, 0x14, 0x16, 0x1e, 0x1c, 0x14,
    0x00, 0x33, 0x00, 0x00, 0x00, 0x00, 0x00, 0x00, 0x00, 0x00, 0x00, 0x06,
    0x25, 0x07, 0x09, 0x1b, 0x1e, 0x1e, 0x16, 0x0c, 0x00, 0x4b, 0x00, 0x00,
    0x6c, 0x01, 0x0d, 0x04, 0x09, 0xbb, 0x23, 0x7d, 0xbc, 0x00, 0x05, 0x16,
    0x1a, 0x1e, 0x37, 0x00, 0x21, 0x00, 0x0c, 0x16, 0x08, 0x1e, 0x3f, 0x00,
    0x01, 0x8d, 0x00, 0x0a, 0x1e, 0x1e, 0x16, 0x27, 0x00, 0x00, 0x00, 0x00,
    0x00, 0x01, 0x42, 0x69, 0x42, 0x69, 0x42, 0x01, 0x00, 0x00, 0x00, 0x00,
    0x00, 0x00, 0x00, 0x12, 0x00, 0x0d, 0x16, 0x1e, 0x1a, 0x1c, 0x1e, 0x21,
    0x00, 0x01, 0x00, 0x00, 0x00, 0x00, 0x00, 0x00, 0x00, 0x00, 0x01, 0x00,
    0x1f, 0x1a, 0x1b, 0x1e, 0x1e, 0x16, 0x0c, 0x00, 0x37, 0x00, 0x21, 0x4a,
    0x1a, 0x48, 0x1a, 0x1c, 0x14, 0x00, 0x33, 0x0f, 0x0b, 0x2c, 0xa7, 0x16,
    0x1a, 0x1a, 0x1b, 0x1c, 0x21, 0x01, 0x21, 0x1a, 0x1c, 0x1e, 0x16, 0x14,
    0x21, 0x94, 0x16, 0x1a, 0x1e, 0x48, 0x16, 0x1e, 0x1a, 0x1e, 0x4a, 0x1a,
    0x1b, 0x1a, 0x00, 0x27, 0x16, 0x1e, 0x1a, 0x16, 0x0d, 0x0a, 0x2d, 0x38,
    0x55, 0x00, 0x37, 0x00, 0x27, 0x16, 0x1a, 0x1a, 0x16, 0x27, 0x42, 0x01,
    0x00, 0x00, 0x00, 0x00, 0x2a, 0x16, 0x1a, 0x1e, 0x16, 0x38, 0x00, 0x14,
    0x16, 0x1a, 0x4a, 0x1c, 0x1b, 0x0a, 0x55, 0x00, 0x00, 0x3e, 0x0e, 0x5e,
    0x1c, 0x1e, 0x1e, 0x16, 0x03, 0x00, 0x01, 0x00, 0x32, 0x00, 0x21, 0x1e,
    0x1c, 0x1e, 0x1a, 0x4d, 0x1b, 0x04, 0x3b, 0x0a, 0x47, 0x07, 0x05, 0x3b,
    0x1a, 0x04, 0x16, 0x1c, 0x1e, 0x1e, 0x4a, 0x1e, 0x08, 0x48, 0x1a, 0x08,
    0x4a, 0x1c, 0x16, 0x09, 0x22, 0x85, 0x27, 0x0a, 0x19, 0x00, 0x00, 0x00,
    0x00, 0x00, 0x01, 0x01, 0x14, 0x22, 0x1c, 0x1e, 0x1a, 0x4d, 0x1a, 0x1e,
    0x4c, 0x1e, 0x16, 0x1c, 0x3b, 0x0a, 0x01, 0x0f, 0x00, 0x00, 0x29, 0x00,
    0x2a, 0x16, 0x1a, 0x48, 0x16, 0x59, 0x00, 0x42, 0x00, 0x00, 0x00, 0x00,
    0x00, 0x00, 0x00, 0x00, 0x00, 0x00, 0x00, 0x00, 0x00, 0x00, 0x42, 0x00,
    0x05, 0x16, 0x1a, 0x1a, 0x1b, 0x1e, 0x1f, 0x00, 0x0f, 0x00, 0x00, 0x00,
    0x00, 0x00, 0x00, 0x00, 0x00, 0x00, 0x00, 0x00, 0x00, 0x00, 0x00, 0x00,
    0x00, 0x00, 0x00, 0x00, 0x00, 0x00, 0x00, 0x00, 0x00, 0x00, 0x00, 0x00,
    0x01, 0x00, 0x21, 0x1e, 0x1b, 0x1e, 0x1a, 0x4c, 0x1b, 0x4f, 0x49, 0x0a,
    0x28, 0x07, 0xb3, 0x85, 0x1a, 0x16, 0x04, 0x1b, 0x1e, 0x1a, 0x4d, 0x1e,
    0x1a, 0x4c, 0x1e, 0x1e, 0x1a, 0x1c, 0x04, 0x5f, 0x03, 0x5b, 0x3d, 0x07,
    0x61, 0x00, 0x00, 0x00, 0x00, 0x00, 0x01, 0x01, 0x14, 0x1b, 0x1c, 0x1e,
    0x1a, 0x48, 0x48, 0x1a, 0x48, 0x1b, 0x16, 0x1c, 0x49, 0x0a, 0x01, 0x01,
    0x00, 0x00, 0x42, 0x00, 0x59, 0x16, 0x1e, 0x4a, 0x16, 0x0c, 0x00, 0x18,
    0x00, 0x00, 0x00, 0x00, 0x00, 0x00, 0x00, 0x00, 0x00, 0x00, 0x25, 0x00,
    0x07, 0x1e, 0x1a, 0x48, 0x1e, 0x1b, 0x07, 0x00, 0x86, 0x00, 0x27, 0x16,
    0x1a, 0x1a, 0x1c, 0x03, 0x23, 0x01, 0x00, 0x0a, 0x08, 0x1e, 0x1e, 0x1b,
    0x1a, 0x02, 0x00, 0x3c, 0x21, 0x1a, 0x1b, 0x1e, 0x1a, 0x16, 0x27, 0x00,
    0x42, 0x00, 0x00, 0x00, 0x00, 0x00, 0x00, 0x0e, 0x07, 0x7b, 0x3b, 0x09,
    0x08, 0x1e, 0x1e, 0x4a, 0x1b, 0x0a, 0x00, 0x23, 0x00, 0x00, 0x00, 0x00,
    0x0f, 0x00, 0x2f, 0x4e, 0x4a, 0x1e, 0x16, 0x2a, 0x00, 0x00, 0x00, 0x00,
    0x0a, 0x08, 0x1a, 0x1e, 0x16, 0x05, 0x00, 0x00, 0x0c, 0x16, 0x1a, 0x1a,
    0x1b, 0x1a, 0x21, 0x00, 0x01, 0x00, 0x00, 0x00, 0x00, 0x00, 0x00, 0x00,
    0x00, 0x26, 0x00, 0x28, 0x1a, 0x1c, 0x48, 0x1a, 0x16, 0x0d, 0x00, 0x13,
    0x00, 0x21, 0x1e, 0x1c, 0x1a, 0x4a, 0x16, 0x14, 0x00, 0x13, 0x00, 0x00,
    0x00, 0x00, 0x00, 0x3c, 0x00, 0x37, 0x03, 0x1b, 0x1e, 0x1e, 0x4c, 0x1e,
    0x0f, 0x29, 0x23, 0x00, 0x00, 0x00, 0x00, 0x00, 0x00, 0x0f, 0x19, 0x42,
    0x42, 0x70, 0x42, 0x2d, 0x16, 0x1a, 0x1b, 0x14, 0x00, 0x33, 0x00, 0x00,
    0x00, 0x00, 0x00, 0x00, 0x00, 0x00, 0x00, 0x06, 0x00, 0x0d, 0x16, 0x1e,
    0x1a, 0x1b, 0x1e, 0x45, 0x0f, 0x01, 0x00, 0x00, 0x23, 0x00, 0x0d, 0x16,
    0x1b, 0x0d, 0x00, 0x01, 0x29, 0x00, 0x27, 0x16, 0x1a, 0x1a, 0x21, 0x01,
    0xbd, 0x3c, 0x0c, 0x16, 0x68, 0x1e, 0x54, 0x00, 0x01, 0x1d, 0x00, 0x71,
    0x4a, 0x1a, 0x16, 0x60, 0x42, 0x42, 0x42, 0x42, 0x42, 0x26, 0x00, 0x00,
    0x00, 0x00, 0x00, 0x00, 0x13, 0x18, 0x00, 0x00, 0x00, 0x00, 0x01, 0x00,
    0x1f, 0x4a, 0x16, 0x16, 0x16, 0x15, 0x0d, 0x00, 0x33, 0x00, 0x00, 0x00,
    0x00, 0x00, 0x00, 0x00, 0x00, 0x00, 0x00, 0x01, 0x00, 0x0d, 0x52, 0x16,
    0x16, 0x44, 0x1a, 0x21, 0x00, 0x00, 0x21, 0x1c, 0x16, 0x04, 0x16, 0x66,
    0x14, 0x00, 0x42, 0x00, 0x21, 0x1e, 0x16, 0x1a, 0x1e, 0x48, 0x16, 0x14,
    0x00, 0x42, 0x00, 0x20, 0x16, 0x1a, 0x04, 0x0c, 0x05, 0x52, 0x1a, 0x1e,
    0x4a, 0x1a, 0x1e, 0x4a, 0x1e, 0x4e, 0x1b, 0x04, 0x15, 0x48, 0x3e, 0x0a,
    0x1b, 0x1a, 0x1e, 0x1e, 0x1c, 0x1b, 0x04, 0x1a, 0x10, 0x00, 0x40, 0x00,
    0x05, 0x04, 0x1a, 0x1a, 0x16, 0x38, 0x00, 0x2c, 0x3d, 0x0a, 0x2c, 0x07,
    0x03, 0x1c, 0x1a, 0x1e, 0x16, 0x05, 0x00, 0x14, 0x16, 0x1e, 0x1a, 0x1e,
    0x1b, 0x09, 0x1e, 0x20, 0x03, 0x03, 0x48, 0x1c, 0x1e, 0x1a, 0x4a, 0x16,
    0x0d, 0x00, 0x23, 0x00, 0x00, 0x01, 0x00, 0x03, 0x16, 0x4a, 0x1b, 0x16,
    0x68, 0x3d, 0x14, 0x7e, 0x1a, 0x16, 0x16, 0x04, 0x5f, 0x1a, 0x1e, 0x1a,
    0x1e, 0x1b, 0x16, 0x1a, 0x1b, 0x1b, 0x1e, 0x1e, 0x1a, 0x1e, 0x1e, 0x1a,
    0x1c, 0x04, 0x16, 0x08, 0x1e, 0x03, 0x1f, 0x00, 0x01, 0x00, 0x18, 0x00,
    0x2d, 0x16, 0x1a, 0x4a, 0x1e, 0x4d, 0x1a, 0x1b, 0x16, 0x08, 0x3b, 0x07,
    0x00, 0x00, 0x00, 0x00, 0x00, 0x00, 0x39, 0x00, 0x0c, 0x16, 0x1a, 0x1e,
    0x16, 0x0c, 0x00, 0x91, 0x00, 0x00, 0x00, 0x00, 0x00, 0x00, 0x00, 0x00,
    0x00, 0x00, 0x00, 0x00, 0x00, 0x00, 0x64, 0x00, 0x05, 0x52, 0x08, 0x1e,
    0x1b, 0x1e, 0x1f, 0x00, 0x01, 0x00, 0x00, 0x00, 0x00, 0x00, 0x00, 0x00,
    0x00, 0x00, 0x00, 0x00, 0x00, 0x00, 0x00, 0x00, 0x00, 0x00, 0x00, 0x00,
    0x00, 0x00, 0x00, 0x00, 0x00, 0x00, 0x00, 0x00, 0x00, 0x01, 0x00, 0x03,
    0x1c, 0x1e, 0x1b, 0x16, 0x22, 0x3d, 0x14, 0x7e, 0x1a, 0x16, 0x16, 0x46,
    0x1c, 0x1a, 0x1a, 0x1e, 0x4e, 0x1b, 0x16, 0x1e, 0x1b, 0x1b, 0x1e, 0x4a,
    0x1e, 0x1e, 0x1e, 0x1e, 0x1c, 0x16, 0x04, 0x1a, 0x1e, 0x0d, 0x02, 0x00,
    0x01, 0x00, 0x42, 0x00, 0x27, 0x04, 0x1a, 0x1e, 0x4c, 0x1a, 0x08, 0x1b,
    0x16, 0x09, 0x5b, 0x0a, 0x00, 0x00, 0x00, 0x00, 0x00, 0x00, 0x18, 0x00,
    0x2a, 0x16, 0x1a, 0x1e, 0x04, 0x0c, 0x00, 0x76, 0x00, 0x00, 0x00, 0x00,
    0x00, 0x00, 0x00, 0x00, 0x00, 0x00, 0x18, 0x00, 0x60, 0x16, 0x1a, 0x4c,
    0x1b, 0x03, 0x23, 0x00, 0x33, 0x00, 0x2c, 0x1c, 0x1e, 0x48, 0x1a, 0x1b,
    0x0a, 0x00, 0x01, 0x70, 0x03, 0x1c, 0x1e, 0x1a, 0x16, 0x14, 0x00, 0x1f,
    0x00, 0x0d, 0x16, 0x1e, 0x1a, 0x16, 0x0d, 0x00, 0x3e, 0x01, 0x00, 0x1f,
    0x5b, 0x0d, 0x11, 0x20, 0x1e, 0x16, 0x16, 0x1a, 0x1e, 0x08, 0x1a, 0x52,
    0x0c, 0x00, 0x01, 0x00, 0x00, 0x00, 0x00, 0x00, 0x0f, 0x00, 0x0a, 0x48,
    0x1a, 0x1a, 0x1b, 0x1a, 0x05, 0x2d, 0x14, 0x14, 0x11, 0x1b, 0x1e, 0x4a,
    0x16, 0x27, 0x00, 0x0e, 0x48, 0x16, 0x16, 0x04, 0x15, 0x03, 0x00, 0x0b,
    0x00, 0x00, 0x00, 0x00, 0x00, 0x00, 0x00, 0x00, 0x00, 0x00, 0x4b, 0x00,
    0x0d, 0x52, 0x16, 0x04, 0x16, 0x1c, 0x02, 0x00, 0x00, 0x21, 0x4a, 0x16,
    0x04, 0x16, 0x66, 0x14, 0x00, 0x13, 0x00, 0x00, 0x00, 0x00, 0x00, 0x3c,
    0x00, 0x9e, 0x1e, 0x15, 0x16, 0x16, 0x16, 0x04, 0x00, 0x00, 0x00, 0x00,
    0x00, 0x00, 0x00, 0x00, 0x00, 0x00, 0x00, 0x00, 0x00, 0x4b, 0x00, 0x14,
    0x04, 0x1a, 0x1c, 0x14, 0x00, 0x12, 0x00, 0x00, 0x00, 0x00, 0x00, 0x00,
    0x00, 0x00, 0x33, 0x00, 0x14, 0x16, 0x1a, 0x1e, 0x4a, 0x16, 0x05, 0x00,
    0x13, 0x00, 0x00, 0x00, 0x06, 0x00, 0x0d, 0x16, 0x1c, 0x0d, 0x00, 0x01,
    0x19, 0x00, 0x27, 0x16, 0x4a, 0x48, 0x21, 0x00, 0x41, 0x00, 0x2a, 0x16,
    0x1c, 0x1a, 0x3f, 0x00, 0x01, 0x1d, 0x00, 0x0a, 0x1e, 0x4e, 0x16, 0x05,
    0x00, 0x64, 0x00, 0x00, 0x00, 0x00, 0x00, 0x00, 0x00, 0x00, 0x00, 0x00,
    0x00, 0x00, 0x00, 0x00, 0x00, 0x00, 0x01, 0x00, 0x55, 0x3d, 0x14, 0x14,
    0x14, 0x77, 0x07, 0x00, 0x0f, 0x00, 0x00, 0x00, 0x00, 0x00, 0x00, 0x00,
    0x00, 0x00, 0x00, 0x0f, 0x00, 0x0a, 0x77, 0x14, 0x14, 0x14, 0x2d, 0x21,
    0x00, 0x00, 0x7a, 0x14, 0x14, 0x14, 0x14, 0x3d, 0x1f, 0x00, 0x01, 0x01,
    0x00, 0x0d, 0x16, 0x1a, 0x1a, 0x16, 0x0c, 0x00, 0x13, 0x18, 0x00, 0x0c,
    0x16, 0x1a, 0x16, 0x11, 0x14, 0x16, 0x1a, 0x48, 0x4e, 0x1b, 0x16, 0x16,
    0x16, 0x1e, 0x1e, 0x11, 0x94, 0x14, 0x29, 0x00, 0x0d, 0x16, 0x4a, 0x1e,
    0x1a, 0x1e, 0x16, 0x0d, 0x00, 0x3e, 0x42, 0x00, 0x38, 0x16, 0x1e, 0x1e,
    0x16, 0x05, 0x00, 0x0a, 0x16, 0x1c, 0x1e, 0x1b, 0x1c, 0x1e, 0x1a, 0x4a,
    0x16, 0x14, 0x00, 0x1f, 0x1a, 0x1b, 0x1e, 0x1a, 0x1e, 0x4a, 0x1b, 0x1c,
    0x16, 0x1b, 0x09, 0x1e, 0x1a, 0x1e, 0x1a, 0x16, 0x27, 0x00, 0x42, 0x00,
    0x00, 0x13, 0x00, 0x2a, 0x16, 0x46, 0x09, 0x5b, 0x28, 0x00, 0x14, 0x15,
    0x48, 0x1a, 0x1e, 0x1e, 0x4a, 0x1e, 0x1a, 0x1b, 0x16, 0x09, 0x5b, 0x0a,
    0x05, 0x22, 0x16, 0x16, 0x1a, 0x4a, 0x1e, 0x1e, 0x1a, 0x1a, 0x1a, 0x1e,
    0x16, 0x1a, 0x37, 0x00, 0x01, 0x00, 0x3e, 0x00, 0x0a, 0x1b, 0x1e, 0x1a,
    0x48, 0x1b, 0x16, 0x68, 0x5b, 0x0a, 0x00, 0x00, 0x01, 0x01, 0x00, 0x00,
    0x00, 0x00, 0x19, 0x00, 0x0c, 0x16, 0x1a, 0x1a, 0x16, 0x0c, 0x00, 0x42,
    0x00, 0x00, 0x00, 0x00, 0x00, 0x00, 0x00, 0x00, 0x00, 0x00, 0x00, 0x00,
    0x00, 0x00, 0x01, 0x00, 0x07, 0x3d, 0x27, 0x1e, 0x1c, 0x03, 0x0f, 0x00,
    0x00, 0x00, 0x00, 0x00, 0x00, 0x00, 0x00, 0x00, 0x00, 0x00, 0x00, 0x00,
    0x00, 0x00, 0x00, 0x00, 0x00, 0x00, 0x00, 0x00, 0x00, 0x00, 0x00, 0x00,
    0x00, 0x00, 0x00, 0x00, 0x00, 0x12, 0x00, 0x11, 0x16, 0x04, 0x43, 0x5e,
    0xbe, 0x00, 0x3d, 0x15, 0x1a, 0x1a, 0x1e, 0x1a, 0x1e, 0x1e, 0x1a, 0x1b,
    0x04, 0x08, 0x5b, 0x0a, 0x05, 0x22, 0x16, 0x16, 0x1a, 0x4a, 0x08, 0x4a,
    0x1a, 0x1e, 0x1a, 0x1e, 0x16, 0x1a, 0x45, 0x00, 0x01, 0x00, 0x06, 0x00,
    0x0a, 0x1b, 0x1e, 0x1e, 0x4a, 0x1b, 0x4f, 0x08, 0x5b, 0x07, 0x00, 0x00,
    0x25, 0x01, 0x00, 0x00, 0x00, 0x00, 0x18, 0x00, 0x0c, 0x16, 0x1a, 0x1a,
    0x16, 0x59, 0x00, 0x69, 0x00, 0x00, 0x00, 0x00, 0x00, 0x00, 0x00, 0x00,
    0x00, 0x00, 0x17, 0x00, 0x0d, 0x16, 0x1e, 0x1e, 0x16, 0x0c, 0x00, 0x18,
    0x01, 0x00, 0x1f, 0x1a, 0x1b, 0x1e, 0x1e, 0x16, 0x38, 0x00, 0x86, 0x00,
    0x11, 0x16, 0x1a, 0x48, 0x16, 0x0d, 0x00, 0x0e, 0x00, 0x2d, 0x16, 0x1a,
    0x48, 0x4a, 0x1c, 0x0a, 0x00, 0x06, 0x00, 0x28, 0x1a, 0x16, 0x16, 0x1c,
    0x1e, 0x1a, 0x1a, 0x1e, 0x4a, 0x1b, 0x16, 0x0d, 0x45, 0x1d, 0x01, 0x00,
    0x00, 0x00, 0x00, 0x00, 0x25, 0x00, 0x21, 0x48, 0x1e, 0x4e, 0x48, 0x1b,
    0x16, 0x16, 0x04, 0x16, 0x16, 0x1e, 0x1a, 0x1a, 0x16, 0x05, 0x00, 0x1f,
    0x14, 0x14, 0x14, 0x2d, 0x3d, 0x07, 0x00, 0x25, 0x00, 0x00, 0x00, 0x00,
    0x00, 0x00, 0x00, 0x00, 0x00, 0x00, 0x01, 0x00, 0x0a, 0x3d, 0x14, 0x14,
    0x14, 0x3d, 0x28, 0x00, 0x00, 0x18, 0x14, 0x3d, 0x14, 0x14, 0x3d, 0x1f,
    0x00, 0x01, 0x00, 0x00, 0x00, 0x00, 0x00, 0x00, 0x00, 0x01, 0x2d, 0x3d,
    0x14, 0x14, 0x14, 0x14, 0x00, 0x00, 0x00, 0x00, 0x00, 0x00, 0x00, 0x00,
    0x00, 0x00, 0x00, 0x00, 0x00, 0x4b, 0x00, 0x14, 0x16, 0x1e, 0x1b, 0x14,
    0x00, 0x33, 0x00, 0x00, 0x00, 0x00, 0x00, 0x00, 0x00, 0x01, 0x01, 0x47,
    0x1e, 0x1c, 0x1a, 0x1e, 0x1b, 0x03, 0x42, 0x01, 0x00, 0x00, 0x00, 0x00,
    0x23, 0x00, 0x0d, 0x04, 0x09, 0xbb, 0x01, 0x01, 0x29, 0x00, 0x05, 0x16,
    0x1e, 0x1a, 0x21, 0x00, 0xbd, 0x00, 0x0c, 0x16, 0x09, 0x1a, 0x3f, 0x00,
    0x01, 0x17, 0x00, 0x0a, 0x48, 0x1a, 0x16, 0x27, 0x00, 0x42, 0x00, 0x00,
    0x00, 0x00, 0x00, 0x00, 0x00, 0x00, 0x00, 0x00, 0x00, 0x00, 0x00, 0x00,
    0x00, 0x00, 0x00, 0x00, 0x00, 0x00, 0x00, 0x00, 0x00, 0x00, 0x00, 0x00,
    0x00, 0x00, 0x00, 0x00, 0x00, 0x00, 0x00, 0x00, 0x00, 0x00, 0x00, 0x00,
    0x00, 0x00, 0x00, 0x00, 0x00, 0x00, 0x00, 0x00, 0x00, 0x00, 0x00, 0x00,
    0x00, 0x00, 0x00, 0x00, 0x00, 0x00, 0x00, 0x19, 0x00, 0x60, 0x16, 0x1a,
    0x16, 0x0c, 0x00, 0x33, 0x00, 0x18, 0x00, 0x14, 0x04, 0x1a, 0x1c, 0x1a,
    0x14, 0x1b, 0x16, 0x04, 0x1c, 0x1e, 0x03, 0x0c, 0x3d, 0x07, 0x1f, 0x00,
    0x00, 0x00, 0x0f, 0x01, 0x0a, 0x08, 0x1b, 0x1e, 0x4a, 0x1a, 0x16, 0x0c,
    0x00, 0x42, 0x18, 0x00, 0x27, 0x16, 0x1a, 0x4a, 0x16, 0x27, 0x00, 0x00,
    0x03, 0x16, 0x1a, 0x1e, 0x1e, 0x1e, 0x48, 0x1b, 0x1b, 0x47, 0x00, 0x00,
    0x05, 0x16, 0x1b, 0x48, 0x1a, 0x1e, 0x1e, 0x1a, 0x1e, 0x1e, 0x1a, 0x1e,
    0x4c, 0x48, 0x15, 0x03, 0x55, 0x0f, 0x26, 0x00, 0x00, 0x19, 0x00, 0x27,
    0x15, 0x3b, 0x0a, 0x00, 0x00, 0x33, 0x1f, 0x1a, 0x1c, 0x1e, 0x1a, 0x4c,
    0x1c, 0x16, 0x1c, 0x22, 0x7b, 0x0a, 0x00, 0x00, 0x00, 0x55, 0x5e, 0x22,
    0x1b, 0x16, 0x16, 0x1b, 0x1e, 0x1e, 0x4c, 0x1a, 0x16, 0x11, 0x00, 0x06,
    0x00, 0x00, 0x01, 0x00, 0x55, 0x1e, 0x1b, 0x16, 0x4f, 0x22, 0x7b, 0x7a,
    0x00, 0x00, 0x33, 0x01, 0x00, 0x00, 0x00, 0x00, 0x00, 0x00, 0x29, 0x00,
    0x2a, 0x16, 0x1a, 0x4a, 0x16, 0x0c, 0x00, 0x42, 0x00, 0x00, 0x00, 0x00,
    0x00, 0x00, 0x00, 0x00, 0x00, 0x00, 0x00, 0x00, 0x00, 0x00, 0x00, 0x00,
    0x00, 0x00, 0x14, 0x1b, 0x16, 0x0c, 0x00, 0x18, 0x00, 0x00, 0x00, 0x00,
    0x00, 0x00, 0x00, 0x00, 0x00, 0x00, 0x00, 0x00, 0x00, 0x00, 0x00, 0x00,
    0x00, 0x00, 0x00, 0x00, 0x00, 0x00, 0x00, 0x00, 0x00, 0x00, 0x00, 0x00,
    0x00, 0x42, 0x00, 0x0c, 0x15, 0x5b, 0x07, 0x00, 0x00, 0xbf, 0x1f, 0x1e,
    0x1c, 0x48, 0x1a, 0x4a, 0x1b, 0x16, 0x1c, 0x22, 0x5e, 0xaf, 0x00, 0x00,
    0x00, 0x55, 0x5e, 0x22, 0x1c, 0x16, 0x16, 0x1b, 0x1e, 0x1a, 0x4c, 0x48,
    0x16, 0x0d, 0x00, 0x33, 0x00, 0x00, 0x01, 0x00, 0x1f, 0x1a, 0x1b, 0x16,
    0x08, 0x22, 0x96, 0x47, 0x00, 0x00, 0x33, 0x01, 0x00, 0x00, 0x00, 0x00,
    0x00, 0x00, 0x69, 0x00, 0x2a, 0x16, 0x1a, 0x4a, 0x16, 0x0c, 0x00, 0x18,
    0x00, 0x00, 0x00, 0x00, 0x00, 0x00, 0x00, 0x00, 0x00, 0x0f, 0x00, 0x1f,
    0x1a, 0x1b, 0x1a, 0x1e, 0x1b, 0x14, 0x00, 0x33, 0x00, 0x06, 0x00, 0x0d,
    0x16, 0x1a, 0x1a, 0x16, 0x0d, 0x00, 0x1f, 0x00, 0x14, 0x16, 0x1a, 0x1e,
    0x1b, 0x1a, 0x1f, 0x00, 0x00, 0x21, 0x1a, 0x1c, 0x1e, 0x1e, 0x16, 0x05,
    0x00, 0x42, 0x06, 0x00, 0x0d, 0x04, 0x1e, 0x1a, 0x1e, 0x4a, 0x1e, 0x1b,
    0x16, 0x09, 0x5e, 0x25, 0x00, 0x01, 0x00, 0x00, 0x00, 0x00, 0x00, 0x00,
    0x00, 0x0b, 0x01, 0x0d, 0x16, 0x1e, 0x1a, 0x1e, 0x1e, 0x1a, 0x1a, 0x1a,
    0x1e, 0x1e, 0x4a, 0x1c, 0x1b, 0x07, 0x00, 0x00, 0x00, 0x00, 0x00, 0x00,
    0x00, 0x00, 0x00, 0x00, 0x00, 0x00, 0x00, 0x00, 0x00, 0x00, 0x00, 0x00,
    0x00, 0x00, 0x00, 0x00, 0x00, 0x00, 0x00, 0x00, 0x00, 0x00, 0x00, 0x00,
    0x00, 0x00, 0x00, 0x00, 0x00, 0x00, 0x00, 0x00, 0x00, 0x00, 0x00, 0x00,
    0x00, 0x00, 0x00, 0x00, 0x00, 0x00, 0x00, 0x00, 0x00, 0x00, 0x00, 0x00,
    0x06, 0x0b, 0x06, 0x00, 0x00, 0x00, 0x00, 0x00, 0x00, 0x01, 0x4b, 0x4b,
    0x4b, 0x4b, 0x4b, 0x2d, 0x16, 0x1a, 0x09, 0x14, 0x00, 0x33, 0x00, 0x00,
    0x00, 0x00, 0x00, 0x00, 0x00, 0x18, 0x00, 0x0c, 0x16, 0x1a, 0x48, 0x1e,
    0x16, 0x14, 0x00, 0x4b, 0x00, 0x00, 0x00, 0x00, 0x23, 0x00, 0x0d, 0x16,
    0x89, 0x0d, 0x00, 0xc0, 0x01, 0x00, 0x27, 0x16, 0x1a, 0x1a, 0x21, 0x00,
    0x41, 0x00, 0x0c, 0x16, 0x68, 0x1e, 0x3f, 0x00, 0x01, 0x1d, 0x00, 0x71,
    0x1a, 0x48, 0x16, 0x05, 0x4b, 0x63, 0x4b, 0x4b, 0x4b, 0x00, 0x00, 0x00,
    0x00, 0x00, 0x00, 0x01, 0x06, 0x23, 0x01, 0x00, 0x00, 0x00, 0x00, 0x00,
    0x3c, 0x13, 0x13, 0x13, 0x13, 0x42, 0x1d, 0x00, 0x00, 0x00, 0x00, 0x00,
    0x00, 0x00, 0x00, 0x00, 0x00, 0x00, 0x00, 0x00, 0x00, 0x1d, 0x18, 0x13,
    0x13, 0x13, 0x13, 0x26, 0x00, 0x00, 0x00, 0x4b, 0x13, 0x13, 0x13, 0x42,
    0x01, 0x00, 0x00, 0x01, 0x00, 0x07, 0x09, 0x16, 0x0c, 0x00, 0x01, 0x01,
    0x00, 0x17, 0x00, 0x2c, 0x1b, 0x1e, 0x1e, 0x1b, 0x27, 0x0d, 0x5b, 0x96,
    0x07, 0x45, 0x00, 0x00, 0x00, 0x00, 0x00, 0x17, 0x42, 0x12, 0x00, 0x01,
    0x00, 0x14, 0x1c, 0x16, 0x1b, 0x1c, 0x66, 0x60, 0x00, 0x42, 0x76, 0x00,
    0x05, 0x16, 0x1a, 0x1e, 0x15, 0x38, 0x00, 0x00, 0x0c, 0x66, 0x1b, 0x1c,
    0x1b, 0x1b, 0x4f, 0x04, 0x05, 0x00, 0x23, 0x3e, 0x00, 0x14, 0x22, 0x1c,
    0x16, 0x16, 0x16, 0x04, 0x16, 0x16, 0x16, 0x16, 0x1b, 0x1b, 0x5b, 0x1f,
    0x00, 0x01, 0x00, 0x00, 0x00, 0x53, 0x00, 0x0a, 0x14, 0x00, 0x00, 0x13,
    0x01, 0x01, 0x00, 0x03, 0x16, 0x16, 0x04, 0x1a, 0x22, 0x5b, 0x07, 0x00,
    0x00, 0x00, 0x33, 0x0b, 0x33, 0x00, 0x00, 0x00, 0x07, 0xb3, 0x22, 0x1b,
    0x16, 0x16, 0x16, 0x09, 0x16, 0x27, 0x00, 0x42, 0x00, 0x00, 0x00, 0x01,
    0x00, 0x03, 0x16, 0x49, 0x3d, 0x00, 0x00, 0x00, 0x13, 0x25, 0x00, 0x00,
    0x00, 0x00, 0x00, 0x00, 0x00, 0x00, 0x29, 0x00, 0x0c, 0x16, 0x1a, 0x1e,
    0x16, 0x59, 0x00, 0x64, 0x00, 0x00, 0x00, 0x00, 0x00, 0x00, 0x00, 0x00,
    0x00, 0x00, 0x00, 0x00, 0x00, 0x00, 0x00, 0x00, 0x29, 0x25, 0x11, 0x16,
    0x09, 0x14, 0x00, 0x4b, 0x00, 0x00, 0x00, 0x00, 0x00, 0x00, 0x00, 0x00,
    0x00, 0x00, 0x00, 0x00, 0x00, 0x00, 0x00, 0x00, 0x00, 0x00, 0x00, 0x00,
    0x00, 0x00, 0x00, 0x00, 0x00, 0x00, 0x00, 0x00, 0x00, 0x0f, 0x00, 0x0a,
    0x14, 0x00, 0x00, 0x13, 0x01, 0x01, 0xc1, 0x03, 0x04, 0x16, 0x16, 0x1e,
    0x22, 0x5b, 0x07, 0x00, 0x00, 0x00, 0x33, 0x0b, 0x33, 0x00, 0x00, 0x00,
    0x07, 0xc2, 0x22, 0x1c, 0x04, 0x16, 0x16, 0x1c, 0x46, 0x27, 0x00, 0x42,
    0x00, 0x00, 0x00, 0x01, 0x00, 0x03, 0x04, 0x85, 0x3d, 0x00, 0x00, 0x00,
    0x13, 0x0f, 0x00, 0x00, 0x00, 0x00, 0x00, 0x00, 0x00, 0x00, 0x42, 0x00,
    0x0c, 0x16, 0x1a, 0x1e, 0x16, 0x2a, 0x00, 0x42, 0x00, 0x00, 0x00, 0x00,
    0x00, 0x00, 0x00, 0x00, 0x00, 0x18, 0x00, 0x60, 0x16, 0x1a, 0x1b, 0x08,
    0x1a, 0x1f, 0x00, 0x01, 0x00, 0x29, 0x00, 0x05, 0x15, 0x48, 0x1b, 0x04,
    0x1e, 0x10, 0x01, 0x00, 0x1f, 0x1a, 0x1b, 0x1c, 0x09, 0x16, 0x14, 0x00,
    0x86, 0x00, 0x0d, 0x16, 0x1a, 0x1b, 0x16, 0x03, 0x01, 0x0f, 0x29, 0x00,
    0x38, 0x15, 0x1c, 0x04, 0x16, 0x16, 0x1c, 0x22, 0xc2, 0x21, 0x00, 0x00,
    0x01, 0x00, 0x00, 0x00, 0x00, 0x00, 0x00, 0x00, 0x00, 0x3e, 0xc1, 0x2f,
    0x22, 0x16, 0x16, 0x04, 0x16, 0x16, 0x16, 0x16, 0x16, 0x16, 0x16, 0x43,
    0x27, 0x00, 0x01, 0x00, 0x13, 0x13, 0x13, 0x13, 0x42, 0x3e, 0x00, 0x00,
    0x00, 0x00, 0x00, 0x00, 0x00, 0x00, 0x00, 0x00, 0x00, 0x00, 0x00, 0x00,
    0x25, 0x18, 0x13, 0x13, 0x13, 0x13, 0x01, 0x00, 0x00, 0x00, 0x33, 0x13,
    0x13, 0x13, 0x42, 0x01, 0x00, 0x00, 0x00, 0x00, 0x00, 0x00, 0x00, 0x00,
    0x00, 0x00, 0x33, 0x13, 0x13, 0x13, 0x13, 0x13, 0x00, 0x00, 0x00, 0x17,
    0x12, 0x12, 0x33, 0x12, 0x12, 0x00, 0x00, 0x00, 0x00, 0x00, 0x00, 0x14,
    0x16, 0x1a, 0x1b, 0x14, 0x00, 0x12, 0x00, 0x00, 0x00, 0x00, 0x00, 0x00,
    0x06, 0x00, 0x0a, 0x1c, 0x1c, 0x1a, 0x1e, 0x16, 0x0d, 0x00, 0x33, 0x00,
    0x00, 0x00, 0x00, 0x00, 0x12, 0x00, 0x0d, 0x16, 0x1c, 0x08, 0x1f, 0x00,
    0x70, 0x00, 0x38, 0x16, 0x1e, 0x4a, 0x21, 0x00, 0x41, 0x00, 0x2a, 0x16,
    0x1c, 0x1a, 0x54, 0x00, 0x01, 0x1d, 0x00, 0x0a, 0x1a, 0x1a, 0x16, 0x05,
    0x00, 0x00, 0x00, 0x00, 0x00, 0x00, 0x12, 0x12, 0x33, 0x06, 0x12, 0x00,
    0x00, 0x00, 0x00, 0x00, 0x00, 0x00, 0x00, 0x00, 0x00, 0x00, 0x00, 0x00,
    0x00, 0x00, 0x00, 0x00, 0x00, 0x00, 0x00, 0x00, 0x00, 0x00, 0x00, 0x00,
    0x00, 0x00, 0x00, 0x00, 0x00, 0x00, 0x00, 0x00, 0x00, 0x00, 0x00, 0x00,
    0x00, 0x00, 0x00, 0x00, 0x00, 0x00, 0x00, 0x00, 0x00, 0x00, 0x00, 0x00,
    0x00, 0x13, 0x03, 0x27, 0x00, 0x01, 0x3c, 0x00, 0x00, 0x00, 0x00, 0x3c,
    0x1f, 0x28, 0x21, 0x45, 0x1f, 0x00, 0x00, 0x00, 0x00, 0x00, 0x0f, 0x42,
    0x13, 0x0b, 0x01, 0x00, 0x00, 0x00, 0x00, 0x00, 0x01, 0x00, 0x0a, 0x5b,
    0x22, 0x03, 0x3b, 0x0a, 0x00, 0x0b, 0x6e, 0x00, 0x60, 0x16, 0x1a, 0x1e,
    0x16, 0x05, 0x00, 0x3e, 0x2c, 0x5b, 0x22, 0x03, 0x1a, 0x22, 0x3b, 0x14,
    0x00, 0x0b, 0x00, 0x00, 0x0b, 0x00, 0xc3, 0x07, 0x14, 0x14, 0x05, 0x05,
    0x05, 0x05, 0x05, 0x14, 0x3d, 0x21, 0x00, 0x00, 0x01, 0x00, 0x00, 0x00,
    0x00, 0x00, 0x00, 0x00, 0x00, 0x01, 0x0f, 0x00, 0x00, 0x18, 0x00, 0x0c,
    0x04, 0x0d, 0x96, 0x07, 0x00, 0x00, 0x00, 0x00, 0x13, 0x25, 0x00, 0x00,
    0x00, 0x01, 0x4b, 0x01, 0x00, 0x00, 0x00, 0xc4, 0x3d, 0x5b, 0x0d, 0x03,
    0x1b, 0x07, 0x00, 0x01, 0x00, 0x00, 0x00, 0x01, 0x00, 0x2d, 0x07, 0x00,
    0x00, 0x00, 0x13, 0x01, 0x00, 0x00, 0x00, 0x00, 0x00, 0x00, 0x00, 0x00,
    0x00, 0x00, 0x19, 0x00, 0x0c, 0x16, 0x1a, 0x1a, 0x16, 0x0c, 0x00, 0x69,
    0x00, 0x00, 0x00, 0x00, 0x00, 0x00, 0x00, 0x00, 0x00, 0x00, 0x00, 0x00,
    0x00, 0x00, 0x00, 0x25, 0x01, 0x21, 0x1e, 0x16, 0x03, 0x10, 0x01, 0x00,
    0x00, 0x00, 0x00, 0x00, 0x00, 0x00, 0x00, 0x00, 0x00, 0x00, 0x00, 0x00,
    0x00, 0x00, 0x00, 0x00, 0x00, 0x00, 0x00, 0x00, 0x00, 0x00, 0x00, 0x00,
    0x00, 0x00, 0x00, 0x00, 0x00, 0x00, 0x00, 0x00, 0x00, 0x23, 0x0f, 0x00,
    0x00, 0x18, 0x00, 0x0c, 0x78, 0x3b, 0x96, 0x0a, 0x00, 0x00, 0x00, 0x00,
    0x13, 0x0f, 0x00, 0x00, 0x00, 0x01, 0x4b, 0x3c, 0x00, 0x00, 0x00, 0x21,
    0x3d, 0x5b, 0x0d, 0x22, 0x1a, 0x0a, 0x00, 0x3e, 0x00, 0x00, 0x00, 0x01,
    0x00, 0x14, 0x07, 0x00, 0x00, 0x00, 0x4b, 0x01, 0x00, 0x00, 0x00, 0x00,
    0x00, 0x00, 0x00, 0x00, 0x00, 0x00, 0x64, 0x00, 0x0c, 0x16, 0x1a, 0x1a,
    0x16, 0x0c, 0x00, 0x42, 0x00, 0x00, 0x00, 0x00, 0x00, 0x00, 0x00, 0x00,
    0x00, 0x23, 0x00, 0x0d, 0x04, 0x1e, 0x1e, 0x16, 0x0c, 0x00, 0x01, 0x00,
    0x00, 0x06, 0x00, 0x0a, 0x08, 0x1e, 0x1a, 0x1e, 0x1c, 0x0a, 0x00, 0x23,
    0x00, 0x0d, 0x08, 0x1e, 0x1e, 0x16, 0x05, 0x00, 0x55, 0x00, 0x2d, 0x16,
    0x1a, 0x1e, 0x1a, 0x48, 0x0a, 0x00, 0x19, 0x00, 0x0a, 0x1b, 0x03, 0x0d,
    0x5b, 0x3d, 0x07, 0x00, 0x00, 0x00, 0x12, 0x00, 0x00, 0x00, 0x00, 0x00,
    0x00, 0x00, 0x00, 0x00, 0x00, 0x00, 0x01, 0x00, 0x6d, 0x5e, 0x5b, 0x0d,
    0x03, 0x03, 0x03, 0x03, 0x0d, 0x0d, 0x5b, 0x0a, 0x00, 0x1d, 0x00, 0x00,
    0x00, 0x00, 0x00, 0x00, 0x00, 0x00, 0x00, 0x00, 0x00, 0x00, 0x00, 0x00,
    0x00, 0x00, 0x00, 0x00, 0x00, 0x00, 0x00, 0x00, 0x00, 0x00, 0x00, 0x00,
    0x00, 0x00, 0x00, 0x00, 0x00, 0x00, 0x00, 0x00, 0x00, 0x00, 0x00, 0x00,
    0x00, 0x00, 0x00, 0x00, 0x00, 0x00, 0x00, 0x00, 0x00, 0x00, 0x00, 0x00,
    0x00, 0x00, 0x00, 0x00, 0x14, 0x7e, 0x05, 0x00, 0x00, 0x00, 0x00, 0x00,
    0x00, 0x2c, 0x7e, 0x0d, 0x11, 0x0d, 0x0d, 0x03, 0x1c, 0x1e, 0x1b, 0x2d,
    0x00, 0x33, 0x00, 0x00, 0x00, 0x00, 0x00, 0x00, 0x01, 0x00, 0x0d, 0x16,
    0x1e, 0x4a, 0x1a, 0x1b, 0x07, 0x01, 0x01, 0x00, 0x00, 0x00, 0x00, 0x00,
    0x42, 0x00, 0x27, 0x04, 0x1e, 0x1c, 0x03, 0x49, 0x0d, 0x00, 0x05, 0x16,
    0x1e, 0x4a, 0x21, 0x00, 0xbd, 0x00, 0x0c, 0x04, 0x1c, 0x1a, 0x54, 0x00,
    0x01, 0x17, 0x00, 0x0a, 0x48, 0x1e, 0x1b, 0x03, 0x0d, 0x11, 0x0d, 0x0d,
    0x11, 0x29, 0x00, 0x00, 0x00, 0x00, 0x00, 0x1f, 0x49, 0x49, 0x21, 0x00,
    0x01, 0x00, 0x00, 0x00, 0x00, 0x00, 0x00, 0x00, 0x00, 0x00, 0x00, 0x00,
    0x00, 0x00, 0x00, 0x00, 0x00, 0x00, 0x00, 0x00, 0x00, 0x00, 0x00, 0x00,
    0x00, 0x00, 0x00, 0x00, 0x00, 0x00, 0x00, 0x00, 0x00, 0x00, 0x00, 0x00,
    0x00, 0x00, 0x00, 0x00, 0x00, 0x00, 0x00, 0x00, 0x00, 0x01, 0x21, 0x00,
    0x0b, 0x00, 0x00, 0x00, 0x00, 0x00, 0x00, 0x00, 0x00, 0x00, 0x00, 0x00,
    0x00, 0x0f, 0x18, 0x42, 0x01, 0x01, 0x00, 0x00, 0x00, 0x00, 0x00, 0x00,
    0x00, 0x00, 0x00, 0x00, 0x00, 0x3e, 0x00, 0x00, 0x00, 0x00, 0x00, 0x00,
    0x00, 0x00, 0x00, 0x00, 0x0e, 0x1f, 0x1f, 0x02, 0x1f, 0x0e, 0x00, 0x00,
    0x00, 0x00, 0x00, 0x00, 0x8e, 0x19, 0x00, 0x00, 0x1d, 0x00, 0x00, 0x00,
    0x00, 0x33, 0x00, 0x00, 0x00, 0x00, 0x00, 0x00, 0x00, 0x00, 0x00, 0x00,
    0x00, 0x00, 0x12, 0x01, 0x00, 0x00, 0x00, 0x00, 0x00, 0x00, 0x00, 0x0f,
    0x06, 0x00, 0x00, 0x00, 0x00, 0x00, 0x00, 0x1f, 0x7a, 0x00, 0x00, 0x00,
    0x00, 0x42, 0x23, 0x00, 0x00, 0x00, 0x00, 0x00, 0x00, 0x00, 0x00, 0x00,
    0x0b, 0x42, 0x01, 0x00, 0x00, 0x00, 0x00, 0x41, 0x47, 0x42, 0x00, 0x00,
    0x00, 0x00, 0x00, 0x00, 0x00, 0x00, 0x00, 0x0b, 0xc5, 0x00, 0x00, 0x00,
    0x00, 0x00, 0x00, 0x00, 0x00, 0x00, 0x00, 0x00, 0x00, 0x00, 0x26, 0x00,
    0x1f, 0x72, 0x0a, 0x2c, 0x07, 0x1f, 0x00, 0x00, 0x00, 0x00, 0x00, 0x00,
    0x00, 0x00, 0x00, 0x00, 0x00, 0x00, 0x00, 0x00, 0x00, 0x00, 0x00, 0x4b,
    0x00, 0x0c, 0x16, 0x04, 0x05, 0x00, 0x13, 0x00, 0x00, 0x00, 0x00, 0x00,
    0x00, 0x00, 0x00, 0x00, 0x00, 0x00, 0x00, 0x00, 0x00, 0x00, 0x00, 0x00,
    0x00, 0x00, 0x00, 0x00, 0x00, 0x00, 0x00, 0x00, 0x00, 0x00, 0x00, 0x00,
    0x00, 0x00, 0x00, 0x25, 0x06, 0x00, 0x00, 0x00, 0x00, 0x00, 0x00, 0x37,
    0x47, 0x00, 0x00, 0x00, 0x00, 0x42, 0x01, 0x00, 0x00, 0x00, 0x00, 0x00,
    0x00, 0x00, 0x00, 0x00, 0x01, 0x42, 0x01, 0x00, 0x00, 0x00, 0x00, 0xbc,
    0x1f, 0x23, 0x00, 0x00, 0x00, 0x00, 0x00, 0x00, 0x00, 0x00, 0x00, 0x01,
    0x23, 0x00, 0x00, 0x00, 0x00, 0x00, 0x00, 0x00, 0x00, 0x00, 0x00, 0x00,
    0x00, 0x00, 0x00, 0x00, 0x02, 0x07, 0x07, 0x07, 0x07, 0x21, 0x00, 0x00,
    0x00, 0x00, 0x00, 0x00, 0x00, 0x00, 0x00, 0x00, 0x00, 0x00, 0x00, 0x21,
    0x1f, 0x1f, 0x21, 0x02, 0x40, 0x00, 0x00, 0x00, 0x00, 0x00, 0x00, 0x00,
    0x55, 0x1f, 0x1f, 0x21, 0x45, 0x3f, 0x00, 0x3c, 0x00, 0x55, 0x1f, 0x21,
    0x21, 0x0e, 0x1f, 0x00, 0x00, 0x00, 0x00, 0x28, 0x1f, 0x02, 0x21, 0x1f,
    0x55, 0x00, 0x00, 0x00, 0x00, 0x55, 0x00, 0x00, 0x00, 0x00, 0x00, 0x00,
    0x42, 0x0f, 0x00, 0x00, 0x00, 0x00, 0x00, 0x00, 0x00, 0x00, 0x00, 0x00,
    0x00, 0x00, 0x00, 0x25, 0x00, 0x00, 0x00, 0x00, 0x00, 0x00, 0x00, 0x00,
    0x00, 0x00, 0x00, 0x00, 0x0b, 0x00, 0x00, 0x00, 0x00, 0x00, 0x00, 0x00,
    0x00, 0x00, 0x00, 0x00, 0x00, 0x00, 0x00, 0x00, 0x00, 0x00, 0x00, 0x00,
    0x00, 0x00, 0x00, 0x00, 0x00, 0x00, 0x00, 0x00, 0x00, 0x00, 0x00, 0x00,
    0x00, 0x00, 0x00, 0x00, 0x00, 0x00, 0x00, 0x00, 0x00, 0x00, 0x00, 0x00,
    0x00, 0x00, 0x00, 0x00, 0x00, 0x00, 0x00, 0x00, 0x00, 0x00, 0x00, 0x00,
    0x1a, 0x16, 0x16, 0x03, 0x0d, 0x11, 0x0d, 0x0d, 0x0d, 0x03, 0x16, 0x16,
    0x16, 0x16, 0x16, 0x09, 0x1a, 0x1e, 0x1c, 0x14, 0x00, 0x33, 0x00, 0x00,
    0x00, 0x00, 0x00, 0x33, 0x00, 0x27, 0x52, 0x04, 0x16, 0x16, 0x15, 0x0c,
    0x00, 0x4b, 0x00, 0x00, 0x00, 0x00, 0x00, 0x00, 0x01, 0x01, 0x21, 0x03,
    0x15, 0x09, 0x1b, 0x15, 0x1e, 0x00, 0x5e, 0x66, 0x16, 0x1a, 0x21, 0x00,
    0xbd, 0x00, 0x0c, 0x15, 0x04, 0x1e, 0x6c, 0x00, 0x01, 0x1d, 0x00, 0x71,
    0x1a, 0x1e, 0x48, 0x1b, 0x16, 0x16, 0x04, 0x16, 0x16, 0x03, 0x11, 0x11,
    0x0d, 0x11, 0x0d, 0x03, 0x16, 0x15, 0x0c, 0x00, 0x18, 0x00, 0x00, 0x00,
    0x00, 0x00, 0x00, 0x00, 0x00, 0x00, 0x00, 0x00, 0x00, 0x00, 0x00, 0x00,
    0x00, 0x00, 0x00, 0x00, 0x00, 0x00, 0x00, 0x00, 0x00, 0x00, 0x00, 0x00,
    0x00, 0x00, 0x00, 0x00, 0x00, 0x00, 0x00, 0x00, 0x00, 0x00, 0x00, 0x00,
    0x00, 0x00, 0x00, 0x00, 0x00, 0x00, 0x00, 0x23, 0x00, 0x00, 0x00, 0x00,
    0x00, 0x00, 0x00, 0x00, 0x01, 0x01, 0x01, 0x01, 0x00, 0x00, 0x00, 0x00,
    0x00, 0x00, 0x00, 0x00, 0x00, 0x00, 0x00, 0x00, 0x00, 0x00, 0x00, 0x00,
    0x00, 0x00, 0x3e, 0x18, 0x01, 0x00, 0x06, 0x01, 0x00, 0x00, 0x00, 0x00,
    0x00, 0x00, 0x00, 0x00, 0x00, 0x00, 0x00, 0x00, 0x01, 0x42, 0x01, 0x00,
    0x00, 0x00, 0x01, 0x23, 0x00, 0x00, 0x00, 0x00, 0x00, 0x00, 0x3c, 0x23,
    0x13, 0x13, 0x42, 0x42, 0x42, 0x18, 0x42, 0x13, 0x12, 0x01, 0x00, 0x00,
    0x00, 0x00, 0x00, 0x00, 0x00, 0x00, 0x00, 0x00, 0x00, 0x00, 0x00, 0x00,
    0x00, 0x00, 0x00, 0x00, 0x00, 0x33, 0x42, 0x3e, 0x00, 0x00, 0x00, 0x00,
    0x00, 0x00, 0x00, 0x00, 0x00, 0x00, 0x00, 0x00, 0x00, 0x00, 0x00, 0x25,
    0x33, 0x18, 0x01, 0x00, 0x00, 0x00, 0x00, 0x00, 0x00, 0x00, 0x00, 0x00,
    0x00, 0x23, 0x01, 0x00, 0x00, 0x00, 0x00, 0x00, 0x00, 0x00, 0x00, 0x00,
    0x00, 0x00, 0x00, 0x00, 0x00, 0x00, 0x00, 0x00, 0x00, 0x00, 0x00, 0x00,
    0x00, 0x00, 0x00, 0x00, 0x00, 0x00, 0x00, 0x00, 0x00, 0x00, 0x00, 0x00,
    0x00, 0x00, 0x00, 0x00, 0x00, 0x00, 0x17, 0x00, 0x07, 0x1a, 0x16, 0x0d,
    0x17, 0x01, 0x00, 0x00, 0x00, 0x00, 0x00, 0x00, 0x00, 0x00, 0x00, 0x00,
    0x00, 0x00, 0x00, 0x00, 0x00, 0x00, 0x00, 0x00, 0x00, 0x00, 0x00, 0x00,
    0x00, 0x00, 0x00, 0x00, 0x00, 0x00, 0x00, 0x00, 0x00, 0x00, 0x00, 0x00,
    0x00, 0x00, 0x00, 0x00, 0x00, 0x00, 0x00, 0x00, 0x00, 0x12, 0x42, 0x17,
    0x00, 0x00, 0x00, 0x00, 0x00, 0x00, 0x00, 0x00, 0x00, 0x00, 0x00, 0x00,
    0x00, 0x00, 0x00, 0x0f, 0x4b, 0x42, 0x0b, 0x00, 0x00, 0x00, 0x00, 0x00,
    0x00, 0x00, 0x00, 0x00, 0x00, 0x33, 0x01, 0x00, 0x00, 0x00, 0x00, 0x00,
    0x00, 0x00, 0x00, 0x00, 0x00, 0x00, 0x00, 0x00, 0x00, 0x00, 0x00, 0x00,
    0x00, 0x00, 0x00, 0x00, 0x00, 0x00, 0x00, 0x00, 0x00, 0x00, 0x00, 0x00,
    0x00, 0x00, 0x00, 0x00, 0x00, 0x00, 0x00, 0x00, 0x00, 0x00, 0x00, 0x00,
    0x00, 0x00, 0x00, 0x00, 0x00, 0x00, 0x00, 0x00, 0x00, 0x00, 0x00, 0x00,
    0x00, 0x00, 0x00, 0x00, 0x00, 0x00, 0x00, 0x00, 0x00, 0x00, 0x00, 0x00,
    0x00, 0x00, 0x00, 0x00, 0x00, 0x00, 0x00, 0x00, 0x00, 0x00, 0x00, 0x00,
    0x00, 0x00, 0x00, 0x23, 0x42, 0x13, 0x17, 0x00, 0x00, 0x00, 0x00, 0x00,
    0x00, 0x00, 0x00, 0x00, 0x00, 0x00, 0x00, 0x00, 0x00, 0x00, 0x00, 0x00,
    0x01, 0x18, 0x13, 0x33, 0x0f, 0x01, 0x01, 0x01, 0x23, 0x4b, 0x29, 0x01,
    0x00, 0x00, 0x00, 0x00, 0x00, 0x00, 0x00, 0x00, 0x00, 0x00, 0x00, 0x00,
    0x00, 0x00, 0x00, 0x00, 0x00, 0x00, 0x00, 0x00, 0x00, 0x00, 0x00, 0x00,
    0x00, 0x00, 0x00, 0x00, 0x00, 0x00, 0x00, 0x00, 0x00, 0x00, 0x00, 0x00,
    0x00, 0x00, 0x00, 0x00, 0x00, 0x00, 0x00, 0x00, 0x00, 0x00, 0x00, 0x00,
    0x00, 0x00, 0x00, 0x00, 0x00, 0x00, 0x00, 0x00, 0x0d, 0x16, 0x1e, 0x05,
    0x2d, 0x3d, 0x2d, 0x2d, 0x3d, 0x0d, 0x16, 0x09, 0x43, 0x1c, 0x08, 0x1b,
    0x1e, 0x1a, 0x1b, 0x14, 0x00, 0x12, 0x00, 0x00, 0x00, 0x00, 0x00, 0x01,
    0x01, 0x0c, 0x85, 0x0c, 0x0d, 0x0d, 0x5b, 0x8e, 0x01, 0x01, 0x00, 0x00,
    0x00, 0x00, 0x00, 0x00, 0x00, 0x01, 0x00, 0x1f, 0x49, 0x09, 0x1e, 0x1c,
    0x0d, 0x00, 0x2d, 0x7e, 0x0d, 0x0d, 0x8c, 0x00, 0x19, 0x00, 0x14, 0x7e,
    0x0d, 0x0d, 0x3f, 0x00, 0x01, 0x1d, 0x00, 0x0a, 0x1a, 0x4a, 0x1e, 0x1b,
    0x43, 0x09, 0x89, 0x09, 0x08, 0x27, 0x14, 0x14, 0x88, 0x14, 0x14, 0x2a,
    0x1c, 0x16, 0x14, 0x00, 0x33, 0x00, 0x00, 0x00, 0x00, 0x00, 0x00, 0x00,
    0x00, 0x00, 0x00, 0x00, 0x00, 0x00, 0x00, 0x00, 0x00, 0x00, 0x00, 0x00,
    0x00, 0x00, 0x00, 0x00, 0x00, 0x00, 0x00, 0x00, 0x00, 0x00, 0x00, 0x00,
    0x00, 0x00, 0x00, 0x00, 0x00, 0x00, 0x00, 0x00, 0x00, 0x00, 0x00, 0x00,
    0x00, 0x00, 0x01, 0x00, 0x00, 0x00, 0x00, 0x00, 0x00, 0x00, 0x00, 0x00,
    0x00, 0x00, 0x00, 0x00, 0x00, 0x00, 0x00, 0x00, 0x00, 0x00, 0x00, 0x00,
    0x00, 0x00, 0x00, 0x00, 0x00, 0x00, 0x00, 0x00, 0x00, 0x00, 0x00, 0x00,
    0x00, 0x00, 0x00, 0x00, 0x00, 0x00, 0x00, 0x00, 0x00, 0x01, 0x01, 0x01,
    0x01, 0x00, 0x00, 0x00, 0x00, 0x00, 0x00, 0x00, 0x01, 0x26, 0x00, 0x00,
    0x00, 0x00, 0x00, 0x00, 0x00, 0x00, 0x00, 0x00, 0x00, 0x00, 0x00, 0x00,
    0x00, 0x00, 0x00, 0x00, 0x00, 0x00, 0x00, 0x00, 0x00, 0x00, 0x00, 0x00,
    0x00, 0x00, 0x00, 0x00, 0x00, 0x00, 0x00, 0x00, 0x00, 0x00, 0x00, 0x01,
    0x01, 0x00, 0x00, 0x00, 0x00, 0x00, 0x00, 0x00, 0x00, 0x00, 0x00, 0x00,
    0x00, 0x00, 0x00, 0x00, 0x00, 0x00, 0x00, 0x00, 0x00, 0x00, 0x00, 0x3c,
    0x25, 0x00, 0x00, 0x00, 0x00, 0x00, 0x00, 0x00, 0x00, 0x00, 0x00, 0x00,
    0x00, 0x00, 0x00, 0x00, 0x00, 0x00, 0x00, 0x00, 0x00, 0x00, 0x00, 0x00,
    0x00, 0x00, 0x00, 0x00, 0x01, 0x17, 0x25, 0x25, 0x17, 0x01, 0x00, 0x00,
    0x00, 0x00, 0x00, 0x00, 0x00, 0x00, 0x00, 0x00, 0x00, 0x00, 0x00, 0x00,
    0x00, 0x00, 0x3c, 0x00, 0x02, 0x07, 0x0a, 0x55, 0x00, 0x01, 0x00, 0x00,
    0x00, 0x00, 0x00, 0x00, 0x00, 0x00, 0x00, 0x00, 0x00, 0x00, 0x00, 0x00,
    0x00, 0x00, 0x00, 0x00, 0x00, 0x00, 0x00, 0x00, 0x00, 0x00, 0x00, 0x00,
    0x00, 0x00, 0x00, 0x00, 0x00, 0x00, 0x00, 0x00, 0x00, 0x00, 0x00, 0x00,
    0x00, 0x00, 0x00, 0x01, 0x01, 0x00, 0x00, 0x00, 0x00, 0x00, 0x00, 0x00,
    0x00, 0x00, 0x00, 0x00, 0x00, 0x00, 0x00, 0x00, 0x00, 0x00, 0x00, 0x00,
    0x00, 0x00, 0x00, 0x3c, 0x0f, 0x00, 0x00, 0x00, 0x00, 0x00, 0x00, 0x00,
    0x00, 0x00, 0x00, 0x00, 0x00, 0x00, 0x00, 0x00, 0x00, 0x00, 0x00, 0x00,
    0x00, 0x00, 0x00, 0x00, 0x00, 0x00, 0x00, 0x00, 0x01, 0x17, 0x25, 0x25,
    0x17, 0x01, 0x00, 0x00, 0x00, 0x00, 0x00, 0x00, 0x00, 0x00, 0x00, 0x00,
    0x00, 0x00, 0x00, 0x01, 0x01, 0x01, 0x01, 0x01, 0x00, 0x00, 0x00, 0x00,
    0x00, 0x00, 0x00, 0x00, 0x01, 0x01, 0x01, 0x01, 0x01, 0x00, 0x00, 0x00,
    0x00, 0x3c, 0x01, 0x01, 0x01, 0x01, 0x26, 0x00, 0x00, 0x00, 0x00, 0x01,
    0x01, 0x01, 0x01, 0x01, 0x00, 0x00, 0x00, 0x00, 0x00, 0x01, 0x00, 0x00,
    0x00, 0x00, 0x00, 0x00, 0x00, 0x00, 0x00, 0x00, 0x00, 0x00, 0x00, 0x00,
    0x00, 0x00, 0x00, 0x00, 0x00, 0x00, 0x00, 0x00, 0x00, 0x00, 0x00, 0x00,
    0x00, 0x00, 0x00, 0x00, 0x00, 0x00, 0x00, 0x00, 0x00, 0x00, 0x00, 0x00,
    0x00, 0x00, 0x00, 0x00, 0x00, 0x00, 0x00, 0x00, 0x00, 0x00, 0x00, 0x00,
    0x00, 0x00, 0x00, 0x00, 0x00, 0x00, 0x00, 0x00, 0x00, 0x00, 0x00, 0x00,
    0x00, 0x00, 0x00, 0x00, 0x00, 0x00, 0x00, 0x00, 0x00, 0x00, 0x00, 0x00,
    0x00, 0x00, 0x00, 0x00, 0x00, 0x00, 0x00, 0x00, 0x00, 0x00, 0x00, 0x00,
    0x00, 0x00, 0x00, 0x00, 0x02, 0x77, 0x0a, 0x00, 0x00, 0x00, 0x00, 0x00,
    0x00, 0x21, 0x77, 0x14, 0x14, 0x14, 0x14, 0x0c, 0x1b, 0x1e, 0x1b, 0x14,
    0x00, 0x33, 0x00, 0x00, 0x00, 0x00, 0x00, 0x00, 0x00, 0x00, 0x00, 0x00,
    0x00, 0x00, 0x00, 0x00, 0x00, 0x00, 0x00, 0x00, 0x00, 0x00, 0x00, 0x00,
    0x00, 0x00, 0x01, 0x00, 0x00, 0xc4, 0x21, 0x1f, 0x00, 0x00, 0x00, 0x00,
    0x00, 0x00, 0x00, 0x00, 0x00, 0x00, 0x00, 0x00, 0x00, 0x00, 0x00, 0x00,
    0x00, 0x17, 0x00, 0x0a, 0x48, 0x1a, 0x16, 0x0c, 0x14, 0x14, 0x14, 0x3d,
    0x14, 0x00, 0x00, 0x00, 0x00, 0x00, 0x00, 0x00, 0x07, 0x14, 0x00, 0x00,
    0x00, 0x00, 0x00, 0x00, 0x00, 0x00, 0x00, 0x00, 0x00, 0x00, 0x00, 0x00,
    0x00, 0x00, 0x00, 0x00, 0x00, 0x00, 0x00, 0x00, 0x00, 0x00, 0x00, 0x00,
    0x00, 0x00, 0x00, 0x00, 0x00, 0x00, 0x00, 0x00, 0x00, 0x00, 0x00, 0x00,
    0x00, 0x00, 0x00, 0x00, 0x00, 0x00, 0x00, 0x00, 0x00, 0x00, 0x00, 0x00,
    0x00, 0x00, 0x00, 0x00, 0x00, 0x00, 0x00, 0x00, 0x00, 0x00, 0x00, 0x00,
    0x00, 0x00, 0x00, 0x00, 0x00, 0x00, 0x00, 0x00, 0x00, 0x00, 0x00, 0x00,
    0x00, 0x00, 0x00, 0x00, 0x00, 0x00, 0x00, 0x00, 0x00, 0x00, 0x00, 0x00,
    0x00, 0x00, 0x00, 0x00, 0x00, 0x00, 0x00, 0x00, 0x00, 0x00, 0x00, 0x00,
    0x00, 0x00, 0x00, 0x00, 0x00, 0x00, 0x00, 0x00, 0x00, 0x00, 0x00, 0x00,
    0x00, 0x00, 0x00, 0x00, 0x00, 0x00, 0x00, 0x00, 0x00, 0x00, 0x00, 0x00,
    0x00, 0x00, 0x00, 0x00, 0x00, 0x00, 0x00, 0x00, 0x00, 0x00, 0x00, 0x00,
    0x00, 0x00, 0x00, 0x00, 0x00, 0x00, 0x00, 0x00, 0x00, 0x00, 0x00, 0x00,
    0x00, 0x00, 0x00, 0x00, 0x00, 0x00, 0x00, 0x00, 0x00, 0x00, 0x00, 0x00,
    0x00, 0x00, 0x00, 0x00, 0x00, 0x00, 0x00, 0x00, 0x00, 0x00, 0x00, 0x00,
    0x00, 0x00, 0x00, 0x00, 0x00, 0x00, 0x00, 0x00, 0x00, 0x00, 0x00, 0x00,
    0x00, 0x00, 0x00, 0x00, 0x00, 0x00, 0x00, 0x00, 0x00, 0x00, 0x00, 0x00,
    0x00, 0x00, 0x00, 0x00, 0x00, 0x00, 0x00, 0x00, 0x00, 0x00, 0x00, 0x00,
    0x00, 0x00, 0x00, 0x00, 0x00, 0x00, 0x00, 0x00, 0x00, 0x00, 0x00, 0x00,
    0x00, 0x00, 0x00, 0x00, 0x00, 0x00, 0x00, 0x00, 0x00, 0x00, 0x00, 0x00,
    0x00, 0x00, 0x00, 0x00, 0x00, 0x00, 0x00, 0x00, 0x00, 0x00, 0x00, 0x00,
    0x00, 0x00, 0x00, 0x00, 0x00, 0x00, 0x00, 0x00, 0x00, 0x00, 0x00, 0x00,
    0x00, 0x00, 0x00, 0x00, 0x00, 0x00, 0x00, 0x00, 0x00, 0x00, 0x00, 0x00,
    0x00, 0x00, 0x00, 0x00, 0x00, 0x00, 0x00, 0x00, 0x00, 0x00, 0x00, 0x00,
    0x00, 0x00, 0x00, 0x00, 0x00, 0x00, 0x00, 0x00, 0x00, 0x00, 0x00, 0x00,
    0x00, 0x00, 0x00, 0x00, 0x00, 0x00, 0x00, 0x00, 0x00, 0x00, 0x00, 0x00,
    0x00, 0x00, 0x00, 0x00, 0x00, 0x00, 0x00, 0x00, 0x00, 0x00, 0x00, 0x00,
    0x00, 0x00, 0x00, 0x00, 0x00, 0x00, 0x00, 0x00, 0x00, 0x00, 0x00, 0x00,
    0x00, 0x00, 0x00, 0x00, 0x00, 0x00, 0x00, 0x00, 0x00, 0x00, 0x00, 0x00,
    0x00, 0x00, 0x00, 0x00, 0x00, 0x00, 0x00, 0x00, 0x00, 0x00, 0x00, 0x00,
    0x00, 0x00, 0x00, 0x00, 0x00, 0x00, 0x00, 0x00, 0x00, 0x00, 0x00, 0x00,
    0x00, 0x00, 0x00, 0x00, 0x00, 0x00, 0x00, 0x00, 0x00, 0x00, 0x00, 0x00,
    0x00, 0x00, 0x00, 0x00, 0x00, 0x00, 0x00, 0x00, 0x00, 0x00, 0x00, 0x00,
    0x00, 0x00, 0x00, 0x00, 0x00, 0x00, 0x00, 0x00, 0x00, 0x00, 0x00, 0x00,
    0x00, 0x00, 0x00, 0x00, 0x00, 0x00, 0x00, 0x00, 0x00, 0x00, 0x00, 0x00,
    0x00, 0x00, 0x00, 0x00, 0x00, 0x00, 0x00, 0x00, 0x00, 0x00, 0x00, 0x00,
    0x00, 0x00, 0x00, 0x00, 0x00, 0x00, 0x00, 0x00, 0x00, 0x00, 0x00, 0x00,
    0x00, 0x00, 0x00, 0x00, 0x00, 0x00, 0x00, 0x00, 0x00, 0x00, 0x00, 0x00,
    0x00, 0x00, 0x00, 0x00, 0x00, 0x00, 0x00, 0x00, 0x00, 0x00, 0x00, 0x00,
    0x00, 0x00, 0x00, 0x00, 0x00, 0x00, 0x00, 0x00, 0x00, 0x00, 0x00, 0x00,
    0x00, 0x00, 0x00, 0x33, 0x33, 0x33, 0x33, 0x33, 0x12, 0x00, 0x00, 0x00,
    0x00, 0x00, 0x00, 0x14, 0x16, 0x1e, 0x09, 0x2d, 0x00, 0x12, 0x00, 0x00,
    0x00, 0x00, 0x00, 0x00, 0x00, 0x06, 0x42, 0x13, 0x13, 0x13, 0x18, 0x01,
    0x00, 0x00, 0x00, 0x00, 0x00, 0x00, 0x00, 0x00, 0x00, 0x00, 0x00, 0x25,
    0x33, 0x00, 0x00, 0x00, 0x01, 0x00, 0x01, 0x01, 0x23, 0x01, 0x00, 0x00,
    0x00, 0x00, 0x01, 0x01, 0x23, 0x0b, 0x00, 0x00, 0x00, 0x17, 0x00, 0x71,
    0x1e, 0x1a, 0x16, 0x27, 0x00, 0x00, 0x00, 0x00, 0x00, 0x00, 0x33, 0x33,
    0x33, 0x33, 0x33, 0x0b, 0x00, 0x00, 0x26, 0x00, 0x00, 0x00, 0x00, 0x00,
    0x00, 0x00, 0x00, 0x00, 0x00, 0x00, 0x00, 0x00, 0x00, 0x00, 0x00, 0x00,
    0x00, 0x00, 0x00, 0x00, 0x00, 0x00, 0x00, 0x00, 0x00, 0x00, 0x00, 0x00,
    0x00, 0x00, 0x00, 0x00, 0x00, 0x00, 0x00, 0x00, 0x00, 0x00, 0x00, 0x00,
    0x00, 0x00, 0x00, 0x00, 0x00, 0x00, 0x00, 0x00, 0x00, 0x00, 0x00, 0x00,
    0x00, 0x00, 0x00, 0x00, 0x00, 0x00, 0x00, 0x00, 0x00, 0x00, 0x00, 0x00,
    0x00, 0x00, 0x00, 0x00, 0x00, 0x00, 0x00, 0x00, 0x00, 0x00, 0x00, 0x00,
    0x00, 0x00, 0x00, 0x00, 0x00, 0x00, 0x00, 0x00, 0x00, 0x00, 0x00, 0x00,
    0x00, 0x00, 0x00, 0x00, 0x00, 0x00, 0x00, 0x00, 0x00, 0x00, 0x00, 0x00,
    0x00, 0x00, 0x00, 0x00, 0x00, 0x00, 0x00, 0x00, 0x00, 0x00, 0x00, 0x00,
    0x00, 0x00, 0x00, 0x00, 0x00, 0x00, 0x00, 0x00, 0x00, 0x00, 0x00, 0x00,
    0x00, 0x00, 0x00, 0x00, 0x00, 0x00, 0x00, 0x00, 0x00, 0x00, 0x00, 0x00,
    0x00, 0x00, 0x00, 0x00, 0x00, 0x00, 0x00, 0x00, 0x00, 0x00, 0x00, 0x00,
    0x00, 0x00, 0x00, 0x00, 0x00, 0x00, 0x00, 0x00, 0x00, 0x00, 0x00, 0x00,
    0x00, 0x00, 0x00, 0x00, 0x00, 0x00, 0x00, 0x00, 0x00, 0x00, 0x00, 0x00,
    0x00, 0x00, 0x00, 0x00, 0x00, 0x00, 0x00, 0x00, 0x00, 0x00, 0x00, 0x00,
    0x00, 0x00, 0x00, 0x00, 0x00, 0x00, 0x00, 0x00, 0x00, 0x00, 0x00, 0x00,
    0x00, 0x00, 0x00, 0x00, 0x00, 0x00, 0x00, 0x00, 0x00, 0x00, 0x00, 0x00,
    0x00, 0x00, 0x00, 0x00, 0x00, 0x00, 0x00, 0x00, 0x3c, 0x3e, 0x0b, 0x01,
    0x00, 0x00, 0x00, 0x00, 0x00, 0x00, 0x00, 0x00, 0x00, 0x00, 0x00, 0x00,
    0x00, 0x00, 0x00, 0x00, 0x00, 0x00, 0x00, 0x00, 0x00, 0x00, 0x00, 0x00,
    0x00, 0x00, 0x00, 0x00, 0x00, 0x00, 0x00, 0x00, 0x00, 0x00, 0x00, 0x00,
    0x00, 0x00, 0x00, 0x00, 0x00, 0x00, 0x00, 0x00, 0x00, 0x00, 0x00, 0x00,
    0x00, 0x00, 0x00, 0x00, 0x00, 0x00, 0x00, 0x00, 0x00, 0x00, 0x00, 0x00,
    0x00, 0x00, 0x00, 0x00, 0x00, 0x00, 0x00, 0x00, 0x00, 0x00, 0x00, 0x00,
    0x00, 0x00, 0x00, 0x00, 0x00, 0x00, 0x00, 0x00, 0x00, 0x00, 0x00, 0x00,
    0x00, 0x00, 0x00, 0x00, 0x00, 0x00, 0x00, 0x00, 0x00, 0x00, 0x00, 0x00,
    0x00, 0x00, 0x00, 0x00, 0x00, 0x00, 0x00, 0x00, 0x00, 0x00, 0x00, 0x00,
    0x00, 0x00, 0x00, 0x00, 0x00, 0x00, 0x00, 0x00, 0x00, 0x00, 0x00, 0x00,
    0x00, 0x00, 0x00, 0x00, 0x00, 0x00, 0x00, 0x00, 0x00, 0x00, 0x00, 0x00,
    0x00, 0x00, 0x00, 0x00, 0x00, 0x00, 0x00, 0x00, 0x00, 0x00, 0x00, 0x00,
    0x00, 0x00, 0x00, 0x00, 0x00, 0x00, 0x00, 0x00, 0x00, 0x00, 0x00, 0x00,
    0x00, 0x00, 0x00, 0x00, 0x00, 0x00, 0x00, 0x00, 0x00, 0x00, 0x00, 0x00,
    0x00, 0x00, 0x00, 0x00, 0x00, 0x00, 0x00, 0x00, 0x00, 0x00, 0x00, 0x00,
    0x00, 0x00, 0x00, 0x00, 0x00, 0x00, 0x00, 0x00, 0x00, 0x00, 0x00, 0x00,
    0x00, 0x00, 0x00, 0x00, 0x00, 0x00, 0x00, 0x00, 0x00, 0x00, 0x00, 0x00,
    0x00, 0x00, 0x00, 0x00, 0x00, 0x00, 0x00, 0x00, 0x00, 0x00, 0x00, 0x00,
    0x00, 0x00, 0x00, 0x00, 0x00, 0x00, 0x00, 0x00, 0x00, 0x00, 0x00, 0x00,
    0x00, 0x00, 0x00, 0x00, 0x00, 0x00, 0x00, 0x00, 0x00, 0x00, 0x00, 0x00,
    0x00, 0x00, 0x00, 0x00, 0x00, 0x00, 0x00, 0x00, 0x01, 0x4b, 0x0f, 0x00,
    0x00, 0x00, 0x00, 0x00, 0x00, 0x01, 0x4b, 0x4b, 0x4b, 0x4b, 0x4b, 0x2d,
    0x16, 0x1a, 0x1c, 0x14, 0x00, 0x33, 0x00, 0x00, 0x00, 0x00, 0x00, 0x00,
    0x00, 0x00, 0x00, 0x00, 0x00, 0x00, 0x00, 0x00, 0x00, 0x00, 0x00, 0x00,
    0x00, 0x00, 0x00, 0x00, 0x00, 0x00, 0x00, 0x00, 0x00, 0x01, 0x01, 0x01,
    0x00, 0x00, 0x00, 0x00, 0x00, 0x00, 0x00, 0x00, 0x00, 0x00, 0x00, 0x00,
    0x00, 0x00, 0x00, 0x00, 0x00, 0x1d, 0x00, 0x0a, 0x4a, 0x1e, 0x16, 0x38,
    0x4b, 0x1f, 0x4b, 0x4b, 0x33, 0x00, 0x00, 0x00, 0x00, 0x00, 0x00, 0x00,
    0x23, 0x06, 0x00, 0x00, 0x00, 0x00, 0x00, 0x00, 0x00, 0x00, 0x00, 0x00,
    0x00, 0x00, 0x00, 0x00, 0x00, 0x00, 0x26, 0x26, 0x26, 0x26, 0x00, 0x00,
    0x00, 0x00, 0x00, 0x00, 0x00, 0x00, 0x00, 0x00, 0x00, 0x00, 0x00, 0x26,
    0x26, 0x26, 0x00, 0x00, 0x00, 0x00, 0x00, 0x00, 0x00, 0x00, 0x00, 0x00,
    0x00, 0x00, 0x00, 0x00, 0x00, 0x00, 0x00, 0x00, 0x00, 0x25, 0x06, 0x4b,
    0x13, 0x18, 0x01, 0x00, 0x00, 0x00, 0x00, 0x00, 0x00, 0x00, 0x00, 0x00,
    0x00, 0x00, 0x00, 0x00, 0x00, 0x00, 0x00, 0x00, 0x00, 0x00, 0x00, 0x00,
    0x00, 0x00, 0x00, 0x00, 0x00, 0x00, 0x00, 0x00, 0x00, 0x00, 0x00, 0x00,
    0x00, 0x00, 0x00, 0x00, 0x00, 0x00, 0x00, 0x00, 0x00, 0x00, 0x00, 0x00,
    0x26, 0x26, 0x26, 0x26, 0x26, 0x26, 0x26, 0x26, 0x26, 0x00, 0x00, 0x00,
    0x00, 0x00, 0x00, 0x00, 0x00, 0x00, 0x00, 0x00, 0x00, 0x00, 0x00, 0x00,
    0x00, 0x00, 0x00, 0x00, 0x00, 0x00, 0x00, 0x00, 0x00, 0x00, 0x00, 0x00,
    0x00, 0x00, 0x00, 0x00, 0x00, 0x00, 0x00, 0x00, 0x00, 0x00, 0x00, 0x00,
    0x00, 0x00, 0x00, 0x00, 0x00, 0x00, 0x00, 0x00, 0x00, 0x17, 0x3e, 0x0b,
    0x3e, 0x01, 0x00, 0x00, 0x00, 0x00, 0x00, 0x00, 0x00, 0x00, 0x00, 0x00,
    0x00, 0x00, 0x00, 0x00, 0x00, 0x00, 0x00, 0x00, 0x00, 0x00, 0x00, 0x00,
    0x00, 0x00, 0x00, 0x00, 0x00, 0x00, 0x00, 0x00, 0x00, 0x00, 0x00, 0x00,
    0x00, 0x00, 0x00, 0x00, 0x00, 0x00, 0x00, 0x00, 0x00, 0x00, 0x00, 0x00,
    0x00, 0x00, 0x00, 0x00, 0x00, 0x00, 0x00, 0x00, 0x00, 0x00, 0x00, 0x00,
    0x00, 0x01, 0x25, 0x01, 0x01, 0x1d, 0x01, 0x00, 0x00, 0x00, 0x00, 0x00,
    0x00, 0x00, 0x00, 0x00, 0x00, 0x00, 0x00, 0x00, 0x00, 0x00, 0x00, 0x00,
    0x00, 0x00, 0x00, 0x00, 0x00, 0x00, 0x26, 0x26, 0x26, 0x26, 0x26, 0x26,
    0x26, 0x26, 0x26, 0x00, 0x00, 0x00, 0x00, 0x00, 0x00, 0x00, 0x00, 0x00,
    0x00, 0x00, 0x00, 0x00, 0x00, 0x00, 0x00, 0x00, 0x00, 0x00, 0x00, 0x00,
    0x00, 0x00, 0x00, 0x00, 0x00, 0x00, 0x00, 0x00, 0x00, 0x00, 0x00, 0x00,
    0x00, 0x00, 0x00, 0x00, 0x00, 0x00, 0x00, 0x00, 0x00, 0x00, 0x00, 0x00,
    0x00, 0x00, 0x00, 0x3c, 0x3e, 0x0b, 0x0b, 0x3e, 0x00, 0x00, 0x00, 0x00,
    0x00, 0x00, 0x00, 0x00, 0x00, 0x00, 0x00, 0x00, 0x00, 0x00, 0x00, 0x00,
    0x00, 0x00, 0x00, 0x00, 0x00, 0x00, 0x00, 0x00, 0x00, 0x00, 0x00, 0x00,
    0x00, 0x00, 0x00, 0x00, 0x00, 0x00, 0x00, 0x00, 0x00, 0x00, 0x00, 0x00,
    0x00, 0x00, 0x00, 0x00, 0x00, 0x00, 0x00, 0x00, 0x00, 0x00, 0x00, 0x00,
    0x00, 0x00, 0x00, 0x00, 0x00, 0x00, 0x01, 0x01, 0x33, 0x4b, 0x18, 0x06,
    0x00, 0x00, 0x00, 0x00, 0x00, 0x00, 0x00, 0x00, 0x00, 0x00, 0x00, 0x00,
    0x00, 0x00, 0x00, 0x00, 0x00, 0x00, 0x00, 0x00, 0x00, 0x00, 0x00, 0x00,
    0x00, 0x00, 0x00, 0x00, 0x00, 0x00, 0x00, 0x00, 0x00, 0x00, 0x00, 0x00,
    0x00, 0x00, 0x00, 0x00, 0x00, 0x00, 0x00, 0x00, 0x00, 0x00, 0x00, 0x00,
    0x00, 0x00, 0x00, 0x26, 0x26, 0x26, 0x26, 0x00, 0x00, 0x00, 0x00, 0x00,
    0x00, 0x00, 0x00, 0x00, 0x00, 0x00, 0x00, 0x00, 0x26, 0x26, 0x26, 0x00,
    0x00, 0x00, 0x00, 0x00, 0x00, 0x00, 0x00, 0x00, 0x00, 0x01, 0x01, 0x01,
    0x01, 0x01, 0x00, 0x00, 0x00, 0x00, 0x00, 0x00, 0x00, 0x00, 0x00, 0x00,
    0x00, 0x00, 0x00, 0x00, 0x00, 0x4b, 0x00, 0x14, 0x16, 0x1a, 0x1b, 0x14,
    0x00, 0x33, 0x00, 0x00, 0x00, 0x00, 0x00, 0x00, 0x00, 0x00, 0x00, 0x00,
    0x00, 0x00, 0x00, 0x00, 0x00, 0x00, 0x00, 0x00, 0x00, 0x00, 0x00, 0x00,
    0x00, 0x00, 0x00, 0x00, 0x00, 0x00, 0x00, 0x00, 0x00, 0x00, 0x00, 0x00,
    0x00, 0x00, 0x00, 0x00, 0x00, 0x00, 0x00, 0x00, 0x00, 0x00, 0x00, 0x00,
    0x00, 0x1d, 0x00, 0x2f, 0x4a, 0x1e, 0x16, 0x05, 0x00, 0x42, 0x00, 0x00,
    0x00, 0x00, 0x00, 0x00, 0x00, 0x00, 0x00, 0x00, 0x00, 0x00, 0x00, 0x00,
    0x00, 0x00, 0x00, 0x00, 0x00, 0x00, 0x00, 0x00, 0x00, 0x00, 0x00, 0x00,
    0x00, 0x00, 0x00, 0x00, 0x00, 0x00, 0x00, 0x00, 0x00, 0x00, 0x00, 0x00,
    0x00, 0x00, 0x00, 0x00, 0x00, 0x00, 0x00, 0x00, 0x00, 0x00, 0x00, 0x00,
    0x00, 0x00, 0x00, 0x00, 0x00, 0x00, 0x00, 0x00, 0x00, 0x00, 0x00, 0x00,
    0x00, 0x00, 0x00, 0x12, 0x01, 0x00, 0x00, 0x00, 0x00, 0x00, 0x00, 0x00,
    0x00, 0x00, 0x00, 0x00, 0x00, 0x00, 0x00, 0x00, 0x00, 0x00, 0x00, 0x00,
    0x00, 0x00, 0x00, 0x00, 0x00, 0x00, 0x00, 0x00, 0x00, 0x00, 0x00, 0x00,
    0x00, 0x00, 0x00, 0x00, 0x00, 0x00, 0x00, 0x00, 0x00, 0x00, 0x00, 0x00,
    0x00, 0x00, 0x00, 0x00, 0x00, 0x00, 0x00, 0x00, 0x00, 0x00, 0x00, 0x00,
    0x00, 0x00, 0x00, 0x00, 0x00, 0x26, 0x06, 0x18, 0x4b, 0x01, 0x00, 0x00,
    0x00, 0x00, 0x00, 0x00, 0x00, 0x00, 0x00, 0x00, 0x00, 0x00, 0x00, 0x00,
    0x00, 0x00, 0x00, 0x00, 0x00, 0x00, 0x00, 0x00, 0x00, 0x00, 0x00, 0x00,
    0x00, 0x00, 0x00, 0x00, 0x00, 0x00, 0x00, 0x00, 0x00, 0x00, 0x00, 0x00,
    0x00, 0x00, 0x00, 0x00, 0x00, 0x00, 0x00, 0x00, 0x00, 0x00, 0x00, 0x00,
    0x00, 0x00, 0x00, 0x00, 0x00, 0x00, 0x00, 0x00, 0x00, 0x00, 0x00, 0x00,
    0x00, 0x00, 0x00, 0x00, 0x00, 0x00, 0x00, 0x00, 0x00, 0x00, 0x00, 0x00,
    0x00, 0x00, 0x00, 0x00, 0x00, 0x00, 0x00, 0x00, 0x00, 0x00, 0x00, 0x00,
    0x00, 0x00, 0x00, 0x00, 0x00, 0x00, 0x00, 0x00, 0x00, 0x00, 0x00, 0x00,
    0x00, 0x00, 0x00, 0x00, 0x00, 0x00, 0x00, 0x23, 0x12, 0x00, 0x00, 0x00,
    0x00, 0x00, 0x00, 0x12, 0x06, 0x00, 0x00, 0x00, 0x00, 0x00, 0x00, 0x00,
    0x00, 0x00, 0x00, 0x00, 0x00, 0x00, 0x00, 0x00, 0x00, 0x00, 0x00, 0x00,
    0x00, 0x00, 0x00, 0x00, 0x00, 0x00, 0x00, 0x00, 0x00, 0x00, 0x00, 0x00,
    0x01, 0x12, 0x42, 0x06, 0x3c, 0x00, 0x00, 0x00, 0x00, 0x00, 0x00, 0x00,
    0x00, 0x00, 0x00, 0x00, 0x00, 0x00, 0x00, 0x00, 0x00, 0x00, 0x00, 0x00,
    0x00, 0x00, 0x00, 0x00, 0x00, 0x00, 0x00, 0x00, 0x00, 0x00, 0x00, 0x00,
    0x00, 0x00, 0x00, 0x00, 0x00, 0x00, 0x00, 0x00, 0x00, 0x00, 0x00, 0x00,
    0x00, 0x00, 0x00, 0x00, 0x00, 0x00, 0x00, 0x00, 0x00, 0x00, 0x00, 0x00,
    0x00, 0x00, 0x00, 0x00, 0x00, 0x00, 0x00, 0x00, 0x00, 0x00, 0x00, 0x00,
    0x00, 0x00, 0x00, 0x00, 0x00, 0x00, 0x00, 0x00, 0x00, 0x00, 0x00, 0x00,
    0x00, 0x00, 0x00, 0x00, 0x00, 0x00, 0x00, 0x00, 0x00, 0x00, 0x00, 0x00,
    0x00, 0x00, 0x00, 0x00, 0x00, 0x00, 0x00, 0x00, 0x00, 0x00, 0x00, 0x00,
    0x01, 0x33, 0x00, 0x00, 0x00, 0x00, 0x00, 0x00, 0x00, 0x00, 0x00, 0x00,
    0x00, 0x00, 0x00, 0x00, 0x00, 0x00, 0x00, 0x00, 0x00, 0x00, 0x00, 0x00,
    0x00, 0x00, 0x00, 0x00, 0x00, 0x00, 0x00, 0x00, 0x00, 0x00, 0x00, 0x00,
    0x00, 0x00, 0x00, 0x00, 0x00, 0x00, 0x00, 0x00, 0x00, 0x00, 0x00, 0x00,
    0x00, 0x00, 0x00, 0x00, 0x00, 0x00, 0x00, 0x00, 0x00, 0x01, 0x00, 0x00,
    0x00, 0x00, 0x00, 0x3c, 0x00, 0x00, 0x00, 0x00, 0x00, 0x00, 0x00, 0x00,
    0x00, 0x00, 0x00, 0x00, 0x00, 0x00, 0x00, 0x00, 0x00, 0x00, 0x00, 0x00,
    0x00, 0x00, 0x00, 0x00, 0x00, 0x00, 0x00, 0x00, 0x00, 0x00, 0x00, 0x00,
    0x00, 0x00, 0x00, 0x00, 0x00, 0x00, 0x00, 0x00, 0x00, 0x00, 0x00, 0x00,
    0x00, 0xc6, 0x00, 0x14, 0x16, 0x1e, 0x09, 0x14, 0x00, 0x12, 0x00, 0x00,
    0x00, 0x00, 0x00, 0x00, 0x00, 0x00, 0x00, 0x00, 0x00, 0x00, 0x00, 0x00,
    0x00, 0x00, 0x00, 0x00, 0x00, 0x00, 0x00, 0x00, 0x00, 0x00, 0x00, 0x00,
    0x00, 0x00, 0x00, 0x00, 0x00, 0x00, 0x00, 0x00, 0x00, 0x00, 0x00, 0x00,
    0x00, 0x00, 0x00, 0x00, 0x00, 0x00, 0x00, 0x00, 0x00, 0x17, 0x00, 0x2c,
    0x1e, 0x1a, 0x16, 0x05, 0x00, 0x42, 0x00, 0x00, 0x00, 0x00, 0x00, 0x00,
    0x00, 0x00, 0x00, 0x00, 0x00, 0x00, 0x00, 0x00, 0x00, 0x00, 0x00, 0x00,
    0x00, 0x00, 0x00, 0x00, 0x00, 0x00, 0x00, 0x00, 0x00, 0x00, 0x4b, 0x13,
    0x13, 0x4b, 0x00, 0x00, 0x00, 0x00, 0x00, 0x00, 0x00, 0x00, 0x00, 0x00,
    0x00, 0x00, 0x23, 0x18, 0x13, 0x42, 0x06, 0x00, 0x00, 0x00, 0x00, 0x00,
    0x00, 0x00, 0x00, 0x00, 0x00, 0x00, 0x00, 0x00, 0x00, 0x00, 0x01, 0x00,
    0x00, 0x21, 0x0a, 0x2d, 0x14, 0x3d, 0x1f, 0x00, 0x01, 0x00, 0x00, 0x00,
    0x00, 0x00, 0x00, 0x00, 0x00, 0x00, 0x00, 0x00, 0x00, 0x00, 0x00, 0x00,
    0x00, 0x00, 0x00, 0x00, 0x00, 0x00, 0x00, 0x00, 0x00, 0x00, 0x00, 0x00,
    0x00, 0x00, 0x00, 0x00, 0x00, 0x00, 0x00, 0x00, 0x00, 0x00, 0x00, 0x00,
    0x00, 0x00, 0x00, 0x4b, 0x18, 0x13, 0x13, 0x13, 0x13, 0x13, 0x13, 0x13,
    0x06, 0x00, 0x00, 0x00, 0x00, 0x00, 0x4b, 0x01, 0x00, 0x00, 0x00, 0x00,
    0x00, 0x00, 0x00, 0x00, 0x00, 0x00, 0x00, 0x00, 0x00, 0x00, 0x00, 0x00,
    0x00, 0x00, 0x00, 0x00, 0x00, 0x00, 0x00, 0x00, 0x00, 0x00, 0x00, 0x00,
    0x00, 0x00, 0x00, 0x00, 0x00, 0x00, 0x00, 0x00, 0x00, 0x00, 0x00, 0x00,
    0x51, 0x0a, 0x0a, 0x0a, 0x07, 0x45, 0x00, 0x00, 0x00, 0x00, 0x00, 0x00,
    0x00, 0x00, 0x00, 0x00, 0x00, 0x00, 0x00, 0x00, 0x00, 0x00, 0x00, 0x00,
    0x00, 0x00, 0x00, 0x00, 0x00, 0x00, 0x00, 0x00, 0x00, 0x00, 0x00, 0x00,
    0x00, 0x00, 0x00, 0x00, 0x00, 0x00, 0x00, 0x00, 0x00, 0x00, 0x00, 0x00,
    0x00, 0x00, 0x00, 0x00, 0x00, 0x00, 0x00, 0x00, 0x00, 0x00, 0x00, 0x00,
    0x00, 0x00, 0x25, 0x00, 0x00, 0x74, 0x21, 0x2c, 0x0a, 0x07, 0x45, 0x00,
    0x00, 0x0b, 0x00, 0x00, 0x00, 0x00, 0x00, 0x00, 0x00, 0x00, 0x00, 0x00,
    0x00, 0x00, 0x00, 0x00, 0x00, 0x00, 0x00, 0x00, 0x00, 0x01, 0x18, 0x13,
    0x13, 0x13, 0x13, 0x13, 0x13, 0x13, 0x13, 0x1d, 0x00, 0x00, 0x00, 0x00,
    0x00, 0x12, 0x00, 0x00, 0x00, 0x00, 0x00, 0x00, 0x00, 0x00, 0x00, 0x00,
    0x00, 0x00, 0x00, 0x00, 0x00, 0x00, 0x00, 0x00, 0x00, 0x00, 0x00, 0x00,
    0x00, 0x00, 0x00, 0x00, 0x00, 0x00, 0x00, 0x00, 0x00, 0x00, 0x00, 0x00,
    0x00, 0x00, 0x00, 0x00, 0x00, 0x00, 0x00, 0x21, 0x07, 0x0a, 0x0a, 0x0a,
    0x0e, 0x00, 0x00, 0x00, 0x00, 0x00, 0x00, 0x00, 0x00, 0x00, 0x00, 0x00,
    0x00, 0x00, 0x00, 0x00, 0x00, 0x00, 0x00, 0x00, 0x00, 0x00, 0x00, 0x00,
    0x00, 0x00, 0x00, 0x00, 0x00, 0x00, 0x00, 0x00, 0x00, 0x00, 0x00, 0x00,
    0x00, 0x00, 0x00, 0x00, 0x00, 0x00, 0x00, 0x00, 0x00, 0x00, 0x00, 0x00,
    0x00, 0x00, 0x00, 0x00, 0x00, 0x00, 0x00, 0x00, 0x00, 0x00, 0x02, 0x07,
    0x3d, 0x3d, 0x77, 0x07, 0x00, 0x01, 0x00, 0x00, 0x00, 0x00, 0x00, 0x00,
    0x00, 0x00, 0x00, 0x00, 0x00, 0x00, 0x00, 0x00, 0x00, 0x00, 0x00, 0x00,
    0x00, 0x00, 0x00, 0x00, 0x00, 0x00, 0x00, 0x00, 0x00, 0x00, 0x00, 0x00,
    0x00, 0x00, 0x00, 0x00, 0x00, 0x00, 0x00, 0x00, 0x00, 0x00, 0x00, 0x00,
    0x00, 0x00, 0x00, 0x00, 0x00, 0x00, 0x00, 0x19, 0x4b, 0x4b, 0x19, 0x00,
    0x01, 0x00, 0x00, 0x00, 0x00, 0x00, 0x00, 0x00, 0x00, 0x00, 0x00, 0x12,
    0x42, 0x13, 0x18, 0x01, 0x00, 0x00, 0x00, 0x00, 0x00, 0x00, 0x00, 0x00,
    0x0f, 0x02, 0x02, 0x02, 0x51, 0x45, 0x00, 0x00, 0x0f, 0x19, 0x06, 0x00,
    0x00, 0x00, 0x00, 0x00, 0x00, 0x0f, 0x29, 0x42, 0x42, 0x9c, 0x42, 0x14,
    0x16, 0x1a, 0x1b, 0x14, 0x00, 0x33, 0x00, 0x00, 0x00, 0x00, 0x00, 0x00,
    0x00, 0x00, 0x00, 0x00, 0x00, 0x00, 0x00, 0x00, 0x00, 0x00, 0x00, 0x00,
    0x00, 0x00, 0x00, 0x00, 0x00, 0x00, 0x00, 0x00, 0x00, 0x00, 0x00, 0x00,
    0x00, 0x00, 0x00, 0x00, 0x00, 0x00, 0x00, 0x00, 0x00, 0x00, 0x00, 0x00,
    0x00, 0x00, 0x00, 0x00, 0x00, 0x1d, 0x00, 0x0a, 0x1a, 0x48, 0x16, 0x05,
    0x18, 0x42, 0x18, 0x42, 0x42, 0x26, 0x00, 0x00, 0x00, 0x00, 0x00, 0x00,
    0x13, 0x13, 0x00, 0x00, 0x00, 0x00, 0x00, 0x00, 0x00, 0x00, 0x00, 0x00,
    0x00, 0x00, 0x01, 0x25, 0x54, 0x11, 0x22, 0x03, 0x20, 0x22, 0x0d, 0x18,
    0x25, 0x00, 0x00, 0x00, 0x00, 0x00, 0x00, 0x00, 0x06, 0x00, 0x2a, 0x78,
    0x20, 0x5a, 0x0d, 0x00, 0x17, 0x00, 0x00, 0x00, 0x00, 0x00, 0x00, 0x00,
    0x00, 0x00, 0x00, 0x00, 0x00, 0x25, 0x00, 0x2d, 0x22, 0x1c, 0x1b, 0x16,
    0x66, 0x65, 0x14, 0x00, 0x06, 0x00, 0x00, 0x00, 0x00, 0x00, 0x00, 0x00,
    0x00, 0x00, 0x00, 0x00, 0x00, 0x00, 0x00, 0x00, 0x00, 0x00, 0x00, 0x00,
    0x00, 0x00, 0x00, 0x00, 0x00, 0x00, 0x00, 0x00, 0x00, 0x00, 0x00, 0x00,
    0x00, 0x00, 0x00, 0x00, 0x00, 0x00, 0x00, 0x00, 0x01, 0x00, 0x1f, 0x03,
    0x22, 0x03, 0x03, 0xc7, 0x03, 0x03, 0xc7, 0x03, 0x03, 0x20, 0x0d, 0x5b,
    0x3d, 0x21, 0x00, 0x00, 0x01, 0x00, 0x00, 0x00, 0x00, 0x00, 0x00, 0x00,
    0x00, 0x00, 0x00, 0x00, 0x00, 0x00, 0x00, 0x00, 0x00, 0x00, 0x00, 0x00,
    0x00, 0x00, 0x00, 0x00, 0x00, 0x00, 0x00, 0x00, 0x00, 0x00, 0x00, 0x00,
    0x00, 0x00, 0x00, 0x00, 0x00, 0x00, 0x0f, 0x00, 0x02, 0x1a, 0x48, 0x1e,
    0x16, 0x05, 0x00, 0x42, 0x00, 0x00, 0x00, 0x00, 0x00, 0x00, 0x00, 0x00,
    0x00, 0x00, 0x00, 0x00, 0x00, 0x00, 0x00, 0x00, 0x00, 0x00, 0x00, 0x00,
    0x00, 0x00, 0x00, 0x00, 0x00, 0x00, 0x00, 0x00, 0x00, 0x00, 0x00, 0x00,
    0x00, 0x00, 0x00, 0x00, 0x00, 0x00, 0x00, 0x00, 0x00, 0x00, 0x00, 0x00,
    0x00, 0x00, 0x00, 0x00, 0x00, 0x00, 0x00, 0x00, 0x00, 0x01, 0x00, 0x2d,
    0x3b, 0x03, 0x1a, 0x16, 0x04, 0x1e, 0x1b, 0x3b, 0x14, 0x00, 0x0f, 0x00,
    0x00, 0x00, 0x00, 0x00, 0x00, 0x00, 0x00, 0x00, 0x00, 0x00, 0x00, 0x00,
    0x00, 0x00, 0x00, 0x06, 0x00, 0x2c, 0x22, 0x03, 0x20, 0x20, 0x03, 0xc7,
    0x20, 0x03, 0x20, 0x03, 0x20, 0x3b, 0x7b, 0x3d, 0x37, 0x00, 0x01, 0x00,
    0x00, 0x00, 0x00, 0x00, 0x00, 0x00, 0x00, 0x00, 0x00, 0x00, 0x00, 0x00,
    0x00, 0x00, 0x00, 0x00, 0x00, 0x00, 0x00, 0x00, 0x00, 0x00, 0x00, 0x00,
    0x00, 0x00, 0x00, 0x00, 0x00, 0x00, 0x00, 0x00, 0x00, 0x00, 0x00, 0x00,
    0x00, 0x13, 0x00, 0x3d, 0x16, 0x1e, 0x4a, 0x1b, 0x0a, 0x00, 0x23, 0x00,
    0x00, 0x00, 0x00, 0x00, 0x00, 0x00, 0x00, 0x00, 0x00, 0x00, 0x00, 0x00,
    0x00, 0x00, 0x00, 0x00, 0x00, 0x00, 0x00, 0x00, 0x00, 0x00, 0x00, 0x00,
    0x00, 0x00, 0x00, 0x00, 0x00, 0x00, 0x00, 0x00, 0x00, 0x00, 0x00, 0x00,
    0x00, 0x00, 0x00, 0x00, 0x00, 0x00, 0x00, 0x00, 0x00, 0x00, 0x00, 0x00,
    0x00, 0x00, 0x01, 0x00, 0x45, 0x5b, 0x5f, 0x1c, 0x16, 0xb6, 0x65, 0x03,
    0x00, 0x23, 0x00, 0x00, 0x00, 0x00, 0x00, 0x00, 0x00, 0x00, 0x00, 0x00,
    0x00, 0x00, 0x00, 0x00, 0x00, 0x00, 0x00, 0x00, 0x00, 0x00, 0x00, 0x00,
    0x00, 0x00, 0x00, 0x00, 0x00, 0x00, 0x00, 0x00, 0x00, 0x00, 0x00, 0x00,
    0x00, 0x00, 0x00, 0x00, 0x00, 0x00, 0x00, 0x00, 0x00, 0x00, 0x00, 0x0f,
    0x01, 0x02, 0x22, 0x22, 0x03, 0x20, 0x5a, 0x0c, 0x00, 0x01, 0x00, 0x00,
    0x00, 0x00, 0x00, 0x00, 0x00, 0x00, 0x00, 0x11, 0x22, 0x20, 0x5a, 0x2a,
    0x00, 0x4b, 0x00, 0x00, 0x00, 0x00, 0x0f, 0x00, 0x21, 0x1a, 0x1a, 0x1e,
    0x1b, 0x0d, 0x00, 0x00, 0x00, 0x00, 0x00, 0x13, 0x18, 0x18, 0x42, 0x13,
    0x18, 0x00, 0x00, 0x00, 0x00, 0x00, 0x00, 0x14, 0x04, 0x1a, 0x1c, 0x14,
    0x00, 0x33, 0x00, 0x00, 0x00, 0x00, 0x00, 0x00, 0x00, 0x00, 0x00, 0x00,
    0x00, 0x00, 0x00, 0x00, 0x00, 0x00, 0x00, 0x00, 0x00, 0x00, 0x00, 0x00,
    0x00, 0x00, 0x00, 0x00, 0x00, 0x00, 0x00, 0x00, 0x00, 0x00, 0x00, 0x00,
    0x00, 0x00, 0x00, 0x00, 0x00, 0x00, 0x00, 0x00, 0x00, 0x00, 0x00, 0x00,
    0x00, 0x17, 0x00, 0x2f, 0x4a, 0x1e, 0x16, 0x05, 0x00, 0x00, 0x00, 0x00,
    0x00, 0x26, 0x18, 0x42, 0x18, 0x18, 0x42, 0x01, 0x00, 0x00, 0x00, 0x00,
    0x00, 0x00, 0x00, 0x00, 0x00, 0x00, 0x00, 0x00, 0x00, 0x00, 0x4b, 0x00,
    0x05, 0x15, 0x1c, 0x09, 0x1c, 0x1c, 0x04, 0x27, 0x00, 0x4b, 0x00, 0x00,
    0x00, 0x00, 0x00, 0x00, 0x23, 0x00, 0x0d, 0x16, 0x1e, 0x16, 0x03, 0x00,
    0x1d, 0x00, 0x00, 0x00, 0x00, 0x00, 0x00, 0x00, 0x00, 0x00, 0x00, 0x00,
    0x4b, 0x00, 0x14, 0x16, 0x16, 0x1a, 0x09, 0x1e, 0x03, 0x22, 0x2c, 0x00,
    0x01, 0x00, 0x00, 0x00, 0x00, 0x00, 0x01, 0x01, 0x01, 0x01, 0x01, 0x00,
    0x00, 0x00, 0x00, 0x00, 0x00, 0x00, 0x00, 0x00, 0x00, 0x00, 0x00, 0x00,
    0x00, 0x00, 0x00, 0x00, 0x00, 0x00, 0x00, 0x00, 0x00, 0x00, 0x00, 0x00,
    0x00, 0x00, 0x00, 0x00, 0x01, 0x00, 0x21, 0x1e, 0x16, 0x1c, 0x08, 0x04,
    0x15, 0x90, 0x66, 0x15, 0x16, 0x16, 0x16, 0x16, 0x16, 0x09, 0x5b, 0x55,
    0x00, 0x01, 0x00, 0x00, 0x00, 0x00, 0x00, 0x00, 0x00, 0x00, 0x00, 0x01,
    0x01, 0x01, 0x01, 0x00, 0x00, 0x00, 0x00, 0x00, 0x00, 0x00, 0x00, 0x00,
    0x00, 0x00, 0x00, 0x00, 0x3c, 0x01, 0x25, 0x01, 0x01, 0x00, 0x00, 0x00,
    0x00, 0x00, 0x25, 0x00, 0x07, 0x16, 0x16, 0x04, 0x65, 0x27, 0x00, 0x18,
    0x00, 0x00, 0x00, 0x00, 0x00, 0x00, 0x00, 0x01, 0x01, 0x01, 0x26, 0x00,
    0x00, 0x00, 0x00, 0x00, 0x00, 0x00, 0x00, 0x00, 0x00, 0x00, 0x00, 0x00,
    0x00, 0x00, 0x00, 0x00, 0x00, 0x00, 0x01, 0x01, 0x01, 0x26, 0x00, 0x00,
    0x00, 0x00, 0x00, 0x00, 0x00, 0x00, 0x00, 0x00, 0x00, 0x00, 0x00, 0x00,
    0x00, 0x00, 0x00, 0x00, 0x25, 0x01, 0x0c, 0x16, 0x04, 0x16, 0x1a, 0x03,
    0x03, 0x1e, 0x16, 0x04, 0x16, 0x27, 0x00, 0x3e, 0x00, 0x00, 0x00, 0x00,
    0x00, 0x00, 0x00, 0x00, 0x00, 0x00, 0x00, 0x00, 0x00, 0x00, 0x00, 0x06,
    0x00, 0x14, 0x16, 0x1b, 0x08, 0x8a, 0x16, 0x66, 0x66, 0x52, 0x66, 0x04,
    0x16, 0x4f, 0xc8, 0x1c, 0x22, 0x96, 0x00, 0x01, 0x00, 0x00, 0x00, 0x00,
    0x00, 0x00, 0x00, 0x00, 0x00, 0x00, 0x01, 0x01, 0x01, 0x01, 0x00, 0x00,
    0x00, 0x00, 0x00, 0x00, 0x00, 0x00, 0x00, 0x00, 0x00, 0x00, 0x00, 0x01,
    0x01, 0x01, 0x01, 0x01, 0x00, 0x00, 0x00, 0x00, 0x00, 0x13, 0x00, 0x14,
    0x15, 0x04, 0x16, 0x16, 0x0a, 0x00, 0x06, 0x00, 0x00, 0x00, 0x00, 0x00,
    0x00, 0x26, 0x01, 0x01, 0x01, 0x00, 0x00, 0x00, 0x00, 0x00, 0x00, 0x00,
    0x00, 0x00, 0x00, 0x00, 0x00, 0x00, 0x00, 0x00, 0x00, 0x00, 0x00, 0x00,
    0x00, 0x01, 0x01, 0x01, 0x00, 0x00, 0x00, 0x00, 0x00, 0x00, 0x00, 0x00,
    0x00, 0x00, 0x00, 0x00, 0x00, 0x00, 0x00, 0x00, 0x00, 0x01, 0x25, 0x24,
    0x03, 0x15, 0x09, 0x43, 0x1e, 0x03, 0x5a, 0x0c, 0x00, 0x01, 0x00, 0x00,
    0x00, 0x00, 0x00, 0x26, 0x01, 0x01, 0x01, 0x01, 0x00, 0x00, 0x00, 0x00,
    0x00, 0x00, 0x00, 0x00, 0x00, 0x00, 0x00, 0x00, 0x00, 0x00, 0x00, 0x00,
    0x00, 0x00, 0x00, 0x00, 0x00, 0x00, 0x00, 0x00, 0x00, 0x00, 0x00, 0x00,
    0x00, 0x00, 0x00, 0x00, 0x00, 0x00, 0x00, 0x12, 0x00, 0x0c, 0x15, 0x1c,
    0x1c, 0x1c, 0x1b, 0x16, 0x14, 0x00, 0x33, 0x00, 0x00, 0x00, 0x00, 0x00,
    0x00, 0x00, 0x00, 0x03, 0x16, 0x1a, 0x15, 0x0d, 0x00, 0x13, 0x00, 0x00,
    0x00, 0x00, 0x01, 0x00, 0x21, 0x48, 0x1b, 0x1a, 0x16, 0x03, 0x00, 0x3e,
    0x21, 0x7c, 0x0a, 0x00, 0x00, 0x00, 0x00, 0x00, 0x00, 0x2c, 0x7c, 0x05,
    0x60, 0x7b, 0x05, 0x2a, 0x1c, 0x1e, 0x1b, 0x2d, 0x00, 0x12, 0x00, 0x00,
    0x00, 0x00, 0x00, 0x00, 0x00, 0x00, 0x00, 0x00, 0x00, 0x00, 0x00, 0x00,
    0x00, 0x00, 0x00, 0x00, 0x00, 0x00, 0x00, 0x00, 0x00, 0x00, 0x00, 0x00,
    0x00, 0x00, 0x00, 0x00, 0x00, 0x00, 0x00, 0x00, 0x00, 0x00, 0x00, 0x00,
    0x00, 0x00, 0x00, 0x00, 0x00, 0x00, 0x00, 0x00, 0x00, 0x1d, 0x00, 0x2c,
    0x1a, 0x1e, 0x1b, 0x0d, 0x60, 0x60, 0x5e, 0x38, 0x60, 0x00, 0x00, 0x00,
    0x00, 0x00, 0x00, 0x00, 0x38, 0x27, 0x01, 0x26, 0x00, 0x00, 0x00, 0x00,
    0x00, 0x00, 0x00, 0x00, 0x00, 0x0f, 0x25, 0x02, 0x09, 0x1b, 0x1e, 0x1e,
    0x1e, 0x1e, 0x1b, 0x1c, 0x21, 0x0f, 0x01, 0x00, 0x00, 0x00, 0x00, 0x00,
    0x06, 0x00, 0x0d, 0x16, 0x1a, 0x16, 0x03, 0x00, 0x1d, 0x00, 0x00, 0x00,
    0x00, 0x00, 0x00, 0x00, 0x00, 0x00, 0x00, 0x01, 0x8c, 0x0f, 0x0d, 0x04,
    0x1a, 0x4f, 0x0d, 0x1f, 0x01, 0x00, 0x00, 0x00, 0x00, 0x00, 0x00, 0x01,
    0x18, 0x01, 0x00, 0x00, 0x00, 0x00, 0x00, 0x01, 0x18, 0x23, 0x00, 0x00,
    0x00, 0x00, 0x00, 0x00, 0x00, 0x1d, 0x17, 0x1d, 0x1d, 0x00, 0x0b, 0x29,
    0x01, 0x25, 0x1d, 0x00, 0x00, 0x00, 0x00, 0x00, 0x00, 0x00, 0x00, 0x00,
    0x01, 0x00, 0x21, 0x1a, 0x1c, 0x1e, 0x1b, 0x03, 0x0d, 0x11, 0x0d, 0xbb,
    0x11, 0x03, 0x1e, 0x09, 0x1a, 0x1c, 0x16, 0x22, 0x21, 0x25, 0x01, 0x00,
    0x00, 0x00, 0x00, 0x26, 0x33, 0x4b, 0x00, 0x00, 0x00, 0x00, 0x00, 0x00,
    0x23, 0x18, 0x01, 0x00, 0x00, 0x00, 0x00, 0x00, 0x00, 0x3e, 0x18, 0x0b,
    0x00, 0x00, 0x00, 0x00, 0x00, 0x00, 0x12, 0x13, 0x01, 0x00, 0x00, 0x00,
    0x28, 0x05, 0x05, 0x05, 0x5e, 0x2c, 0x00, 0x25, 0x00, 0x00, 0x00, 0x00,
    0x12, 0x33, 0x00, 0x00, 0x00, 0x00, 0x00, 0x4b, 0x1d, 0x01, 0x17, 0x25,
    0x17, 0x3c, 0x00, 0x00, 0x00, 0x00, 0x3c, 0x1d, 0x0f, 0x1d, 0x0f, 0x01,
    0x13, 0x00, 0x00, 0x00, 0x00, 0x00, 0x06, 0x13, 0x26, 0x00, 0x00, 0x00,
    0x00, 0x00, 0x00, 0x00, 0x00, 0x00, 0x00, 0x00, 0x00, 0x00, 0x00, 0x4b,
    0x00, 0x2d, 0x16, 0x1a, 0x1c, 0x22, 0x0a, 0x00, 0x00, 0x1f, 0x22, 0x43,
    0x1c, 0x08, 0x0a, 0x00, 0x0b, 0x00, 0x00, 0x00, 0x00, 0x00, 0x00, 0x00,
    0x00, 0x00, 0x00, 0x00, 0x00, 0x00, 0x00, 0x23, 0x00, 0x0a, 0x1c, 0x1e,
    0x1e, 0x5f, 0x0d, 0x0d, 0x0d, 0xbb, 0x0d, 0x0d, 0x03, 0x1e, 0x1c, 0x1a,
    0x43, 0x04, 0x0c, 0x00, 0x1d, 0x00, 0x00, 0x00, 0x00, 0x00, 0x01, 0x18,
    0x06, 0x00, 0x00, 0x00, 0x00, 0x00, 0x00, 0x4b, 0x12, 0x00, 0x00, 0x00,
    0x00, 0x00, 0x00, 0x00, 0x06, 0x42, 0x01, 0x00, 0x00, 0x00, 0x00, 0x00,
    0x01, 0x18, 0x33, 0x00, 0x00, 0x25, 0x00, 0x0a, 0xb3, 0x05, 0x05, 0x7b,
    0x02, 0x00, 0x01, 0x00, 0x00, 0x00, 0x01, 0x18, 0x23, 0x00, 0x00, 0x00,
    0x00, 0x00, 0x13, 0x01, 0x0f, 0x1d, 0x17, 0x17, 0x00, 0x00, 0x00, 0x00,
    0x00, 0x01, 0x17, 0x1d, 0x17, 0x01, 0x1d, 0x4b, 0x00, 0x00, 0x00, 0x00,
    0x00, 0x4b, 0x06, 0x00, 0x00, 0x00, 0x00, 0x00, 0x00, 0x00, 0x00, 0x00,
    0x00, 0x00, 0x00, 0x00, 0x00, 0x79, 0x25, 0x0a, 0x16, 0x1e, 0x1e, 0x1b,
    0x3d, 0x01, 0x00, 0x00, 0x00, 0x00, 0x00, 0x00, 0x01, 0x18, 0x23, 0x00,
    0x00, 0x00, 0x00, 0x00, 0x00, 0x12, 0x4b, 0x3c, 0x00, 0x00, 0x00, 0x00,
    0x00, 0x00, 0x0f, 0x1d, 0x0f, 0x0b, 0x3c, 0x01, 0x18, 0x12, 0x0f, 0x1d,
    0x3c, 0x00, 0x00, 0x00, 0x00, 0x00, 0x00, 0x00, 0x00, 0x00, 0x00, 0x00,
    0x00, 0x00, 0x23, 0x00, 0x0a, 0x1c, 0x1e, 0x1e, 0x1e, 0x1a, 0x1e, 0x1c,
    0x03, 0x13, 0x01, 0x26, 0x00, 0x00, 0x00, 0x00, 0x00, 0x00, 0x00, 0x03,
    0x1c, 0x1e, 0x16, 0x0d, 0x00, 0x13, 0x00, 0x00, 0x00, 0x00, 0x01, 0x00,
    0x54, 0x4a, 0x1b, 0x1e, 0x16, 0x11, 0x00, 0x13, 0x03, 0x16, 0x1a, 0x2a,
    0x38, 0x05, 0x60, 0x38, 0x05, 0x0d, 0x15, 0x04, 0x16, 0x16, 0x16, 0x1c,
    0x1a, 0x1e, 0x1b, 0x14, 0x00, 0x33, 0x00, 0x00, 0x00, 0x00, 0x00, 0x00,
    0x00, 0x00, 0x00, 0x00, 0x00, 0x00, 0x00, 0x00, 0x00, 0x00, 0x00, 0x00,
    0x00, 0x00, 0x00, 0x00, 0x00, 0x00, 0x00, 0x00, 0x00, 0x00, 0x00, 0x00,
    0x00, 0x00, 0x00, 0x00, 0x00, 0x00, 0x00, 0x00, 0x00, 0x00, 0x00, 0x00,
    0x00, 0x00, 0x00, 0x00, 0x00, 0x17, 0x00, 0x2f, 0x1e, 0x4a, 0x1e, 0x1b,
    0x16, 0x04, 0x4f, 0x04, 0x16, 0x5b, 0x05, 0x38, 0x60, 0x05, 0x60, 0x0d,
    0x16, 0x66, 0x05, 0x00, 0x42, 0x00, 0x00, 0x00, 0x00, 0x00, 0x00, 0x00,
    0x00, 0x4b, 0x00, 0x0c, 0x16, 0x1a, 0x04, 0x27, 0x0c, 0x16, 0x1a, 0x04,
    0x0c, 0x00, 0x13, 0x00, 0x00, 0x00, 0x00, 0x00, 0x23, 0x00, 0x0d, 0x16,
    0x1a, 0x04, 0x20, 0x00, 0x17, 0x00, 0x00, 0x00, 0x00, 0x00, 0x00, 0x00,
    0x00, 0x00, 0x00, 0x00, 0x00, 0x00, 0x03, 0x16, 0x1e, 0x04, 0x0c, 0x00,
    0x00, 0x00, 0x00, 0x00, 0x00, 0x00, 0x01, 0x00, 0x00, 0x00, 0x70, 0x1f,
    0x21, 0x47, 0x55, 0x00, 0x00, 0x00, 0x1d, 0x26, 0x00, 0x00, 0x00, 0x00,
    0x00, 0x00, 0x00, 0x00, 0x00, 0x0b, 0x00, 0x00, 0x00, 0x00, 0x00, 0x00,
    0x00, 0x00, 0x00, 0x00, 0x00, 0x00, 0x00, 0x00, 0x01, 0x00, 0x21, 0x1e,
    0x09, 0x1e, 0x16, 0x27, 0x00, 0x00, 0x00, 0x00, 0x00, 0x00, 0x21, 0x5b,
    0x5f, 0x1e, 0x1a, 0x15, 0x2a, 0x00, 0x23, 0x00, 0x00, 0x00, 0x1d, 0x00,
    0x00, 0x00, 0x00, 0x45, 0x1f, 0x02, 0x21, 0x01, 0x00, 0x00, 0x00, 0x23,
    0x00, 0x00, 0x00, 0x00, 0x01, 0x00, 0x00, 0x00, 0x41, 0x47, 0x21, 0x02,
    0x45, 0x00, 0x00, 0x00, 0x00, 0x00, 0x00, 0x00, 0x00, 0x00, 0x00, 0x00,
    0x00, 0x00, 0x00, 0x00, 0x00, 0x00, 0x01, 0x00, 0x00, 0x00, 0x00, 0x21,
    0x47, 0x1f, 0x19, 0x00, 0x00, 0x00, 0x00, 0x00, 0x00, 0x00, 0x00, 0x00,
    0x00, 0x00, 0x00, 0x00, 0x00, 0x00, 0x00, 0x00, 0x00, 0x00, 0x21, 0x02,
    0x45, 0x19, 0x00, 0x00, 0x00, 0x01, 0x00, 0x00, 0x00, 0x00, 0x00, 0x00,
    0x00, 0x00, 0x00, 0x00, 0x00, 0x00, 0x00, 0x29, 0x00, 0x05, 0x04, 0x1a,
    0x4f, 0x0c, 0x00, 0x3f, 0x01, 0x00, 0x0c, 0x16, 0x1a, 0x16, 0x14, 0x00,
    0x12, 0x00, 0x00, 0x00, 0x00, 0x00, 0x00, 0x00, 0x00, 0x00, 0x00, 0x00,
    0x00, 0x00, 0x00, 0x06, 0x00, 0x0a, 0x08, 0x1e, 0x1a, 0x16, 0x2c, 0x00,
    0x00, 0x00, 0x00, 0x00, 0x4b, 0x2c, 0x22, 0x89, 0x1e, 0x1a, 0x16, 0x14,
    0x00, 0x13, 0x00, 0x00, 0x00, 0x06, 0x00, 0x00, 0x00, 0x01, 0x21, 0x47,
    0x47, 0x1f, 0x00, 0x00, 0x00, 0x00, 0x25, 0x00, 0x00, 0x00, 0x01, 0x01,
    0x00, 0x00, 0x00, 0x24, 0x47, 0x21, 0x1f, 0x86, 0x00, 0x00, 0x00, 0x00,
    0x00, 0x00, 0x00, 0x00, 0x00, 0x00, 0x00, 0x00, 0x00, 0x00, 0x00, 0x00,
    0x00, 0x17, 0x00, 0x00, 0x00, 0x19, 0x02, 0x1f, 0x02, 0x00, 0x00, 0x00,
    0x00, 0x00, 0x00, 0x00, 0x00, 0x00, 0x00, 0x00, 0x00, 0x00, 0x00, 0x00,
    0x00, 0x00, 0x00, 0x00, 0x17, 0x45, 0x28, 0x21, 0x00, 0x00, 0x00, 0x17,
    0x00, 0x00, 0x00, 0x00, 0x00, 0x00, 0x00, 0x00, 0x00, 0x00, 0x00, 0x00,
    0x00, 0x00, 0x00, 0x2d, 0x16, 0x1a, 0x1a, 0x48, 0x1f, 0x00, 0x00, 0x00,
    0x00, 0x00, 0x00, 0x23, 0x00, 0x00, 0x00, 0x01, 0x21, 0x47, 0x1f, 0x47,
    0x00, 0x00, 0x00, 0x00, 0x17, 0x00, 0x00, 0x00, 0x00, 0x00, 0x00, 0x00,
    0x00, 0x00, 0x00, 0x00, 0x00, 0x00, 0x00, 0x00, 0x00, 0x00, 0x00, 0x00,
    0x00, 0x00, 0x00, 0x00, 0x00, 0x00, 0x00, 0x00, 0x00, 0x00, 0x06, 0x00,
    0x0d, 0x16, 0x4a, 0x16, 0x14, 0x0d, 0x16, 0x1e, 0x04, 0x38, 0x00, 0x12,
    0x00, 0x00, 0x00, 0x00, 0x00, 0x00, 0x00, 0x20, 0x1b, 0x1e, 0x04, 0x11,
    0x00, 0x13, 0x00, 0x00, 0x00, 0x00, 0x3c, 0x00, 0x40, 0x03, 0x5f, 0x1e,
    0x04, 0x0d, 0x00, 0x13, 0x1a, 0x16, 0x1b, 0x0d, 0x0c, 0x34, 0x0c, 0x11,
    0x0c, 0x03, 0x16, 0x04, 0x46, 0x4f, 0x04, 0x89, 0x1e, 0x1a, 0x1b, 0x14,
    0x00, 0x12, 0x00, 0x00, 0x00, 0x00, 0x00, 0x00, 0x00, 0x00, 0x00, 0x00,
    0x00, 0x00, 0x00, 0x00, 0x00, 0x00, 0x00, 0x00, 0x00, 0x00, 0x00, 0x00,
    0x00, 0x00, 0x00, 0x00, 0x00, 0x00, 0x00, 0x00, 0x00, 0x00, 0x00, 0x00,
    0x00, 0x00, 0x00, 0x00, 0x00, 0x00, 0x00, 0x00, 0x00, 0x00, 0x00, 0x00,
    0x00, 0x1d, 0x00, 0x2c, 0x1a, 0x1e, 0x4a, 0x1b, 0x4f, 0xc9, 0x04, 0x4f,
    0xc9, 0x0d, 0x0c, 0x34, 0x0c, 0x11, 0x0c, 0x03, 0x16, 0x52, 0x0c, 0x00,
    0x64, 0x00, 0x00, 0x00, 0x00, 0x00, 0x00, 0x00, 0x06, 0x00, 0x2c, 0x1c,
    0x1a, 0x1b, 0x1c, 0x37, 0x07, 0x1b, 0x1a, 0x1c, 0x1b, 0x0a, 0x01, 0x01,
    0x00, 0x00, 0x00, 0x00, 0x23, 0x00, 0x0d, 0x16, 0x1a, 0x16, 0x03, 0x00,
    0x1d, 0x00, 0x00, 0x00, 0x00, 0x00, 0x00, 0x00, 0x26, 0x00, 0x54, 0x0d,
    0x22, 0x0d, 0x48, 0x1c, 0x1a, 0x1c, 0x1a, 0x03, 0x11, 0x22, 0x0a, 0x00,
    0x23, 0x00, 0x00, 0x0a, 0x5b, 0x22, 0x03, 0x1e, 0x48, 0x1a, 0x20, 0x03,
    0x5b, 0x0a, 0x00, 0x00, 0x00, 0x00, 0x3e, 0x00, 0x0a, 0x22, 0x03, 0x22,
    0x0d, 0x00, 0x0a, 0x5b, 0x49, 0x49, 0x0d, 0x1f, 0x00, 0x0f, 0x00, 0x00,
    0x00, 0x00, 0x00, 0x00, 0x01, 0x00, 0x21, 0x4a, 0x1b, 0x1e, 0x16, 0x0c,
    0x4b, 0x61, 0x4b, 0x33, 0x23, 0x01, 0x00, 0x00, 0x03, 0x16, 0x1e, 0x09,
    0x1a, 0x1f, 0x00, 0x01, 0x00, 0x25, 0x00, 0x0f, 0x3d, 0xad, 0x22, 0x1e,
    0x1e, 0x1a, 0x1e, 0x22, 0x3b, 0xb3, 0x55, 0x00, 0x0b, 0x00, 0x00, 0x01,
    0x00, 0x0a, 0x7b, 0x3b, 0x03, 0x1e, 0x1a, 0x1a, 0x1e, 0x03, 0x3b, 0xb3,
    0x21, 0x3c, 0x0b, 0x00, 0x02, 0x0d, 0x22, 0x20, 0x78, 0x3d, 0x00, 0x23,
    0x00, 0x26, 0x00, 0x00, 0x3d, 0x85, 0xa7, 0x1a, 0x1e, 0x1e, 0x22, 0x85,
    0x0a, 0x27, 0x78, 0x0d, 0x5a, 0x14, 0x00, 0x06, 0x06, 0x00, 0x14, 0x5a,
    0x0d, 0x5a, 0x0c, 0x02, 0x5b, 0x22, 0x1e, 0x1a, 0x1e, 0x22, 0x3b, 0x3d,
    0x25, 0x00, 0x01, 0x00, 0x00, 0x00, 0x00, 0x00, 0x00, 0x00, 0x00, 0x00,
    0x00, 0x00, 0x00, 0x25, 0x01, 0x21, 0x1c, 0x04, 0x1e, 0x1c, 0x05, 0x00,
    0x21, 0x5e, 0x09, 0x1a, 0x16, 0x03, 0x1f, 0x0f, 0x01, 0x01, 0x01, 0x00,
    0x00, 0x00, 0x00, 0x00, 0x00, 0x00, 0x00, 0x00, 0x00, 0x00, 0x00, 0x23,
    0x00, 0x0a, 0x1b, 0x1a, 0x1e, 0x1b, 0x14, 0x4b, 0x61, 0x4b, 0x33, 0x01,
    0x01, 0x00, 0x1f, 0x1c, 0x1b, 0x1e, 0x16, 0x03, 0x00, 0x0b, 0x00, 0x00,
    0x01, 0x00, 0x3f, 0x96, 0x49, 0xa7, 0x1e, 0x1a, 0x48, 0x1a, 0x03, 0x94,
    0x3d, 0x00, 0x00, 0x01, 0x00, 0x00, 0x00, 0x00, 0x3d, 0x5b, 0x22, 0x03,
    0x1e, 0x48, 0x1a, 0x03, 0x22, 0x5b, 0x3d, 0x28, 0x00, 0x12, 0x00, 0x0a,
    0x22, 0x03, 0x03, 0x22, 0x21, 0x00, 0x0f, 0x00, 0x01, 0x00, 0x55, 0x5e,
    0x3b, 0x22, 0x1a, 0x1a, 0x1e, 0x22, 0x5b, 0x02, 0x0c, 0x22, 0x20, 0x03,
    0x02, 0x00, 0x17, 0x01, 0x00, 0x0c, 0x5a, 0x0d, 0x5a, 0x14, 0x0a, 0x5b,
    0x22, 0x1e, 0x1a, 0x48, 0xa7, 0x5b, 0x3d, 0x00, 0x01, 0x00, 0x00, 0x00,
    0x00, 0x00, 0x00, 0x00, 0x00, 0x00, 0x23, 0x00, 0x14, 0x5a, 0x0d, 0x03,
    0x1b, 0x1a, 0x1e, 0x1a, 0x03, 0x0d, 0x5a, 0x0c, 0x00, 0xca, 0x01, 0x00,
    0x8e, 0x7b, 0x85, 0x03, 0x1e, 0x1a, 0x1e, 0x4a, 0x22, 0x85, 0x3d, 0xcb,
    0x00, 0x25, 0x00, 0x00, 0x00, 0x00, 0x0c, 0x22, 0x0d, 0x5a, 0x0a, 0x21,
    0x5e, 0x49, 0x0d, 0x5a, 0x14, 0x00, 0x06, 0x00, 0x00, 0x00, 0x00, 0x00,
    0x00, 0x00, 0x00, 0x00, 0x00, 0x4b, 0x00, 0x14, 0x16, 0x1a, 0x08, 0x03,
    0x00, 0x2d, 0x16, 0x1a, 0x1b, 0x1e, 0x21, 0x17, 0x25, 0x00, 0x00, 0x00,
    0x00, 0x00, 0x00, 0x03, 0x1b, 0x1e, 0x16, 0x0d, 0x00, 0x13, 0x00, 0x00,
    0x00, 0x00, 0x00, 0x26, 0x00, 0x03, 0x1b, 0x1e, 0x16, 0x0c, 0x00, 0x19,
    0x0a, 0x57, 0x14, 0x00, 0x00, 0x00, 0x00, 0x00, 0x00, 0x2c, 0x57, 0x0c,
    0x59, 0x0c, 0x0c, 0x11, 0x1c, 0x1e, 0x08, 0x14, 0x00, 0xbf, 0x00, 0x00,
    0x00, 0x00, 0x00, 0x00, 0x00, 0x00, 0x00, 0x00, 0x00, 0x00, 0x00, 0x00,
    0x00, 0x00, 0x00, 0x00, 0x00, 0x00, 0x00, 0x00, 0x00, 0x00, 0x00, 0x00,
    0x00, 0x00, 0x00, 0x00, 0x00, 0x00, 0x00, 0x00, 0x00, 0x00, 0x00, 0x00,
    0x00, 0x00, 0x00, 0x00, 0x00, 0x00, 0x00, 0x00, 0x00, 0x17, 0x00, 0x2c,
    0x1e, 0x4e, 0x1b, 0x0d, 0x0c, 0x0c, 0x2a, 0x0c, 0x0c, 0xcc, 0x00, 0x00,
    0x00, 0x00, 0x00, 0x17, 0x5b, 0x0c, 0x21, 0x26, 0x01, 0x00, 0x00, 0x00,
    0x00, 0x00, 0x00, 0x00, 0x23, 0x00, 0x03, 0x04, 0x1e, 0x04, 0x05, 0x00,
    0x00, 0x0d, 0x16, 0x1e, 0x04, 0x0d, 0x00, 0x06, 0x00, 0x00, 0x00, 0x00,
    0x06, 0x00, 0x0d, 0x04, 0x1e, 0x16, 0x03, 0x00, 0x17, 0x00, 0x00, 0x00,
    0x00, 0x00, 0x00, 0x00, 0x00, 0x1d, 0x00, 0x20, 0x65, 0x15, 0x09, 0x1e,
    0x1a, 0x48, 0x1b, 0x15, 0x15, 0x65, 0x14, 0x00, 0x29, 0x12, 0x0c, 0x1c,
    0x16, 0x1c, 0x16, 0x16, 0x16, 0x16, 0x16, 0x1c, 0x16, 0x08, 0x5b, 0x24,
    0x17, 0x01, 0x01, 0x00, 0x07, 0x16, 0x16, 0x04, 0x1e, 0x0c, 0x1b, 0x65,
    0x15, 0x66, 0x16, 0x0a, 0x00, 0x25, 0x00, 0x00, 0x00, 0x00, 0x00, 0x00,
    0x01, 0x00, 0x21, 0x1e, 0x1c, 0x1a, 0x16, 0x05, 0x00, 0x29, 0x00, 0x00,
    0x00, 0x00, 0x3f, 0x0f, 0x27, 0x16, 0x4a, 0x1a, 0x1c, 0x0a, 0x00, 0x01,
    0x0f, 0x00, 0x2c, 0x22, 0x04, 0x16, 0x15, 0x16, 0x1a, 0x1a, 0x16, 0x15,
    0x04, 0x16, 0x1c, 0x14, 0x00, 0x01, 0x25, 0x00, 0x0c, 0x1b, 0x04, 0x16,
    0x15, 0x04, 0x1c, 0x1c, 0x16, 0x15, 0x66, 0x16, 0x14, 0x00, 0x13, 0x00,
    0x1f, 0x1e, 0x16, 0x1c, 0x15, 0x14, 0x00, 0x13, 0x01, 0x25, 0x02, 0x0d,
    0x16, 0x04, 0x1c, 0x16, 0x16, 0x04, 0x16, 0x6a, 0x1a, 0x1e, 0x16, 0x09,
    0x15, 0x27, 0x00, 0x42, 0x42, 0x00, 0x05, 0x52, 0x08, 0x04, 0x1a, 0x03,
    0x65, 0x04, 0x16, 0x16, 0x16, 0x89, 0x04, 0x16, 0x22, 0x21, 0x01, 0x01,
    0x00, 0x00, 0x00, 0x00, 0x00, 0x00, 0x00, 0x00, 0x00, 0x00, 0x00, 0x00,
    0x06, 0x00, 0x0a, 0x22, 0x1b, 0x1c, 0x08, 0x0d, 0x1e, 0x16, 0x16, 0x46,
    0x49, 0x21, 0x00, 0x01, 0x00, 0x00, 0x00, 0x00, 0x00, 0x00, 0x00, 0x00,
    0x00, 0x00, 0x00, 0x00, 0x00, 0x00, 0x00, 0x97, 0x00, 0x0a, 0x1c, 0x1e,
    0x4a, 0x1b, 0x14, 0x00, 0x33, 0x00, 0x00, 0x00, 0x00, 0x37, 0x00, 0x0d,
    0x04, 0x1a, 0x1c, 0x1e, 0x0e, 0x00, 0x3c, 0x3e, 0x00, 0x14, 0x09, 0x4f,
    0x4f, 0x15, 0x16, 0x1a, 0x48, 0x16, 0x16, 0x46, 0x16, 0xa7, 0x0a, 0x00,
    0x12, 0x01, 0x1f, 0x49, 0x16, 0x4f, 0x16, 0x16, 0x1c, 0x1c, 0x1b, 0x16,
    0x15, 0x65, 0x1e, 0x02, 0x01, 0x29, 0x00, 0x3d, 0x52, 0x1c, 0x16, 0x09,
    0x0a, 0x00, 0x1d, 0x25, 0x00, 0x0a, 0x22, 0x04, 0x16, 0x1c, 0x16, 0x16,
    0x16, 0x15, 0x15, 0x03, 0x4a, 0x16, 0x04, 0x16, 0x0a, 0x00, 0x3e, 0x12,
    0x00, 0x0d, 0x15, 0x1c, 0x04, 0x03, 0x1a, 0x65, 0x16, 0x04, 0x16, 0x16,
    0x5f, 0x16, 0x4f, 0x0c, 0x3c, 0x1d, 0x00, 0x00, 0x00, 0x00, 0x00, 0x00,
    0x00, 0x00, 0x13, 0x00, 0x14, 0x65, 0x52, 0x04, 0x1e, 0x48, 0x4c, 0x1e,
    0x15, 0x52, 0x65, 0x03, 0x00, 0x8c, 0x00, 0x14, 0x09, 0x16, 0x46, 0x16,
    0x16, 0x16, 0x16, 0x15, 0x16, 0x46, 0x16, 0x22, 0x0a, 0x00, 0x0f, 0x00,
    0x00, 0x00, 0x03, 0x52, 0x08, 0x15, 0x2a, 0x03, 0x65, 0x52, 0x66, 0xcd,
    0x38, 0x00, 0x42, 0x00, 0x00, 0x00, 0x00, 0x00, 0x00, 0x00, 0x00, 0x00,
    0x01, 0x0b, 0x45, 0x03, 0x1c, 0x1e, 0x16, 0x14, 0x01, 0x0f, 0x03, 0x16,
    0x1a, 0x16, 0x0c, 0x00, 0x13, 0x00, 0x00, 0x00, 0x00, 0x00, 0x00, 0x03,
    0x09, 0x1e, 0x16, 0x0d, 0x00, 0x13, 0x00, 0x00, 0x00, 0x00, 0x00, 0x1d,
    0x00, 0x20, 0x16, 0x1a, 0x16, 0x0c, 0x00, 0x40, 0x00, 0x00, 0x00, 0x4b,
    0x42, 0x42, 0x2b, 0x13, 0x29, 0x00, 0x00, 0x00, 0x00, 0x00, 0x00, 0x14,
    0x16, 0x1a, 0x1c, 0x2d, 0x1d, 0x17, 0x01, 0x3c, 0x3c, 0x3c, 0x3c, 0x3c,
    0x3c, 0x3c, 0x3c, 0x3c, 0x3c, 0x3c, 0x3c, 0x3c, 0x3c, 0x3c, 0x3c, 0x3c,
    0x3c, 0x3c, 0x3c, 0x3c, 0x3c, 0x3c, 0x3c, 0x3c, 0x3c, 0x3c, 0x3c, 0x3c,
    0x3c, 0x3c, 0x3c, 0x3c, 0x3c, 0x3c, 0x3c, 0x3c, 0x3c, 0x3c, 0x3c, 0x3c,
    0x3c, 0x3c, 0x3c, 0x3c, 0x3c, 0x56, 0x25, 0x2f, 0x4a, 0x1e, 0x16, 0x27,
    0x00, 0x00, 0x00, 0x00, 0x00, 0x01, 0x29, 0x76, 0x2b, 0x42, 0x29, 0x00,
    0x00, 0x00, 0x00, 0x00, 0x00, 0x00, 0x00, 0x00, 0x00, 0x00, 0x00, 0x4b,
    0x00, 0x14, 0x16, 0x1a, 0x1b, 0x1e, 0x1f, 0x01, 0x01, 0x0a, 0x08, 0x1c,
    0x1e, 0x1b, 0x2d, 0x00, 0x33, 0x00, 0x00, 0x00, 0xce, 0x00, 0x0d, 0x16,
    0x1a, 0x16, 0x03, 0x00, 0x1d, 0x00, 0x00, 0x00, 0x00, 0x00, 0x00, 0x00,
    0x00, 0x01, 0x00, 0x0a, 0x3d, 0x14, 0x03, 0x1b, 0x1e, 0x16, 0x0d, 0x2d,
    0x14, 0x3d, 0x1f, 0x0f, 0x00, 0x0c, 0x15, 0x1e, 0x1a, 0x08, 0xad, 0x14,
    0x0a, 0x14, 0x5b, 0x43, 0x1e, 0x1a, 0x15, 0x0c, 0x00, 0x06, 0x01, 0x00,
    0x07, 0x1c, 0x1a, 0x1a, 0x48, 0x16, 0x09, 0x0c, 0x27, 0x38, 0x14, 0x0e,
    0x00, 0x00, 0x00, 0x00, 0x00, 0x00, 0x00, 0x00, 0x01, 0x00, 0x21, 0x1e,
    0x1c, 0x1a, 0x04, 0x05, 0x00, 0x29, 0x00, 0x00, 0x00, 0x00, 0x18, 0x00,
    0x05, 0x16, 0x1e, 0x1e, 0x1b, 0x0a, 0x00, 0x18, 0x01, 0x02, 0x09, 0x4f,
    0x1a, 0x1c, 0x0d, 0x3d, 0x2c, 0x0a, 0x3d, 0x94, 0x1c, 0x1a, 0x08, 0x1c,
    0x07, 0x3c, 0x00, 0x14, 0x04, 0x1a, 0x1a, 0x1c, 0x27, 0x0a, 0x07, 0x0a,
    0x3d, 0x0c, 0x78, 0x14, 0x00, 0x01, 0x01, 0x00, 0x47, 0x1a, 0x1c, 0x1e,
    0x04, 0x14, 0x00, 0x18, 0x01, 0x00, 0x0d, 0x15, 0x1a, 0x1e, 0x68, 0x0c,
    0x14, 0x0a, 0x14, 0x0c, 0x1b, 0x1c, 0x1e, 0x1a, 0x16, 0x2d, 0x00, 0x18,
    0x42, 0x00, 0x27, 0x16, 0x1a, 0x1a, 0x1b, 0x1b, 0x27, 0x14, 0x0a, 0x14,
    0x0d, 0x1c, 0x1a, 0x1a, 0x66, 0x0c, 0x00, 0x4b, 0x00, 0x00, 0x00, 0x00,
    0x00, 0x00, 0x00, 0x00, 0x00, 0x00, 0x00, 0x01, 0x00, 0x00, 0x00, 0x05,
    0x1b, 0x1e, 0x1e, 0x16, 0x09, 0x09, 0x5b, 0x3d, 0x00, 0x00, 0x01, 0x01,
    0x6c, 0x61, 0x55, 0x02, 0x00, 0x00, 0x00, 0x00, 0x00, 0x00, 0x00, 0x00,
    0x00, 0x00, 0x00, 0x23, 0x00, 0x0a, 0x08, 0x1e, 0x1e, 0x1b, 0x14, 0x00,
    0x33, 0x00, 0x00, 0x00, 0x00, 0x13, 0x01, 0x0d, 0x04, 0x1e, 0x1b, 0x4a,
    0x51, 0x00, 0x42, 0x00, 0x14, 0x1b, 0x09, 0x09, 0x09, 0x0c, 0x0a, 0x2c,
    0x0a, 0x14, 0x85, 0x1c, 0x1a, 0x16, 0x03, 0x02, 0x33, 0x00, 0x0c, 0x66,
    0x1a, 0x1c, 0xa7, 0x05, 0x0a, 0x0a, 0x0a, 0x14, 0x0c, 0xa7, 0x0a, 0x00,
    0x0b, 0x12, 0x00, 0x14, 0x1c, 0x1e, 0x1e, 0x48, 0x0a, 0x00, 0x06, 0x01,
    0x37, 0x20, 0x16, 0x1a, 0x43, 0x43, 0x5b, 0x14, 0x07, 0x14, 0x0d, 0x16,
    0x1a, 0x1e, 0x1a, 0x1e, 0x0a, 0x00, 0x3e, 0x33, 0x00, 0x11, 0x16, 0x1a,
    0x1e, 0x16, 0x20, 0x05, 0x14, 0x14, 0x05, 0x22, 0x09, 0x1a, 0x1a, 0x16,
    0x14, 0x00, 0x4b, 0x00, 0x00, 0x00, 0x00, 0x00, 0x00, 0x00, 0xc1, 0x00,
    0x21, 0x3d, 0x14, 0x0c, 0x1c, 0x1a, 0x48, 0x1a, 0x60, 0x2d, 0x3d, 0x0a,
    0x01, 0x3c, 0x0a, 0x1c, 0x1b, 0x1a, 0x09, 0x03, 0x05, 0x14, 0x3d, 0x05,
    0x09, 0x1c, 0x1a, 0x04, 0x1e, 0x45, 0x01, 0x25, 0x00, 0x00, 0x03, 0x1c,
    0x1e, 0x1e, 0x1c, 0x09, 0x0d, 0x27, 0x60, 0x7c, 0x0a, 0x00, 0x01, 0x00,
    0x00, 0x00, 0x00, 0x00, 0x00, 0x00, 0x00, 0x00, 0x13, 0x00, 0x27, 0x16,
    0x1a, 0x16, 0x03, 0x00, 0x29, 0x00, 0x0a, 0x08, 0x1e, 0x1c, 0x08, 0x0a,
    0x01, 0x01, 0x00, 0x00, 0x00, 0x00, 0x00, 0x20, 0x1b, 0x1a, 0x16, 0x0d,
    0x00, 0x13, 0x00, 0x00, 0x00, 0x00, 0x00, 0x01, 0x00, 0x0d, 0x04, 0x1e,
    0x16, 0x05, 0x00, 0x29, 0x0b, 0x18, 0x33, 0x00, 0x00, 0x00, 0x00, 0x00,
    0x00, 0x25, 0x29, 0x29, 0x29, 0x61, 0x29, 0x14, 0x04, 0x1e, 0x16, 0x14,
    0x00, 0x17, 0x00, 0x00, 0x00, 0x00, 0x00, 0x00, 0x00, 0x00, 0x00, 0x00,
    0x00, 0x00, 0x00, 0x00, 0x00, 0x00, 0x00, 0x00, 0x00, 0x00, 0x00, 0x00,
    0x00, 0x00, 0x00, 0x00, 0x00, 0x00, 0x00, 0x00, 0x00, 0x00, 0x00, 0x00,
    0x00, 0x00, 0x00, 0x00, 0x00, 0x00, 0x00, 0x00, 0x00, 0x00, 0x00, 0x00,
    0x00, 0x01, 0x00, 0x0a, 0x08, 0x1e, 0x16, 0x38, 0x29, 0x1f, 0x29, 0x29,
    0x29, 0x26, 0x00, 0x00, 0x00, 0x00, 0x00, 0x01, 0x42, 0x42, 0x01, 0x00,
    0x00, 0x00, 0x00, 0x00, 0x00, 0x00, 0x01, 0x0b, 0x21, 0x1a, 0x1c, 0x1e,
    0x16, 0x05, 0x00, 0x40, 0x42, 0x00, 0x0c, 0x16, 0x1a, 0x09, 0x03, 0x4b,
    0x23, 0x00, 0x00, 0x00, 0x23, 0x00, 0x0d, 0x16, 0x1a, 0xb6, 0x03, 0x00,
    0x1d, 0x00, 0x00, 0x00, 0x00, 0x00, 0x00, 0x00, 0x00, 0x00, 0x00, 0x00,
    0x00, 0x00, 0x20, 0x16, 0x1e, 0x16, 0x0c, 0x00, 0x00, 0x00, 0x00, 0x00,
    0x21, 0x4a, 0x1b, 0x1e, 0x04, 0x0c, 0x00, 0x00, 0x00, 0x00, 0x00, 0x05,
    0x16, 0x1e, 0x1c, 0x1b, 0x0a, 0x00, 0x29, 0x00, 0x0a, 0x08, 0x1e, 0x1a,
    0x1b, 0x22, 0x28, 0x00, 0x00, 0x00, 0x00, 0x00, 0x00, 0x00, 0x00, 0x00,
    0x00, 0x00, 0x00, 0x00, 0x01, 0x00, 0x21, 0x4a, 0x1b, 0x1e, 0x16, 0x27,
    0x00, 0x19, 0x00, 0x00, 0x00, 0x00, 0x18, 0x00, 0x38, 0x16, 0x1a, 0x1e,
    0x1b, 0x14, 0x00, 0x02, 0x00, 0x0c, 0x16, 0x1a, 0x16, 0x0d, 0x00, 0x00,
    0x00, 0x00, 0x00, 0x00, 0x0c, 0x16, 0x1e, 0x04, 0x0d, 0x00, 0x00, 0x2a,
    0x16, 0x1e, 0x1c, 0x03, 0x00, 0x00, 0x00, 0x00, 0x00, 0x00, 0x00, 0x00,
    0x33, 0x00, 0x01, 0x00, 0x1f, 0x1a, 0x09, 0x1e, 0x16, 0x14, 0x00, 0x3f,
    0x00, 0x2c, 0x1e, 0x4a, 0x1e, 0x16, 0x0c, 0x00, 0x00, 0x00, 0x00, 0x00,
    0x05, 0x16, 0x1a, 0x1e, 0x16, 0x05, 0x00, 0x18, 0x64, 0x00, 0x05, 0x16,
    0x1e, 0x1e, 0x1c, 0x0a, 0x00, 0x00, 0x00, 0x00, 0x00, 0x0d, 0x16, 0x1e,
    0x1c, 0x20, 0x00, 0x00, 0x00, 0x00, 0x00, 0x00, 0x00, 0x00, 0x00, 0x00,
    0x00, 0x00, 0x01, 0x00, 0x00, 0x5e, 0x22, 0x1e, 0x1c, 0x04, 0x16, 0x1c,
    0x1a, 0x89, 0x96, 0x00, 0x00, 0x28, 0x01, 0x0a, 0x08, 0x1e, 0x16, 0x0c,
    0x00, 0x42, 0x00, 0x00, 0x00, 0x00, 0x00, 0x00, 0x00, 0x00, 0x00, 0x06,
    0x00, 0x0a, 0x1b, 0x1a, 0x1e, 0x1c, 0x14, 0x00, 0x12, 0x00, 0x00, 0x00,
    0x00, 0x13, 0x00, 0x11, 0x16, 0x1e, 0x1c, 0x1e, 0x1f, 0x00, 0x06, 0x01,
    0x03, 0x16, 0x1e, 0x16, 0x14, 0x00, 0x00, 0x00, 0x00, 0x00, 0x00, 0x03,
    0x04, 0x1a, 0x16, 0x05, 0x00, 0x00, 0x03, 0x16, 0x1e, 0x04, 0x0c, 0x00,
    0x00, 0x00, 0x00, 0x00, 0x00, 0x00, 0x00, 0x0f, 0x00, 0x33, 0x00, 0x14,
    0x08, 0x1a, 0x1a, 0x1e, 0x2c, 0x00, 0x3f, 0x00, 0x14, 0x04, 0x1a, 0x1e,
    0x1c, 0x14, 0x00, 0x00, 0x00, 0x00, 0x00, 0x11, 0x16, 0x1a, 0x1e, 0x4a,
    0x0a, 0x00, 0x0b, 0x33, 0x00, 0x0d, 0x04, 0x1a, 0x1b, 0x22, 0x86, 0x00,
    0x00, 0x00, 0x00, 0x28, 0x22, 0x09, 0x1e, 0x16, 0x0c, 0x00, 0x18, 0x00,
    0x00, 0x00, 0x00, 0x00, 0x00, 0x00, 0x00, 0x00, 0x00, 0x00, 0x00, 0x2d,
    0x16, 0x1a, 0x1e, 0x4e, 0x1f, 0x00, 0x00, 0x00, 0x01, 0x00, 0x0d, 0x04,
    0x1e, 0x1b, 0x22, 0x3f, 0x00, 0x00, 0x00, 0x00, 0x0a, 0x1c, 0x1e, 0x1a,
    0x16, 0x05, 0x00, 0x40, 0x00, 0x00, 0x03, 0x08, 0x1e, 0x1a, 0x1b, 0x14,
    0x00, 0x00, 0x00, 0x00, 0x00, 0x00, 0x00, 0x00, 0x00, 0x00, 0x00, 0x00,
    0x00, 0x00, 0x00, 0x3e, 0x01, 0x2c, 0x1b, 0x08, 0x1e, 0x16, 0x14, 0x3c,
    0x29, 0x4b, 0x00, 0x0d, 0x16, 0x1e, 0x16, 0x0d, 0x00, 0x06, 0x00, 0x00,
    0x00, 0x00, 0x00, 0x03, 0x1b, 0x1e, 0x04, 0x0d, 0x00, 0x13, 0x00, 0x00,
    0x00, 0x00, 0x00, 0x18, 0x00, 0x0d, 0x16, 0x1a, 0x16, 0x14, 0x00, 0x42,
    0x00, 0x00, 0x00, 0x00, 0x00, 0x00, 0x00, 0x00, 0x00, 0x00, 0x00, 0x00,
    0x00, 0x0b, 0x00, 0x0a, 0x1b, 0x1a, 0x1b, 0x22, 0x0a, 0x21, 0x24, 0x55,
    0x7a, 0x8e, 0x55, 0x9c, 0x86, 0x86, 0x9c, 0x86, 0x70, 0x9c, 0x86, 0x9a,
    0x3f, 0x54, 0x3f, 0x54, 0x3f, 0x54, 0x41, 0xc0, 0xbd, 0xc0, 0x54, 0x3f,
    0x54, 0x54, 0x3f, 0x86, 0x86, 0x9a, 0x86, 0x86, 0x70, 0x3f, 0x54, 0x3f,
    0x3f, 0x54, 0x3f, 0x3f, 0x54, 0x3f, 0x54, 0x54, 0x24, 0x24, 0x47, 0x3b,
    0x1b, 0x1a, 0x08, 0x0a, 0x00, 0x12, 0x00, 0x00, 0x00, 0x00, 0x00, 0x00,
    0x00, 0x00, 0x00, 0x00, 0x00, 0x00, 0x00, 0x00, 0x00, 0x00, 0x00, 0x00,
    0x00, 0x00, 0x4b, 0x00, 0x2a, 0x16, 0x1a, 0x09, 0x03, 0x00, 0x00, 0x00,
    0x00, 0x00, 0x02, 0x1b, 0x1c, 0x1e, 0x16, 0x05, 0x00, 0x01, 0x00, 0x00,
    0xcf, 0x00, 0x0d, 0x16, 0x1a, 0x04, 0x03, 0x00, 0x17, 0x00, 0x00, 0x00,
    0x00, 0x00, 0x00, 0x00, 0x00, 0x00, 0x00, 0x01, 0x58, 0x13, 0x03, 0x16,
    0x1a, 0x04, 0x0c, 0x13, 0x24, 0x13, 0x19, 0x00, 0x14, 0x16, 0x1a, 0x1a,
    0x1c, 0x0a, 0x01, 0x10, 0x23, 0x41, 0x23, 0x1f, 0x1a, 0x1e, 0x4a, 0x16,
    0x14, 0x00, 0x70, 0x00, 0x0a, 0x1b, 0x1e, 0x1e, 0x16, 0x14, 0x00, 0x1f,
    0x42, 0x42, 0x18, 0x00, 0x00, 0x00, 0x00, 0x00, 0x00, 0x00, 0x00, 0x00,
    0x01, 0x00, 0x21, 0x1e, 0x1c, 0x1a, 0x16, 0x05, 0x00, 0x29, 0x00, 0x00,
    0x00, 0x00, 0x42, 0x00, 0x27, 0x16, 0x1a, 0x4a, 0x1b, 0x0a, 0x00, 0x13,
    0x00, 0x03, 0x1b, 0x1e, 0x09, 0x03, 0x0c, 0x0c, 0x0c, 0x2a, 0x34, 0x0c,
    0x0d, 0x1b, 0x1e, 0x1c, 0x03, 0x13, 0x00, 0x14, 0x16, 0x1c, 0x1e, 0x08,
    0x03, 0x2a, 0x2a, 0x27, 0x3d, 0x3d, 0x21, 0x00, 0x00, 0x01, 0x01, 0x00,
    0x1f, 0x1e, 0x1b, 0x1a, 0x16, 0x14, 0x00, 0x1f, 0x00, 0x14, 0x16, 0x1a,
    0x4a, 0x1c, 0x0a, 0x23, 0xd0, 0x23, 0x8c, 0x4b, 0x02, 0x1a, 0x1b, 0x48,
    0x04, 0x05, 0x00, 0x42, 0x69, 0x00, 0x38, 0x16, 0x1a, 0x1b, 0x1e, 0x13,
    0x18, 0x29, 0x23, 0x02, 0x0f, 0x27, 0x04, 0x1a, 0x1b, 0x03, 0x00, 0x00,
    0x00, 0x00, 0x00, 0x00, 0x00, 0x00, 0x00, 0x00, 0x00, 0x01, 0x01, 0x45,
    0x3b, 0x04, 0x1c, 0x5f, 0x08, 0x05, 0x3d, 0x22, 0x4f, 0x1a, 0x16, 0xa7,
    0x14, 0x00, 0x00, 0x60, 0x15, 0x1a, 0x16, 0x05, 0x00, 0x18, 0x00, 0x00,
    0x00, 0x00, 0x00, 0x00, 0x00, 0x00, 0x00, 0x06, 0x00, 0x0a, 0x1c, 0x48,
    0x1a, 0x1b, 0x2d, 0x00, 0x33, 0x00, 0x00, 0x00, 0x00, 0x13, 0x01, 0x0d,
    0x16, 0x1a, 0x08, 0x1e, 0x28, 0x00, 0x00, 0x21, 0x1e, 0x1a, 0x1a, 0x1b,
    0x0d, 0x0c, 0x2a, 0x0c, 0x0c, 0x0c, 0x0c, 0x03, 0x1b, 0x1e, 0x16, 0x0c,
    0x00, 0x00, 0x05, 0x52, 0x1c, 0x1a, 0x1e, 0x0d, 0x2a, 0x0c, 0x60, 0x14,
    0x07, 0x1f, 0x00, 0x00, 0x00, 0x12, 0x00, 0x14, 0x1b, 0x48, 0x4e, 0x1a,
    0x71, 0x00, 0x3f, 0x00, 0x0c, 0x16, 0x1a, 0x1b, 0x03, 0x00, 0x42, 0x13,
    0x06, 0x24, 0x01, 0x14, 0x16, 0x1e, 0x4a, 0x08, 0x07, 0x00, 0x0b, 0x12,
    0x00, 0x0d, 0x16, 0x1e, 0x16, 0x0d, 0x00, 0x1f, 0x23, 0x23, 0x1f, 0x00,
    0x0d, 0x16, 0x1a, 0x16, 0x2a, 0x00, 0x42, 0x00, 0x00, 0x00, 0x00, 0x00,
    0x00, 0x00, 0x00, 0x00, 0x3c, 0xa1, 0x13, 0x14, 0x16, 0x1a, 0x1e, 0x4a,
    0x0a, 0x13, 0x23, 0x13, 0x00, 0x1f, 0x1e, 0x08, 0x1e, 0x4f, 0x27, 0x00,
    0x1f, 0x06, 0xbf, 0x54, 0x00, 0x03, 0x16, 0x1e, 0x16, 0x0d, 0x00, 0x56,
    0x00, 0x00, 0x20, 0x1b, 0x1e, 0x16, 0x0c, 0x00, 0x9a, 0x42, 0x42, 0x29,
    0x0f, 0x00, 0x00, 0x00, 0x00, 0x00, 0x00, 0x00, 0x00, 0x00, 0x00, 0x12,
    0x00, 0x0d, 0x16, 0x1a, 0x04, 0x0d, 0x00, 0x00, 0x00, 0x00, 0x00, 0x0a,
    0x08, 0x1a, 0x1e, 0x16, 0x2d, 0x00, 0x23, 0x00, 0x00, 0x00, 0x00, 0x03,
    0x1c, 0x1e, 0x16, 0x0d, 0x00, 0x13, 0x00, 0x00, 0x00, 0x00, 0x00, 0x42,
    0x00, 0x2a, 0x16, 0x1a, 0x04, 0x2d, 0x00, 0x13, 0x00, 0x00, 0x00, 0x00,
    0x00, 0x00, 0x00, 0x00, 0x00, 0x00, 0x00, 0x00, 0x00, 0x00, 0x17, 0x25,
    0x03, 0x16, 0x1e, 0x09, 0x1a, 0x1e, 0x20, 0x20, 0x03, 0x20, 0x03, 0x03,
    0x20, 0x03, 0x20, 0x03, 0x20, 0x03, 0x03, 0x03, 0x20, 0x03, 0x03, 0x20,
    0x03, 0x03, 0x20, 0x03, 0x20, 0x03, 0x03, 0x20, 0x03, 0x03, 0x20, 0x03,
    0x20, 0x03, 0x20, 0x03, 0x20, 0x03, 0x03, 0x03, 0x03, 0x03, 0x03, 0x03,
    0x03, 0x03, 0x03, 0x03, 0x03, 0x20, 0x1e, 0x1b, 0x1e, 0x1c, 0x03, 0x70,
    0x01, 0x26, 0x00, 0x00, 0x00, 0x00, 0x00, 0x00, 0x00, 0x00, 0x00, 0x00,
    0x00, 0x00, 0x00, 0x00, 0x00, 0x00, 0x00, 0x00, 0x00, 0x01, 0x01, 0x0a,
    0x09, 0x1b, 0x1e, 0x1b, 0x1e, 0x03, 0x03, 0x03, 0x03, 0x03, 0x03, 0x1e,
    0x1b, 0x1e, 0x09, 0x1a, 0x1f, 0x17, 0x01, 0x00, 0x06, 0x00, 0x0d, 0x16,
    0x1e, 0x16, 0x20, 0x00, 0x1d, 0x00, 0x00, 0x00, 0x00, 0x00, 0x00, 0x00,
    0x00, 0x00, 0x00, 0x00, 0x01, 0x00, 0x03, 0x16, 0x1a, 0x16, 0x0c, 0x00,
    0x42, 0x00, 0x42, 0x00, 0x60, 0x16, 0x1e, 0x1c, 0x1e, 0x1f, 0x00, 0x01,
    0x00, 0x01, 0x00, 0x45, 0x1e, 0x1b, 0x1a, 0x04, 0x27, 0x00, 0x63, 0x00,
    0x0a, 0x1c, 0x48, 0x1a, 0x1c, 0x07, 0x01, 0x01, 0x00, 0x00, 0x00, 0x00,
    0x00, 0x00, 0x00, 0x00, 0x00, 0x00, 0x00, 0x00, 0x01, 0x00, 0x21, 0x1e,
    0x1c, 0x1e, 0x04, 0x05, 0x00, 0x29, 0x00, 0x00, 0x00, 0x00, 0x58, 0x01,
    0x0c, 0x16, 0x1e, 0x1e, 0x09, 0x0a, 0x00, 0x00, 0x70, 0x1a, 0x1c, 0x1e,
    0x1e, 0x16, 0x52, 0x15, 0x52, 0x15, 0x90, 0x15, 0x15, 0x09, 0x1b, 0x4f,
    0x1e, 0x3e, 0x01, 0x00, 0x14, 0x22, 0x1b, 0x16, 0x15, 0x15, 0x15, 0x15,
    0x16, 0x1c, 0x1c, 0x49, 0x0a, 0x00, 0x01, 0x00, 0x47, 0x1e, 0x1c, 0x1a,
    0x16, 0x14, 0x00, 0x5c, 0x00, 0x14, 0x16, 0x1e, 0x1a, 0x1a, 0x2c, 0x01,
    0x0f, 0x00, 0x01, 0x00, 0x21, 0x1a, 0x1c, 0x1e, 0x16, 0x05, 0x00, 0x42,
    0x18, 0x00, 0x27, 0x16, 0x1a, 0x09, 0x48, 0x3a, 0x00, 0x01, 0x00, 0x19,
    0x00, 0x38, 0x16, 0x1e, 0x1c, 0x03, 0x00, 0x00, 0x00, 0x00, 0x00, 0x00,
    0x00, 0x00, 0x00, 0x00, 0x00, 0x01, 0x00, 0x0d, 0x66, 0x1e, 0x1c, 0x22,
    0x47, 0x00, 0x00, 0x6d, 0x5b, 0x09, 0x89, 0x09, 0x1c, 0x0c, 0x07, 0x1a,
    0x1c, 0x09, 0x1e, 0x8c, 0x01, 0x3c, 0x00, 0x00, 0x00, 0x00, 0x00, 0x00,
    0x00, 0x00, 0x00, 0x23, 0x00, 0x0a, 0x1b, 0x1e, 0x1e, 0x1b, 0x14, 0x00,
    0x33, 0x00, 0x00, 0x00, 0x00, 0x4b, 0x00, 0x0d, 0x16, 0x1e, 0x1c, 0x1a,
    0x02, 0x00, 0x00, 0x2c, 0x1b, 0x1e, 0x1e, 0x4a, 0x15, 0x15, 0x52, 0x15,
    0x52, 0x52, 0x15, 0x16, 0x09, 0x1b, 0x66, 0x0d, 0x00, 0x40, 0x13, 0x0c,
    0x1c, 0x1b, 0x16, 0x15, 0x66, 0x52, 0x15, 0x04, 0x1c, 0x09, 0x5b, 0x29,
    0x01, 0x29, 0x00, 0x14, 0x1c, 0x1e, 0x48, 0x4e, 0x0a, 0x00, 0x54, 0x00,
    0x59, 0x16, 0x1e, 0x1c, 0x20, 0x01, 0x00, 0x00, 0x00, 0x23, 0x01, 0x0a,
    0x1b, 0x1a, 0x1e, 0x4a, 0x07, 0x00, 0x3e, 0x33, 0x00, 0x0d, 0x16, 0x1a,
    0x16, 0x0d, 0x01, 0x33, 0x00, 0x00, 0xb8, 0x01, 0x0d, 0x16, 0x1a, 0x04,
    0x0c, 0x00, 0x42, 0x00, 0x00, 0x00, 0x00, 0x00, 0x00, 0x00, 0x00, 0x00,
    0x00, 0x4b, 0x00, 0x14, 0x16, 0x1a, 0x48, 0x1e, 0x2f, 0x00, 0x0f, 0x25,
    0x00, 0x21, 0x1a, 0x1c, 0x1a, 0x16, 0x14, 0x01, 0x18, 0x00, 0x00, 0x33,
    0x06, 0x0d, 0x16, 0x1a, 0x04, 0x0d, 0x00, 0x23, 0x00, 0x00, 0x03, 0x1b,
    0x1e, 0x16, 0x05, 0x01, 0x29, 0x00, 0x00, 0x00, 0x00, 0x00, 0x00, 0x00,
    0x00, 0x00, 0x00, 0x00, 0x00, 0x00, 0x33, 0x00, 0x0a, 0x09, 0x1e, 0x1e,
    0x1c, 0x03, 0x20, 0x03, 0x20, 0x03, 0x20, 0x03, 0x1e, 0x4a, 0x1a, 0x1c,
    0x03, 0x12, 0x23, 0x00, 0x00, 0x00, 0x00, 0x03, 0x1b, 0x1e, 0x16, 0x11,
    0x00, 0x13, 0x00, 0x00, 0x00, 0x00, 0x00, 0x6e, 0x00, 0x0c, 0x15, 0x1c,
    0x66, 0x14, 0x00, 0x12, 0x00, 0x00, 0x00, 0x00, 0x00, 0x00, 0x00, 0x00,
    0x00, 0x00, 0x00, 0x00, 0x00, 0x00, 0x06, 0x00, 0x2c, 0x08, 0x1c, 0x1e,
    0x1e, 0x1b, 0x1b, 0x1c, 0x1b, 0x1b, 0x1c, 0x1b, 0x1b, 0x1b, 0x1b, 0x1b,
    0x1b, 0x1b, 0x1b, 0x1c, 0x1b, 0x1c, 0x1c, 0x1b, 0x62, 0x1c, 0x1b, 0xd1,
    0x1b, 0x1c, 0x62, 0x1b, 0x1c, 0x62, 0x1b, 0x1b, 0x1b, 0x1b, 0x1b, 0x1b,
    0x1c, 0x80, 0x1c, 0xd1, 0x1b, 0x62, 0x09, 0x80, 0x1c, 0x1b, 0x80, 0x1c,
    0x1b, 0x1b, 0x1e, 0x1a, 0x09, 0x1b, 0x3d, 0x00, 0x23, 0x00, 0x00, 0x00,
    0x00, 0x00, 0x00, 0x00, 0x00, 0x00, 0x00, 0x00, 0x00, 0x00, 0x00, 0x00,
    0x00, 0x00, 0x00, 0x00, 0x00, 0x12, 0x00, 0x0d, 0x16, 0x1e, 0x1a, 0x16,
    0x52, 0x15, 0x52, 0x52, 0x15, 0x52, 0x66, 0x16, 0x09, 0x1e, 0x1a, 0x16,
    0x0c, 0x00, 0x4b, 0x00, 0xce, 0x00, 0x0d, 0x16, 0x1a, 0x16, 0x03, 0x00,
    0x17, 0x00, 0x00, 0x00, 0x00, 0x00, 0x00, 0x00, 0x00, 0x00, 0x00, 0x00,
    0x32, 0x00, 0x03, 0x16, 0x1e, 0x16, 0x2a, 0x00, 0x42, 0x00, 0x13, 0x00,
    0x14, 0x04, 0x1a, 0x1e, 0x1b, 0x0a, 0x4b, 0x29, 0x01, 0x13, 0x4b, 0x47,
    0x1a, 0x1c, 0x1e, 0x16, 0x05, 0x00, 0x74, 0x00, 0x0a, 0x1b, 0x1e, 0x1a,
    0x1b, 0x07, 0x00, 0x01, 0x00, 0x00, 0x00, 0x00, 0x00, 0x00, 0x00, 0x00,
    0x00, 0x00, 0x00, 0x00, 0x01, 0x00, 0x21, 0x4a, 0x1b, 0x1e, 0x16, 0x0c,
    0x29, 0x02, 0x18, 0x42, 0x4b, 0x06, 0x00, 0x00, 0x0d, 0x16, 0x1a, 0x1e,
    0x48, 0x1f, 0x00, 0x01, 0x3e, 0x20, 0x1b, 0x1e, 0x16, 0x0c, 0x14, 0x2d,
    0x14, 0x14, 0x2d, 0x2d, 0x14, 0x14, 0x14, 0x3d, 0x2c, 0x00, 0x00, 0x01,
    0x00, 0x54, 0x07, 0xb3, 0x0c, 0x0c, 0x11, 0x03, 0x1a, 0x1e, 0x1a, 0x16,
    0x1e, 0x21, 0x01, 0x00, 0x02, 0x1a, 0x1b, 0x1e, 0x04, 0x14, 0x00, 0x1f,
    0x00, 0x14, 0x16, 0x4a, 0x1e, 0x1b, 0x0a, 0x00, 0x02, 0x13, 0x5c, 0x00,
    0x1f, 0x1a, 0x1e, 0x1a, 0x16, 0x27, 0x00, 0x76, 0x18, 0x00, 0x38, 0x16,
    0x1e, 0x1b, 0x1e, 0x0e, 0x00, 0x01, 0x00, 0x29, 0x00, 0x05, 0x16, 0x1e,
    0x08, 0x03, 0x00, 0x00, 0x00, 0x00, 0x00, 0x00, 0x00, 0x00, 0x00, 0x00,
    0x3e, 0x00, 0x07, 0x1b, 0x1e, 0x1e, 0x1b, 0x0a, 0x00, 0x55, 0x42, 0x00,
    0x00, 0x3d, 0x5f, 0x04, 0x1a, 0x16, 0x1e, 0x1b, 0x1e, 0x16, 0x14, 0x00,
    0x23, 0x00, 0x00, 0x00, 0x00, 0x00, 0x00, 0x00, 0x00, 0x00, 0x00, 0x06,
    0x00, 0x0a, 0x08, 0x1a, 0x1e, 0x1b, 0x14, 0x19, 0x02, 0x42, 0x18, 0x12,
    0x33, 0x00, 0x06, 0x1c, 0x08, 0x1e, 0x16, 0x03, 0x00, 0x4b, 0x00, 0x0a,
    0x4a, 0x1e, 0x48, 0x1b, 0x27, 0x3d, 0x14, 0x14, 0x2d, 0x14, 0x14, 0x14,
    0x14, 0x14, 0x3d, 0x0a, 0x00, 0x01, 0x00, 0x00, 0x47, 0x3d, 0x7b, 0x94,
    0x0d, 0x0d, 0x03, 0x1b, 0x1e, 0x89, 0x66, 0x0d, 0x01, 0x29, 0x00, 0x2d,
    0x1b, 0x1a, 0x1e, 0x48, 0x0a, 0x00, 0x3f, 0x00, 0x0c, 0x04, 0x1a, 0x1b,
    0x1e, 0x06, 0x25, 0x51, 0x13, 0x0e, 0x00, 0x14, 0x16, 0x1a, 0x1e, 0x4d,
    0x07, 0x00, 0x0b, 0x33, 0x00, 0x11, 0x04, 0x1a, 0x16, 0x0d, 0x00, 0x12,
    0x00, 0x00, 0x12, 0x00, 0x0d, 0x16, 0x1a, 0x16, 0x0c, 0x00, 0x18, 0x00,
    0x00, 0x00, 0x00, 0x00, 0x00, 0x00, 0x00, 0x00, 0x00, 0x4b, 0x00, 0x14,
    0x16, 0x1a, 0x1a, 0x4d, 0x0a, 0x00, 0x0f, 0x01, 0x00, 0x21, 0x1e, 0x1c,
    0x1e, 0x04, 0x38, 0x01, 0x28, 0x01, 0x01, 0xb5, 0x00, 0x0d, 0x16, 0x1a,
    0x16, 0x0d, 0x00, 0x12, 0x00, 0x00, 0x03, 0x1c, 0x1e, 0x04, 0x2a, 0x00,
    0x29, 0x00, 0x00, 0x00, 0x00, 0x00, 0x00, 0x00, 0x00, 0x00, 0x00, 0x00,
    0x00, 0x00, 0x06, 0x33, 0x03, 0x16, 0x1a, 0x1a, 0x16, 0x15, 0x15, 0x52,
    0x15, 0x15, 0x52, 0x15, 0x16, 0x1b, 0x1e, 0x1e, 0x16, 0x05, 0x00, 0x13,
    0x00, 0x00, 0x00, 0x20, 0x1b, 0x1e, 0x04, 0x0d, 0x00, 0x13, 0x00, 0x00,
    0x00, 0x00, 0x00, 0x01, 0x00, 0x2c, 0x3d, 0x14, 0x14, 0x1f, 0x00, 0x01,
    0x00, 0x00, 0x00, 0x00, 0x00, 0x00, 0x00, 0x00, 0x00, 0x00, 0x00, 0x00,
    0x00, 0x00, 0x00, 0x0b, 0x00, 0x14, 0x22, 0x16, 0x16, 0x04, 0x4f, 0x43,
    0x1e, 0x1e, 0x1b, 0x46, 0x4f, 0x04, 0x4f, 0x46, 0xb6, 0xd2, 0x1e, 0x1e,
    0x08, 0x46, 0x4f, 0x04, 0x46, 0x16, 0x46, 0x46, 0x1e, 0x1e, 0x1e, 0x04,
    0x46, 0x4f, 0x04, 0x46, 0x4f, 0xc8, 0x1e, 0x1e, 0x1e, 0x16, 0x04, 0x4f,
    0x16, 0x04, 0x16, 0x04, 0x09, 0x1e, 0x1e, 0x1b, 0x04, 0x4f, 0x16, 0x04,
    0x1c, 0x14, 0x00, 0x01, 0x00, 0x00, 0x00, 0x00, 0x00, 0x00, 0x00, 0x00,
    0x00, 0x00, 0x00, 0x00, 0x00, 0x00, 0x00, 0x00, 0x00, 0x00, 0x00, 0x00,
    0x33, 0x00, 0x2d, 0x16, 0x1e, 0x1a, 0x1c, 0x0c, 0x27, 0x60, 0x27, 0x27,
    0x60, 0x27, 0x27, 0x05, 0x0d, 0x1b, 0x1e, 0x1b, 0x09, 0x0a, 0x01, 0x01,
    0x23, 0x00, 0x0d, 0x04, 0x1a, 0x16, 0x03, 0x00, 0x1d, 0x00, 0x00, 0x00,
    0x00, 0x00, 0x00, 0x00, 0x00, 0x00, 0x00, 0x00, 0x01, 0x00, 0x20, 0x16,
    0x1a, 0x04, 0x59, 0x00, 0x18, 0x00, 0x17, 0x00, 0x0a, 0x1a, 0x4a, 0x1e,
    0x16, 0x05, 0x00, 0x00, 0x00, 0x00, 0x00, 0x27, 0x16, 0x1a, 0x1e, 0x1b,
    0x0a, 0x00, 0x37, 0x00, 0x0a, 0x08, 0x1e, 0x1e, 0x1c, 0x07, 0x00, 0x01,
    0x00, 0x00, 0x00, 0x00, 0x00, 0x00, 0x00, 0x00, 0x00, 0x00, 0x00, 0x00,
    0x01, 0x00, 0x21, 0x1a, 0x09, 0x1a, 0x16, 0x05, 0x00, 0x00, 0x00, 0x00,
    0x00, 0x00, 0x0e, 0x5e, 0x09, 0x1a, 0x4a, 0x16, 0x0d, 0x00, 0x01, 0x42,
    0x00, 0x0d, 0x16, 0x1a, 0x04, 0x0d, 0x00, 0x00, 0x00, 0x00, 0x00, 0x00,
    0x00, 0x00, 0x00, 0x00, 0x00, 0x00, 0x00, 0x0f, 0x00, 0x00, 0x00, 0x00,
    0x00, 0x00, 0x00, 0x00, 0x07, 0x1c, 0x1e, 0x1a, 0x16, 0x2d, 0x00, 0x00,
    0x1f, 0x1a, 0x1c, 0x1e, 0x16, 0x14, 0x00, 0x8c, 0x00, 0x21, 0x1a, 0x1b,
    0x1e, 0x16, 0x49, 0x12, 0x00, 0x00, 0x00, 0x00, 0x0c, 0x16, 0x1a, 0x4a,
    0x16, 0x05, 0x00, 0x69, 0x42, 0x00, 0x05, 0x04, 0x1e, 0x1c, 0x1a, 0x55,
    0x00, 0x01, 0x00, 0x29, 0x00, 0x27, 0x16, 0x1a, 0x1b, 0x03, 0x00, 0x00,
    0x00, 0x00, 0x00, 0x00, 0x00, 0x00, 0x00, 0x00, 0x01, 0x00, 0x2c, 0x1b,
    0x1e, 0x1a, 0x16, 0x14, 0x00, 0x00, 0x00, 0x01, 0x01, 0x00, 0x00, 0x5b,
    0x1b, 0x1e, 0x1a, 0x48, 0x16, 0x05, 0x00, 0x54, 0x01, 0x00, 0x00, 0x00,
    0x00, 0x00, 0x00, 0x00, 0x00, 0x00, 0x00, 0xcf, 0x00, 0x0a, 0x1c, 0x1a,
    0x48, 0x16, 0x07, 0x00, 0x00, 0x00, 0x00, 0x00, 0x00, 0x2c, 0x49, 0x16,
    0x1a, 0x1a, 0x15, 0x38, 0x00, 0x37, 0x00, 0x0e, 0x1a, 0x1c, 0x1a, 0x16,
    0x05, 0x00, 0x00, 0x00, 0x00, 0x00, 0x00, 0x00, 0x00, 0x00, 0x00, 0x00,
    0x00, 0x00, 0x01, 0x00, 0x00, 0x00, 0x00, 0x00, 0x00, 0x00, 0x00, 0x05,
    0x16, 0x1e, 0x4a, 0x1e, 0x1f, 0x00, 0x00, 0x14, 0x1b, 0x1e, 0x1a, 0x4a,
    0x2f, 0x00, 0x8c, 0x00, 0x3d, 0x16, 0x1a, 0x1e, 0x16, 0x05, 0x00, 0x00,
    0x00, 0x00, 0x0e, 0xa7, 0x1c, 0x1e, 0x4a, 0x1e, 0x6b, 0x00, 0x3e, 0x12,
    0x00, 0x0d, 0x16, 0x1e, 0x16, 0x0d, 0x00, 0x33, 0x00, 0x00, 0x33, 0x00,
    0x0d, 0x16, 0x1e, 0x16, 0x59, 0x00, 0x76, 0x00, 0x00, 0x00, 0x00, 0x00,
    0x00, 0x00, 0x00, 0x00, 0x00, 0x4b, 0x00, 0x2d, 0x16, 0x1a, 0x1e, 0x4a,
    0x1f, 0x00, 0x25, 0x00, 0x0f, 0x00, 0x20, 0x16, 0x1a, 0x1c, 0x03, 0x00,
    0x00, 0x00, 0x00, 0x00, 0x0a, 0x1b, 0x09, 0x1e, 0x16, 0x0c, 0x00, 0x40,
    0x00, 0x00, 0x03, 0x1b, 0x1e, 0x16, 0x05, 0x00, 0x19, 0x00, 0x00, 0x00,
    0x00, 0x00, 0x00, 0x00, 0x00, 0x00, 0x00, 0x00, 0x00, 0x13, 0x00, 0x05,
    0x16, 0x4a, 0x1e, 0x48, 0x0c, 0x60, 0x27, 0x27, 0x60, 0x27, 0x27, 0x60,
    0x05, 0x03, 0x1b, 0x1e, 0x1c, 0x1a, 0x55, 0x17, 0x17, 0x00, 0x00, 0x03,
    0x1c, 0x1e, 0x16, 0x0d, 0x00, 0x13, 0x00, 0x00, 0x00, 0x00, 0x00, 0x00,
    0x23, 0x02, 0x0f, 0x23, 0x23, 0x1f, 0x00, 0x00, 0x00, 0x00, 0x00, 0x00,
    0x00, 0x00, 0x00, 0x00, 0x00, 0x00, 0x00, 0x00, 0x00, 0x00, 0x00, 0x00,
    0x01, 0x00, 0x55, 0x5e, 0xd3, 0x0d, 0x0d, 0x0d, 0x1b, 0x09, 0x1e, 0x0d,
    0x0d, 0x0d, 0xbb, 0x0d, 0x0d, 0x03, 0x1b, 0x1c, 0x03, 0xbb, 0x0d, 0x0d,
    0x0d, 0x0d, 0x0d, 0x11, 0x1a, 0x1b, 0x1a, 0x0d, 0x0d, 0x0d, 0x0d, 0x0d,
    0x0d, 0x0d, 0x1e, 0x1c, 0x1a, 0x0d, 0x0d, 0x0d, 0x0d, 0x0d, 0x0d, 0x0d,
    0x1e, 0x1b, 0x09, 0x0d, 0x0d, 0x0d, 0x5b, 0x5e, 0x47, 0x00, 0x23, 0x00,
    0x00, 0x00, 0x00, 0x00, 0x00, 0x00, 0x00, 0x00, 0x00, 0x00, 0x00, 0x00,
    0x00, 0x00, 0x00, 0x00, 0x00, 0x00, 0x00, 0x00, 0x0b, 0x13, 0x03, 0x1c,
    0x1e, 0x08, 0x03, 0x00, 0x00, 0x00, 0x00, 0x00, 0x00, 0x00, 0x00, 0x00,
    0x1f, 0x1b, 0x09, 0x1e, 0x16, 0x0d, 0x00, 0x12, 0x23, 0x00, 0x0d, 0x16,
    0x1e, 0x04, 0x03, 0x00, 0x1d, 0x00, 0x00, 0x00, 0x00, 0x00, 0x00, 0x00,
    0x00, 0x00, 0x00, 0x00, 0x01, 0x00, 0x03, 0x1c, 0x1e, 0x16, 0x0c, 0x00,
    0x76, 0x00, 0x00, 0x01, 0x00, 0x11, 0x15, 0x48, 0x1b, 0x08, 0x7b, 0x0a,
    0x02, 0x0a, 0x7b, 0x1c, 0x1c, 0x1e, 0x04, 0x03, 0x0f, 0x3e, 0x23, 0x00,
    0x0a, 0x4a, 0x48, 0x1e, 0x1b, 0x07, 0x00, 0x32, 0x00, 0x00, 0x00, 0x00,
    0x00, 0x00, 0x00, 0x00, 0x00, 0x00, 0x00, 0x00, 0x01, 0x00, 0x21, 0x1e,
    0x1c, 0x1e, 0x1b, 0x03, 0x2a, 0x0c, 0x2a, 0x0c, 0x0d, 0x11, 0x1e, 0x1c,
    0x1e, 0x1e, 0x16, 0x1b, 0x07, 0x01, 0x01, 0x06, 0x00, 0x0a, 0x1b, 0x1c,
    0x1a, 0x1b, 0x3b, 0x07, 0x1f, 0x23, 0x33, 0x21, 0x07, 0x5b, 0x0c, 0x01,
    0x23, 0x3c, 0x3e, 0x00, 0x0a, 0x7e, 0x5e, 0x14, 0x0a, 0x1f, 0x1f, 0x07,
    0x5e, 0x09, 0x1e, 0x4a, 0x16, 0x14, 0x00, 0x00, 0x28, 0x1e, 0x09, 0x1a,
    0x16, 0x14, 0x00, 0x13, 0x06, 0x00, 0x0c, 0x15, 0x1a, 0x1e, 0x1c, 0x03,
    0x0c, 0x05, 0x2a, 0x03, 0x16, 0x1a, 0x1e, 0x48, 0x16, 0x05, 0x00, 0x18,
    0x64, 0x00, 0x27, 0x16, 0x1a, 0x1b, 0x1e, 0x55, 0x00, 0x01, 0x00, 0x19,
    0x00, 0x05, 0x16, 0x1e, 0x1c, 0x20, 0x00, 0x00, 0x00, 0x00, 0x00, 0x00,
    0x00, 0x00, 0x00, 0x00, 0x00, 0x3e, 0x06, 0x03, 0x16, 0x1a, 0x09, 0x1b,
    0x3d, 0x21, 0x25, 0x00, 0x45, 0x07, 0x3d, 0x85, 0x5f, 0x08, 0x16, 0x1a,
    0x09, 0x22, 0x14, 0x00, 0x00, 0x01, 0x00, 0x00, 0x00, 0x00, 0x00, 0x00,
    0x00, 0x00, 0x00, 0x06, 0x00, 0x0a, 0x1b, 0x1e, 0x1a, 0x1c, 0x0d, 0x0c,
    0x2a, 0x0c, 0x2a, 0x0d, 0x03, 0x1a, 0x1c, 0x1e, 0x1e, 0x16, 0x03, 0x1f,
    0x0f, 0x01, 0x4b, 0x00, 0x60, 0x15, 0x1e, 0x1a, 0x1b, 0x2a, 0x07, 0x1f,
    0x01, 0x3f, 0x1f, 0x2c, 0x5b, 0x05, 0x00, 0x29, 0x00, 0x01, 0x00, 0x14,
    0x7e, 0x05, 0x0a, 0x0a, 0x21, 0x1f, 0x2c, 0x0c, 0x1c, 0x4a, 0x1b, 0x1e,
    0x02, 0x01, 0x00, 0x14, 0x1c, 0x1e, 0x48, 0x4e, 0x0a, 0x00, 0x0b, 0x0f,
    0x41, 0x03, 0x16, 0x1a, 0x48, 0x1b, 0x0d, 0x38, 0x60, 0x0c, 0x03, 0x16,
    0x1e, 0x1a, 0x4a, 0x1e, 0x07, 0x00, 0x0b, 0x33, 0x00, 0x0d, 0x16, 0x1a,
    0x04, 0x0d, 0x00, 0xbf, 0x00, 0x00, 0xb1, 0x00, 0x0d, 0x16, 0x1a, 0x04,
    0x0c, 0x00, 0x42, 0x00, 0x00, 0x00, 0x00, 0x00, 0x00, 0x00, 0x00, 0x00,
    0x00, 0x4b, 0x00, 0x14, 0x16, 0x1a, 0x48, 0x1a, 0x1f, 0x00, 0x30, 0x00,
    0x13, 0x00, 0x14, 0x04, 0x1e, 0x1a, 0x1b, 0x3b, 0x0a, 0x02, 0x21, 0x2d,
    0x22, 0x1c, 0x1e, 0x1b, 0x09, 0x0a, 0x00, 0x01, 0x00, 0x00, 0x03, 0x1b,
    0x1e, 0x16, 0x05, 0x00, 0x29, 0x00, 0x00, 0x00, 0x00, 0x00, 0x00, 0x00,
    0x00, 0x00, 0x00, 0x00, 0x01, 0x01, 0x45, 0x09, 0x1b, 0x1e, 0x16, 0x0d,
    0x00, 0x00, 0x00, 0x00, 0x00, 0x00, 0x00, 0x00, 0x00, 0x0a, 0x1c, 0x48,
    0x1a, 0x16, 0x2a, 0x00, 0x13, 0x00, 0x00, 0x2e, 0x08, 0x1a, 0x16, 0x0d,
    0x00, 0x13, 0x00, 0x00, 0x00, 0x00, 0x1d, 0x00, 0xa0, 0x1e, 0x1e, 0x1a,
    0x09, 0x03, 0x00, 0x00, 0x00, 0x00, 0x00, 0x00, 0x00, 0x00, 0x00, 0x00,
    0x00, 0x00, 0x00, 0x00, 0x00, 0x00, 0x00, 0x00, 0x00, 0x01, 0x00, 0x00,
    0x00, 0x00, 0x00, 0x2d, 0x1b, 0x16, 0x0d, 0x00, 0x00, 0x00, 0x00, 0x00,
    0x00, 0x2a, 0x16, 0x16, 0x27, 0x00, 0x00, 0x00, 0x00, 0x00, 0x00, 0x00,
    0x98, 0x16, 0x1e, 0x1f, 0x00, 0x00, 0x00, 0x00, 0x00, 0x1f, 0x1e, 0x1b,
    0x1e, 0x00, 0x00, 0x00, 0x00, 0x00, 0x00, 0x00, 0x0d, 0x16, 0x1b, 0x07,
    0x00, 0x00, 0x00, 0x00, 0x00, 0x06, 0x00, 0x00, 0x00, 0x00, 0x00, 0x00,
    0x00, 0x00, 0x00, 0x00, 0x00, 0x00, 0x00, 0x00, 0x00, 0x00, 0x00, 0x00,
    0x00, 0x00, 0x00, 0x4b, 0x00, 0x27, 0x16, 0x1a, 0x1e, 0x16, 0x2d, 0x0f,
    0x24, 0x42, 0x19, 0x29, 0x29, 0x19, 0x42, 0x24, 0x00, 0x0c, 0x16, 0x1a,
    0x1e, 0x16, 0x14, 0x00, 0x5c, 0x00, 0x0d, 0x16, 0x1a, 0xb6, 0x03, 0x00,
    0x17, 0x00, 0x00, 0x00, 0x00, 0x00, 0x00, 0x00, 0x00, 0x00, 0x00, 0x00,
    0x01, 0x00, 0x2e, 0x16, 0x1a, 0x16, 0x0c, 0x00, 0x42, 0x00, 0x00, 0x25,
    0x01, 0x21, 0x22, 0x16, 0x43, 0x1c, 0x16, 0x1e, 0x1a, 0x1a, 0x16, 0x08,
    0x09, 0x16, 0x22, 0x1f, 0x01, 0x17, 0x01, 0x00, 0x0a, 0x1b, 0x1b, 0x1a,
    0x1c, 0x31, 0x00, 0x01, 0x00, 0x00, 0x00, 0x00, 0x00, 0x00, 0x00, 0x00,
    0x00, 0x00, 0x00, 0x00, 0x32, 0x00, 0x21, 0x48, 0x1b, 0x1b, 0x1e, 0x16,
    0x16, 0x16, 0x16, 0x16, 0x16, 0x16, 0x16, 0x04, 0x16, 0x1b, 0x49, 0x0a,
    0x00, 0x25, 0x00, 0x00, 0x3e, 0x00, 0x27, 0x08, 0x16, 0x09, 0x46, 0x1c,
    0x1a, 0x03, 0x03, 0x1a, 0x1c, 0x16, 0x65, 0x0d, 0x19, 0x4b, 0x01, 0x0a,
    0x1b, 0x15, 0x04, 0x1c, 0x1a, 0x1a, 0x1e, 0x1a, 0x16, 0x1b, 0x04, 0x16,
    0x0c, 0x17, 0x06, 0x00, 0x1f, 0x1a, 0x1b, 0x1e, 0x16, 0x2d, 0x00, 0x13,
    0x3c, 0x0b, 0x13, 0x2a, 0x1b, 0x04, 0x16, 0x16, 0x15, 0x15, 0x90, 0x15,
    0x1a, 0x48, 0x1b, 0x1a, 0x16, 0x27, 0x00, 0x42, 0x69, 0x00, 0x38, 0x16,
    0x1a, 0x1c, 0x48, 0x0e, 0x00, 0x01, 0x00, 0x29, 0x00, 0x38, 0x04, 0x1e,
    0x16, 0x03, 0x00, 0x00, 0x00, 0x00, 0x00, 0x00, 0x00, 0x00, 0x00, 0x00,
    0x00, 0x25, 0x00, 0x1f, 0x22, 0x16, 0x16, 0x09, 0x4f, 0x1a, 0x03, 0x03,
    0x1e, 0x1e, 0x15, 0x15, 0x04, 0x03, 0x0d, 0x1c, 0x89, 0x16, 0x16, 0x5b,
    0x28, 0x00, 0x01, 0x00, 0x00, 0x00, 0x00, 0x00, 0x00, 0x00, 0x00, 0x23,
    0x00, 0x14, 0x16, 0x1e, 0x1b, 0x1b, 0x16, 0x16, 0x16, 0x6f, 0x16, 0x16,
    0x16, 0x16, 0x46, 0x16, 0x1c, 0x5b, 0x47, 0x00, 0x01, 0x00, 0x00, 0x3e,
    0x01, 0x2a, 0x16, 0x16, 0x09, 0x16, 0x1a, 0x1a, 0x03, 0x03, 0x1a, 0x1b,
    0x15, 0x15, 0x60, 0x00, 0xd4, 0x00, 0x27, 0x52, 0x15, 0x16, 0x1c, 0x1a,
    0x48, 0x1a, 0x1a, 0x16, 0x08, 0x4f, 0x16, 0x05, 0x00, 0x3f, 0x00, 0x14,
    0x16, 0x1a, 0x1b, 0x1e, 0x2c, 0x00, 0x17, 0x01, 0x00, 0x02, 0x85, 0x16,
    0x04, 0x4f, 0x15, 0x15, 0x52, 0x15, 0x16, 0x20, 0x1e, 0x4e, 0x48, 0x08,
    0x07, 0x00, 0x0b, 0x33, 0x00, 0x0d, 0x16, 0x1a, 0x16, 0x0d, 0x00, 0x12,
    0x00, 0x00, 0xbf, 0x00, 0x0d, 0x16, 0x1a, 0xb6, 0x5b, 0x00, 0x18, 0x00,
    0x00, 0x00, 0x00, 0x00, 0x00, 0x00, 0x00, 0x00, 0x00, 0xb8, 0x00, 0x14,
    0x16, 0x1a, 0x1b, 0x1e, 0x28, 0x00, 0x0f, 0x00, 0x00, 0x3e, 0x00, 0x0c,
    0x16, 0x16, 0x09, 0x04, 0x1c, 0x1a, 0x1e, 0x1c, 0x1b, 0x68, 0x16, 0x09,
    0x14, 0x00, 0x01, 0x00, 0x00, 0x00, 0x03, 0x04, 0x1a, 0x16, 0x0c, 0x00,
    0x29, 0x00, 0x00, 0x00, 0x00, 0x00, 0x00, 0x00, 0x00, 0x00, 0x00, 0x00,
    0x06, 0x00, 0x0c, 0x16, 0x1a, 0x1b, 0x1c, 0x07, 0x33, 0x1f, 0x19, 0x29,
    0x29, 0x19, 0x29, 0x29, 0x02, 0x00, 0x0d, 0x16, 0x1e, 0x08, 0x1c, 0x0a,
    0x00, 0x01, 0x00, 0x03, 0x16, 0x1e, 0x16, 0x0d, 0x00, 0x13, 0x00, 0x00,
    0x00, 0x00, 0x17, 0x00, 0x07, 0x1b, 0x08, 0x1c, 0x16, 0x1a, 0x00, 0x00,
    0x00, 0x00, 0x00, 0x00, 0x00, 0x00, 0x00, 0x00, 0x00, 0x00, 0x00, 0x00,
    0x00, 0x00, 0x00, 0x00, 0x00, 0x00, 0x01, 0x42, 0x18, 0x55, 0x13, 0x14,
    0x1c, 0xd2, 0x0d, 0x13, 0xd5, 0x13, 0x13, 0x24, 0x13, 0x0c, 0x04, 0x04,
    0x0c, 0x13, 0xd6, 0x13, 0x13, 0x13, 0x13, 0x13, 0x03, 0x08, 0x1e, 0x2c,
    0x13, 0xd4, 0x13, 0xd4, 0x13, 0x2c, 0x1a, 0x1b, 0x1e, 0x21, 0x13, 0x8c,
    0x13, 0x13, 0x55, 0x13, 0x0d, 0x16, 0x5f, 0x14, 0x13, 0x8e, 0x13, 0x42,
    0x01, 0x00, 0x00, 0x00, 0x00, 0x00, 0x00, 0x00, 0x00, 0x00, 0x00, 0x00,
    0x00, 0x00, 0x00, 0x00, 0x00, 0x00, 0x00, 0x00, 0x00, 0x00, 0x01, 0x00,
    0x02, 0x1a, 0x1b, 0x48, 0x1b, 0x0d, 0x26, 0x25, 0x00, 0x00, 0x00, 0x00,
    0x00, 0x00, 0x00, 0x01, 0x01, 0x28, 0x03, 0x1b, 0x1a, 0x04, 0x03, 0x3f,
    0x4b, 0x00, 0x0d, 0x16, 0x1a, 0x16, 0x11, 0x00, 0x1d, 0x00, 0x00, 0x00,
    0x00, 0x00, 0x00, 0x00, 0x00, 0x00, 0x00, 0x00, 0x01, 0x00, 0x0d, 0x1b,
    0x1a, 0x04, 0x0c, 0x00, 0x18, 0x00, 0x00, 0x00, 0x01, 0x00, 0xcb, 0x7b,
    0x22, 0x1a, 0x1e, 0x16, 0x16, 0x16, 0x1a, 0x1e, 0x22, 0x5e, 0x28, 0x00,
    0x01, 0x00, 0x01, 0x00, 0x0a, 0x08, 0x1e, 0x1e, 0x1c, 0x07, 0x00, 0x01,
    0x00, 0x00, 0x00, 0x00, 0x00, 0x00, 0x00, 0x00, 0x00, 0x00, 0x00, 0x00,
    0x01, 0x00, 0x21, 0x03, 0x1c, 0x1e, 0x1a, 0x1a, 0x1a, 0x1a, 0x1a, 0x1a,
    0x1a, 0x1a, 0x03, 0x3b, 0xb3, 0x07, 0x00, 0x00, 0x0b, 0x00, 0x00, 0x00,
    0x00, 0x0b, 0x00, 0x0a, 0x5b, 0xa7, 0x5f, 0x08, 0x04, 0x16, 0x04, 0x16,
    0x1a, 0xa7, 0x5b, 0x14, 0x42, 0x0f, 0x00, 0x2c, 0x5b, 0x03, 0x1e, 0x1a,
    0x1b, 0x04, 0x16, 0x09, 0x1e, 0x5f, 0x49, 0x14, 0x00, 0x00, 0x0f, 0x00,
    0x02, 0x1a, 0x1c, 0x1e, 0x04, 0x14, 0x00, 0x13, 0x00, 0x00, 0x00, 0x00,
    0x0a, 0x5b, 0x49, 0x03, 0x03, 0x20, 0x3b, 0x96, 0x47, 0x1a, 0x1c, 0x1e,
    0x04, 0x14, 0x00, 0x13, 0x18, 0x00, 0x27, 0x16, 0x1a, 0x1b, 0x03, 0x8e,
    0x00, 0x01, 0x00, 0x29, 0x00, 0x27, 0x16, 0x1a, 0x1b, 0x03, 0x00, 0x00,
    0x00, 0x00, 0x00, 0x00, 0x00, 0x00, 0x00, 0x00, 0x00, 0x00, 0x01, 0x00,
    0x00, 0x14, 0xad, 0x5f, 0x1e, 0x16, 0x16, 0x16, 0x16, 0x1a, 0x22, 0x3b,
    0x3d, 0x28, 0x00, 0x3d, 0x22, 0x5f, 0x1a, 0x09, 0x22, 0x14, 0x01, 0x01,
    0x00, 0x00, 0x00, 0x00, 0x00, 0x00, 0x00, 0x06, 0x00, 0x0a, 0x09, 0x1a,
    0x1e, 0x1e, 0x1a, 0x1a, 0x1a, 0x1a, 0x1a, 0x1a, 0x03, 0x03, 0x49, 0x96,
    0x07, 0x00, 0x00, 0x01, 0x00, 0x00, 0x00, 0x00, 0x01, 0x00, 0x3d, 0x3b,
    0x43, 0x1e, 0x1c, 0x16, 0x04, 0x16, 0x09, 0x1a, 0x22, 0x94, 0x0a, 0x01,
    0x01, 0x26, 0x2d, 0x94, 0x03, 0x1e, 0x48, 0x1b, 0x16, 0x16, 0x68, 0x1e,
    0x22, 0xad, 0x0a, 0x00, 0x01, 0x12, 0x00, 0x14, 0x08, 0x1e, 0x1a, 0x48,
    0x2f, 0x00, 0x1d, 0x00, 0x01, 0x00, 0x00, 0x3d, 0x94, 0x0d, 0x03, 0x20,
    0x22, 0xad, 0x14, 0x0a, 0x1b, 0x48, 0x1a, 0x1a, 0x2c, 0x00, 0x1d, 0x12,
    0x00, 0x0d, 0x16, 0x1e, 0xb6, 0x11, 0x00, 0x33, 0x00, 0x00, 0x12, 0x00,
    0x11, 0x04, 0x1a, 0x16, 0x0c, 0x00, 0x42, 0x00, 0x00, 0x00, 0x00, 0x00,
    0x00, 0x00, 0x00, 0x00, 0x00, 0x33, 0x00, 0x3d, 0x16, 0x1a, 0x1e, 0x4a,
    0x21, 0x00, 0x25, 0x00, 0x00, 0x00, 0x0f, 0x00, 0x14, 0x3b, 0x43, 0x1e,
    0x1b, 0x16, 0x46, 0x1c, 0x1e, 0x22, 0x5b, 0x0a, 0x00, 0x3e, 0x00, 0x00,
    0x00, 0x00, 0x2e, 0x1c, 0x1e, 0x16, 0x05, 0x00, 0x19, 0x00, 0x00, 0x00,
    0x00, 0x00, 0x00, 0x00, 0x00, 0x00, 0x00, 0x1d, 0x00, 0x0a, 0x1b, 0x09,
    0x1e, 0x46, 0x0c, 0x00, 0x23, 0x00, 0x00, 0x00, 0x00, 0x00, 0x00, 0x00,
    0x01, 0x01, 0x0a, 0x08, 0x1e, 0x1a, 0x16, 0x0d, 0x00, 0x06, 0x00, 0x03,
    0x1c, 0x1e, 0x04, 0x2a, 0x00, 0x13, 0x00, 0x00, 0x00, 0x00, 0x1d, 0x00,
    0x07, 0x1e, 0x1e, 0x1e, 0x1b, 0x03, 0x00, 0x00, 0x00, 0x00, 0x00, 0x00,
    0x00, 0x00, 0x00, 0x00, 0x00, 0x00, 0x00, 0x00, 0x00, 0x00, 0x00, 0x00,
    0x00, 0x00, 0x00, 0x00, 0x00, 0x33, 0x00, 0x14, 0x1b, 0x08, 0x0d, 0x00,
    0x3e, 0x00, 0x00, 0x76, 0x00, 0x0c, 0x16, 0x6f, 0x0c, 0x00, 0x29, 0x00,
    0x00, 0x00, 0x00, 0x00, 0x03, 0x1c, 0x1e, 0x0a, 0x00, 0x1d, 0x00, 0x1d,
    0x00, 0x0a, 0x48, 0x1b, 0x1a, 0x02, 0x00, 0x01, 0x00, 0x00, 0x33, 0x00,
    0x11, 0x04, 0x09, 0x14, 0x00, 0x33, 0x00, 0x00, 0x00, 0x00, 0x00, 0x00,
    0x00, 0x00, 0x00, 0x00, 0x00, 0x00, 0x00, 0x00, 0x00, 0x00, 0x00, 0x00,
    0x00, 0x00, 0x00, 0x00, 0x00, 0x00, 0x00, 0x00, 0x21, 0x21, 0x02, 0x28,
    0x45, 0x45, 0x00, 0x3c, 0x00, 0x00, 0x00, 0x00, 0x00, 0x00, 0x00, 0x00,
    0x00, 0x00, 0x02, 0x45, 0x21, 0x28, 0x1f, 0x13, 0x00, 0x00, 0x1f, 0x21,
    0x02, 0x21, 0x28, 0x00, 0x00, 0x00, 0x00, 0x00, 0x00, 0x00, 0x00, 0x00,
    0x00, 0x00, 0x00, 0x00, 0x00, 0x00, 0x1f, 0x21, 0x02, 0x21, 0xd7, 0x00,
    0x00, 0x00, 0x00, 0x00, 0x00, 0x01, 0x00, 0x00, 0x00, 0x21, 0x07, 0x14,
    0x14, 0x14, 0x07, 0x45, 0x00, 0x00, 0x00, 0x01, 0x00, 0x00, 0x00, 0x00,
    0x19, 0x21, 0x21, 0x21, 0x21, 0x79, 0x00, 0x00, 0x00, 0x00, 0x00, 0x00,
    0x00, 0x00, 0x00, 0x00, 0x00, 0x00, 0x00, 0x00, 0x00, 0x00, 0x01, 0x28,
    0x21, 0x02, 0x21, 0x21, 0x21, 0x21, 0x02, 0x1f, 0x21, 0x45, 0x00, 0x00,
    0x00, 0x00, 0x01, 0x1d, 0x00, 0x00, 0x00, 0x00, 0x00, 0x00, 0x23, 0x00,
    0x00, 0x01, 0x21, 0x07, 0x14, 0x14, 0x14, 0x07, 0x21, 0x4b, 0x00, 0x00,
    0x00, 0x00, 0x00, 0x00, 0x00, 0x00, 0x45, 0x0a, 0x07, 0x14, 0x14, 0x0a,
    0x07, 0x21, 0x00, 0x00, 0x3c, 0x00, 0x00, 0x00, 0x25, 0x1f, 0x21, 0x47,
    0xd7, 0x3f, 0x00, 0x00, 0x00, 0x00, 0x17, 0x00, 0x00, 0x00, 0x00, 0x00,
    0x00, 0x00, 0x00, 0x00, 0x0a, 0x1b, 0x1e, 0x1a, 0x1b, 0x0a, 0x00, 0x06,
    0x00, 0x00, 0x1f, 0x21, 0x47, 0x1f, 0x21, 0x3c, 0x00, 0x00, 0x00, 0x00,
    0x00, 0x1f, 0xc4, 0x28, 0x02, 0x21, 0x00, 0x00, 0x00, 0x00, 0x00, 0x00,
    0x00, 0x00, 0x00, 0x00, 0x00, 0x00, 0x00, 0x01, 0x00, 0x00, 0x00, 0x21,
    0x07, 0x3d, 0x14, 0x2d, 0x07, 0x21, 0x42, 0x00, 0x00, 0x00, 0x4b, 0x00,
    0x6c, 0x45, 0x47, 0x6d, 0x45, 0x0a, 0x00, 0x00, 0x00, 0x00, 0x00, 0x00,
    0x00, 0x00, 0x00, 0x00, 0x00, 0x5c, 0x1f, 0x21, 0x21, 0x21, 0x21, 0x21,
    0x21, 0x02, 0x28, 0x02, 0x1f, 0x00, 0x00, 0x00, 0x00, 0x06, 0x01, 0x00,
    0x00, 0x00, 0x00, 0x00, 0x00, 0x17, 0x00, 0x00, 0xc4, 0x0a, 0x0a, 0x14,
    0x14, 0x3d, 0x07, 0x45, 0x00, 0x00, 0x00, 0x00, 0x00, 0x00, 0x00, 0x00,
    0x00, 0x21, 0x07, 0x07, 0x14, 0x14, 0x07, 0x07, 0xbc, 0x00, 0x00, 0x1d,
    0x00, 0x00, 0x00, 0x5c, 0x45, 0x1f, 0x21, 0x1f, 0x33, 0x00, 0x00, 0x00,
    0x00, 0x12, 0x00, 0x00, 0x00, 0x00, 0x00, 0x00, 0x00, 0x00, 0x00, 0x05,
    0x16, 0x1e, 0x1b, 0x1e, 0x37, 0x00, 0x01, 0x00, 0x00, 0x1f, 0x21, 0x02,
    0x21, 0x28, 0x00, 0x00, 0x00, 0x00, 0x00, 0x00, 0x45, 0x21, 0x28, 0x21,
    0xd8, 0x00, 0x00, 0x00, 0x00, 0x00, 0x00, 0x00, 0x00, 0x00, 0x00, 0x00,
    0x00, 0x00, 0x00, 0x1f, 0x45, 0x28, 0x1f, 0x02, 0x06, 0x00, 0x00, 0x00,
    0x00, 0x00, 0x00, 0x0b, 0x00, 0x00, 0xbc, 0x0a, 0x0a, 0x14, 0x3d, 0x07,
    0x07, 0x4b, 0x00, 0x00, 0x01, 0x00, 0x00, 0x00, 0x00, 0x00, 0x1f, 0x21,
    0x1f, 0x45, 0x61, 0x00, 0x00, 0x00, 0x00, 0x00, 0x00, 0x00, 0x00, 0x00,
    0x00, 0x00, 0x00, 0x00, 0x00, 0x21, 0x45, 0x28, 0x1f, 0x45, 0x29, 0x01,
    0x26, 0x00, 0x00, 0x00, 0x00, 0x00, 0x00, 0x00, 0x00, 0x00, 0x00, 0x3f,
    0x21, 0x1f, 0x47, 0x21, 0x00, 0x00, 0x00, 0x1f, 0x21, 0x1f, 0x21, 0x28,
    0x00, 0x00, 0x00, 0x00, 0x00, 0x00, 0x00, 0x00, 0x1d, 0x02, 0x1f, 0x47,
    0x21, 0x1f, 0x00, 0x00, 0x00, 0x00, 0x00, 0x00, 0x00, 0x00, 0x00, 0x00,
    0x00, 0x00, 0x00, 0x00, 0x00, 0x00, 0x00, 0x00, 0x00, 0x00, 0x00, 0x00,
    0x00, 0x33, 0x00, 0x14, 0x1c, 0x1b, 0xbb, 0x00, 0x0b, 0x00, 0x00, 0x42,
    0x00, 0x0c, 0x16, 0x16, 0x59, 0x00, 0x29, 0x00, 0x00, 0x00, 0x00, 0x00,
    0xc7, 0x1b, 0x1a, 0x50, 0x00, 0x17, 0x00, 0x1d, 0x00, 0x07, 0x1e, 0x1c,
    0x1e, 0x1f, 0x00, 0x01, 0x00, 0x00, 0x12, 0x00, 0x0d, 0x16, 0x1b, 0x14,
    0x00, 0x12, 0x00, 0x00, 0x00, 0x00, 0x00, 0x00, 0x00, 0x00, 0x00, 0x00,
    0x00, 0x00, 0x00, 0x00, 0x00, 0x00, 0x00, 0x00, 0x00, 0x00, 0x00, 0x00,
    0x00, 0x00, 0x00, 0x00, 0x00, 0x00, 0x00, 0x00, 0x00, 0x00, 0x00, 0x00,
    0x00, 0x00, 0x00, 0x00, 0x00, 0x00, 0x00, 0x00, 0x00, 0x01, 0x00, 0x00,
    0x00, 0x00, 0x00, 0x00, 0x00, 0x00, 0x00, 0x00, 0x00, 0x00, 0x00, 0x00,
    0x00, 0x00, 0x00, 0x00, 0x00, 0x00, 0x00, 0x00, 0x00, 0x00, 0x00, 0x00,
    0x00, 0x00, 0x00, 0x00, 0x00, 0x00, 0x00, 0x00, 0x00, 0x00, 0x00, 0x00,
    0x00, 0x00, 0x3c, 0x13, 0x01, 0x00, 0x00, 0x00, 0x00, 0x00, 0x00, 0x00,
    0x26, 0x13, 0x01, 0x00, 0x00, 0x00, 0x00, 0x00, 0x00, 0x00, 0x00, 0x00,
    0x00, 0x00, 0x00, 0x00, 0x00, 0x00, 0x00, 0x00, 0x00, 0x00, 0x00, 0x00,
    0x00, 0x00, 0x00, 0x00, 0x00, 0x00, 0x00, 0x00, 0x00, 0x00, 0x00, 0x00,
    0x00, 0x00, 0x00, 0x00, 0x00, 0x00, 0x00, 0x23, 0x18, 0x01, 0x00, 0x00,
    0x00, 0x00, 0x00, 0x00, 0x00, 0x00, 0x00, 0x1d, 0x13, 0x00, 0x00, 0x00,
    0x00, 0x00, 0x00, 0x00, 0x00, 0x00, 0x4b, 0x23, 0x00, 0x00, 0x00, 0x01,
    0x42, 0x01, 0x00, 0x00, 0x00, 0x00, 0x00, 0x00, 0x00, 0x00, 0x01, 0x33,
    0x00, 0x00, 0x00, 0x00, 0x00, 0x00, 0x00, 0x00, 0x00, 0x00, 0x00, 0x00,
    0x00, 0x0f, 0x00, 0x0a, 0x57, 0x3d, 0x0a, 0x1f, 0x28, 0x47, 0x0a, 0x60,
    0x1b, 0x09, 0x1e, 0x15, 0x20, 0x23, 0x0f, 0x00, 0x00, 0x00, 0x00, 0x00,
    0x00, 0x00, 0x00, 0x00, 0x00, 0x00, 0x00, 0x00, 0x00, 0x00, 0x00, 0x00,
    0x00, 0x00, 0x00, 0x00, 0x00, 0x00, 0x00, 0x00, 0x00, 0x00, 0x00, 0x00,
    0x00, 0x00, 0x00, 0x00, 0x00, 0x4b, 0x01, 0x00, 0x00, 0x00, 0x00, 0x00,
    0x00, 0x00, 0x00, 0xb8, 0x4b, 0x01, 0x00, 0x06, 0x00, 0x00, 0x00, 0x00,
    0x00, 0x00, 0x00, 0x00, 0x00, 0x00, 0x00, 0x00, 0x00, 0x00, 0x00, 0x00,
    0x00, 0x00, 0x00, 0x00, 0x00, 0x00, 0x00, 0x00, 0x00, 0x00, 0x00, 0x00,
    0x00, 0x01, 0x4b, 0x42, 0x17, 0x00, 0x00, 0x00, 0x00, 0x00, 0x00, 0x00,
    0x00, 0x00, 0x23, 0x12, 0x00, 0x00, 0x00, 0x00, 0x00, 0x00, 0x00, 0x00,
    0x00, 0x42, 0x1d, 0x00, 0x00, 0x00, 0x01, 0x13, 0x00, 0x00, 0x00, 0x00,
    0x00, 0x00, 0x00, 0x00, 0x00, 0x33, 0x23, 0x00, 0x00, 0x00, 0x00, 0x00,
    0x00, 0x00, 0x00, 0x00, 0x00, 0x00, 0x00, 0x00, 0x3e, 0x00, 0x14, 0x57,
    0x14, 0x0a, 0x21, 0x1f, 0x28, 0x07, 0x5b, 0x1c, 0x1e, 0x1a, 0x52, 0x05,
    0x00, 0x33, 0x00, 0x00, 0x00, 0x00, 0x00, 0x00, 0x00, 0x00, 0x00, 0x00,
    0x00, 0x00, 0x00, 0x00, 0x00, 0x00, 0x00, 0x00, 0x00, 0x00, 0x00, 0x00,
    0x00, 0x00, 0x00, 0x00, 0x00, 0x00, 0x00, 0x00, 0x00, 0x00, 0x00, 0x00,
    0x00, 0x00, 0x00, 0x00, 0x00, 0x00, 0x00, 0x00, 0x00, 0x00, 0x00, 0x00,
    0x06, 0x23, 0x00, 0x00, 0x00, 0x00, 0x00, 0x00, 0x00, 0x00, 0x4b, 0x17,
    0x00, 0x00, 0x00, 0x00, 0x00, 0x00, 0x00, 0x00, 0x00, 0x00, 0x00, 0x00,
    0x00, 0x00, 0x00, 0x00, 0x00, 0x00, 0x00, 0x00, 0x00, 0x00, 0x00, 0x00,
    0x00, 0x00, 0x00, 0x00, 0x00, 0x00, 0x00, 0x00, 0x00, 0x00, 0x00, 0x00,
    0x00, 0x00, 0x00, 0x00, 0x00, 0x00, 0x01, 0x00, 0x00, 0x00, 0x00, 0x00,
    0x00, 0x00, 0x00, 0x00, 0x00, 0x00, 0x00, 0x00, 0x00, 0x00, 0x00, 0x00,
    0x00, 0x00, 0x00, 0x00, 0x00, 0x00, 0x00, 0x00, 0x00, 0x00, 0x00, 0x00,
    0x00, 0x00, 0x00, 0x00, 0x00, 0x00, 0x00, 0x00, 0x00, 0x00, 0x00, 0x00,
    0x00, 0x00, 0x00, 0x00, 0x00, 0x00, 0x00, 0x00, 0x00, 0x12, 0x00, 0x14,
    0x04, 0x16, 0x03, 0x00, 0x3e, 0x00, 0x00, 0x18, 0x00, 0x0c, 0x04, 0x04,
    0x0c, 0x00, 0x19, 0x00, 0x00, 0x00, 0x00, 0x00, 0x1e, 0x16, 0x1b, 0x07,
    0x00, 0x17, 0x00, 0xa2, 0x00, 0x2c, 0x08, 0x1b, 0x1a, 0x21, 0x00, 0x01,
    0x00, 0x00, 0x33, 0x00, 0x0d, 0x16, 0x4f, 0x14, 0x00, 0x33, 0x00, 0x00,
    0x00, 0x00, 0x00, 0x00, 0x00, 0x00, 0x00, 0x00, 0x00, 0x00, 0x00, 0x00,
    0x00, 0x00, 0x00, 0x00, 0x00, 0x00, 0x00, 0x00, 0x00, 0x00, 0x00, 0x00,
    0x00, 0x0f, 0x01, 0x01, 0x25, 0x01, 0x00, 0x00, 0x00, 0x00, 0x00, 0x00,
    0x00, 0x00, 0x00, 0x00, 0x00, 0x00, 0x01, 0x25, 0x01, 0x01, 0x01, 0x00,
    0x00, 0x00, 0x01, 0x0f, 0x01, 0x0f, 0x01, 0x00, 0x00, 0x00, 0x00, 0x00,
    0x00, 0x00, 0x00, 0x00, 0x00, 0x00, 0x00, 0x00, 0x00, 0x00, 0x01, 0x01,
    0x01, 0x25, 0x01, 0x00, 0x00, 0x00, 0x00, 0x00, 0x00, 0x00, 0x00, 0x00,
    0x00, 0x01, 0x01, 0x33, 0x33, 0x33, 0x01, 0x01, 0x00, 0x00, 0x00, 0x00,
    0x00, 0x00, 0x00, 0x00, 0x00, 0x01, 0x01, 0x01, 0x01, 0x00, 0x00, 0x00,
    0x00, 0x00, 0x00, 0x00, 0x00, 0x00, 0x00, 0x00, 0x00, 0x00, 0x00, 0x00,
    0x00, 0x00, 0x00, 0x01, 0x01, 0x01, 0x01, 0x01, 0x01, 0x01, 0x01, 0x01,
    0x01, 0x01, 0x00, 0x00, 0x00, 0x00, 0x00, 0x00, 0x00, 0x00, 0x00, 0x00,
    0x00, 0x00, 0x00, 0x00, 0x00, 0x00, 0x25, 0x23, 0x33, 0x33, 0xbf, 0x23,
    0x0f, 0x26, 0x00, 0x00, 0x00, 0x00, 0x00, 0x00, 0x00, 0x00, 0x01, 0x3e,
    0x23, 0x33, 0x33, 0x23, 0x0b, 0x01, 0x00, 0x00, 0x00, 0x00, 0x00, 0x00,
    0x00, 0x01, 0x01, 0x01, 0x0f, 0x00, 0x00, 0x00, 0x0f, 0x01, 0x07, 0x08,
    0x15, 0x16, 0x1a, 0x1a, 0x48, 0x1a, 0x1c, 0x04, 0x16, 0x04, 0x16, 0x3b,
    0x21, 0x26, 0x25, 0x00, 0x00, 0x00, 0x00, 0x0f, 0x01, 0x01, 0x01, 0x00,
    0x00, 0x00, 0x00, 0x00, 0x00, 0x26, 0x0f, 0x01, 0x01, 0x01, 0x00, 0x00,
    0x00, 0x00, 0x00, 0x00, 0x00, 0x00, 0x00, 0x00, 0x00, 0x00, 0x00, 0x00,
    0x00, 0x00, 0x00, 0x01, 0x3e, 0x33, 0x33, 0xb8, 0x23, 0x0f, 0x26, 0x00,
    0x00, 0x00, 0x00, 0x00, 0x01, 0x25, 0x01, 0x01, 0x01, 0x01, 0x00, 0x00,
    0x00, 0x00, 0x00, 0x00, 0x00, 0x00, 0x00, 0x00, 0x00, 0x00, 0x01, 0x01,
    0x01, 0x01, 0x01, 0x01, 0x01, 0x01, 0x01, 0x01, 0x01, 0x00, 0x00, 0x00,
    0x00, 0x00, 0x00, 0x00, 0x00, 0x00, 0x00, 0x00, 0x00, 0x00, 0x00, 0x00,
    0x01, 0x1d, 0x23, 0x33, 0x33, 0x33, 0x01, 0x01, 0x00, 0x00, 0x00, 0x00,
    0x00, 0x00, 0x00, 0x00, 0x00, 0x01, 0x3e, 0x23, 0x33, 0x33, 0xc5, 0x17,
    0x3c, 0x00, 0x00, 0x00, 0x00, 0x00, 0x00, 0x00, 0x01, 0x01, 0x01, 0x01,
    0x00, 0x00, 0x00, 0x01, 0x00, 0x14, 0x16, 0x15, 0x16, 0x1a, 0x1a, 0x48,
    0x1a, 0x1c, 0x16, 0x04, 0x16, 0x1b, 0x0c, 0x06, 0x0b, 0x26, 0x00, 0x00,
    0x00, 0x01, 0x01, 0x01, 0x01, 0x01, 0x00, 0x00, 0x00, 0x00, 0x00, 0x00,
    0x01, 0x01, 0x01, 0x01, 0x01, 0x00, 0x00, 0x00, 0x00, 0x00, 0x00, 0x00,
    0x00, 0x00, 0x00, 0x00, 0x00, 0x00, 0x00, 0x00, 0x01, 0x01, 0x01, 0x01,
    0x00, 0x00, 0x00, 0x00, 0x00, 0x00, 0x00, 0x00, 0x00, 0x00, 0x01, 0x3e,
    0x23, 0x12, 0x33, 0x23, 0x17, 0x26, 0x00, 0x00, 0x00, 0x00, 0x00, 0x00,
    0x00, 0x00, 0x01, 0x01, 0x01, 0x01, 0x3c, 0x00, 0x00, 0x00, 0x00, 0x00,
    0x00, 0x00, 0x00, 0x00, 0x00, 0x00, 0x00, 0x00, 0x00, 0x00, 0x01, 0x01,
    0x01, 0x01, 0x26, 0x00, 0x00, 0x00, 0x00, 0x00, 0x00, 0x00, 0x00, 0x00,
    0x00, 0x00, 0x00, 0x01, 0x01, 0x01, 0x01, 0x01, 0x00, 0x00, 0x00, 0x01,
    0x01, 0x01, 0x01, 0x01, 0x00, 0x00, 0x00, 0x00, 0x00, 0x00, 0x00, 0x00,
    0x00, 0x01, 0x01, 0x01, 0x01, 0x01, 0x00, 0x00, 0x00, 0x00, 0x00, 0x00,
    0x00, 0x00, 0x00, 0x00, 0x00, 0x00, 0x00, 0x00, 0x00, 0x00, 0x00, 0x00,
    0x00, 0x00, 0x00, 0x00, 0x00, 0x17, 0x01, 0x0a, 0x3b, 0x09, 0x27, 0x00,
    0x01, 0x00, 0x00, 0x01, 0x17, 0x2d, 0x22, 0xa7, 0x14, 0x17, 0x01, 0x00,
    0x00, 0x00, 0x00, 0x00, 0x05, 0x08, 0x0d, 0x28, 0x26, 0x01, 0x00, 0x01,
    0x26, 0x28, 0x0d, 0x09, 0x0c, 0x0e, 0x00, 0x01, 0x00, 0x00, 0x17, 0x01,
    0x27, 0x09, 0x49, 0x0a, 0x01, 0x1d, 0x00, 0x00, 0x00, 0x00, 0x00, 0x00,
    0x00, 0x00, 0x00, 0x00, 0x00, 0x00, 0x00, 0x00, 0x00, 0x00, 0x00, 0x00,
    0x00, 0x00, 0x00, 0x00, 0x00, 0x00, 0x00, 0x00, 0x00, 0x00, 0x00, 0x00,
    0x00, 0x00, 0x00, 0x00, 0x00, 0x00, 0x00, 0x00, 0x00, 0x00, 0x00, 0x00,
    0x00, 0x00, 0x00, 0x00, 0x00, 0x00, 0x00, 0x00, 0x00, 0x00, 0x00, 0x00,
    0x00, 0x00, 0x00, 0x00, 0x00, 0x00, 0x00, 0x00, 0x00, 0x00, 0x00, 0x00,
    0x00, 0x00, 0x00, 0x00, 0x00, 0x00, 0x00, 0x00, 0x00, 0x00, 0x00, 0x00,
    0x00, 0x00, 0x00, 0x00, 0x00, 0x00, 0x00, 0x00, 0x00, 0x00, 0x00, 0x00,
    0x00, 0x00, 0x00, 0x00, 0x00, 0x00, 0x00, 0x00, 0x00, 0x00, 0x00, 0x00,
    0x00, 0x00, 0x00, 0x00, 0x00, 0x00, 0x00, 0x00, 0x00, 0x00, 0x00, 0x00,
    0x00, 0x00, 0x00, 0x00, 0x00, 0x00, 0x00, 0x00, 0x00, 0x00, 0x00, 0x00,
    0x00, 0x00, 0x00, 0x00, 0x00, 0x00, 0x00, 0x00, 0x00, 0x00, 0x00, 0x00,
    0x00, 0x00, 0x00, 0x00, 0x00, 0x00, 0x00, 0x00, 0x00, 0x00, 0x00, 0x00,
    0x00, 0x00, 0x00, 0x00, 0x00, 0x00, 0x00, 0x00, 0x00, 0x00, 0x00, 0x00,
    0x00, 0x00, 0x00, 0x00, 0x00, 0x00, 0x00, 0x00, 0x00, 0x00, 0x00, 0x00,
    0x00, 0x00, 0x00, 0x00, 0x00, 0x00, 0x00, 0x00, 0x00, 0x00, 0x00, 0x00,
    0x00, 0x00, 0x00, 0x00, 0x3e, 0x00, 0x07, 0xad, 0x03, 0x1e, 0x48, 0x1c,
    0x1c, 0x08, 0x1e, 0x1a, 0x22, 0xd9, 0x3d, 0x00, 0x00, 0x01, 0x00, 0x00,
    0x00, 0x00, 0x00, 0x00, 0x00, 0x00, 0x00, 0x00, 0x00, 0x00, 0x00, 0x00,
    0x00, 0x00, 0x00, 0x00, 0x00, 0x00, 0x00, 0x00, 0x00, 0x00, 0x00, 0x00,
    0x00, 0x00, 0x00, 0x00, 0x00, 0x00, 0x00, 0x00, 0x00, 0x00, 0x00, 0x00,
    0x00, 0x00, 0x00, 0x00, 0x00, 0x00, 0x00, 0x00, 0x00, 0x00, 0x00, 0x00,
    0x00, 0x00, 0x00, 0x00, 0x00, 0x00, 0x00, 0x00, 0x00, 0x00, 0x00, 0x00,
    0x00, 0x00, 0x00, 0x00, 0x00, 0x00, 0x00, 0x00, 0x00, 0x00, 0x00, 0x00,
    0x00, 0x00, 0x00, 0x00, 0x00, 0x00, 0x00, 0x00, 0x00, 0x00, 0x00, 0x00,
    0x00, 0x00, 0x00, 0x00, 0x00, 0x00, 0x00, 0x00, 0x00, 0x00, 0x00, 0x00,
    0x00, 0x00, 0x00, 0x00, 0x00, 0x00, 0x00, 0x00, 0x00, 0x00, 0x00, 0x00,
    0x00, 0x00, 0x00, 0x00, 0x00, 0x00, 0x00, 0x00, 0x00, 0x00, 0x00, 0x00,
    0x00, 0x00, 0x00, 0x00, 0x00, 0x00, 0x00, 0x00, 0x00, 0x00, 0x00, 0x01,
    0x00, 0x05, 0x3b, 0x03, 0x1e, 0x4a, 0x1c, 0x1b, 0x09, 0x1e, 0x1a, 0x22,
    0x5b, 0x0a, 0x00, 0x00, 0x00, 0x00, 0x00, 0x00, 0x00, 0x00, 0x00, 0x00,
    0x00, 0x00, 0x00, 0x00, 0x00, 0x00, 0x00, 0x00, 0x00, 0x00, 0x00, 0x00,
    0x00, 0x00, 0x00, 0x00, 0x00, 0x00, 0x00, 0x00, 0x00, 0x00, 0x00, 0x00,
    0x00, 0x00, 0x00, 0x00, 0x00, 0x00, 0x00, 0x00, 0x00, 0x00, 0x00, 0x00,
    0x00, 0x00, 0x00, 0x00, 0x00, 0x00, 0x00, 0x00, 0x00, 0x00, 0x00, 0x00,
    0x00, 0x00, 0x00, 0x00, 0x00, 0x00, 0x00, 0x00, 0x00, 0x00, 0x00, 0x00,
    0x00, 0x00, 0x00, 0x00, 0x00, 0x00, 0x00, 0x00, 0x00, 0x00, 0x00, 0x00,
    0x00, 0x00, 0x00, 0x00, 0x00, 0x00, 0x00, 0x00, 0x00, 0x00, 0x00, 0x00,
    0x00, 0x00, 0x00, 0x00, 0x00, 0x00, 0x00, 0x00, 0x00, 0x00, 0x00, 0x00,
    0x00, 0x00, 0x00, 0x00, 0x00, 0x00, 0x00, 0x00, 0x00, 0x00, 0x00, 0x00,
    0x00, 0x00, 0x00, 0x00, 0x00, 0x00, 0x00, 0x00, 0x00, 0x00, 0x00, 0x00,
    0x00, 0x00, 0x00, 0x00, 0x00, 0x00, 0x00, 0x00, 0x00, 0x00, 0x00, 0x00,
    0x00, 0x00, 0x00, 0x00, 0x00, 0x00, 0x00, 0x00, 0x00, 0x00, 0x00, 0x00,
    0x00, 0x00, 0x06, 0x00, 0x0a, 0x03, 0x00, 0x25, 0x00, 0x00, 0x00, 0x00,
    0x29, 0x00, 0x05, 0x34, 0x00, 0x29, 0x00, 0x00, 0x00, 0x00, 0x00, 0x00,
    0x00, 0x03, 0x1f, 0x00, 0x1d, 0x00, 0x00, 0x00, 0x1d, 0x00, 0x1f, 0x03,
    0x00, 0x00, 0x00, 0x00, 0x00, 0x00, 0x00, 0x06, 0x00, 0x0d, 0x2d, 0x00,
    0x33, 0x00, 0x00, 0x00, 0x00, 0x00, 0x00, 0x00, 0x00, 0x00, 0x00, 0x00,
    0x00, 0x00, 0x00, 0x00, 0x00, 0x00, 0x00, 0x00, 0x00, 0x00, 0x00, 0x00,
    0x00, 0x00, 0x00, 0x00, 0x00, 0x00, 0x00, 0x00, 0x00, 0x00, 0x00, 0x00,
    0x00, 0x00, 0x00, 0x00, 0x00, 0x00, 0x00, 0x00, 0x00, 0x00, 0x00, 0x00,
    0x00, 0x00, 0x00, 0x00, 0x00, 0x00, 0x00, 0x00, 0x00, 0x00, 0x00, 0x00,
    0x00, 0x00, 0x00, 0x00, 0x00, 0x00, 0x00, 0x00, 0x00, 0x00, 0x00, 0x00,
    0x00, 0x00, 0x00, 0x00, 0x00, 0x00, 0x00, 0x00, 0x00, 0x00, 0x00, 0x00,
    0x00, 0x00, 0x00, 0x00, 0x00, 0x00, 0x00, 0x00, 0x00, 0x00, 0x00, 0x00,
    0x00, 0x00, 0x00, 0x00, 0x00, 0x00, 0x00, 0x00, 0x00, 0x00, 0x00, 0x00,
    0x00, 0x00, 0x00, 0x00, 0x00, 0x00, 0x00, 0x00, 0x00, 0x00, 0x00, 0x00,
    0x00, 0x00, 0x00, 0x00, 0x00, 0x00, 0x00, 0x00, 0x00, 0x00, 0x00, 0x00,
    0x00, 0x00, 0x00, 0x00, 0x00, 0x00, 0x00, 0x00, 0x00, 0x00, 0x00, 0x00,
    0x00, 0x00, 0x00, 0x00, 0x00, 0x00, 0x00, 0x00, 0x00, 0x00, 0x00, 0x00,
    0x00, 0x00, 0x00, 0x00, 0x00, 0x00, 0x00, 0x00, 0x00, 0x00, 0x00, 0x00,
    0x00, 0x00, 0x00, 0x00, 0x00, 0x00, 0x00, 0x00, 0x00, 0x00, 0x00, 0x00,
    0x00, 0x00, 0x00, 0x00, 0x00, 0x00, 0x00, 0x00, 0x00, 0x00, 0x00, 0x00,
    0x00, 0x00, 0x00, 0x00, 0x00, 0x21, 0x07, 0x0a, 0x0a, 0x0a, 0x07, 0x21,
    0x00, 0x00, 0x00, 0x00, 0x01, 0x00, 0x00, 0x00, 0x00, 0x00, 0x00, 0x00,
    0x00, 0x00, 0x00, 0x00, 0x00, 0x00, 0x00, 0x00, 0x00, 0x00, 0x00, 0x00,
    0x00, 0x00, 0x00, 0x00, 0x00, 0x00, 0x00, 0x00, 0x00, 0x00, 0x00, 0x00,
    0x00, 0x00, 0x00, 0x00, 0x00, 0x00, 0x00, 0x00, 0x00, 0x00, 0x00, 0x00,
    0x00, 0x00, 0x00, 0x00, 0x00, 0x00, 0x00, 0x00, 0x00, 0x00, 0x00, 0x00,
    0x00, 0x00, 0x00, 0x00, 0x00, 0x00, 0x00, 0x00, 0x00, 0x00, 0x00, 0x00,
    0x00, 0x00, 0x00, 0x00, 0x00, 0x00, 0x00, 0x00, 0x00, 0x00, 0x00, 0x00,
    0x00, 0x00, 0x00, 0x00, 0x00, 0x00, 0x00, 0x00, 0x00, 0x00, 0x00, 0x00,
    0x00, 0x00, 0x00, 0x00, 0x00, 0x00, 0x00, 0x00, 0x00, 0x00, 0x00, 0x00,
    0x00, 0x00, 0x00, 0x00, 0x00, 0x00, 0x00, 0x00, 0x00, 0x00, 0x00, 0x00,
    0x00, 0x00, 0x00, 0x00, 0x00, 0x00, 0x00, 0x00, 0x00, 0x00, 0x00, 0x00,
    0x00, 0x00, 0x00, 0x00, 0x00, 0x00, 0x00, 0x00, 0x00, 0x00, 0x00, 0x51,
    0x21, 0x07, 0x07, 0x0a, 0x0a, 0x0a, 0x21, 0x00, 0x00, 0x00, 0x01, 0x00,
    0x00, 0x00, 0x00, 0x00, 0x00, 0x00, 0x00, 0x00, 0x00, 0x00, 0x00, 0x00,
    0x00, 0x00, 0x00, 0x00, 0x00, 0x00, 0x00, 0x00, 0x00, 0x00, 0x00, 0x00,
    0x00, 0x00, 0x00, 0x00, 0x00, 0x00, 0x00, 0x00, 0x00, 0x00, 0x00, 0x00,
    0x00, 0x00, 0x00, 0x00, 0x00, 0x00, 0x00, 0x00, 0x00, 0x00, 0x00, 0x00,
    0x00, 0x00, 0x00, 0x00, 0x00, 0x00, 0x00, 0x00, 0x00, 0x00, 0x00, 0x00,
    0x00, 0x00, 0x00, 0x00, 0x00, 0x00, 0x00, 0x00, 0x00, 0x00, 0x00, 0x00,
    0x00, 0x00, 0x00, 0x00, 0x00, 0x00, 0x00, 0x00, 0x00, 0x00, 0x00, 0x00,
    0x00, 0x00, 0x00, 0x00, 0x00, 0x00, 0x00, 0x00, 0x00, 0x00, 0x00, 0x00,
    0x00, 0x00, 0x00, 0x00, 0x00, 0x00, 0x00, 0x00, 0x00, 0x00, 0x00, 0x00,
    0x00, 0x00, 0x00, 0x00, 0x00, 0x00, 0x00, 0x00, 0x00, 0x00, 0x00, 0x00,
    0x00, 0x00, 0x00, 0x00, 0x00, 0x00, 0x00, 0x00, 0x00, 0x00, 0x00, 0x00,
    0x00, 0x00, 0x00, 0x00, 0x00, 0x00, 0x00, 0x00, 0x00, 0x00, 0x00, 0x00,
    0x00, 0x00, 0x00, 0x00, 0x00, 0x00, 0x00, 0x00, 0x00, 0x00, 0x23, 0x01,
    0x14, 0x20, 0x33, 0x0f, 0x00, 0x00, 0x00, 0x00, 0x29, 0x0b, 0x0c, 0x0c,
    0x0b, 0x29, 0x00, 0x00, 0x00, 0x00, 0x00, 0x00, 0x5d, 0x03, 0x0a, 0x00,
    0x1d, 0x00, 0x00, 0x00, 0x17, 0x00, 0x0a, 0x03, 0xd4, 0x00, 0x00, 0x00,
    0x00, 0x00, 0x00, 0x23, 0x23, 0x03, 0x14, 0x01, 0x33, 0x00, 0x00, 0x00,
    0x00, 0x00, 0x00, 0x00, 0x00, 0x00, 0x00, 0x00, 0x00, 0x00, 0x00, 0x00,
    0x00, 0x00, 0x00, 0x00, 0x00, 0x00, 0x00, 0x00, 0x00, 0x00, 0x00, 0x00,
    0x00, 0x00, 0x00, 0x00, 0x00, 0x00, 0x00, 0x00, 0x00, 0x00, 0x00, 0x00,
    0x00, 0x00, 0x00, 0x00, 0x00, 0x00, 0x00, 0x00, 0x00, 0x00, 0x00, 0x00,
    0x00, 0x00, 0x00, 0x00, 0x00, 0x00, 0x00, 0x00, 0x00, 0x00, 0x00, 0x00,
    0x00, 0x00, 0x00, 0x00, 0x00, 0x00, 0x00, 0x00, 0x00, 0x00, 0x00, 0x00,
    0x00, 0x00, 0x00, 0x00, 0x00, 0x00, 0x00, 0x00, 0x00, 0x00, 0x00, 0x00,
    0x00, 0x00, 0x00, 0x00, 0x00, 0x00, 0x00, 0x00, 0x00, 0x00, 0x00, 0x00,
    0x00, 0x00, 0x00, 0x00, 0x00, 0x00, 0x00, 0x00, 0x00, 0x00, 0x00, 0x00,
    0x00, 0x00, 0x00, 0x00, 0x00, 0x00, 0x00, 0x00, 0x00, 0x00, 0x00, 0x00,
    0x00, 0x00, 0x00, 0x00, 0x00, 0x00, 0x00, 0x00, 0x00, 0x00, 0x00, 0x00,
    0x00, 0x00, 0x00, 0x00, 0x00, 0x00, 0x00, 0x00, 0x00, 0x00, 0x00, 0x00,
    0x00, 0x00, 0x00, 0x00, 0x00, 0x00, 0x00, 0x00, 0x00, 0x00, 0x00, 0x00,
    0x00, 0x00, 0x00, 0x00, 0x00, 0x00, 0x00, 0x00, 0x00, 0x00, 0x00, 0x00,
    0x00, 0x00, 0x00, 0x00, 0x00, 0x00, 0x00, 0x00, 0x00, 0x00, 0x00, 0x00,
    0x00, 0x00, 0x00, 0x00, 0x00, 0x00, 0x00, 0x00, 0x00, 0x00, 0x1d, 0x4b,
    0x00, 0x00, 0x00, 0x00, 0x00, 0x00, 0x00, 0x00, 0x00, 0x4b, 0x12, 0x00,
    0x00, 0x00, 0x00, 0x00, 0x00, 0x00, 0x00, 0x00, 0x00, 0x00, 0x00, 0x00,
    0x00, 0x00, 0x00, 0x00, 0x00, 0x00, 0x00, 0x00, 0x00, 0x00, 0x00, 0x00,
    0x00, 0x00, 0x00, 0x00, 0x00, 0x00, 0x00, 0x00, 0x00, 0x00, 0x00, 0x00,
    0x00, 0x00, 0x00, 0x00, 0x00, 0x00, 0x00, 0x00, 0x00, 0x00, 0x00, 0x00,
    0x00, 0x00, 0x00, 0x00, 0x00, 0x00, 0x00, 0x00, 0x00, 0x00, 0x00, 0x00,
    0x00, 0x00, 0x00, 0x00, 0x00, 0x00, 0x00, 0x00, 0x00, 0x00, 0x00, 0x00,
    0x00, 0x00, 0x00, 0x00, 0x00, 0x00, 0x00, 0x00, 0x00, 0x00, 0x00, 0x00,
    0x00, 0x00, 0x00, 0x00, 0x00, 0x00, 0x00, 0x00, 0x00, 0x00, 0x00, 0x00,
    0x00, 0x00, 0x00, 0x00, 0x00, 0x00, 0x00, 0x00, 0x00, 0x00, 0x00, 0x00,
    0x00, 0x00, 0x00, 0x00, 0x00, 0x00, 0x00, 0x00, 0x00, 0x00, 0x00, 0x00,
    0x00, 0x00, 0x00, 0x00, 0x00, 0x00, 0x00, 0x00, 0x00, 0x00, 0x00, 0x00,
    0x00, 0x00, 0x00, 0x00, 0x00, 0x06, 0x33, 0x00, 0x00, 0x00, 0x00, 0x00,
    0x00, 0x00, 0x00, 0x26, 0x42, 0x01, 0x00, 0x00, 0x00, 0x00, 0x00, 0x00,
    0x00, 0x00, 0x00, 0x00, 0x00, 0x00, 0x00, 0x00, 0x00, 0x00, 0x00, 0x00,
    0x00, 0x00, 0x00, 0x00, 0x00, 0x00, 0x00, 0x00, 0x00, 0x00, 0x00, 0x00,
    0x00, 0x00, 0x00, 0x00, 0x00, 0x00, 0x00, 0x00, 0x00, 0x00, 0x00, 0x00,
    0x00, 0x00, 0x00, 0x00, 0x00, 0x00, 0x00, 0x00, 0x00, 0x00, 0x00, 0x00,
    0x00, 0x00, 0x00, 0x00, 0x00, 0x00, 0x00, 0x00, 0x00, 0x00, 0x00, 0x00,
    0x00, 0x00, 0x00, 0x00, 0x00, 0x00, 0x00, 0x00, 0x00, 0x00, 0x00, 0x00,
    0x00, 0x00, 0x00, 0x00, 0x00, 0x00, 0x00, 0x00, 0x00, 0x00, 0x00, 0x00,
    0x00, 0x00, 0x00, 0x00, 0x00, 0x00, 0x00, 0x00, 0x00, 0x00, 0x00, 0x00,
    0x00, 0x00, 0x00, 0x00, 0x00, 0x00, 0x00, 0x00, 0x00, 0x00, 0x00, 0x00,
    0x00, 0x00, 0x00, 0x00, 0x00, 0x00, 0x00, 0x00, 0x00, 0x00, 0x00, 0x00,
    0x00, 0x00, 0x00, 0x00, 0x00, 0x00, 0x00, 0x00, 0x00, 0x00, 0x00, 0x00,
    0x00, 0x00, 0x00, 0x00, 0x00, 0x00, 0x00, 0x00, 0x00, 0x00, 0x00, 0x00,
    0x00, 0x00, 0x00, 0x00, 0x00, 0x00, 0x23, 0x00, 0x14, 0x20, 0x00, 0x25,
    0x00, 0x00, 0x00, 0x00, 0x39, 0x00, 0x2a, 0x2a, 0x00, 0x2b, 0x00, 0x00,
    0x00, 0x00, 0x00, 0x00, 0x1d, 0x20, 0x0a, 0x00, 0x17, 0x00, 0x00, 0x00,
    0x1d, 0x00, 0x2c, 0x03, 0xa4, 0x00, 0x00, 0x00, 0x00, 0x00, 0x00, 0x06,
    0x00, 0x0d, 0x2d, 0x00, 0x12, 0x00, 0x00, 0x00, 0x00, 0x00, 0x00, 0x00,
    0x00, 0x00, 0x00, 0x00, 0x00, 0x00, 0x00, 0x00, 0x00, 0x00, 0x00, 0x00,
    0x00, 0x00, 0x00, 0x00, 0x00, 0x00, 0x00, 0x00, 0x00, 0x00, 0x00, 0x00,
    0x00, 0x00, 0x00, 0x00, 0x00, 0x00, 0x00, 0x00, 0x00, 0x00, 0x00, 0x00,
    0x00, 0x00, 0x00, 0x00, 0x00, 0x00, 0x00, 0x00, 0x00, 0x00, 0x00, 0x00,
    0x00, 0x00, 0x00, 0x00, 0x00, 0x00, 0x00, 0x00, 0x00, 0x00, 0x00, 0x00,
    0x00, 0x00, 0x00, 0x00, 0x00, 0x00, 0x00, 0x00, 0x00, 0x00, 0x00, 0x00,
    0x00, 0x00, 0x00, 0x00, 0x00, 0x00, 0x00, 0x00, 0x00, 0x00, 0x00, 0x00,
    0x00, 0x00, 0x00, 0x00, 0x00, 0x00, 0x00, 0x00, 0x00, 0x00, 0x00, 0x00,
    0x00, 0x00, 0x00, 0x00, 0x00, 0x00, 0x00, 0x00, 0x00, 0x00, 0x00, 0x00,
    0x00, 0x00, 0x00, 0x00, 0x00, 0x00, 0x00, 0x00, 0x00, 0x00, 0x00, 0x00,
    0x00, 0x00, 0x00, 0x00, 0x00, 0x00, 0x00, 0x00, 0x00, 0x00, 0x00, 0x00,
    0x00, 0x00, 0x00, 0x00, 0x00, 0x00, 0x00, 0x00, 0x00, 0x00, 0x00, 0x00,
    0x00, 0x00, 0x00, 0x00, 0x00, 0x00, 0x00, 0x00, 0x00, 0x00, 0x00, 0x00,
    0x00, 0x00, 0x00, 0x00, 0x00, 0x00, 0x00, 0x00, 0x00, 0x00, 0x00, 0x00,
    0x00, 0x00, 0x00, 0x00, 0x00, 0x00, 0x00, 0x00, 0x00, 0x00, 0x00, 0x00,
    0x00, 0x00, 0x00, 0x00, 0x00, 0x00, 0x00, 0x00, 0x00, 0x01, 0x1d, 0x01,
    0x23, 0x01, 0x1d, 0x01, 0x00, 0x00, 0x00, 0x00, 0x00, 0x00, 0x00, 0x00,
    0x00, 0x00, 0x00, 0x00, 0x00, 0x00, 0x00, 0x00, 0x00, 0x00, 0x00, 0x00,
    0x00, 0x00, 0x00, 0x00, 0x00, 0x00, 0x00, 0x00, 0x00, 0x00, 0x00, 0x00,
    0x00, 0x00, 0x00, 0x00, 0x00, 0x00, 0x00, 0x00, 0x00, 0x00, 0x00, 0x00,
    0x00, 0x00, 0x00, 0x00, 0x00, 0x00, 0x00, 0x00, 0x00, 0x00, 0x00, 0x00,
    0x00, 0x00, 0x00, 0x00, 0x00, 0x00, 0x00, 0x00, 0x00, 0x00, 0x00, 0x00,
    0x00, 0x00, 0x00, 0x00, 0x00, 0x00, 0x00, 0x00, 0x00, 0x00, 0x00, 0x00,
    0x00, 0x00, 0x00, 0x00, 0x00, 0x00, 0x00, 0x00, 0x00, 0x00, 0x00, 0x00,
    0x00, 0x00, 0x00, 0x00, 0x00, 0x00, 0x00, 0x00, 0x00, 0x00, 0x00, 0x00,
    0x00, 0x00, 0x00, 0x00, 0x00, 0x00, 0x00, 0x00, 0x00, 0x00, 0x00, 0x00,
    0x00, 0x00, 0x00, 0x00, 0x00, 0x00, 0x00, 0x00, 0x00, 0x00, 0x00, 0x00,
    0x00, 0x00, 0x00, 0x00, 0x00, 0x00, 0x00, 0x00, 0x00, 0x00, 0x00, 0x00,
    0x00, 0x00, 0x00, 0x3c, 0x01, 0x3e, 0x01, 0x23, 0x3e, 0x25, 0x01, 0x00,
    0x00, 0x00, 0x00, 0x00, 0x00, 0x00, 0x00, 0x00, 0x00, 0x00, 0x00, 0x00,
    0x00, 0x00, 0x00, 0x00, 0x00, 0x00, 0x00, 0x00, 0x00, 0x00, 0x00, 0x00,
    0x00, 0x00, 0x00, 0x00, 0x00, 0x00, 0x00, 0x00, 0x00, 0x00, 0x00, 0x00,
    0x00, 0x00, 0x00, 0x00, 0x00, 0x00, 0x00, 0x00, 0x00, 0x00, 0x00, 0x00,
    0x00, 0x00, 0x00, 0x00, 0x00, 0x00, 0x00, 0x00, 0x00, 0x00, 0x00, 0x00,
    0x00, 0x00, 0x00, 0x00, 0x00, 0x00, 0x00, 0x00, 0x00, 0x00, 0x00, 0x00,
    0x00, 0x00, 0x00, 0x00, 0x00, 0x00, 0x00, 0x00, 0x00, 0x00, 0x00, 0x00,
    0x00, 0x00, 0x00, 0x00, 0x00, 0x00, 0x00, 0x00, 0x00, 0x00, 0x00, 0x00,
    0x00, 0x00, 0x00, 0x00, 0x00, 0x00, 0x00, 0x00, 0x00, 0x00, 0x00, 0x00,
    0x00, 0x00, 0x00, 0x00, 0x00, 0x00, 0x00, 0x00, 0x00, 0x00, 0x00, 0x00,
    0x00, 0x00, 0x00, 0x00, 0x00, 0x00, 0x00, 0x00, 0x00, 0x00, 0x00, 0x00,
    0x00, 0x00, 0x00, 0x00, 0x00, 0x00, 0x00, 0x00, 0x00, 0x00, 0x00, 0x00,
    0x00, 0x00, 0x00, 0x00, 0x00, 0x00, 0x00, 0x00, 0x00, 0x00, 0x00, 0x00,
    0x00, 0x00, 0x06, 0x00, 0x14, 0x03, 0x00, 0x25, 0x00, 0x00, 0x00, 0x00,
    0x29, 0x00, 0x0c, 0x0c, 0x00, 0x19, 0x00, 0x00, 0x00, 0x00, 0x00, 0x00,
    0x17, 0x20, 0x2f, 0x00, 0x1d, 0x00, 0x00, 0x00, 0xa2, 0x00, 0x71, 0x03,
    0x26, 0x00, 0x00, 0x00, 0x00, 0x00, 0x00, 0x23, 0x00, 0x0d, 0x3d, 0x00,
    0x33, 0x00, 0x00, 0x00, 0x00, 0x00, 0x00, 0x00, 0x00, 0x00, 0x00, 0x00,
    0x00, 0x00, 0x00, 0x00, 0x00, 0x00, 0x00, 0x00, 0x00, 0x00, 0x00, 0x00,
    0x00, 0x00, 0x00, 0x00, 0x00, 0x00, 0x00, 0x00, 0x00, 0x00, 0x00, 0x00,
    0x00, 0x00, 0x00, 0x00, 0x00, 0x00, 0x00, 0x00, 0x00, 0x00, 0x00, 0x00,
    0x00, 0x00, 0x00, 0x00, 0x00, 0x00, 0x00, 0x00, 0x00, 0x00, 0x00, 0x00,
    0x00, 0x00, 0x00, 0x00, 0x00, 0x00, 0x00, 0x00, 0x00, 0x00, 0x00, 0x00,
    0x00, 0x00, 0x00, 0x00, 0x00, 0x00, 0x00, 0x00, 0x00, 0x00, 0x00, 0x00,
    0x00, 0x00, 0x00, 0x00, 0x00, 0x00, 0x00, 0x00, 0x00, 0x00, 0x00, 0x00,
    0x00, 0x00, 0x00, 0x00, 0x00, 0x00, 0x00, 0x00, 0x00, 0x00, 0x00, 0x00,
    0x00, 0x00, 0x00, 0x00, 0x00, 0x00, 0x00, 0x00, 0x00, 0x00, 0x00, 0x00,
    0x00, 0x00, 0x00, 0x00, 0x00, 0x00, 0x00, 0x00, 0x00, 0x00, 0x00, 0x00,
    0x00, 0x00, 0x00, 0x00, 0x00, 0x00, 0x00, 0x00, 0x00, 0x00, 0x00, 0x00,
    0x00, 0x00, 0x00, 0x00, 0x00, 0x00, 0x00, 0x00, 0x00, 0x00, 0x00, 0x00,
    0x00, 0x00, 0x00, 0x00, 0x00, 0x00, 0x00, 0x00, 0x00, 0x00, 0x00, 0x00,
    0x00, 0x00, 0x00, 0x00, 0x00, 0x00, 0x00, 0x00, 0x00, 0x00, 0x00, 0x00,
    0x00, 0x00, 0x00, 0x00, 0x00, 0x00, 0x00, 0x00, 0x00, 0x00, 0x00, 0x00,
    0x00, 0x00, 0x00, 0x00, 0x00, 0x00, 0x00, 0x00, 0x00, 0x00, 0x00, 0x00,
    0x00, 0x00, 0x00, 0x00, 0x00, 0x00, 0x00, 0x00, 0x00, 0x00, 0x00, 0x00,
    0x00, 0x00, 0x00, 0x00, 0x00, 0x00, 0x00, 0x00, 0x00, 0x00, 0x00, 0x00,
    0x00, 0x00, 0x00, 0x00, 0x00, 0x00, 0x00, 0x00, 0x00, 0x00, 0x00, 0x00,
    0x00, 0x00, 0x00, 0x00, 0x00, 0x00, 0x00, 0x00, 0x00, 0x00, 0x00, 0x00,
    0x00, 0x00, 0x00, 0x00, 0x00, 0x00, 0x00, 0x00, 0x00, 0x00, 0x00, 0x00,
    0x00, 0x00, 0x00, 0x00, 0x00, 0x00, 0x00, 0x00, 0x00, 0x00, 0x00, 0x00,
    0x00, 0x00, 0x00, 0x00, 0x00, 0x00, 0x00, 0x00, 0x00, 0x00, 0x00, 0x00,
    0x00, 0x00, 0x00, 0x00, 0x00, 0x00, 0x00, 0x00, 0x00, 0x00, 0x00, 0x00,
    0x00, 0x00, 0x00, 0x00, 0x00, 0x00, 0x00, 0x00, 0x00, 0x00, 0x00, 0x00,
    0x00, 0x00, 0x00, 0x00, 0x00, 0x00, 0x00, 0x00, 0x00, 0x00, 0x00, 0x00,
    0x00, 0x00, 0x00, 0x00, 0x00, 0x00, 0x00, 0x00, 0x00, 0x00, 0x00, 0x00,
    0x00, 0x00, 0x00, 0x00, 0x00, 0x00, 0x00, 0x00, 0x00, 0x00, 0x00, 0x00,
    0x00, 0x00, 0x00, 0x00, 0x00, 0x00, 0x00, 0x00, 0x00, 0x00, 0x00, 0x00,
    0x00, 0x00, 0x00, 0x00, 0x00, 0x00, 0x00, 0x00, 0x00, 0x00, 0x00, 0x00,
    0x00, 0x00, 0x00, 0x00, 0x00, 0x00, 0x00, 0x00, 0x00, 0x00, 0x00, 0x00,
    0x00, 0x00, 0x00, 0x00, 0x00, 0x00, 0x00, 0x00, 0x00, 0x00, 0x00, 0x00,
    0x00, 0x00, 0x00, 0x00, 0x00, 0x00, 0x00, 0x00, 0x00, 0x00, 0x00, 0x00,
    0x00, 0x00, 0x00, 0x00, 0x00, 0x00, 0x00, 0x00, 0x00, 0x00, 0x00, 0x00,
    0x00, 0x00, 0x00, 0x00, 0x00, 0x00, 0x00, 0x00, 0x00, 0x00, 0x00, 0x00,
    0x00, 0x00, 0x00, 0x00, 0x00, 0x00, 0x00, 0x00, 0x00, 0x00, 0x00, 0x00,
    0x00, 0x00, 0x00, 0x00, 0x00, 0x00, 0x00, 0x00, 0x00, 0x00, 0x00, 0x00,
    0x00, 0x00, 0x00, 0x00, 0x00, 0x00, 0x00, 0x00, 0x00, 0x00, 0x00, 0x00,
    0x00, 0x00, 0x00, 0x00, 0x00, 0x00, 0x00, 0x00, 0x00, 0x00, 0x00, 0x00,
    0x00, 0x00, 0x00, 0x00, 0x00, 0x00, 0x00, 0x00, 0x00, 0x00, 0x00, 0x00,
    0x00, 0x00, 0x00, 0x00, 0x00, 0x00, 0x00, 0x00, 0x00, 0x00, 0x00, 0x00,
    0x00, 0x00, 0x00, 0x00, 0x00, 0x00, 0x00, 0x00, 0x00, 0x00, 0x23, 0x01,
    0x14, 0x20, 0x25, 0x0f, 0x00, 0x00, 0x00, 0x00, 0x29, 0x0f, 0x2a, 0x34,
    0x0f, 0x29, 0x00, 0x00, 0x00, 0x00, 0x00, 0x00, 0x12, 0x03, 0x2c, 0x00,
    0x1d, 0x00, 0x00, 0x00, 0x17, 0x00, 0x0a, 0x20, 0x1d, 0x00, 0x00, 0x00,
    0x00, 0x00, 0x00, 0x23, 0x0f, 0x0d, 0x2d, 0x01, 0x33, 0x00, 0x00, 0x00,
    0x00, 0x00, 0x00, 0x00, 0x00, 0x00, 0x00, 0x00, 0x00, 0x00, 0x00, 0x00,
    0x00, 0x00, 0x00, 0x00, 0x00, 0x00, 0x00, 0x00, 0x00, 0x00, 0x00, 0x00,
    0x00, 0x00, 0x00, 0x00, 0x00, 0x00, 0x00, 0x00, 0x00, 0x00, 0x00, 0x00,
    0x00, 0x00, 0x00, 0x00, 0x00, 0x00, 0x00, 0x00, 0x00, 0x00, 0x00, 0x00,
    0x00, 0x00, 0x00, 0x00, 0x00, 0x00, 0x00, 0x00, 0x00, 0x00, 0x00, 0x00,
    0x00, 0x00, 0x00, 0x00, 0x00, 0x00, 0x00, 0x00, 0x00, 0x00, 0x00, 0x00,
    0x00, 0x00, 0x00, 0x00, 0x00, 0x00, 0x00, 0x00, 0x00, 0x00, 0x00, 0x00,
    0x00, 0x00, 0x00, 0x00, 0x00, 0x00, 0x00, 0x00, 0x00, 0x00, 0x00, 0x00,
    0x00, 0x00, 0x00, 0x00, 0x00, 0x00, 0x00, 0x00, 0x00, 0x00, 0x00, 0x00,
    0x00, 0x00, 0x00, 0x00, 0x00, 0x00, 0x00, 0x00, 0x00, 0x00, 0x00, 0x00,
    0x00, 0x00, 0x00, 0x00, 0x00, 0x00, 0x00, 0x00, 0x00, 0x00, 0x00, 0x00,
    0x00, 0x00, 0x00, 0x00, 0x00, 0x00, 0x00, 0x00, 0x00, 0x00, 0x00, 0x00,
    0x00, 0x00, 0x00, 0x00, 0x00, 0x00, 0x00, 0x00, 0x00, 0x00, 0x00, 0x00,
    0x00, 0x00, 0x00, 0x00, 0x00, 0x00, 0x00, 0x00, 0x00, 0x00, 0x00, 0x00,
    0x00, 0x00, 0x00, 0x00, 0x00, 0x00, 0x00, 0x00, 0x00, 0x00, 0x00, 0x00,
    0x00, 0x00, 0x00, 0x00, 0x00, 0x00, 0x00, 0x00, 0x00, 0x00, 0x00, 0x00,
    0x00, 0x00, 0x00, 0x00, 0x00, 0x00, 0x00, 0x00, 0x00, 0x00, 0x00, 0x00,
    0x00, 0x00, 0x00, 0x00, 0x00, 0x00, 0x00, 0x00, 0x00, 0x00, 0x00, 0x00,
    0x00, 0x00, 0x00, 0x00, 0x00, 0x00, 0x00, 0x00, 0x00, 0x00, 0x00, 0x00,
    0x00, 0x00, 0x00, 0x00, 0x00, 0x00, 0x00, 0x00, 0x00, 0x00, 0x00, 0x00,
    0x00, 0x00, 0x00, 0x00, 0x00, 0x00, 0x00, 0x00, 0x00, 0x00, 0x00, 0x00,
    0x00, 0x00, 0x00, 0x00, 0x00, 0x00, 0x00, 0x00, 0x00, 0x00, 0x00, 0x00,
    0x00, 0x00, 0x00, 0x00, 0x00, 0x00, 0x00, 0x00, 0x00, 0x00, 0x00, 0x00,
    0x00, 0x00, 0x00, 0x00, 0x00, 0x00, 0x00, 0x00, 0x00, 0x00, 0x00, 0x00,
    0x00, 0x00, 0x00, 0x00, 0x00, 0x00, 0x00, 0x00, 0x00, 0x00, 0x00, 0x00,
    0x00, 0x00, 0x00, 0x00, 0x00, 0x00, 0x00, 0x00, 0x00, 0x00, 0x00, 0x00,
    0x00, 0x00, 0x00, 0x00, 0x00, 0x00, 0x00, 0x00, 0x00, 0x00, 0x00, 0x00,
    0x00, 0x00, 0x00, 0x00, 0x00, 0x00, 0x00, 0x00, 0x00, 0x00, 0x00, 0x00,
    0x00, 0x00, 0x00, 0x00, 0x00, 0x00, 0x00, 0x00, 0x00, 0x00, 0x00, 0x00,
    0x00, 0x00, 0x00, 0x00, 0x00, 0x00, 0x00, 0x00, 0x00, 0x00, 0x00, 0x00,
    0x00, 0x00, 0x00, 0x00, 0x00, 0x00, 0x00, 0x00, 0x00, 0x00, 0x00, 0x00,
    0x00, 0x00, 0x00, 0x00, 0x00, 0x00, 0x00, 0x00, 0x00, 0x00, 0x00, 0x00,
    0x00, 0x00, 0x00, 0x00, 0x00, 0x00, 0x00, 0x00, 0x00, 0x00, 0x00, 0x00,
    0x00, 0x00, 0x00, 0x00, 0x00, 0x00, 0x00, 0x00, 0x00, 0x00, 0x00, 0x00,
    0x00, 0x00, 0x00, 0x00, 0x00, 0x00, 0x00, 0x00, 0x00, 0x00, 0x00, 0x00,
    0x00, 0x00, 0x00, 0x00, 0x00, 0x00, 0x00, 0x00, 0x00, 0x00, 0x00, 0x00,
    0x00, 0x00, 0x00, 0x00, 0x00, 0x00, 0x00, 0x00, 0x00, 0x00, 0x00, 0x00,
    0x00, 0x00, 0x00, 0x00, 0x00, 0x00, 0x00, 0x00, 0x00, 0x00, 0x00, 0x00,
    0x00, 0x00, 0x00, 0x00, 0x00, 0x00, 0x00, 0x00, 0x00, 0x00, 0x00, 0x00,
    0x00, 0x00, 0x00, 0x00, 0x00, 0x00, 0x00, 0x00, 0x00, 0x00, 0x00, 0x00,
    0x00, 0x00, 0x00, 0x00, 0x00, 0x00, 0x00, 0x00, 0x00, 0x00, 0x00, 0x00,
    0x00, 0x00, 0x00, 0x00, 0x00, 0x00, 0x00, 0x00, 0x00, 0x00, 0x00, 0x00,
    0x00, 0x00, 0x00, 0x00, 0x00, 0x00, 0x06, 0x00, 0x14, 0x98, 0x00, 0x25,
    0x00, 0x00, 0x00, 0x00, 0x39, 0x00, 0x2a, 0xda, 0x00, 0x39, 0x00, 0x00,
    0x00, 0x00, 0x00, 0x00, 0x00, 0x22, 0x0a, 0x00, 0x17, 0x00, 0x00, 0x00,
    0x17, 0x00, 0x0a, 0x22, 0x00, 0x00, 0x00, 0x00, 0x00, 0x00, 0x00, 0x06,
    0x00, 0x03, 0x2d, 0x00, 0x12, 0x00, 0x00, 0x00, 0x00, 0x00, 0x00, 0x00,
    0x00, 0x00, 0x00, 0x00, 0x00, 0x00, 0x00, 0x00, 0x00, 0x00, 0x00, 0x00,
    0x00, 0x00, 0x00, 0x00, 0x00, 0x00, 0x00, 0x00, 0x00, 0x00, 0x00, 0x00,
    0x00, 0x00, 0x00, 0x00, 0x00, 0x00, 0x00, 0x00, 0x00, 0x00, 0x00, 0x00,
    0x00, 0x00, 0x00, 0x00, 0x00, 0x00, 0x00, 0x00, 0x00, 0x00, 0x00, 0x00,
    0x00, 0x00, 0x00, 0x00, 0x00, 0x00, 0x00, 0x00, 0x00, 0x00, 0x00, 0x00,
    0x00, 0x00, 0x00, 0x00, 0x00, 0x00, 0x00, 0x00, 0x00, 0x00, 0x00, 0x00,
    0x00, 0x00, 0x00, 0x00, 0x00, 0x00, 0x00, 0x00, 0x00, 0x00, 0x00, 0x00,
    0x00, 0x00, 0x00, 0x00, 0x00, 0x00, 0x00, 0x00, 0x00, 0x00, 0x00, 0x00,
    0x00, 0x00, 0x00, 0x00, 0x00, 0x00, 0x00, 0x00, 0x00, 0x00, 0x00, 0x00,
    0x00, 0x00, 0x00, 0x00, 0x00, 0x00, 0x00, 0x00, 0x00, 0x00, 0x00, 0x00,
    0x00, 0x00, 0x00, 0x00, 0x00, 0x00, 0x00, 0x00, 0x00, 0x00, 0x00, 0x00,
    0x00, 0x00, 0x00, 0x00, 0x00, 0x00, 0x00, 0x00, 0x00, 0x00, 0x00, 0x00,
    0x00, 0x00, 0x00, 0x00, 0x00, 0x00, 0x00, 0x00, 0x00, 0x00, 0x00, 0x00,
    0x00, 0x00, 0x00, 0x00, 0x00, 0x00, 0x00, 0x00, 0x00, 0x00, 0x00, 0x00,
    0x00, 0x00, 0x00, 0x00, 0x00, 0x00, 0x00, 0x00, 0x00, 0x00, 0x00, 0x00,
    0x00, 0x00, 0x00, 0x00, 0x00, 0x00, 0x00, 0x00, 0x00, 0x00, 0x00, 0x00,
    0x00, 0x00, 0x00, 0x00, 0x00, 0x00, 0x00, 0x00, 0x00, 0x00, 0x00, 0x00,
    0x00, 0x00, 0x00, 0x00, 0x00, 0x00, 0x00, 0x00, 0x00, 0x00, 0x00, 0x00,
    0x00, 0x00, 0x00, 0x00, 0x00, 0x00, 0x00, 0x00, 0x00, 0x00, 0x00, 0x00,
    0x00, 0x00, 0x00, 0x00, 0x00, 0x00, 0x00, 0x00, 0x00, 0x00, 0x00, 0x00,
    0x00, 0x00, 0x00, 0x00, 0x00, 0x00, 0x00, 0x00, 0x00, 0x00, 0x00, 0x00,
    0x00, 0x00, 0x00, 0x00, 0x00, 0x00, 0x00, 0x00, 0x00, 0x00, 0x00, 0x00,
    0x00, 0x00, 0x00, 0x00, 0x00, 0x00, 0x00, 0x00, 0x00, 0x00, 0x00, 0x00,
    0x00, 0x00, 0x00, 0x00, 0x00, 0x00, 0x00, 0x00, 0x00, 0x00, 0x00, 0x00,
    0x00, 0x00, 0x00, 0x00, 0x00, 0x00, 0x00, 0x00, 0x00, 0x00, 0x00, 0x00,
    0x00, 0x00, 0x00, 0x00, 0x00, 0x00, 0x00, 0x00, 0x00, 0x00, 0x00, 0x00,
    0x00, 0x00, 0x00, 0x00, 0x00, 0x00, 0x00, 0x00, 0x00, 0x00, 0x00, 0x00,
    0x00, 0x00, 0x00, 0x00, 0x00, 0x00, 0x00, 0x00, 0x00, 0x00, 0x00, 0x00,
    0x00, 0x00, 0x00, 0x00, 0x00, 0x00, 0x00, 0x00, 0x00, 0x00, 0x00, 0x00,
    0x00, 0x00, 0x00, 0x00, 0x00, 0x00, 0x00, 0x00, 0x00, 0x00, 0x00, 0x00,
    0x00, 0x00, 0x00, 0x00, 0x00, 0x00, 0x00, 0x00, 0x00, 0x00, 0x00, 0x00,
    0x00, 0x00, 0x00, 0x00, 0x00, 0x00, 0x00, 0x00, 0x00, 0x00, 0x00, 0x00,
    0x00, 0x00, 0x00, 0x00, 0x00, 0x00, 0x00, 0x00, 0x00, 0x00, 0x00, 0x00,
    0x00, 0x00, 0x00, 0x00, 0x00, 0x00, 0x00, 0x00, 0x00, 0x00, 0x00, 0x00,
    0x00, 0x00, 0x00, 0x00, 0x00, 0x00, 0x00, 0x00, 0x00, 0x00, 0x00, 0x00,
    0x00, 0x00, 0x00, 0x00, 0x00, 0x00, 0x00, 0x00, 0x00, 0x00, 0x00, 0x00,
    0x00, 0x00, 0x00, 0x00, 0x00, 0x00, 0x00, 0x00, 0x00, 0x00, 0x00, 0x00,
    0x00, 0x00, 0x00, 0x00, 0x00, 0x00, 0x00, 0x00, 0x00, 0x00, 0x00, 0x00,
    0x00, 0x00, 0x00, 0x00, 0x00, 0x00, 0x00, 0x00, 0x00, 0x00, 0x00, 0x00,
    0x00, 0x00, 0x00, 0x00, 0x00, 0x00, 0x00, 0x00, 0x00, 0x00, 0x00, 0x00,
    0x00, 0x00, 0x00, 0x00, 0x00, 0x00, 0x00, 0x00, 0x00, 0x00, 0x00, 0x00,
    0x00, 0x00, 0x00, 0x00, 0x00, 0x00, 0x00, 0x00, 0x00, 0x00, 0x00, 0x00,
    0x00, 0x01, 0x01, 0x21, 0x03, 0x16, 0x05, 0x00, 0x06, 0x00, 0x00, 0x01,
    0x00, 0x0a, 0x1b, 0x08, 0x0a, 0x00, 0x01, 0x00, 0x00, 0x00, 0x3e, 0x01,
    0x0c, 0x16, 0x0d, 0x55, 0x25, 0x26, 0x00, 0x26, 0xdb, 0x24, 0x0d, 0x16,
    0x0c, 0x1d, 0x0b, 0x00, 0x00, 0x00, 0x06, 0x00, 0x27, 0x16, 0x03, 0x1f,
    0x01, 0x01, 0x00, 0x00, 0x00, 0x00, 0x00, 0x00, 0x00, 0x00, 0x00, 0x00,
    0x00, 0x00, 0x00, 0x00, 0x00, 0x00, 0x00, 0x00, 0x00, 0x00, 0x00, 0x00,
    0x00, 0x00, 0x00, 0x00, 0x00, 0x00, 0x00, 0x00, 0x00, 0x00, 0x00, 0x00,
    0x00, 0x00, 0x00, 0x00, 0x00, 0x00, 0x00, 0x00, 0x00, 0x00, 0x00, 0x00,
    0x00, 0x00, 0x00, 0x00, 0x00, 0x00, 0x00, 0x00, 0x00, 0x00, 0x00, 0x00,
    0x00, 0x00, 0x00, 0x00, 0x00, 0x00, 0x00, 0x00, 0x00, 0x00, 0x00, 0x00,
    0x00, 0x00, 0x00, 0x00, 0x00, 0x00, 0x00, 0x00, 0x00, 0x00, 0x00, 0x00,
    0x00, 0x00, 0x00, 0x00, 0x00, 0x00, 0x00, 0x00, 0x00, 0x00, 0x00, 0x00,
    0x00, 0x00, 0x00, 0x00, 0x00, 0x00, 0x00, 0x00, 0x00, 0x00, 0x00, 0x00,
    0x00, 0x00, 0x00, 0x00, 0x00, 0x00, 0x00, 0x00, 0x00, 0x00, 0x00, 0x00,
    0x00, 0x00, 0x00, 0x00, 0x00, 0x00, 0x00, 0x00, 0x00, 0x00, 0x00, 0x00,
    0x00, 0x00, 0x00, 0x00, 0x00, 0x00, 0x00, 0x00, 0x00, 0x00, 0x00, 0x00,
    0x00, 0x00, 0x00, 0x00, 0x00, 0x00, 0x00, 0x00, 0x00, 0x00, 0x00, 0x00,
    0x00, 0x00, 0x00, 0x00, 0x00, 0x00, 0x00, 0x00, 0x00, 0x00, 0x00, 0x00,
    0x00, 0x00, 0x00, 0x00, 0x00, 0x00, 0x00, 0x00, 0x00, 0x00, 0x00, 0x00,
    0x00, 0x00, 0x00, 0x00, 0x00, 0x00, 0x00, 0x00, 0x00, 0x00, 0x00, 0x00,
    0x00, 0x00, 0x00, 0x00, 0x00, 0x00, 0x00, 0x00, 0x00, 0x00, 0x00, 0x00,
    0x00, 0x00, 0x00, 0x00, 0x00, 0x00, 0x00, 0x00, 0x00, 0x00, 0x00, 0x00,
    0x00, 0x00, 0x00, 0x00, 0x00, 0x00, 0x00, 0x00, 0x00, 0x00, 0x00, 0x00,
    0x00, 0x00, 0x00, 0x00, 0x00, 0x00, 0x00, 0x00, 0x00, 0x00, 0x00, 0x00,
    0x00, 0x00, 0x00, 0x00, 0x00, 0x00, 0x00, 0x00, 0x00, 0x00, 0x00, 0x00,
    0x00, 0x00, 0x00, 0x00, 0x00, 0x00, 0x00, 0x00, 0x00, 0x00, 0x00, 0x00,
    0x00, 0x00, 0x00, 0x00, 0x00, 0x00, 0x00, 0x00, 0x00, 0x00, 0x00, 0x00,
    0x00, 0x00, 0x00, 0x00, 0x00, 0x00, 0x00, 0x00, 0x00, 0x00, 0x00, 0x00,
    0x00, 0x00, 0x00, 0x00, 0x00, 0x00, 0x00, 0x00, 0x00, 0x00, 0x00, 0x00,
    0x00, 0x00, 0x00, 0x00, 0x00, 0x00, 0x00, 0x00, 0x00, 0x00, 0x00, 0x00,
    0x00, 0x00, 0x00, 0x00, 0x00, 0x00, 0x00, 0x00, 0x00, 0x00, 0x00, 0x00,
    0x00, 0x00, 0x00, 0x00, 0x00, 0x00, 0x00, 0x00, 0x00, 0x00, 0x00, 0x00,
    0x00, 0x00, 0x00, 0x00, 0x00, 0x00, 0x00, 0x00, 0x00, 0x00, 0x00, 0x00,
    0x00, 0x00, 0x00, 0x00, 0x00, 0x00, 0x00, 0x00, 0x00, 0x00, 0x00, 0x00,
    0x00, 0x00, 0x00, 0x00, 0x00, 0x00, 0x00, 0x00, 0x00, 0x00, 0x00, 0x00,
    0x00, 0x00, 0x00, 0x00, 0x00, 0x00, 0x00, 0x00, 0x00, 0x00, 0x00, 0x00,
    0x00, 0x00, 0x00, 0x00, 0x00, 0x00, 0x00, 0x00, 0x00, 0x00, 0x00, 0x00,
    0x00, 0x00, 0x00, 0x00, 0x00, 0x00, 0x00, 0x00, 0x00, 0x00, 0x00, 0x00,
    0x00, 0x00, 0x00, 0x00, 0x00, 0x00, 0x00, 0x00, 0x00, 0x00, 0x00, 0x00,
    0x00, 0x00, 0x00, 0x00, 0x00, 0x00, 0x00, 0x00, 0x00, 0x00, 0x00, 0x00,
    0x00, 0x00, 0x00, 0x00, 0x00, 0x00, 0x00, 0x00, 0x00, 0x00, 0x00, 0x00,
    0x00, 0x00, 0x00, 0x00, 0x00, 0x00, 0x00, 0x00, 0x00, 0x00, 0x00, 0x00,
    0x00, 0x00, 0x00, 0x00, 0x00, 0x00, 0x00, 0x00, 0x00, 0x00, 0x00, 0x00,
    0x00, 0x00, 0x00, 0x00, 0x00, 0x00, 0x00, 0x00, 0x00, 0x00, 0x00, 0x00,
    0x00, 0x00, 0x00, 0x00, 0x00, 0x00, 0x00, 0x00, 0x00, 0x00, 0x00, 0x00,
    0x00, 0x00, 0x00, 0x00, 0x00, 0x00, 0x00, 0x00, 0x00, 0x00, 0x00, 0x00,
    0x00, 0x00, 0x00, 0x00, 0x00, 0x00, 0x00, 0x00, 0x00, 0x13, 0x00, 0x14,
    0x52, 0x04, 0x03, 0x00, 0x17, 0x00, 0x00, 0x18, 0x00, 0x2a, 0x16, 0x16,
    0x0c, 0x00, 0x29, 0x00, 0x00, 0x01, 0x00, 0x21, 0x4a, 0x1b, 0x1b, 0x0a,
    0x00, 0x1d, 0x00, 0x17, 0x00, 0x71, 0x1b, 0x08, 0x1e, 0x0e, 0x00, 0x01,
    0x00, 0x00, 0x01, 0x00, 0x03, 0x1c, 0x16, 0x14, 0x00, 0x33, 0x00, 0x00,
    0x00, 0x00, 0x00, 0x00, 0x00, 0x00, 0x00, 0x00, 0x00, 0x00, 0x00, 0x00,
    0x00, 0x00, 0x00, 0x00, 0x00, 0x00, 0x00, 0x00, 0x00, 0x00, 0x00, 0x00,
    0x00, 0x00, 0x00, 0x00, 0x00, 0x00, 0x00, 0x00, 0x00, 0x00, 0x00, 0x00,
    0x00, 0x00, 0x00, 0x00, 0x00, 0x00, 0x00, 0x00, 0x00, 0x00, 0x00, 0x00,
    0x00, 0x00, 0x00, 0x00, 0x00, 0x00, 0x00, 0x00, 0x00, 0x00, 0x00, 0x00,
    0x00, 0x00, 0x00, 0x00, 0x00, 0x00, 0x00, 0x00, 0x00, 0x00, 0x00, 0x00,
    0x00, 0x00, 0x00, 0x00, 0x00, 0x00, 0x00, 0x00, 0x00, 0x00, 0x00, 0x00,
    0x00, 0x00, 0x00, 0x00, 0x00, 0x00, 0x00, 0x00, 0x00, 0x00, 0x00, 0x00,
    0x00, 0x00, 0x00, 0x00, 0x00, 0x00, 0x00, 0x00, 0x00, 0x00, 0x00, 0x00,
    0x00, 0x00, 0x00, 0x00, 0x00, 0x00, 0x00, 0x00, 0x00, 0x00, 0x00, 0x00,
    0x00, 0x00, 0x00, 0x00, 0x00, 0x00, 0x00, 0x00, 0x00, 0x00, 0x00, 0x00,
    0x00, 0x00, 0x00, 0x00, 0x00, 0x00, 0x00, 0x00, 0x00, 0x00, 0x00, 0x00,
    0x00, 0x00, 0x00, 0x00, 0x00, 0x00, 0x00, 0x00, 0x00, 0x00, 0x00, 0x00,
    0x00, 0x00, 0x00, 0x00, 0x00, 0x00, 0x00, 0x00, 0x00, 0x00, 0x00, 0x00,
    0x00, 0x00, 0x00, 0x00, 0x00, 0x00, 0x00, 0x00, 0x00, 0x00, 0x00, 0x00,
    0x00, 0x00, 0x00, 0x00, 0x00, 0x00, 0x00, 0x00, 0x00, 0x00, 0x00, 0x00,
    0x00, 0x00, 0x00, 0x00, 0x00, 0x00, 0x00, 0x00, 0x00, 0x00, 0x00, 0x00,
    0x00, 0x00, 0x00, 0x00, 0x00, 0x00, 0x00, 0x00, 0x00, 0x00, 0x00, 0x00,
    0x00, 0x00, 0x00, 0x00, 0x00, 0x00, 0x00, 0x00, 0x00, 0x00, 0x00, 0x00,
    0x00, 0x00, 0x00, 0x00, 0x00, 0x00, 0x00, 0x00, 0x00, 0x00, 0x00, 0x00,
    0x00, 0x00, 0x00, 0x00, 0x00, 0x00, 0x00, 0x00, 0x00, 0x00, 0x00, 0x00,
    0x00, 0x00, 0x00, 0x00, 0x00, 0x00, 0x00, 0x00, 0x00, 0x00, 0x00, 0x00,
    0x00, 0x00, 0x00, 0x00, 0x00, 0x00, 0x00, 0x00, 0x00, 0x00, 0x00, 0x00,
    0x00, 0x00, 0x00, 0x00, 0x00, 0x00, 0x00, 0x00, 0x00, 0x00, 0x00, 0x00,
    0x00, 0x00, 0x00, 0x00, 0x00, 0x00, 0x00, 0x00, 0x00, 0x00, 0x00, 0x00,
    0x00, 0x00, 0x00, 0x00, 0x00, 0x00, 0x00, 0x00, 0x00, 0x00, 0x00, 0x00,
    0x00, 0x00, 0x00, 0x00, 0x00, 0x00, 0x00, 0x00, 0x00, 0x00, 0x00, 0x00,
    0x00, 0x00, 0x00, 0x00, 0x00, 0x00, 0x00, 0x00, 0x00, 0x00, 0x00, 0x00,
    0x00, 0x00, 0x00, 0x00, 0x00, 0x00, 0x00, 0x00, 0x00, 0x00, 0x00, 0x00,
    0x00, 0x00, 0x00, 0x00, 0x00, 0x00, 0x00, 0x00, 0x00, 0x00, 0x00, 0x00,
    0x00, 0x00, 0x00, 0x00, 0x00, 0x00, 0x00, 0x00, 0x00, 0x00, 0x00, 0x00,
    0x00, 0x00, 0x00, 0x00, 0x00, 0x00, 0x00, 0x00, 0x00, 0x00, 0x00, 0x00,
    0x00, 0x00, 0x00, 0x00, 0x00, 0x00, 0x00, 0x00, 0x00, 0x00, 0x00, 0x00,
    0x00, 0x00, 0x00, 0x00, 0x00, 0x00, 0x00, 0x00, 0x00, 0x00, 0x00, 0x00,
    0x00, 0x00, 0x00, 0x00, 0x00, 0x00, 0x00, 0x00, 0x00, 0x00, 0x00, 0x00,
    0x00, 0x00, 0x00, 0x00, 0x00, 0x00, 0x00, 0x00, 0x00, 0x00, 0x00, 0x00,
    0x00, 0x00, 0x00, 0x00, 0x00, 0x00, 0x00, 0x00, 0x00, 0x00, 0x00, 0x00,
    0x00, 0x00, 0x00, 0x00, 0x00, 0x00, 0x00, 0x00, 0x00, 0x00, 0x00, 0x00,
    0x00, 0x00, 0x00, 0x00, 0x00, 0x00, 0x00, 0x00, 0x00, 0x00, 0x00, 0x00,
    0x00, 0x00, 0x00, 0x00, 0x00, 0x00, 0x00, 0x00, 0x00, 0x00, 0x00, 0x00,
    0x00, 0x00, 0x00, 0x00, 0x00, 0x00, 0x00, 0x00, 0x00, 0x00, 0x00, 0x00,
    0x00, 0x00, 0x00, 0x00, 0x00, 0x00, 0x00, 0x00, 0x00, 0x00, 0x00, 0x00,
    0x00, 0x00, 0x00, 0x00, 0x00, 0x01, 0x01, 0x1f, 0x03, 0x16, 0x27, 0x00,
    0x23, 0x00, 0x00, 0x01, 0x00, 0x0a, 0x08, 0x5f, 0x0a, 0x00, 0x01, 0x00,
    0x00, 0x00, 0x0b, 0x01, 0x0c, 0x16, 0x0d, 0x24, 0x01, 0x00, 0x00, 0x00,
    0x25, 0x02, 0x0d, 0x16, 0x0c, 0x01, 0x1d, 0x00, 0x00, 0x00, 0x33, 0x00,
    0x05, 0x16, 0x03, 0x47, 0x01, 0x01, 0x00, 0x00, 0x00, 0x00, 0x00, 0x00,
    0x00, 0x00, 0x00, 0x00, 0x00, 0x00, 0x00, 0x00, 0x00, 0x00, 0x00, 0x00,
    0x00, 0x00, 0x00, 0x00, 0x00, 0x00, 0x00, 0x00, 0x00, 0x00, 0x00, 0x00,
    0x00, 0x00, 0x00, 0x00, 0x00, 0x00, 0x00, 0x00, 0x00, 0x00, 0x00, 0x00,
    0x00, 0x00, 0x00, 0x00, 0x00, 0x00, 0x00, 0x00, 0x00, 0x00, 0x00, 0x00,
    0x00, 0x00, 0x00, 0x00, 0x00, 0x00, 0x00, 0x00, 0x00, 0x00, 0x00, 0x00,
    0x00, 0x00, 0x00, 0x00, 0x00, 0x00, 0x00, 0x00, 0x00, 0x00, 0x00, 0x00,
    0x00, 0x00, 0x00, 0x00, 0x00, 0x00, 0x00, 0x00, 0x00, 0x00, 0x00, 0x00,
    0x00, 0x00, 0x00, 0x00, 0x00, 0x00, 0x00, 0x00, 0x00, 0x00, 0x00, 0x00,
    0x00, 0x00, 0x00, 0x00, 0x00, 0x00, 0x00, 0x00, 0x00, 0x00, 0x00, 0x00,
    0x00, 0x00, 0x00, 0x00, 0x00, 0x00, 0x00, 0x00, 0x00, 0x00, 0x00, 0x00,
    0x00, 0x00, 0x00, 0x00, 0x00, 0x00, 0x00, 0x00, 0x00, 0x00, 0x00, 0x00,
    0x00, 0x00, 0x00, 0x00, 0x00, 0x00, 0x00, 0x00, 0x00, 0x00, 0x00, 0x00,
    0x00, 0x00, 0x00, 0x00, 0x00, 0x00, 0x00, 0x00, 0x00, 0x00, 0x00, 0x00,
    0x00, 0x00, 0x00, 0x00, 0x00, 0x00, 0x00, 0x00, 0x00, 0x00, 0x00, 0x00,
    0x00, 0x00, 0x00, 0x00, 0x00, 0x00, 0x00, 0x00, 0x00, 0x00, 0x00, 0x00,
    0x00, 0x00, 0x00, 0x00, 0x00, 0x00, 0x00, 0x00, 0x00, 0x00, 0x00, 0x00,
    0x00, 0x00, 0x00, 0x00, 0x00, 0x00, 0x00, 0x00, 0x00, 0x00, 0x00, 0x00,
    0x00, 0x00, 0x00, 0x00, 0x00, 0x00, 0x00, 0x00, 0x00, 0x00, 0x00, 0x00,
    0x00, 0x00, 0x00, 0x00, 0x00, 0x00, 0x00, 0x00, 0x00, 0x00, 0x00, 0x00,
    0x00, 0x00, 0x00, 0x00, 0x00, 0x00, 0x00, 0x00, 0x00, 0x00, 0x00, 0x00,
    0x00, 0x00, 0x00, 0x00, 0x00, 0x00, 0x00, 0x00, 0x00, 0x00, 0x00, 0x00,
    0x00, 0x00, 0x00, 0x00, 0x00, 0x00, 0x00, 0x00, 0x00, 0x00, 0x00, 0x00,
    0x00, 0x00, 0x00, 0x00, 0x00, 0x00, 0x00, 0x00, 0x00, 0x00, 0x00, 0x00,
    0x00, 0x00, 0x00, 0x00, 0x00, 0x00, 0x00, 0x00, 0x00, 0x00, 0x00, 0x00,
    0x00, 0x00, 0x00, 0x00, 0x00, 0x00, 0x00, 0x00, 0x00, 0x00, 0x00, 0x00,
    0x00, 0x00, 0x00, 0x00, 0x00, 0x00, 0x00, 0x00, 0x00, 0x00, 0x00, 0x00,
    0x00, 0x00, 0x00, 0x00, 0x00, 0x00, 0x00, 0x00, 0x00, 0x00, 0x00, 0x00,
    0x00, 0x00, 0x00, 0x00, 0x00, 0x00, 0x00, 0x00, 0x00, 0x00, 0x00, 0x00,
    0x00, 0x00, 0x00, 0x00, 0x00, 0x00, 0x00, 0x00, 0x00, 0x00, 0x00, 0x00,
    0x00, 0x00, 0x00, 0x00, 0x00, 0x00, 0x00, 0x00, 0x00, 0x00, 0x00, 0x00,
    0x00, 0x00, 0x00, 0x00, 0x00, 0x00, 0x00, 0x00, 0x00, 0x00, 0x00, 0x00,
    0x00, 0x00, 0x00, 0x00, 0x00, 0x00, 0x00, 0x00, 0x00, 0x00, 0x00, 0x00,
    0x00, 0x00, 0x00, 0x00, 0x00, 0x00, 0x00, 0x00, 0x00, 0x00, 0x00, 0x00,
    0x00, 0x00, 0x00, 0x00, 0x00, 0x00, 0x00, 0x00, 0x00, 0x00, 0x00, 0x00,
    0x00, 0x00, 0x00, 0x00, 0x00, 0x00, 0x00, 0x00, 0x00, 0x00, 0x00, 0x00,
    0x00, 0x00, 0x00, 0x00, 0x00, 0x00, 0x00, 0x00, 0x00, 0x00, 0x00, 0x00,
    0x00, 0x00, 0x00, 0x00, 0x00, 0x00, 0x00, 0x00, 0x00, 0x00, 0x00, 0x00,
    0x00, 0x00, 0x00, 0x00, 0x00, 0x00, 0x00, 0x00, 0x00, 0x00, 0x00, 0x00,
    0x00, 0x00, 0x00, 0x00, 0x00, 0x00, 0x00, 0x00, 0x00, 0x00, 0x00, 0x00,
    0x00, 0x00, 0x00, 0x00, 0x00, 0x00, 0x00, 0x00, 0x00, 0x00, 0x00, 0x00,
    0x00, 0x00, 0x00, 0x00
};

LOCATION_PRAGMA_32("ExtFlashSection")
KEEP extern const unsigned char image_deco_comp_extra_data[] LOCATION_ATTRIBUTE_32("ExtFlashSection") = { // 220 ARGB8888 CLUT entries.
    0x00, 0x00, 0xdc, 0x00,
    0x00, 0x00, 0x00, 0x00, 0xf8, 0xfc, 0xf8, 0x00, 0xd0, 0xb8, 0xa8, 0x14,
    0xd8, 0xbc, 0xa8, 0xcf, 0xe0, 0xc8, 0xb0, 0xff, 0xd8, 0xbc, 0xa8, 0x6d,
    0xa8, 0xa8, 0xa8, 0x04, 0xd8, 0xc0, 0xa8, 0x2c, 0xd8, 0xc0, 0xa8, 0xfb,
    0xd8, 0xc0, 0xb0, 0xfb, 0xd8, 0xbc, 0xa8, 0x2c, 0xf8, 0xfc, 0x80, 0x00,
    0xd8, 0xbc, 0xa8, 0x8e, 0xd8, 0xbc, 0xa8, 0xae, 0xd8, 0xb8, 0x98, 0x08,
    0x80, 0x80, 0x80, 0x00, 0xd8, 0xd4, 0xa8, 0x04, 0xd0, 0xbc, 0xa8, 0xae,
    0xf8, 0xa8, 0xa8, 0x04, 0xc0, 0xc0, 0x80, 0x04, 0xd8, 0xbc, 0xa8, 0x4d,
    0xf0, 0xd4, 0xb8, 0xff, 0xe0, 0xcc, 0xb0, 0xff, 0xf8, 0x80, 0x80, 0x00,
    0xc0, 0xbc, 0xc0, 0x04, 0xf8, 0xbc, 0xc0, 0x04, 0xd8, 0xbc, 0xa8, 0xf7,
    0xd8, 0xc4, 0xa8, 0xfb, 0xd8, 0xc4, 0xb0, 0xfb, 0xf8, 0x80, 0x80, 0x04,
    0xd8, 0xbc, 0xa8, 0xfb, 0xd0, 0xbc, 0xa8, 0x14, 0xd0, 0xbc, 0xa8, 0xcf,
    0xd8, 0xc4, 0xa8, 0x14, 0xd8, 0xc0, 0xa8, 0xcf, 0xa8, 0xac, 0xa8, 0x04,
    0xb8, 0xb8, 0x98, 0x08, 0x80, 0x80, 0x80, 0x04, 0xf8, 0x00, 0x00, 0x00,
    0xd8, 0xbc, 0xa8, 0x71, 0xd8, 0xbc, 0xa8, 0x14, 0xf8, 0xc0, 0xc0, 0x04,
    0xd0, 0xbc, 0xa8, 0x8e, 0xf8, 0xc0, 0xb8, 0x04, 0xd0, 0xbc, 0xa8, 0x2c,
    0xd0, 0xbc, 0xa8, 0x4d, 0xd8, 0xbc, 0xa8, 0xd3, 0xd8, 0xbc, 0xa0, 0x2c,
    0x80, 0x7c, 0x80, 0x00, 0xd8, 0xc0, 0xa8, 0x30, 0xf8, 0xfc, 0xf8, 0x04,
    0xf8, 0xac, 0xa8, 0x04, 0xd8, 0xc0, 0xa8, 0x8e, 0xf8, 0xfc, 0x78, 0x00,
    0xf8, 0xfc, 0xc8, 0x04, 0xd0, 0xcc, 0x98, 0x08, 0xd0, 0xbc, 0xa8, 0x6d,
    0xf8, 0xbc, 0xb8, 0x04, 0xe0, 0xc4, 0xa8, 0x10, 0xd8, 0xc4, 0xa8, 0xae,
    0xf8, 0xfc, 0x00, 0x00, 0xd8, 0xc0, 0xa8, 0x4d, 0xf8, 0xfc, 0x80, 0x04,
    0xd0, 0xac, 0xa8, 0x08, 0xc8, 0x98, 0x98, 0x04, 0xf8, 0xcc, 0xc8, 0x04,
    0xc0, 0xc0, 0xc0, 0x04, 0xe0, 0xc0, 0xb0, 0xfb, 0xe0, 0xc8, 0xb0, 0xfb,
    0xe0, 0xc4, 0xb0, 0x10, 0xe8, 0xc8, 0xb0, 0xff, 0xd8, 0xb8, 0xa8, 0x14,
    0xd0, 0xbc, 0xa8, 0xfb, 0xd8, 0xc0, 0xa8, 0xae, 0xd0, 0xbc, 0xa8, 0xf7,
    0xf8, 0xfc, 0xa8, 0x04, 0xd0, 0xc0, 0xa8, 0xf7, 0xd0, 0xc0, 0xa8, 0xfb,
    0xd8, 0xc0, 0xa8, 0xf7, 0xe8, 0xcc, 0xb0, 0xff, 0xe0, 0xc8, 0xb0, 0x2c,
    0xd0, 0xc8, 0x98, 0x08, 0xe8, 0xd4, 0xb8, 0xff, 0x80, 0xfc, 0x80, 0x04,
    0xd0, 0xa8, 0xa8, 0x08, 0xd8, 0xb8, 0x98, 0x0c, 0xb0, 0x70, 0x70, 0x04,
    0xe0, 0xc8, 0xb0, 0x8e, 0xc8, 0xcc, 0xc8, 0x04, 0xd8, 0xbc, 0xa8, 0x8a,
    0xe0, 0xc8, 0xb0, 0xcf, 0xd8, 0xc0, 0xa8, 0x92, 0xd8, 0xd4, 0xb0, 0x04,
    0xf0, 0xd8, 0xa0, 0x0c, 0xd8, 0xc4, 0xa8, 0x71, 0xe0, 0xc4, 0xb0, 0xfb,
    0xd0, 0xbc, 0xa8, 0x71, 0xf0, 0xd4, 0xb0, 0x08, 0xd8, 0xc4, 0xb0, 0xff,
    0xd0, 0xd4, 0xa8, 0x04, 0xb8, 0xbc, 0xc0, 0x04, 0xf8, 0xdc, 0xc0, 0xff,
    0xf0, 0xd0, 0xb8, 0xff, 0xd8, 0xbc, 0xa0, 0xf7, 0xe0, 0xc0, 0xa8, 0xfb,
    0xc0, 0xc0, 0xb8, 0x04, 0xf8, 0xd8, 0xc0, 0xff, 0xd8, 0xc4, 0xa8, 0x2c,
    0xb0, 0x9c, 0x98, 0x08, 0xc8, 0xac, 0x98, 0x10, 0xc0, 0xbc, 0xb8, 0x04,
    0xe0, 0xcc, 0xb0, 0xfb, 0xd8, 0xd4, 0xa8, 0x08, 0xd0, 0xbc, 0xa0, 0x2c,
    0xe0, 0xc8, 0xb0, 0x28, 0x50, 0x54, 0x58, 0x04, 0xd0, 0xd4, 0xb0, 0x08,
    0xf8, 0xfc, 0x00, 0x04, 0xb8, 0xc0, 0xc0, 0x04, 0xe0, 0xc8, 0xb0, 0x4d,
    0xe0, 0xc8, 0xb0, 0xcb, 0xd0, 0x98, 0x98, 0x04, 0xd8, 0xb8, 0xa0, 0x08,
    0xd8, 0xc0, 0xa8, 0x71, 0xe0, 0xc8, 0xb0, 0x71, 0xc8, 0xcc, 0xd0, 0x04,
    0xe0, 0xc8, 0xb0, 0xb2, 0xf8, 0xac, 0xa8, 0x00, 0xd8, 0xc4, 0xa8, 0xff,
    0xd0, 0xbc, 0xa8, 0x8a, 0xb8, 0xc0, 0xb8, 0x04, 0xd8, 0xc0, 0xa8, 0x6d,
    0xe0, 0xac, 0x78, 0x04, 0xd8, 0xc4, 0xb0, 0xae, 0xd8, 0xd4, 0xb0, 0x08,
    0xd0, 0xc0, 0xa8, 0x6d, 0xd0, 0xc0, 0xa8, 0x4d, 0xe0, 0xc4, 0xa8, 0xfb,
    0xd8, 0xc0, 0xa8, 0xff, 0xd0, 0xc0, 0xa8, 0xae, 0xc8, 0xcc, 0x98, 0x08,
    0xf8, 0x7c, 0x80, 0x00, 0xd8, 0xb8, 0xa0, 0x0c, 0xd8, 0xbc, 0x98, 0x08,
    0xe8, 0xd0, 0xb8, 0xff, 0xb8, 0xbc, 0xb8, 0x04, 0xf8, 0xa8, 0xb0, 0x00,
    0xd8, 0xc4, 0xa8, 0x4d, 0xd8, 0xc0, 0xb0, 0x92, 0xd8, 0xbc, 0xa8, 0x10,
    0xd8, 0xc4, 0xb0, 0x71, 0xa8, 0xa8, 0xa8, 0x00, 0xd0, 0xc0, 0xa8, 0xcf,
    0xf0, 0xd8, 0x98, 0x0c, 0xd0, 0xd4, 0xa8, 0x08, 0xd0, 0xb8, 0xa0, 0x0c,
    0xd0, 0xd4, 0xb0, 0x04, 0x00, 0xfc, 0x00, 0x00, 0xc8, 0xc8, 0x98, 0x08,
    0xb8, 0xbc, 0x98, 0x08, 0xd0, 0xb8, 0xa0, 0x20, 0xf0, 0xd8, 0xa0, 0x08,
    0xf8, 0x7c, 0x80, 0x04, 0xe0, 0xc8, 0xb0, 0x51, 0xf8, 0x00, 0x00, 0x04,
    0xe0, 0xb0, 0x78, 0x08, 0xf0, 0xd8, 0x98, 0x08, 0xd8, 0xc0, 0xb0, 0xcf,
    0xb0, 0xac, 0xa8, 0x04, 0xc8, 0x9c, 0x98, 0x04, 0xd0, 0xc0, 0xa8, 0xd3,
    0xd8, 0xc4, 0xa8, 0xcf, 0xd0, 0xc0, 0xa8, 0x8e, 0xd8, 0xc0, 0xb0, 0xae,
    0xe0, 0xc4, 0xa8, 0xff, 0xd8, 0xc4, 0xb0, 0x14, 0xd0, 0xbc, 0xa0, 0x8e,
    0xf8, 0xa8, 0xa8, 0x00, 0xb8, 0x70, 0x70, 0x04, 0xd8, 0xc0, 0xb0, 0x71,
    0xe8, 0xcc, 0xb0, 0xfb, 0xd0, 0xcc, 0xd0, 0x04, 0xe0, 0xcc, 0xb8, 0xff,
    0xf8, 0x80, 0xf8, 0x04, 0xf8, 0xa8, 0xb0, 0x04, 0xd0, 0xd8, 0xa8, 0x08,
    0xc0, 0xc0, 0x78, 0x04, 0xd8, 0xbc, 0xa8, 0xb2, 0xf8, 0xd4, 0xb0, 0x08,
    0xf8, 0xcc, 0xd0, 0x04, 0xd0, 0xac, 0x98, 0x10, 0xf8, 0xac, 0xb0, 0x04,
    0xf8, 0xcc, 0xc8, 0x08, 0xf8, 0x00, 0xf8, 0x00, 0xe0, 0xc0, 0xa8, 0x71,
    0xa0, 0x9c, 0x70, 0x04, 0xe8, 0xc4, 0xb0, 0x10, 0xa8, 0xac, 0xb0, 0x04,
    0xf8, 0xfc, 0xa8, 0x00, 0xd0, 0xbc, 0xa8, 0xd3, 0xe0, 0xc8, 0xb8, 0xff,
    0xe8, 0xc8, 0xb0, 0xfb, 0x80, 0x80, 0xf8, 0x00, 0xa0, 0xa0, 0x70, 0x04,
    0x80, 0xfc, 0x80, 0x00, 0xf8, 0xe4, 0xc8, 0xff, 0xa8, 0xa8, 0xb0, 0x04,
    0xa8, 0xac, 0xa8, 0x00, 0xd0, 0xac, 0xa8, 0x04, 0xd8, 0xc0, 0xb0, 0xff,
    0xe0, 0xc0, 0xb0, 0xff, 0xd8, 0xc0, 0xb0, 0x8e, 0xe0, 0xb0, 0x78, 0x04,
    0xd0, 0xd4, 0x80, 0x08, 0xd0, 0xb8, 0x98, 0x0c, 0xd8, 0xc4, 0xa8, 0x10,
    0xd0, 0xbc, 0xa8, 0x10, 0xe0, 0xc4, 0xb0, 0xae, 0xd8, 0xbc, 0xa0, 0x8e,
    0x80, 0x7c, 0x80, 0x04
};
