:0200000470107A
:1004000000002034199410702DBC10702FBC107097
:1004100031BC107033BC107035BC107037BC10701C
:1004200000000000000000000000000039BC107057
:100430003BBC1070000000003DBC107041BC10704F
:100440007594107000000000759410707594107011
:100450007594107075941070759410707594107078
:1004600075941070000000007594107075941070F1
:1004700075941070759410707594107000000000E1
:1004800075941070000000007594107075941070D1
:100490007594107075941070759410707594107038
:1004A0007594107075941070759410707594107028
:1004B0007594107075941070759410707594107018
:1004C0007594107075941070759410707594107008
:1004D000000000000000000075941070759410700A
:1004E0007594107000000000000000000000000083
:1004F00000000000000000007594107075941070EA
:100500007594107000000000000000000000000062
:1005100075941070759410707594107075941070B7
:1005200075941070759410707594107075941070A7
:100530007594107075941070759410707594107097
:100540007594107075941070759410707594107087
:100550007594107075941070759410707594107077
:100560007594107075941070759410707594107067
:100570007594107075941070759410707594107057
:100580007594107075941070759410707594107047
:1005900051BC10705DBC1070759410707594107023
:1005A0007594107075941070759410707594107027
:1005B0007594107075941070759410707594107017
:1005C0007594107075941070759410707594107007
:1005D000759410707594107069BC107075941070DB
:1005E00075941070759410707594107075941070E7
:1005F00075941070759410707594107075941070D7
:1006000075941070759410707594107075941070C6
:1006100075941070759410707594107075941070B6
:1006200075941070759410707594107075941070A6
:100630007594107075941070759410707594107096
:100640007594107075941070759410707594107086
:100650007594107075941070759410707594107076
:100660007594107075941070759410707594107066
:100670007594107075941070759410707594107056
:100680007594107075941070759410707594107046
:1006900075BC107081BC10707594107075941070DA
:1006A0007594107075941070759410707594107026
:1006B0007594107075941070759410708DBC1070D6
:1006C0007594107075941070759410707594107006
:1006D00075941070759410707594107075941070F6
:1006E00075941070759410707594107075941070E6
:1006F00075941070759410707594107075941070D6
:1007000075941070759410707594107075941070C5
:1007100075941070759410707594107075941070B5
:1007200075941070759410707594107075941070A5
:100730007594107075941070759410707594107095
:1007400000000000759410707594107010B5054C81
:10075000237833B9044B13B10448AFF3008001236D
:10076000237010BDC08000340000000010C910705C
:1007700008B5034B1BB103490348AFF3008008BD24
:1007800000000000C480003410C9107038B50F4B51
:1007900005461A780AB9012038BD4FF47A73B3FBC5
:1007A000F2F30B4A1068B0FBF3F000F0E3F80446F4
:1007B0000028F0D10F2DEED8024629464FF0FF3029
:1007C00000F088F8034B20461D60E5E70000003488
:1007D0000C0000340400003410B5032000F068F869
:1007E0000BF0C0FA0F20FFF7D1FF044618B90AF04A
:1007F0006BFF204610BD0124FBE70000034A044BB9
:1008000011681B780B441360704700BFDC80003414
:1008100000000034014B1868704700BFDC800034D2
:1008200038B50446FFF7F6FF0546631C1EBF044BB0
:100830001B78E418FFF7EEFF431BA342FAD338BD41
:10084000000000344FF0E022136943F0020313610B
:1008500070474B788360036923F0010303614B68A1
:100860004A7B23F01F031343CA7B43EAC2030A7B7C
:1008700043EA4203C3608B680A7823F01F031343E3
:100880008A7B43EA02138A7843EA42030361704792
:1008900010B5FF24032992BF303034300439036887
:1008A000C9008C4023EA04038A401343036010BD4F
:1008B00007490302CA6803F4E06322F4E062120409
:1008C000120C134343F0BF6343F40033CB60704713
:1008D00000ED00E0154B30B5DC68C4F30224C4F130
:1008E0000703251D042B28BF0423062D4FF0FF35D9
:1008F00094BF0024033C05FA03F321EA0303A54057
:1009000022EA0502A340002843EA0203ACBF00F13B
:100910006040074A4FEA0313DBB2ABBF00F561400A
:1009200000F00F0080F80033135430BD00ED00E0FC
:1009300014ED00E0002807DB01234109034A00F021
:100940001F00834042F82130704700BF00E100E003
:1009500000280CDB01220649430900F01F008240F9
:10096000203341F82320BFF34F8FBFF36F8F7047C1
:1009700000E100E00138B0F1807F0BD24FF0E023BE
:10098000F021054A586182F823100020072298615F
:100990001A6170470120704700ED00E0BFF35F8FE0
:1009A000064B40F00100C3F894005A6A42F48032CA
:1009B0005A62BFF34F8FBFF36F8F704700ED00E0B7
:1009C000BFF35F8F074B5A6A22F480325A62D3F822
:1009D000942022F00102C3F89420BFF34F8FBFF39D
:1009E0006F8F704700ED00E001460148FFF731BF0F
:1009F00090ED00E0427801780148FFF749BF00BF61
:100A000090ED00E030B5002834D090F84C40012C37
:100A100032D0012480F84C4090F85440012C4FF023
:100A2000000423D1022580F8545084650468A56C25
:100A300063F30F054FF4FE43A564E360E1642265B0
:100A4000636943F4BA436361436E1BB1636943F462
:100A500000736361036F1BB1636943F40053636107
:100A60000020636943F00103636130BD402380F8D7
:100A70004C4083650120F8E70220F6E738B50446CC
:100A8000FFF7C8FE054644B194F85430022B06D057
:100A90002023A365002384F84C30012038BD226850
:100AA000536943F004035361052384F854302368E9
:100AB0001A69900419D55A69216D42F002025A61EF
:100AC000042284F854204FF4FE42DA600122090621
:100AD00048BF616F84F854204FF0000042BF0A7392
:100AE00000229A6484F84C00D8E7FFF793FE401B7D
:100AF0000528DCD9A36D43F01003A365032384F814
:100B00005430236D1D06C5D50122636F1A73C1E7EA
:100B100028B190F85430022B03D0202383650120A4
:100B200070470423026880F854305369002043F46E
:100B3000005343F0040353617047036870B50446E3
:100B4000012023F47F6222F00F02D1681569C3F3FC
:100B50000B02503AC2F3C412904041EA050210421F
:100B600000F0AC801A69510509D55A69520506D5BD
:100B70004FF48062DA60A26D42F00102A2651A6948
:100B8000160509D55A69150506D54FF40062DA60D5
:100B9000A26D42F00202A2651A69D00409D55A6911
:100BA000D10406D54FF48052DA60A26D42F00402FF
:100BB000A2651A69520409D55A69560406D54FF43C
:100BC0008042DA60A26D42F00802A2651A699505BA
:100BD00009D55A69900506D54FF40072DA60636E44
:100BE0000BB12046984723681A6991042ED55A699B
:100BF00092042BD54FF40052DA6094F85420042A62
:100C00001DD15A69216D22F400525A615A690E06AB
:100C100042F002025A614FF0010248BF616F84F84E
:100C2000542042BF0A7300229A64002384F84C3097
:100C3000E36E002B42D02046BDE8704018470523E4
:100C400084F85430236F0BB12046984723681A6903
:100C5000D50518D55A69D00515D5226D110626D5AA
:100C6000DA6F32B99A6C22B90122616F84F854208C
:100C70000A734FF44072DA60002384F84C30236E1C
:100C80000BB120469847A36DC3B12268536943F066
:100C9000020353610123226D84F85430120644BFCD
:100CA000626F1373002384F84C30A36EC1E79A6C13
:100CB000002ADED1012284F85420DAE770BD90F8D2
:100CC00054007047806D704710B500283BD0036812
:100CD0000120C3F30B04503CC4F3C41423F47F621B
:100CE000A040CC0622F00F0207D501F01104112C10
:100CF00054680CBF0443844354608C0608D501F04B
:100D00002204222C14680CBF204324EA0000106047
:100D1000480609D501F04402442A1A6C0CBF42F47B
:100D2000004222F400421A640A0601D4002010BDD9
:100D30001A6C01F0880188290CBF42F0004222F0B1
:100D400000421A64F2E70120F1E7F0B50468059D5E
:100D5000666C45EA0345436806F040463543B3F503
:100D6000403F6564E2632FD1806801F07F4601F463
:100D70007F0301F47F42CDB203281AD8DFE800F0E8
:100D80000402060E21F07F41A163F0BDD90C920A46
:100D9000C90241EA421141EAD501F5E7DB0CD20A6A
:100DA0009B0243EA421343EAD503F10F43EAC13100
:100DB000EAE71B0D120B1B0243EA021343EA151369
:100DC000360F43EA0631DFE7B3F5802F0CBF6161D0
:100DD000E160DAE710B50446002836D090F86130BB
:100DE00003F0FF021BB980F860200AF089FC02239F
:100DF00084F861302368E0691968626821F4E021B1
:100E0000024321F040010A431A60596BA069A268AD
:100E100021F48371024321F001010A435A631A6CE1
:100E2000E1686FF30F020A431A64596BD4E90402B4
:100E3000520542EA005221F440110A435A6300204D
:100E40000123606684F8613010BD0120FCE773B5B2
:100E500090F860500446012D4FF002050FD0012696
:100E600080F86150069D80F860600095FFF76DFF87
:100E70000020226813683343136002B070BD284617
:100E8000FBE7002373B50193036804461A680D4617
:100E9000D20706D5FFF7BEFC064623685A689107BD
:100EA00012D5DA69596A0A43920606D5FFF7B2FCF1
:100EB000064623685A68D20637D512229A60012363
:100EC000002084F8613019E05A680192019A12F00A
:100ED000210F18D0019A960642BF626E42F00202BC
:100EE0006266019AD50742BF626E42F001026266F5
:100EF00021229A600423012084F86130002384F8C1
:100F0000603002B070BD681CC8D0FFF783FC801B46
:100F1000A84201D8002DC0D1636E032043F0200306
:100F20006366032384F86130E8E75A680192019A06
:100F300012F0290F16D0019A160742BF626E42F0D6
:100F400004026266019A950642BF626E42F0020296
:100F50006266019AD00742BF626E42F00102626689
:100F60002922C6E7691CA5D0FFF754FC801BA842C4
:100F7000D2D8002D9DD1CFE7F0B590F86030024671
:100F8000012B4FF0020032D082F861001C200123B7
:100F900000FB012082F86030836BD0E90B541B0505
:100FA00043EA0443C46B2B4343EA4453A5F10906C7
:100FB000446B012E9ABF04F07F40034343EA04636D
:100FC0001068A9B9446A1949012E01EA040141EAED
:100FD0000301936A4162836103D8536B23F07F431B
:100FE00083620123002082F8613082F86000F0BD46
:100FF0000B2D01BF1C2505FB01252D6C0C4F0CBFD3
:1010000043EA85430B4FC569012E25EA070543EAEC
:101010000503C3614FF01C0303FB01218B6A98BFDA
:1010200024F07F44036198BF0462DAE7F0FFCC004C
:101030000F003FFF0F0033FF41EA0203034318B9DB
:1010400000290CBF104608465840B0F5803F34BF19
:1010500000200120704758B190F8203069B910463F
:1010600082B192F820209A4214BF032000207047DA
:10107000084639B191F82030F1E791F820109942F3
:10108000EDD00220704700002DE9F0470546D2F868
:1010900000E0876881B34FF6FC7900244E46234672
:1010A00020460E4027494FEA8E0A07F10108B8F1A1
:1010B000010841D09E4229D1074609E02968BCF1C8
:1010C000000F13D101EA08030CF1010C013EF5D128
:1010D000296897606FF30F010B43D36053F82E30EC
:1010E0000C4354600BBB0020BDE8F08709EB030400
:1010F000014061581C46E5E70C460B468C464FF60E
:10110000FC7810484FEA8E097E1CDFE7D5F800C056
:1011100018B90CEA09030130C9E70AEB03040CEA29
:10112000010C54F80CC01C46F3E723F003031B0426
:101130001B0C0B431361D6E79E424FF00100D3D145
:10114000C6E700BF0000FFFF38B50446FFF762FBAB
:101150000546002C00F0C681002384F84C300223A1
:10116000226884F85430536943F0060353612368BE
:101170005A69D20700F1AB81D4E90E121143BE4A7D
:10118000934200F03D8102F17042934200F03881B9
:1011900002F180528032934200F0328102F17042BB
:1011A000934200F02D8102F180528032934200F090
:1011B000278102F17042934200F0228102F18052B5
:1011C0008032934200F01C8102F17042934200F0A1
:1011D000178102F180528032934200F0118102F1B6
:1011E0007042934200F00C8102F1805280329342AF
:1011F00000F0068102F17042934200F0018102F199
:1012000080528032934200F0FB8002F170429342A0
:1012100000F0F68002F180528032934200F0F080BC
:1012200002F17042934200F0EB8002F18052803272
:10123000934200F0E58002F17042934200F0E080BA
:1012400002F180528032934200F0DA8002F1704263
:10125000934200F0D58002F180528032934200F038
:10126000CF8002F17042934200F0CA8002F18052B6
:101270008032934200F0C48002F17042934200F049
:10128000BF8002F180528032934200F0B98002F1B7
:101290007042934200F0B48002F180528032934257
:1012A00000F0AE8002F17042934200F0A98002F19A
:1012B00080528032934200F0A38002F17042934248
:1012C00000F09E8002F180528032934200F09880BC
:1012D00002F17042934200F0938002F108228032C2
:1012E000934200F08D8002F17042934200F08880BA
:1012F00002F180528032934200F0828002F170420B
:1013000093427DD002F180528032934278D002F134
:101310007042934274D002F18052803293426FD077
:1013200002F1704293426BD002F1805280329342BC
:1013300066D002F17042934262D002F18052803254
:1013400093425DD002F17042934259D002F1805233
:101350008032934254D002F17042934250D002F155
:101360008052803293424BD002F17042934247D078
:1013700002F180528032934242D002F17042934295
:101380003ED002F180528032934239D002F1704255
:10139000934235D002F180528032934230D002F134
:1013A000704293422CD002F180528032934227D077
:1013B00002F17042934223D002F180528032934274
:1013C0001ED002F1704293421AD002F18052803254
:1013D000934215D002F17042934211D002F1805233
:1013E000803293420CD002F17042934208D002F155
:1013F00080528032934203D002F17042934201D175
:10140000226C11435A6922F443020A435A610022B2
:10141000616C1A6459649A64DA641A65174A9342D3
:1014200049D002F17042934245D002F1805280329D
:10143000934240D002F1704293423CD002F180527C
:101440008032934237D002F17042934233D002F19E
:101450008052803293422ED002F1704293422AD0C1
:1014600002F1C052A2F58C52934224D002F1704294
:10147000934220D004E000BF5000025850160250A2
:1014800002F180528032934215D002F170429342B1
:1014900011D002F18052803293420CD002F170429E
:1014A000934208D002F180528032934203D002F17D
:1014B0007042934202D100225A659A650020D86793
:1014C000A36CA0652365012384F854300BE0FFF77B
:1014D000A1F9401B05287FF64AAE1023A36503231C
:1014E00084F85430012038BD034630B500284AD076
:1014F000416F002947D090F854001A6801285469B8
:10150000C5B203D0022D39D1E00337D593F854008A
:101510000128C4B22CD193F84C0001284FF00200EE
:101520002BD083F8540083F84C4008730020986552
:101530000861506940F4BA405061586E18B1506962
:1015400040F4007050611B6F1BB1536943F40053AA
:1015500053610B68196A180C890723F003034CBF09
:101560000A490B491B041B0C00040B431060D36792
:101570000020536943F00103536130BD40229A6556
:10158000002283F84C200120F7E700BF000001FE95
:10159000000001F870B5002800F0AE80002900F0CE
:1015A000AB80026855060CD5C36A5C0403D4446A58
:1015B000102C00F2A1805B0003D4836A102B00F290
:1015C0009B80C46943692343C46B23430469234359
:1015D00084692343C46E0B60442C04BF43F400436E
:1015E0000B60036F882B02BF0B6843F000430B6056
:1015F00012F0600511D0846BC36A23430C68234347
:10160000846A013C240504F07C742343446A013C51
:10161000240104F47C7423430B604368046B23F4BB
:1016200080739B059B0D2343C468B4F5806F59D12B
:101630000DB143F48063446B456C23434B6045B16B
:10164000846C066C240404F4FE0435432C431C43D0
:101650004C60B0F8686012F002058E601BD0C36C5D
:101660005C1E264B03EA0443046D3343002C446D97
:10167000B8BF43F08053002C846DB8BF43F00053D3
:10168000002CC46DB8BF43F08043002C8B60BCBFFE
:1016900043F000438B60036ECB60436E0B613DB340
:1016A000036D456D002BB8BF5B42154C002DB8BFD4
:1016B0006D42C3F30C0304EA054423434B61836D7D
:1016C000C06D002BB8BF5B4200289BB2B8BF404240
:1016D00043EA00438B61002342F4E062CB610020C7
:1016E0000A6270BDB4F5007F08BF43F40073A2E73F
:1016F0004D6142F4A062F2E70120F2E70000FF072B
:101700000000FF1F2DE9F0430E461546044687B042
:1017100028B122B14369012B05D1042323610120A3
:1017200007B0BDE8F083D0F800804046FFF784FCA6
:1017300008B10523F2E74046FFF78DFC0028ECD105
:101740000223237320612B6A9B074BBF07270527C2
:10175000DFF89090DFF89090B8F1000F13D13EB908
:10176000012325600020A360012320612373D7E7B4
:1017700025F003052D042D0C45EA090526600223FA
:1017800046F82750EEE76EB928F003084FEA0848FC
:101790004FEA184848EA090345F827302560A3684E
:1017A0000133DFE73146204601AA0197FFF76CFCC1
:1017B000B0B94FF6FC70A368039905EA000299429C
:1017C00042EA090209D1636823B1034043EA0903ED
:1017D00045F8273046F82720E1E756F82730F7E7A5
:1017E00006239BE7000001FE000001F8F0B5044667
:1017F00087B018B1056825B902232361012007B01D
:10180000F0BD43681BB19D4221D00423F5E7426936
:10181000012AFAD00222027303612B6A01AA9B07F4
:101820004CBF072605264FF000014CBF094F0A4F59
:101830000196FFF729FC4FF6FC73049A2B403B43BB
:1018400042F82630002323610123656023730020C2
:10185000D5E700BF000001FE000001F870B169B1DA
:1018600090F8543090F85420DBB2022A01D0052BB6
:1018700006D140238365002380F84C300120704757
:101880000B7B022B02D101230B61F7E703682C4A83
:10189000934249D002F17042934245D002F1805206
:1018A0008032934240D002F1704293423CD002F128
:1018B00080528032934237D002F17042934233D04B
:1018C00002F18052803293422ED002F17042934254
:1018D0002AD002F1C052A2F58C52934224D002F1D8
:1018E0007042934220D002F18052803293421BD04A
:1018F00002F17042934217D002F18052803293423B
:1019000012D002F1704293420ED002F18052803226
:10191000934209D002F17042934205D00B681B6AD2
:101920009B0701D50323AFE7026D4B68812A02D1E3
:101930001BB90423A8E7002BFBD1416700207047A7
:101940005016025003681869C0F307407047000042
:101950002DE9F04F00234FF00F0A6D4C0A6832FA60
:1019600003F501D1BDE8F08F012505FA03F919EA65
:10197000020200F0B58003274E684FEA430806F0E4
:10198000030507FA08FE6F1E012F6FEA0E0ED1F84D
:1019900008C031D8876807EA0E0BCF6807FA08F746
:1019A00047EA0B078760476827EA0909C6F300176B
:1019B0009F4047EA09074760C7680CFA08FC07EA36
:1019C0000E074CEA0707022DC7601AD14FEAD30C65
:1019D00000EB8C0C03F00709DCF820704FEA890952
:1019E0000AFA09FB27EA0B0B0F6907FA09F747EA1E
:1019F0000B07CCF8207004E0032DDDD1BCF1010F02
:101A0000DAD1076805FA08F507EA0E073D4316F430
:101A1000403F056064D023F0030707F1AC4707F5AA
:101A2000143703F0030C3D6E4FEACC0C0AFA0CFE9F
:101A300025EA0E0E374DA84254D005F58065A84220
:101A400052D005F58065A84250D005F58065A842C2
:101A50004ED005F58065A8424CD005F58065A842BA
:101A60004AD005F58065A84248D005F58065A842B2
:101A700046D005F5C055A84244D005F58065A8427A
:101A800042D005F58065A84240D005F58065A842A2
:101A900014BF10250B2505FA0CF545EA0E053D6629
:101AA000D743D4F8805016F4803F0CBF3D40154317
:101AB000C4F88050D4F8845016F4003F0CBF3D4069
:101AC0001543C4F88450256816F4801F0CBF3D40B0
:101AD000154325606568B60254BF3D4015436560F7
:101AE00001333BE70025D6E70125D4E70225D2E7FD
:101AF0000325D0E70425CEE70525CCE70625CAE770
:101B00000725C8E70825C6E70925C4E70A25C2E76F
:101B100000500256000002562DE9F04F00224FF00F
:101B2000010A4FF00F084FF0030B514C31FA02F34A
:101B300001D1BDE8F08F0AFA02FC1CEA01067FD051
:101B400022F0030505F1AC4505F5143502F0030755
:101B50002B6EFF0008FA07F909EA030E454B98427D
:101B600070D003F5806398426ED003F5806398428D
:101B70006CD003F5806398426AD003F58063984285
:101B800068D003F58063984266D003F5806398427D
:101B900064D003F58063984262D003F5C053984245
:101BA00060D003F5806398425ED003F5806398426D
:101BB0005CD003F58063984214BF10230B23BB4015
:101BC000734517D1D4F8803023EA0603C4F8803077
:101BD000D4F8843023EA0603C4F88430236823EA67
:101BE00006032360636823EA060363602B6E23EA1F
:101BF00009032B66036856000BFA06F633430360AD
:101C0000D30800EB830302F007051F6AAD0008FA52
:101C100005F527EA05071F62876827EA0607876038
:101C2000476827EA0C074760C76827EA0607C760C6
:101C30001E6C26EA05061E649E6C26EA05059D6458
:101C4000013273E70023BAE70123B8E70223B6E7BE
:101C50000323B4E70423B2E70523B0E70623AEE786
:101C60000723ACE70823AAE70923A8E70A23A6E786
:101C7000005002560000025600690840003818BFA4
:101C8000012070470AB181617047816270474369E2
:101C900001EA030221EA030141EA0241816170473E
:101CA00010B540F201149443036B09D10B4340F289
:101CB000022403639443436B06D10B43436310BD7B
:101CC000D40548BF8B43F2E7920548BF8B43F5E745
:101CD00003689A69910744BF00229A629A69D20701
:101CE0005EBF9A6942F001029A61704730B5039D68
:101CF00004682B4343EA0243064A6068C1F30901C2
:101D00000B4342EA555223F0004320EA020003430A
:101D1000636030BDFF63FF031F4B426B70B59A4297
:101D20000DB201F0010301F002041FD01B4EB242BC
:101D30001CD01B4EB24219D0002DB4BFB8220022D5
:101D40005B4203F0F203134314B143F0F40308E0E1
:101D5000102902D143F0900303E0202901D143F080
:101D6000200301680A6813430B6070BD002DB4BFE7
:101D7000B82200225B4203F0F2031343002CE4D1AB
:101D80001029E7D0202902D143F06003E9E7402978
:101D900008BF43F04003E4E7B92710708D2B1070A3
:101DA0008126107011F0010307D090F8413003F044
:101DB0002803282B14BFF22342238A0709D590F861
:101DC000412002F02802282A0CBF43F0440343F0CC
:101DD000F4030A04016848BF43F0B8030A6822EA22
:101DE00003030B6070472DE9F84305680646AC69AC
:101DF000884614F01004174670D000241023A14622
:101E0000EB613568AB69980662D4B9F1000F34D044
:101E1000012044F00404AB69D90541BF4FF480723E
:101E20000120EA6144F001045A0541BF4FF4806289
:101E3000012044F00804EA619B0551D54FF400737A
:101E400044F00204EB613046FFF742FF6B6801206B
:101E500023F0FF7323F48B3323F4FF7323F0010388
:101E60006B60736C23437364202386F84130002336
:101E700086F8423086F8403034E0B8F1FF3FC1D0F8
:101E8000FEF7C8FCC01B404502D8B8F1000FB8D11E
:101E90003368596896F842209869D2B200040AD58E
:101EA000490408D4202A06D05A6842F480425A6075
:101EB000FEF7B0FC074633689B699D06A1D4FEF788
:101EC000A9FCC01B1928F6D920244FF0010998E776
:101ED000B9F1000F9CD12023EB6199E720469AE7E6
:101EE0000028B0D1BDE8F8832DE9F04104460F4643
:101EF00016461D46DDF8188023689B6937EA030300
:101F00000CBF01230023B34201D0002025E042464C
:101F100029462046FFF767FFF0B96B1CECD0FEF7AF
:101F200079FCA0EB0800A84201D8002DE4D1236879
:101F30009B6937EA03030CBF01230023B342DBD1C3
:101F4000636C43F020036364202384F84130002352
:101F500084F8423084F840300120BDE8F08110B5AB
:101F6000044600284ED090F8413003F0FF021BB920
:101F700080F8402009F0D8FB242384F841302368FE
:101F80001A6822F001021A60626822F070621A6117
:101F90009A6822F400429A60D4E90221012906D10C
:101FA00042F400429A605A6822F4006207E042F468
:101FB000044202299A60F6D15A6842F400625A60DB
:101FC0005A68002042F0007242F400425A60DA6817
:101FD00022F40042DA60D4E904210A43A16942EA0A
:101FE0000122DA60D4E907210A431A601A6842F034
:101FF00001021A602023606484F84130206384F871
:10200000420010BD0120FCE710B5044698B124231E
:10201000026880F84130136823F00103136009F06F
:10202000D1FB0020606484F8400084F84100206304
:1020300084F8420010BD0120FCE70000F7B51D4602
:1020400090F841300446202B089FBDF8246044D10D
:1020500007B12EB94FF400730120636403B0F0BDE3
:102060000368986910F4004037D194F840C0BCF17F
:10207000010F32D04FF0010C84F840C04FF0210C1A
:1020800084F841C04FF0400C208584F842C0606461
:1020900013486685E0621348012DD6B2E16460639F
:1020A000676207BF9E624FF0FF33120A9A62EAB27C
:1020B0004FF0000508BF23650B4B18BF266520466F
:1020C00000934FF08073FFF711FE2046012184F842
:1020D0004050FFF721FE2846C0E70220BEE700BFC0
:1020E0000000FFFFB928107000200080F7B50446FB
:1020F0001D4694F84130089F202BBDF824003ED1A6
:1021000007B128B94FF400730120636403B0F0BD38
:102110002668B36913F4004331D194F840C0BCF190
:10212000010F2CD04FF0010C84F840C04FF0220C6E
:1021300084F841C04FF0400C84F842C06364114BF6
:102140006085E362104B012D6363D3B2E164676283
:1021500007BFB3624FF0FF33120AB262EAB2002542
:1021600023650A4B204600930023FFF7BFFD20465E
:10217000012184F84050FFF7CFFD2846C6E7022032
:10218000C4E700BF0000FFFFB928107000200080E6
:102190002DE9FF471D460023039390F84130044684
:1021A000202B17467AD103689B6913F4004375D13D
:1021B00090F84020012A71D0012280F8402024228A
:1021C000C1F3090646F0007880F8412048F4205811
:1021D00043644346E268012A08BF46F00073226860
:1021E00008BF43F400535360FEF714FB8146226896
:1021F00093699269C3F34013C2F3001213431DD0D5
:1022000023689A6912F0100A38D12B4652462021D1
:102210002046CDF80090FFF767FE28B3636C042BCF
:1022200004D120222368DA61C4F844A0039B01335F
:102230000393039B039BBB42CBD309E06B1CD6D01B
:10224000FEF7E8FAA0EB0900A84201D8002DCED194
:10225000202384F84130636C012043F02003636441
:10226000002384F8403006E020232268D36184F8FC
:10227000413084F8400004B0BDE8F08710222021EE
:10228000DA6120462B460022CDF80090FFF72CFEA5
:102290000028CBD120222368DA61C7E70220EAE7D1
:1022A0000268436B9169126803B118477047704721
:1022B000704738B5002580F8425090F84130212B06
:1022C0004FF0200380F841300AD11123012103632C
:1022D0004563FFF767FD80F84050FFF7E8FF38BD22
:1022E0001223022103634563FFF75CFD80F8405031
:1022F000FFF7DEFFF3E770477047002108B503687A
:102300001A6880F84210510415D51A6822F48042E8
:102310001A6090F84130292B13D1282380F84130DE
:10232000212301210363FFF73DFD002380F84030A6
:10233000FFF7E1FF08BD1204EBD51A6822F4004252
:10234000E6E790F841302A2BF4D1282380F8413079
:10235000222302210363FFF725FD002380F840308C
:10236000FFF7CAFFE6E7704790F84120F8B502F0A2
:102370002802282A036835D19E69C2689D69022A0D
:102380004FEA15459968C6F30046DF6805F0FE057B
:102390001FD185EAD11515F00605C1F309020ED14A
:1023A000816C01318164816C022907D10821856427
:1023B000D96180F840503146FFF7D5FFF8BD4FF4A2
:1023C0000041FFF7EFFC002307F0FE0280F84030E9
:1023D000F1E74FF40041FFF7E5FC00232A4680F8BF
:1023E0004030E8E70822DA61002380F84030E5E772
:1023F0007047000008B5164B2022C3620023036318
:10240000436380F8412080F842304B0712D50368BF
:102410005A6A436A1A70436A01334362038D4BB1AF
:10242000013B0385438D013B9BB24385436C43F0E5
:102430000403436448F20301FFF7B4FC102203686D
:10244000DA61002380F84030FFF7D2FF08BD00BFFB
:102450000000FFFF704770477047704790F84120B9
:1024600008B5602A4FF0000208D1202180F84020F2
:1024700080F841100263FFF7F0FF08BD026380F8A7
:102480004020FFF7E9FFF8E7002270B53D4D90F8D6
:10249000413080F84220C5624285426C283B0A43A5
:1024A000022B044642642AD80321FFF77BFC282331
:1024B00080F84130344BA06B6363236B002841D01C
:1024C000112B01D0212B3DD123681A68510442BF42
:1024D0001A6822F480421A60FEF7F1FB01282CD022
:1024E0002A4BA06BC366002384F84030FEF710FB34
:1024F000002845D0A06BC36EBDE87040184748F275
:102500000301FFF74FFCFFF7E3FB90F84130602B2E
:1025100011D0202380F8413003689A6995060AD5C6
:102520009A69D00605D51022DA61626C42F0040285
:1025300062642022DA610023BDE72046BDE87040D6
:10254000FFF78CBFE06B0028F7D0122B01D0222BB5
:10255000F3D123681A68120442BF1A6822F40042B9
:102560001A60FEF7ACFB0128E7D0084BE06BC366AE
:10257000002384F84030FEF7CBFA08B1E06BBAE7ED
:1025800070BD00BF0000FFFFA72C1070B92D1070A8
:10259000202373B505680446EB6190F841300E4680
:1025A000212B36D10121FFF7FDFB112323636B683B
:1025B000F20623F0FF7323F48B3323F4FF7323F02D
:1025C00001036B604FF000036363A3F58033E362A4
:1025D00005D51023EB61636C43F00403636494F846
:1025E0004130602B05D1730741BF6B6ADBB20193A9
:1025F000019B2046FFF76CFB636C94F84120602A36
:1026000000D07BB12046616C02B0BDE87040FFF79E
:102610003BBF90F84130222BC9D10221FFF7C2FB0A
:102620001223C3E794F84120212A12D1202284F8F2
:102630004120236394F8422084F84030402A84F8F3
:10264000423003D1FFF706FF02B070BDFFF72FFE47
:10265000FAE794F84120222AF6D1202284F841207A
:10266000236394F8422084F84030402A84F84230B2
:1026700002D1FFF7F0FEE7E7FFF71AFEE4E70000FC
:1026800037B590F840300446012B00F08F800123CD
:1026900080F84030CB0612D5D50610D5102203683D
:1026A0002021DA61436C43F004034364FFF734FBF9
:1026B000FFF70EFB002084F8400003B030BD880710
:1026C00008D5930706D52368226D9A624FF0FF3331
:1026D0002365EFE70D0636D5500634D50121204697
:1026E000FFF760FB1021FFF717FB638D9BB233B33D
:1026F000638D9BB2FF2B18D9FF250023E16C258544
:102700002A4600934FF0807389B2FFF7EFFA638D8A
:102710005B1B9BB2638594F841202368222A1A68C8
:1027200039D142F400421A60C4E70023658DE16CA0
:10273000ADB22585EAB200934FF00073E4E7402183
:10274000FFF7A2FEB6E74B0628D5550626D5012190
:102750002046FFF727FB1021FFF7DEFA94F84130FF
:10276000628D222B92B214BF114B124BFF2A09D952
:10277000FF25E16C25852A4600934FF080732046A3
:1027800089B2C2E7658DE16CADB22585EAB20093EE
:102790004FF00073F3E742F48042C4E7880689D51E
:1027A000930687D52046FFF7F3FE83E7022084E7F0
:1027B000002000800024008073B590F8403004466B
:1027C000012B77D0012380F84030CB0612D5D606F6
:1027D00010D5102203682021DA61436C43F0040312
:1027E0004364FFF799FAFFF773FA002084F840007A
:1027F00002B070BD0D0640D550063ED52668336840
:1028000023F040033360638D9BB253B37168638DD3
:10281000C1F309019BB2FF2B18D9FF254FF080733C
:102820002585002220460092EAB2FFF75FFA638D09
:102830005B1B9BB2638594F84130222B33680CBF3D
:1028400043F4004343F480433360CEE7658DE36A8D
:10285000ADB213F5803F0CBF4FF00073E36A2585DE
:10286000DFE773689A0103D42046FFF722FDBCE737
:1028700040212046FFF708FEB7E74B0612D5560663
:1028800010D5638D9BB2002BF2D123685A68950155
:10289000ABD4E26A12F5803FE6D15A6842F4804236
:1028A0005A60A2E78806A0D593069ED52046FFF77A
:1028B0006FFE9AE702209BE773B590F8403004461C
:1028C000012B0D4616467CD0012380F84030CB0604
:1028D00017D5D10615D510220368DA61436C43F091
:1028E00004034364FFF7F4F9AA0605D5B30603D53C
:1028F00029462046FFF74CFE002084F8400002B035
:1029000070BD6A0712D5730710D5236825F004053A
:102910005A6A636A1A70636A01336362238D013BEA
:102920002385638D013B9BB26385DDE7A80710D546
:10293000B1070ED5236D2268013304D1636A13F801
:10294000011B9162E9E7236D93624FF0FF3323652A
:10295000CAE72A061AD5730618D5638D9BB283B1D0
:10296000238D73B9628D92B2FF2A21D9FF22E16CC7
:10297000228500934FF08073204689B2FFF7B6F9A5
:10298000B2E740212046FFF77FFDADE76806ABD5F3
:102990007106A9D501212046FFF704FA0221FFF7AD
:1029A000BBF994F84130222B14BF074B074BD9E7F2
:1029B000628DE16C92B222850093D2B24FF0007327
:1029C000DAE702209BE700BF00200080002400809F
:1029D00020222DE9F04105680446D5F80080C76A39
:1029E00090F841300E46213BEA61092B0CD8DFE814
:1029F00003F0056F0B0B0B0B0B75056F48F2010114
:102A0000FFF7D0F9212323636B68204643F400438A
:102A10006B606B6823F0FF7323F48B3323F4FF7335
:102A200023F001036B60FFF753F918F4804F5BD07C
:102A30002B68A06B23F480432B6030B103689D6C3E
:102A4000FEF780FF0544ADB26585720710D5236897
:102A500026F004065A6A636A1A70636A0133636275
:102A6000238D2BB1013B2385638D013B9BB2638595
:102A7000638D9BB21BB1636C43F004036364F30684
:102A800011D518F0100F0ED0638D9BB2002B45D1DD
:102A900094F84130282B30D1B7F1007F2DD1314649
:102AA0002046FFF7A7FC002384F84230656C63637F
:102AB000002D42D02046616CFFF7E6FC94F84130CF
:102AC000282B4CD131462046BDE8F041FFF792BC9F
:102AD00048F20201FFF766F9222394E748F2030166
:102AE000FFF760F900238EE718F4004FADD02B6894
:102AF000E06B23F400432B609FE794F841202368A8
:102B0000292A4FF01002DA61CDD117F5803FCAD0E3
:102B10002046FFF7DDF8FFF7F0FBC4E7102223683B
:102B2000DA61636C43F00403636437F08073BAD1F5
:102B30002046616CFFF7A8FCB5E7E36A13F5803F18
:102B40000FD02046FFF7D9FB0F4B2046E36220232E
:102B500084F8405084F841302563FFF749FCBDE814
:102B6000F08194F841302046222B4FF0200384F866
:102B7000405084F84130256302D1FFF7BDFBEEE7FA
:102B8000FFF7B9FBEBE700BF0000FFFF2DE9F041C5
:102B900090F840300446012B0E46C76A00F0818051
:102BA00001238D0680F8403008D5930606D5FFF73F
:102BB0000FFF002084F84000BDE8F081F50668D5DD
:102BC000D00666D5C2F3803802F4004555EA080302
:102BD0005BD0E06BC8B145B103689D6CFEF7B2FEF7
:102BE00010FA85F5B5FA85F56D09A06B78B9012D58
:102BF0002BD194F84130282B16D1B7F1007F13D197
:102C000031462046FFF7F6FBD3E70546EDE7B8F17E
:102C1000000FECD00368D3F84880FEF793FE10FA5B
:102C200088F00028E3D1E4E794F841202368292ABA
:102C30004FF01002DA61BCD117F5803FB9D02046C1
:102C4000FFF746F8FFF759FBB3E710222368DA6174
:102C5000636C37F0807243F00403636494F841308E
:102C6000DBB2A6D1213B092B08D8DFE803F0050C25
:102C7000070707070707050C212323632046616C1C
:102C8000FFF702FC95E72223F7E710222368DA61B9
:102C90008FE731078DD513078BD52046FFF764FBEF
:102CA00087E7022088E770B590F840600446012E5F
:102CB0000B46C56A7ED0012680F840608E0607D597
:102CC000960605D5FFF784FE002084F8400070BD0D
:102CD000D90630D5D6062ED5628D92B2E2B994F8D7
:102CE0004120282A07D1B5F1007F04D1194620469A
:102CF000FFF780FBE8E794F841202368292A4FF08A
:102D00001002DA61E0D115F5803FDDD02046FEF7F4
:102D1000DFFFFFF7F2FAD7E710222368DA61636C6E
:102D200043F00403636435F08073CDD12046616CB9
:102D3000FFF7AAFBC8E758071BD5510719D5638DC4
:102D40009BB26BB123685A6A636A1A70636A013373
:102D50006362238D013B2385638D013B9BB26385B9
:102D6000638D9BB2002BAFD115F5803FACD02046D0
:102D7000CFE71E0705D5100703D52046FFF7F4FA65
:102D8000A2E79907A0D593079ED5638D9BB26BB13F
:102D9000636A226813F8011B91626362638D013BD1
:102DA0009BB26385238D013B23858DE735F08073CE
:102DB0008AD1DCE702208AE7C06D836B0BB1002269
:102DC000DA66C36B0BB10022DA66FFF747BB90F8F7
:102DD00041007047406C704710B590F841200346A1
:102DE000202AD4B21CD190F84020012A18D02422E5
:102DF00080F841200268106820F00100106010681F
:102E000020F48050106010680143002011601168A8
:102E100041F00101116083F8414083F8400010BD8A
:102E20000220FCE710B590F841200346202AD4B2D6
:102E30001BD190F84020012A17D0242280F841208D
:102E40000268106820F001001060106820F47060C3
:102E500040EA012100201160116841F00101116078
:102E600083F8414083F8400010BD0220FCE72DE9C3
:102E7000F04F342687B0DDF840C0046806FB0C062E
:102E8000D6F848E0CDE90223756E0CF1010304EB9E
:102E90000323BEF1030FDD634CD80426342707FB60
:102EA0000C00D4F80CC0D0F838B0E768D0F83C80FB
:102EB0000BF10109C7F30B47CCF30B4C4F44C4444F
:102EC00047EA0C471F61476C026C0497E768E468A7
:102ED0000592C4F30B0C541C049AC7F30B0764440B
:102EE000174444EA0744C26D5C61A8EB0B0404FB81
:102EF00006F90192039A006E032A00FB06FC09F111
:102F0000070A45D140F20D16019AB6455A632AD0F8
:102F100040F20D26B64531D04AEA0C429A63DA688F
:102F200022F4807222F0010242F00102DA6007B05E
:102F3000BDE8F08FAEF10407092F4FF00106ADD8C0
:102F400040F29B2906FA07F818EA090F07D1022F69
:102F500007D0082FA2D19E6FC6F382469EE70226B5
:102F60009CE703269AE708F10702A2EB0B0242EA6C
:102F7000004219649A646D08DD64CDE76408029A22
:102F80004008073444EA004419645A649C64F2E738
:102F9000039A3ABB019A571E4F445F6340F20D17E4
:102FA000BE450AD040F20D27BE4510D04AEA0C4279
:102FB0009A63DA6842F48072B6E7013949441964C9
:102FC000073444EA00446D089C64DD64EEE764085D
:102FD0006643029A0139013A314432441964400887
:102FE0005A64EDE7DDE90427A2EB0708039ACCF564
:102FF000004C012A4AEA0C4C31D1019A08F1FF3AFF
:1030000009FB0A275F6340F20D17BE4506D040F268
:103010000D27BE450DD0C3F838C080E74FEA5802EF
:10302000013A09FB02121A64C3F848C06D08DD6456
:10303000F1E7640874434FEA5808400808F1FF3884
:10304000C0F5004004FB08F87043029A073441447D
:10305000424444EA004419645A649C64E6E7019AD5
:10306000571E09FB08775F6340F20D17BE4506D077
:1030700040F20D27BE450DD0C3F838C099E74FEA9E
:103080005808013909FB08111964C3F848C06D08D4
:10309000DD64F1E76408744340084FEA5808C0F55E
:1030A000004004FB08F87043029A0139013A0734E2
:1030B0004244414444EA004419645A649C64DA6C12
:1030C0006FF30F02DA64E2E702684B1C02EB0322A3
:1030D000342303FB0101086D91F8683043EA006373
:1030E00091F8690043EA002391F86A0043EA00433B
:1030F0005362136A23F0FF031362CB6C1362906A6E
:10310000054B03409362906AD1E915310B4300F4FB
:1031100080310B4393627047F8F8FEFF342303FBC2
:1031200001039A6CF0B5D41F042C23D8164ADFF89B
:103130006CC0165D154A164B175D164A1B5D155D72
:10314000154A9B04125D1CF8044001F1010C016852
:103150000720520202EB85323A4403EB853301EB40
:103160000C2102EB46122344C86103EB45134A6766
:103170008B67F0BD062AFCD80368013103EB0121FF
:103180000023CA614B67F3E75CC9107057C9107020
:1031900061C9107052C910704DC9107048C91070C3
:1031A0002DE9F047089F06687C1C06EB0426F468AE
:1031B00004F4807EB46B04F08048342404FB0704DC
:1031C000D4F848C0BCF1030F12D804243425B8F158
:1031D000000F4FD1BEF1000F23D1032405FB0705DB
:1031E0000C60716BE965316C1160726C1A602BE0D8
:1031F000ACF10405092D4FF00104E7D840F29B2AF9
:1032000004FA05F919EA0A0F07D1022D07D0082D93
:10321000DCD1B46FC4F38244D8E70224D6E7032498
:10322000D4E705FB0700D0E90E577D1B04FB05F72B
:10323000716B0131C91BC16540F20D118C4505D080
:1032400040F20D218C4506D0BDE8F087336C013388
:10325000DB1B1360F8E7316C6D08013104FB1511BD
:103260001160726CD0E90E01091A0132490804FBA1
:103270001122BBE7BEF1000F38D14FF0010C05FB66
:103280000705C1F800C0D5E90E10401A00FB04FC88
:10329000D5E91017D6F834E0791A4F1E0CFB17E762
:1032A00040F20D1EEF65AF6C774519D040F20D2C42
:1032B0006745C9D14908400801394143376C04FBCF
:1032C00011711160D5E91012521A5208D5E90E5148
:1032D000491B013A49084A43706C04FB120285E716
:1032E000336C490801390CFB1133B2E74FF0020C83
:1032F00005FB0700C1F800C0D6F834E0D0E90E5154
:10330000491BD0E91075EF1B0EF1010540F20D1EAF
:1033100001FB04FC07FB1C55C565856C754519D080
:1033200040F20D2C65458FD149087F087943356CF3
:10333000013504FB11511160D0E90E52521BD0E946
:103340001005281A520840084243716C013104FBF1
:1033500012124BE7336C7F0801330CFB173378E70D
:1033600038B50446002853D090F8A13003F0FF028E
:103370001BB980F8A02008F045FA022384F8A13098
:1033800023689A6922F070429A61D4E901200243CD
:10339000E06899690243206902430A439A61D4E9CB
:1033A000051242EA01429A60D4E9071242EA014258
:1033B000DA60D4E9091242EA01421A61D4E90B1237
:1033C00042EA01425A61DA6A94F8350002F07F421B
:1033D00094F83610DA62DD6A94F834202A4342EA1F
:1033E000002242EA0142DA620422C3F80821C3F84B
:1033F00008225A6E002042F044025A669A6942F04E
:1034000001029A610123C4F8A40084F8A13038BDF8
:103410000120FCE738B5044660B30368D3F80C21FB
:1034200022F00102C3F80C21D3F80C2222F0010291
:10343000C3F80C225A6A42F002025A62FDF7EAF916
:10344000054623689B6C5B0704D4FDF7E3F9401B3A
:103450006428F6D922682046936923F0010393611A
:1034600008F05EFA0020C4F8A40084F8A00084F8F4
:10347000A10038BD0120FCE7F7B590F8A030064662
:10348000012B0D4617464FF002002CD0342404FBCC
:10349000026486F8A10038340FCD0FC40FCD0FC4DD
:1034A0000FCD0FC42B68394623603046FFF736FE38
:1034B00039463046FFF708FE002234687B1C04EBD7
:1034C0000324236B304623F00803236311460323B0
:1034D0000097FFF7CCFC05230020A360012386F8AA
:1034E000A00086F8A13003B0F0BDF0B5002690F83A
:1034F000A03087B0012B04460F4615464FF002035B
:10350000CDE90366059620D080F8A13005A9009288
:1035100004AB03AAFFF744FE342303FB0543324602
:10352000DF652046059B00953146FFF7A0FC05228C
:103530002368013503EB05239A600123304684F8A4
:10354000A13084F8A06007B0F0BD1846FBE700008A
:1035500011F0200F10B50D4B0DD01A6F01F02201A4
:1035600002431A6722295A6F01D1024301E022EA7D
:1035700000025A6710BDC4431A6F01F011012240C6
:103580001A6711295A6FF0D02240F2E7004802561C
:10359000042829D8DFE800F0030B12192100134A90
:1035A000D36B23F0807343EA0163D36370470F4A00
:1035B000D36B23F0007343EA4163F6E70B4AD36B06
:1035C00023F0806343EA8163EFE7084A536B23F0FB
:1035D000807343EA016353637047044A936B23F09B
:1035E000807343EA01639363704700BF004802564B
:1035F000024AD36B43F48073D3637047004802568A
:10360000024AD36B43F40073D363704700480256F9
:10361000024A536B43F48073536370470048025669
:10362000024A936B43F480739363704700480256D9
:10363000024B5868C0F3C000704700BF00800256BC
:10364000024B5868C0F38000704700BF00800256EC
:10365000024B5868C0F30020704700BF008002563C
:1036600070B50B691B4D8E68040162591B0243EA59
:1036700006534E6822F00C4222F0FF0233439A4276
:1036800026D1154BCA68E35823F07F4393421FD1DC
:10369000124BE258D1E905631B0602F07C5243EA63
:1036A000C6639A4214D10E4B5A684FF4807303FAE2
:1036B00000F090430AD0635913F0006F0CBF012350
:1036C00003230868C01A18BF012070BD0223F8E761
:1036D0000120FAE7808002568480025688800256D4
:1036E000008002560B682DE9F047022B02460E4679
:1036F0005C4F5D4D4FEA001460D14FF480785B4B16
:1037000008FA00F8C3F80080FDF784F88146DFF876
:1037100068A1DAF8043038EA030340D06359544909
:1037200043F004036351E35923F00063E351336929
:10373000B2681B0243EA02537268E05913434D4AD0
:1037400002401343E3516259D6E905031B0622F0F8
:103750007C5243EAC063134363516358F26803F039
:103760007F4313436350635923F008036351F368A5
:103770001BB1635943F00A036351635943F080431B
:1037800043F0010363513C4DC5F80088FDF742F852
:1037900004466B6818EA030F0AD0002006E0FDF724
:1037A00039F8A0EB09000128B3D90320BDE8F08760
:1037B000FDF730F8001B0128EBD9F6E7032B32D1D7
:1037C0004B68B3F1805F08D0B3F1005F08D05BB9FC
:1037D000FFF72EFF40B90120E8E7FFF731FFF9E7D7
:1037E000254B5B68DB06F6D54FF480751F4B954083
:1037F0001D60FDF70FF88046DFF87C90D9F80430A3
:1038000035EA030308D0E359726823F0F043134309
:1038100043F00063E351C0E7FCF7FCFFA0EB0800B6
:103820000128EBD9C1E7012BB7D16359DFF84880F4
:1038300023F0804363514FF480750C4B85401D602D
:10384000FCF7E8FF0646D8F8043035EA030303D056
:10385000E35923F00063DDE7FCF7DCFF801B012860
:10386000F1D9A2E780800256888002560090025665
:1038700084800256FF00008C0080025670B54FF421
:103880008074094E8440C6F80048FCF7C3FF054623
:1038900073681C4201D0002070BDFCF7BBFF401BC9
:1038A0000128F5D90320F7E70080025610B50C4631
:1038B00019490A6A02F04052B2F1005F27D006D8D7
:1038C00052B98B6C1548C3F3C113D84010BDB2F187
:1038D000405F06D00020F9E74B6C9B0519D51048D6
:1038E000F4E7B0F1005F0FD005D850B902F07EF8D0
:1038F000B0FBF4F0EAE7B0F1405FEBD102F036F94B
:10390000F6E702F0B3F8F3E702F0F0F8F0E7054865
:10391000DCE70548DAE700BF008002560090D003DC
:103920000024F400006CDC0200093D002DE9F74F93
:10393000044618B9012003B0BDE8F08FAB4B1F6AF5
:103940001E6AD3F8802007F4401702F0E04BD3F84A
:10395000902006F0405602F0E04AD3F8A02002F092
:10396000E049D3F8B0205D68036802F0E048DB0767
:1039700000F1E5802368980700F14B812368DB069E
:1039800026D5B7F5801FE36918D0B6F1805F15D052
:10399000BBF1805F01D1E80510D4BAF1805F01D19D
:1039A000A9050BD4B9F1805F01D16A0506D4B8F13D
:1039B000805F40F07B812D0540F17881002BB9D0EC
:1039C0008A4A616A536C23F4F81343EA014353644F
:1039D0002368180700F194812368590700F1B78123
:1039E000A56A002D40F00C82656C9DB3012004F1A6
:1039F0004401FFF735FE7D4B01285A6840F03982BB
:103A0000B7F5401FD3F8C450D3F8C800D3F8D82076
:103A1000D3F8EC3004D105F04055B5F1805F89D082
:103A2000B6F1405F10D100F04050B0F1805F81D01E
:103A300002F04052B2F1805F3FF47CAF03F040539C
:103A4000B3F1805F3FF476AF0120FFF74BFE002813
:103A50007FF470AF256EBDB3022004F16001FFF763
:103A6000FFFD0246FFF7F4FD012A40F00C825F4B98
:103A7000B7F5401FD3F8C450D3F8C800D3F8D82006
:103A8000D3F8EC3005D105F04055B5F1005F3FF4B7
:103A900051AFB6F1405F11D100F04050B0F1005F7E
:103AA0003FF448AF02F04052B2F1005F3FF442AF42
:103AB00003F04053B3F1005F3FF43CAF0220FFF747
:103AC00011FE00287FF436AFE56F002D00F0E58190
:103AD000032004F17C01FFF7C3FD444B01285A6821
:103AE00040F0E481B7F5401FD3F8C450D3F8C800C4
:103AF000D3F8D820D3F8EC3005D105F04055B5F116
:103B0000405F3FF417AFB6F1405F11D100F0405075
:103B1000B0F1405F3FF40EAF02F04052B2F1405FAF
:103B20003FF408AF03F04053B3F1405F3FF402AFFE
:103B30000320FFF7D7FD003818BF0120FBE6B7F5DB
:103B4000001F426816D0B6F1005F13D0BBF1005FD2
:103B500001D1E9050ED4BAF1005F01D1AB0509D45A
:103B6000B9F1005F01D1680504D4B8F1005F05D157
:103B7000290503D5002A7FF4FDAEDBE6102A1B4B96
:103B800015D1C3F80028FCF745FE63680190002BAF
:103B900032D0164B5A68D3063FF5ECAEFCF73AFE2E
:103BA000019BC01A6428114BF4D90320C3E63AB92B
:103BB00010210F4A11605A6D22F4C0325A65E2E7B3
:103BC00048F210018A4209D15A6D42F400425A6506
:103BD0005A6D22F480325A651022D2E705498A4292
:103BE000E6D15A6D42F4C032F5E700BF00800256BC
:103BF0000090025610800100A94B5A68D0067FF54C
:103C0000B9AEFCF707FE019BC01A6428A44BF4D997
:103C1000CBE7E268A7B19EB1BBF1000F01D1E90586
:103C20000ED4BAF1000F01D1AB0509D4B9F1000FE0
:103C300001D1680504D4B8F1000F13D1290511D5BD
:103C4000002A3FF477AE964A2169936C23F4C0733F
:103C50000B439364936C616923F4FE0343EA0143CD
:103C600093648BE6082382B18D4AC2F80038FCF7D2
:103C7000D1FD0190FFF7DCFC0028E4D1FCF7CAFD80
:103C8000019BC01A0128F5D98FE7864A1360FCF71B
:103C9000C1FD0190FFF7CCFC00283FF46FAEFCF7AC
:103CA000B9FD019BC01A0128F4D97EE7BBB17C4A5B
:103CB000216A536C23F400730B4353640423C2F84A
:103CC0000038FCF7A7FD0546FFF7BAFC00287FF493
:103CD00077AEFCF79FFD401B0128F5D965E704226C
:103CE000704B1A60FCF796FD0546FFF7A9FC00280B
:103CF0003FF46EAEFCF78EFD401B0128F5D954E76A
:103D0000A26901238AB1DFF89881C8F80038FCF76E
:103D100081FD0546D8F80430DA073FF55DAEFCF7C3
:103D200079FD401B0128F5D93FE75E4ADFF8708135
:103D30001360FCF76FFD0546D8F80430DB077FF50C
:103D40004BAEFCF767FD401B0128F5D92DE7A368B2
:103D5000534D022B13D1C5F80038FCF75BFD41F23F
:103D600088380546DFF83891D9F8043098073FF5D0
:103D700037AEFCF74FFD431B4345F5D915E7D3B9E3
:103D80000222484B41F288391A602B6C23F48033AD
:103D90002B642B6C23F400432B64FCF73BFD804623
:103DA0006B6899077FF51CAEFCF734FDA0EB0803A8
:103DB0004B45F5D9F9E648F20202934209D12B6C42
:103DC00043F400432B642B6C23F480332B640223D5
:103DD000C1E7354A934207D12B6C43F400432B646F
:103DE0002B6C43F48033F1E702222E4B1A602B6CCC
:103DF00023F400432B642B6C23F480332B64ACE757
:103E0000002004F12801FFF72BFC0246FFF720FCFD
:103E1000012A25D1224BB7F5401FD3F8C450D3F85F
:103E2000C800D3F8D820D3F8EC3003D115F0405FA8
:103E30003FF480ADB6F1405F0BD110F0405F3FF42E
:103E400079AD12F0405F3FF475AD13F0405F3FF481
:103E500071AD0020FFF746FC00283FF4C5AD69E5D1
:103E6000022D7FF4C1AD00287FF4BEADFFF706FD43
:103E7000F2E7022D7FF4EEAD92053FF5EBAD0120A8
:103E8000FFF7FCFCE3E5022D7FF41EAE00287FF473
:103E90001BAE2846FFF7F2FC13E600204BE500BFFF
:103EA000008002560090025602800100022DF4D1DB
:103EB0001305F2D40320FFF7E1FC3CE6054BD3F8F1
:103EC000C800D3F8C81000F04050C1F307410131D9
:103ED000FFF7ECBC00800256024A536D23F040030A
:103EE0005365704700800256024A536D43F0400309
:103EF0005365704700800256024B586DC0F3801026
:103F0000704700BF00800256024B5868C0F3001093
:103F1000704700BF00800256024B5868C0F3C000D3
:103F2000704700BF00800256024B5868C0F3800003
:103F3000704700BF00800256024B5868C0F3400033
:103F4000704700BF00800256074930B5C4B2C0F3C5
:103F500004256358020EAA40C0F3074023EA020377
:103F6000A8400343635030BD44810256054BC2B2A2
:103F7000D158C0F30422030E93400B40D34040EAD3
:103F80000340704744810256024BD3F84002C0F30D
:103F90008010704700800256034BD3F8DC00C0F35A
:103FA00007400130704700BF00800256024BD3F833
:103FB0004002C0F3C010704700800256034BD3F894
:103FC000E000C0F307400130704700BF0080025698
:103FD000024BD3F84002C0F3002070470080025625
:103FE000034BD3F8E400C0F307400130704700BF33
:103FF00000800256024BD3F84002C0F340307047B5
:1040000000800256034BD3F8F800C0F3074001309C
:10401000704700BF00800256024BD3F84002C0F345
:104020008030704700800256034BD3F8FC00C0F389
:1040300007400130704700BF00800256024B5B6AA8
:10404000C3F30253D840704700800256B0F1005FBE
:1040500008B51AD00AD870B9FFF75EFF48B1104B07
:1040600010489B6CC3F3C113D84003E0B0F1405F2C
:1040700011D0002008BDFFF757FF0028F9D0084BEA
:104080005B6C9B0509D40848F4E7FFF73DFF002867
:10409000EFD00648EEE70648ECE70648EAE700BF3F
:1040A000008002560090D00300093D00006CDC0245
:1040B0000080BB000024F40007EE102A06EE103A40
:1040C00007EE900AB8EEC66ADFED105AB8EEC77A6E
:1040D00006EE901AA6EE257AF8EEE77A67EE877A72
:1040E000B8EEE67A87EE876ADDED007AF8EEE77AD9
:1040F000C6EE276ADDED017AF8EEE77A86EEA77A5A
:10410000FCEEC77A17EE900A704700BF00008033BC
:1041100003682DE9F041190104462BD52A4BD0F84C
:104120008811D3F85C3113F4407336D1B1F5807F38
:1041300008D1FCF76FFB41F288360546FFF7FCFE1D
:10414000002839D0D4F888311F4A03F44070B0F504
:10415000407F08D1D2F85C1123F4407321F47C3104
:104160000B43C2F85C31D2F85C3123F44073034353
:10417000C2F85C314FF00008D4E900566B0740D517
:10418000D4F8B810104BCA1E042A32D8DFE812F057
:10419000CC062000A806BA06F60601F440729A4240
:1041A000C4D00A4BDA6A42F00102DA62DB6ADA074B
:1041B000BCD44FF00108DFE7FCF72CFB401BB042FA
:1041C000BCD94FF00308D7E70080025600480256DA
:1041D000D3F8D420E06AA76A22F0435222F47C127A
:1041E00001383A4342EA0042C3F8D4201022C3F80F
:1041F000402AC54AD2F85C3123F007030B43C2F8CA
:104200005C31770219D5D4F8AC00C04B984240F02D
:10421000C986BD4AE169D2F8CC30A76923F043537F
:1042200023F47C1301393B4343EA0143C2F8CC3009
:104230000423C2F8403AFFF787FE300219D5D4F8BC
:10424000B000B34B984240F0CB86AF4AE169D2F858
:10425000CC30A76923F0435323F47C1301393B434B
:1042600043EA0143C2F8CC300423C2F8403AFFF7D6
:104270006BFEF10119D5D4F8B400A64B984240F07A
:10428000CD86A14AE169D2F8CC30A76923F0435327
:1042900023F47C1301393B4343EA0143C2F8CC3099
:1042A0000423C2F8403AFFF74FFE2A051ED5D4F882
:1042B000A810954A202940F0CF86D2F8CC30E0698A
:1042C000A76923F0435323F47C1301383B4343EAAB
:1042D0000043C2F8CC300423C2F8403A8A4AD2F8EC
:1042E0004C3123F030030B43C2F84C316B0019D52D
:1042F000D4F82C01884B984240F0C886824A616A03
:10430000D2F8D030276A23F0435323F47C130139C9
:104310003B4343EA0143C2F8D0300823C2F8403A95
:10432000FFF712FE002D19DAD4F830017B4B9842CA
:1043300040F0CA86744A616AD2F8D030276A23F006
:10434000435323F47C1301393B4343EA0143C2F84E
:10435000D0300823C2F8403AFFF7F6FDEF0725D525
:10436000D4F8BC206849202A40F0CC86D1F8DC3053
:10437000E06BA76B23F0435323F47C1301383B43DA
:1043800043EA0043C1F8DC304023C1F8403A5E48BC
:10439000D4F8C010D0F84431013923F47F4323F01E
:1043A0007003134343EA0123C0F84431A8071ED524
:1043B000D4F8C410544A022940F0BE86D2F8DC304A
:1043C000E06BA76B23F0435323F47C1301383B438A
:1043D00043EA0043C2F8DC304023C2F8403A4A4A7C
:1043E000D2F8443123F007030B43C2F844312907C4
:1043F00014D5454AD4F89410D2F80831D4F8900076
:1044000023F0435323F47C130139034343EA01436C
:10441000C2F808314FF40033C2F8403AEA0622D518
:10442000D4F8C810384AB1F5001F40F09F86D2F882
:104430000431D4F88C00D4F8887023F0435323F46B
:104440007C1301383B4343EA0043C2F804314FF484
:104450008033C2F8403A2C4AD2F8443123F4401356
:104460000B43C2F84431AB0620D5D4F8CC10264A11
:10447000B1F5005F40F08286D2F8F030606E276EB2
:1044800023F0435323F47C1301383B4343EA0043B6
:10449000C2F8F0304FF40063C2F8403A1A4AD2F83A
:1044A000483123F440530B43C2F848316F0609D515
:1044B000154AD4F8D010D2F8483123F4E0230B4346
:1044C000C2F84831280609D50F4AD4F8D410D2F8DA
:1044D000483123F480130B43C2F84831E90509D56C
:1044E000094AD4F8D810D2F8483123F080730B432E
:1044F000C2F84831AA0532D5D4F8DC10024A0229A4
:1045000040F044860CE000BF008002561400020315
:1045100014040203140802031C0002031C04020317
:10452000D2F8F430E06EA76E23F0435323F47C13EB
:1045300001383B4343EA0043C2F8F4304FF4805360
:10454000C2F8403AC948D4F8E020D0F84831013ADE
:1045500023F0F3030B4343EA0213C0F848316B0521
:1045600021D5D4F8E410C14A022940F01686D2F8C9
:104570000C31D4F89C00D4F8987023F0435323F402
:104580007C1301383B4343EA0043C2F80C314FF43B
:104590008023C2F8403AB54AD2F84C3123F00303E5
:1045A0000B43C2F84C31EF041AD5D4F8E800B04BF5
:1045B000984240F0F985AD4A616DD2F8E830276D38
:1045C00023F0435323F47C1301393B4343EA014373
:1045D000C2F8E8304FF40073C2F8403AFFF7B4FC79
:1045E000A8041AD5D4F8EC00A24B984240F0FB8501
:1045F0009E4A616DD2F8E830276D23F0435323F4CF
:104600007C1301393B4343EA0143C2F8E8304FF4DD
:104610000073C2F8403AFFF797FC69041AD5D4F842
:10462000F000954B984240F0FD85904A616DD2F8BC
:10463000E830276D23F0435323F47C1301393B43C7
:1046400043EA0143C2F8E8304FF40073C2F8403A3D
:10465000FFF77AFC2A041AD5D4F8F400874B984265
:1046600040F0FF85814A616DD2F8E830276D23F074
:10467000435323F47C1301393B4343EA0143C2F81B
:10468000E8304FF40073C2F8403AFFF75DFCEB03EB
:104690001AD5D4F8F8007A4B984240F02786734A2E
:1046A000616DD2F8E830276D23F0435323F47C1377
:1046B00001393B4343EA0143C2F8E8304FF4007349
:1046C000C2F8403AFFF740FCAF031AD5D4F8FC001B
:1046D0006C4B984240F02986644A616DD2F8E8300C
:1046E000276D23F0435323F47C1301393B4343EA02
:1046F0000143C2F8E8304FF40073C2F8403AFFF7C4
:1047000023FC68031AD5D4F800015F4B984240F0AF
:104710002B86564AE16FD2F8FC30A76F23F0435343
:1047200023F47C1301393B4343EA0143C2F8FC30D4
:104730004FF48043C2F8403AFFF706FC29031AD52C
:10474000D4F80401514B984240F01786474AE16F74
:10475000D2F8FC30A76F23F0435323F47C130139C4
:104760003B4343EA0143C2F8FC304FF48043C2F8B4
:10477000403AFFF7E9FBEA021AD5D4F80801444BA6
:10478000984240F00386394AE16FD2F8FC30A76FB7
:1047900023F0435323F47C1301393B4343EA0143A1
:1047A000C2F8FC304FF48043C2F8403AFFF7CCFB2C
:1047B000AB021AD5D4F80C01364B984240F0EF8585
:1047C0002A4AE16FD2F8FC30A76F23F0435323F459
:1047D0007C1301393B4343EA0143C2F8FC304FF4F8
:1047E0008043C2F8403AFFF7AFFB6F021AD5D4F806
:1047F0001001294B984240F0DB851C4AE16FD2F84A
:10480000FC30A76F23F0435323F47C1301393B435F
:1048100043EA0143C2F8FC304FF48043C2F8403A07
:10482000FFF792FB280239D5D4F814110F4AB1F5DD
:10483000007F40F0C685D2F8E430E06CA76C23F02E
:10484000435323F47C1301383B4343EA0043C2F84B
:10485000E4304FF48073C2F8403A044AD2F8783119
:1048600023F4E0630B43C2F8783117E0008002566E
:104870000C0002070C0402070C0802070C0C0207CC
:104880000C1002070C1402072C0802072C0C02075C
:104890002C1002072C1402072C180207E90122D55C
:1048A000D4F81811C94AB1F1007F40F0A785D2F8B9
:1048B0000031D4F88400D4F8807023F0435323F4FB
:1048C0007C1301383B4343EA0043C2F800314FF404
:1048D0000043C2F8403ABD4AD2F8503123F0407349
:1048E0000B43C2F85031AA011FD5D4F81C11B74AA6
:1048F000B1F5003F40F08A85D2F8DC30E06BA76B61
:1049000023F0435323F47C1301383B4343EA004331
:10491000C2F8DC304023C2F8403AAC4AD2F85431F5
:1049200023F4E0230B43C2F854316B0121D5D4F8B2
:104930002011A64A202940F08585D2F81031D4F8FC
:10494000A400D4F8A07023F0435323F47C1301385F
:104950003B4343EA0043C2F810314FF40023C2F84E
:10496000403A9A4AD2F85C3123F030030B43C2F844
:104970005C31EF0019D5D4F82401954B984240F0F2
:104980006885924AE16BD2F8DC30A76B23F0435381
:1049900023F47C1301393B4343EA0143C2F8DC3082
:1049A0004023C2F8403AFFF7CFFAAD0019D5D4F84A
:1049B0002801884B984240F06A85844AE16BD2F81E
:1049C000DC30A56B23F0435323F47C1301392B43D4
:1049D00043EA0143C2F8DC304023C2F8403AFFF713
:1049E000B3FAF0071ED5D4F84C11784A022940F0EA
:1049F0006C85D2F8DC30E06BA56B23F0435323F4D5
:104A00007C1301382B4343EA0043C2F8DC304023D7
:104A1000C2F8403A6D4AD2F8643123F007030B43E1
:104A2000C2F86431B10719D5D4F834016A4B984201
:104A300040F06585654A616CD2F8E030256C23F062
:104A4000435323F47C1301392B4343EA0143C2F857
:104A5000E0308023C2F8403AFFF776FA720719D5A2
:104A6000D4F838015D4B984240F06885574A616C34
:104A7000D2F8E030256C23F0435323F47C13013942
:104A80002B4343EA0143C2F8E0308023C2F8403AA6
:104A9000FFF75AFA330719D5D4F83C01504B984226
:104AA00040F06B85494A616CD2F8E030256C23F008
:104AB000435323F47C1301392B4343EA0143C2F8E7
:104AC000E0308023C2F8403AFFF73EFAF7061AD5E5
:104AD000D4F84001434B984240F096853B4AE16C44
:104AE000D2F8E430A56C23F0435323F47C1301394E
:104AF0002B4343EA0143C2F8E4304FF48073C2F819
:104B0000403AFFF721FAB5061AD5D4F84401364BDE
:104B1000984240F098852D4AE16CD2F8E430A56CBB
:104B200023F0435323F47C1301392B4343EA01431D
:104B3000C2F8E4304FF48073C2F8403AFFF704FA49
:104B4000700619D5D4F84801284B984240F09A8550
:104B50001E4A616CD2F8E030256C23F0435323F4F5
:104B60007C1301392B4343EA0143C2F8E030802330
:104B7000C2F8403AFFF7E8F9F1051AD5D4F8500128
:104B80001B4B984240F09D85104AE16CD2F8E4300E
:104B9000A56C23F0435323F47C1301392B4343EAE0
:104BA0000143C2F8E4304FF48073C2F8403AFFF793
:104BB000CBF9B20531D5D4F854010E4B984240F0F0
:104BC0009F85024AE16CD2F8E43015E0008002567D
:104BD0001814020718180207200402072008020709
:104BE000200C0207201002072014020720180207D9
:104BF0003000020730040207A56C23F0435323F46E
:104C00007C1301392B4343EA0143C2F8E4304FF4EB
:104C10008073C2F8403AFFF797F973051AD5D4F8B4
:104C20005801CB4B984240F08A85CA4AE16CD2F8D1
:104C3000E430A56C23F0435323F47C1301392B4358
:104C400043EA0143C2F8E4304FF48073C2F8403ABB
:104C5000FFF77AF937051AD5D4F85C01BE4B9842B4
:104C600040F08C85BB4AE16CD2F8E430A56C23F0AF
:104C7000435323F47C1301392B4343EA0143C2F825
:104C8000E4304FF48073C2F8403AFFF75DF9F50461
:104C90001AD5D4F86001B14B984240F08E85AD4AE8
:104CA000E16CD2F8E430A56C23F0435323F47C1379
:104CB00001392B4343EA0143C2F8E4304FF48073D7
:104CC000C2F8403AFFF740F9B0041AD5D4F86401AD
:104CD000A34B984240F090859E4AE16CD2F8E430B4
:104CE000A56C23F0435323F47C1301392B4343EA8F
:104CF0000143C2F8E4304FF48073C2F8403AFFF742
:104D000023F971041AD5D4F86801964B984240F003
:104D10009285904AE16CD2F8E430A56C23F04353BD
:104D200023F47C1301392B4343EA0143C2F8E430F6
:104D30004FF48073C2F8403AFFF706F932041AD5EF
:104D4000D4F86C01884B984240F09485814AE16C1C
:104D5000D2F8E430A56C23F0435323F47C130139DB
:104D60002B4343EA0143C2F8E4304FF48073C2F8A6
:104D7000403AFFF7E9F8F3031AD5D4F870017B4BFA
:104D8000984240F09685734AE16CD2F8E430A56C05
:104D900023F0435323F47C1301392B4343EA0143AB
:104DA000C2F8E4304FF48073C2F8403AFFF7CCF811
:104DB000B7031AD5D4F874016D4B984240F0CA85F8
:104DC000644AE16CD2F8E430A56C23F0435323F439
:104DD0007C1301392B4343EA0143C2F8E4304FF41A
:104DE0008073C2F8403AFFF7AFF8750323D5D4F8C3
:104DF0007801604B984240F0CC85564AE16FD2F87A
:104E0000FC30A56F23F0435323F47C1301392B436B
:104E100043EA0143C2F8FC304FF48043C2F8403A01
:104E200020F00040FFF790F8D4F87831002B80F2A2
:104E3000B985FFF759F8F00223D5D4F880014E4B1D
:104E4000984240F0B385434AE16FD2F8FC30A56F39
:104E500023F0435323F47C1301392B4343EA0143EA
:104E6000C2F8FC304FF48043C2F8403A20F00040D2
:104E7000FFF76AF8D4F88031002B80F2A085FFF7A5
:104E800033F831030CD5D4F87C0120F00040FFF753
:104E90005BF8D4F87C31002B80F29585FFF724F87D
:104EA000B2020CD5D4F8840120F00040FFF74CF892
:104EB000D4F88431002B80F28A85FFF715F8330689
:104EC00008D5244AD4F88C11536A23F0407343EA7E
:104ED00001635362B8F1000018BF0120BDE8F08102
:104EE000D3F8E820606D276D22F0435222F47C1243
:104EF00001383A4342EA0042C3F8E8204FF4007216
:104F0000FFF775B9D3F8FC20E06FA76F22F043528A
:104F100022F47C1201383A4342EA0042C3F8FC20F2
:104F20004FF48042FFF763B9D3F80C21D4F89C000A
:104F3000D4F8987022F0435222F47C1201383A439C
:104F400042EA0042C3F80C214FF48022FFF74FB928
:104F50003008020700800256300C020730100207AA
:104F60003014020730180207301C02073400020711
:104F700034040207140C020314140203D3F81021A2
:104F8000D4F8A400D4F8A07022F0435222F47C128A
:104F900001383A4342EA0042C3F810214FF400229C
:104FA000FFF725B9BE4B984211D1BE4A616AD2F8CB
:104FB000D030276A23F0435323F47C1301393B4359
:104FC00043EA0143C2F8D0300823FFF732B9B64BA9
:104FD000984202BF4022B34BC3F8482AFFF72BB9CF
:104FE000B24B984211D1AF4A616AD2F8D030276AE9
:104FF00023F0435323F47C1301393B4343EA014339
:10500000C2F8D0300823FFF730B9A94B984202BF4D
:105010004022A44BC3F8482AFFF729B9A54B984270
:1050200011D1A04A616AD2F8D030276A23F04353E5
:1050300023F47C1301393B4343EA0143C2F8D030E7
:105040000823FFF72EB99C4B984202BF4022954B94
:10505000C3F8482AFFF727B9302910D1D2F8D03049
:10506000606A276A23F0435323F47C1301383B43DF
:1050700043EA0043C2F8D0300823FFF72DB91029C6
:1050800004BF4023C2F8483AFFF728B98B4B984237
:1050900011D1844AE16AD2F8D430A76A23F043538D
:1050A00023F47C1301393B4343EA0143C2F8D43073
:1050B0001023FFF733B9824B984202BF4022794B4D
:1050C000C3F8482AFFF72CB97E4B984211D1754A94
:1050D000E16AD2F8D430A76A23F0435323F47C1357
:1050E00001393B4343EA0143C2F8D4301023FFF7B0
:1050F00031B9754B984202BF40226A4BC3F8482A27
:10510000FFF72AB9302A10D1D1F8E030606C276C53
:1051100023F0435323F47C1301383B4343EA004319
:10512000C1F8E0308023FFF730B9102A04BF4023D4
:10513000C1F8483AFFF72BB9032910D1D2F8E03073
:10514000606C276C23F0435323F47C1301383B43FA
:1051500043EA0043C2F8E0308023FFF73EB901295B
:1051600004BF4023C2F8483AFFF739B9B1F5801FB0
:1051700004BF4023C2F8483AFFF76DB9B1F5805F2C
:1051800004BF4023C2F8483AFFF788B9012904BF99
:105190004023C2F8483AFFF7D5B9012904BF40239C
:1051A000C2F8483AFFF7F7B9484B984212D13D4A46
:1051B000E16FD2F8FC30A76F23F0435323F47C1344
:1051C00001393B4343EA0143C2F8FC304FF48043CA
:1051D000FFF702BA3E4B984202BF4022314BC3F860
:1051E000482AFFF7FBB93B4B984212D12D4AE16F99
:1051F000D2F8FC30A76F23F0435323F47C1301391A
:105200003B4343EA0143C2F8FC304FF48043FFF7CD
:1052100000BA314B984202BF4022224BC3F8482AC1
:10522000FFF7F9B92D4B984212D11E4AE16FD2F81F
:10523000FC30A76F23F0435323F47C1301393B4325
:1052400043EA0143C2F8FC304FF48043FFF7FEB954
:10525000234B984202BF4022124BC3F8482AFFF763
:10526000F7B9204B984212D10E4AE16FD2F8FC30C8
:10527000A76F23F0435323F47C1301393B4343EAE4
:105280000143C2F8FC304FF48043FFF7FCB9164BE2
:10529000984202BF4022034BC3F8482AFFF7F5B9F2
:1052A00014000303008002561400010314040303D6
:1052B0001404010314080303140801031C0003036E
:1052C0001C0001031C0403031C0401030C0003075E
:1052D0000C0001070C0403070C0401070C0803076A
:1052E0000C0801070C0C03070C0C0107B24B984289
:1052F00012D1B24AE16FD2F8FC30A76F23F04353CA
:1053000023F47C1301393B4343EA0143C2F8FC30E8
:105310004FF48043FFF7D4B9A94B984202BF402213
:10532000A64BC3F8482AFFF7CDB9A64B984212D135
:10533000A24AE16FD2F8FC30A76F23F0435323F465
:105340007C1301393B4343EA0143C2F8FC304FF47C
:105350008043FFF7D2B99C4B984202BF4022974B43
:10536000C3F8482AFFF7CBB9984B984202BF4022B6
:10537000924BC3F8482AFFF7DFB9954B984202BF1A
:1053800040228E4BC3F8482AFFF7F3B9914B98425D
:1053900002BF4022894BC3F8482AFFF707BA8E4B59
:1053A000984202BF4022854BC3F8482AFFF71BBA38
:1053B0008A4B984202BF4022804BC3F8482AFFF72D
:1053C0002FBAB1F5407F11D1D2F8F830606F276F56
:1053D00023F0435323F47C1301383B4343EA004357
:1053E000C2F8F8304FF40053FFF735BAB1F5807FBB
:1053F00004BF4023C2F8483AFFF72FBAB1F1807FCB
:1054000004BF4023C2F8483AFFF765BAB1F5403F00
:1054100010D1D2F8E030606C276C23F0435323F4B2
:105420007C1301383B4343EA0043C2F8E030802359
:10543000FFF771BAB1F5803F04BF4023C2F8483A84
:10544000FFF76BBA102904BF4023C2F8483AFFF7B0
:1054500088BA634B984211D1584A616CD2F8E03057
:10546000276C23F0435323F47C1301393B4343EA75
:105470000143C2F8E0308023FFF793BA594B9842BA
:1054800002BF40224D4BC3F8482AFFF78CBA564B57
:10549000984211D1494A616CD2F8E030256C23F072
:1054A000435323F47C1301392B4343EA0143C2F8ED
:1054B000E0308023FFF791BA4C4B984202BF402264
:1054C0003E4BC3F8482AFFF78ABA032910D1D2F815
:1054D000E030606C256C23F0435323F47C130138D7
:1054E0002B4343EA0043C2F8E0308023FFF790BA31
:1054F000012904BF4023C2F8483AFFF78BBA3C4B5E
:10550000984212D12D4AE16CD2F8E430A56C23F018
:10551000435323F47C1301392B4343EA0143C2F87C
:10552000E4304FF48073FFF795BA324B984202BFD4
:105530004022224BC3F8482AFFF78EBA2E4B9842DE
:1055400012D11E4AE16CD2F8E430A56C23F043532B
:1055500023F47C1301392B4343EA0143C2F8E430BE
:105560004FF48073FFF792BA244B984202BF402257
:10557000124BC3F8482AFFF78BBA214B984212D13D
:105580000E4AE16CD2F8E430A56C23F0435323F4C7
:105590007C1301392B4343EA0143C2F8E4304FF452
:1055A0008073FFF78FBA174B984202BF4022034B1C
:1055B000C3F8482AFFF788BA0C1003070080025688
:1055C0000C1001070C1403070C1401072C08010729
:1055D0002C0C01072C1001072C1401072C180107B3
:1055E00018140307181401071818030718180107DF
:1055F00020040307200401072008030720080107EF
:10560000200C0307200C0107B94B984212D1B94A6C
:10561000616FD2F8F830256F23F0435323F47C13E5
:1056200001392B4343EA0143C2F8F8304FF40053E9
:10563000FFF765BAB04B984202BF4022AD4BC3F8AA
:10564000482AFFF75EBAAD4B984212D1A94A616F62
:10565000D2F8F830256F23F0435323F47C1301393B
:105660002B4343EA0143C2F8F8304FF40053FFF7ED
:1056700063BAA34B984202BF40229E4BC3F8482A0C
:10568000FFF75CBA9F4B984212D19A4AE16CD2F86C
:10569000E430A56C23F0435323F47C1301392B43EE
:1056A00043EA0143C2F8E4304FF48073FFF760BA75
:1056B000954B984202BF40228E4BC3F8482AFFF711
:1056C00059BA924B984212D18A4A616FD2F8F83097
:1056D000256F23F0435323F47C1301392B4343EA12
:1056E0000143C2F8F8304FF40053FFF75EBA884B1D
:1056F000984202BF40227F4BC3F8482AFFF757BAAF
:10570000844B984212D17B4A616FD2F8F830256FF2
:1057100023F0435323F47C1301392B4343EA014321
:10572000C2F8F8304FF40053FFF773BA7A4B98423F
:1057300002BF40226F4BC3F8482AFFF76CBA774B81
:10574000984212D16B4A616FD2F8F830256F23F07E
:10575000435323F47C1301392B4343EA0143C2F83A
:10576000F8304FF40053FFF771BA6D4B984202BF07
:105770004022604BC3F8482AFFF76ABA694B984247
:1057800012D15C4A616FD2F8F830256F23F0435391
:1057900023F47C1301392B4343EA0143C2F8F83068
:1057A0004FF40053FFF76FBA5F4B984202BF40229D
:1057B000504BC3F8482AFFF768BA5C4B984212D1A5
:1057C0004C4A616FD2F8F830256F23F0435323F42D
:1057D0007C1301392B4343EA0143C2F8F8304FF4FC
:1057E0000053FFF76DBA524B984202BF4022414B23
:1057F000C3F8482AFFF766BA4E4B984212D13D4A89
:10580000616FD2F8F830256F23F0435323F47C13F3
:1058100001392B4343EA0143C2F8F8304FF40053F7
:10582000FFF76BBA444B984202BF4022314BC3F89A
:10583000482AFFF764BA414B984212D12D4A616F52
:10584000D2F8F830256F23F0435323F47C13013949
:105850002B4343EA0143C2F8F8304FF40053FFF7FB
:1058600069BA374B984202BF4022224BC3F8482AFC
:10587000FFF762BA334B984212D11E4A616FD2F8D9
:10588000F830256F23F0435323F47C1301392B4365
:1058900043EA0143C2F8F8304FF40053FFF767BA08
:1058A000294B984202BF4022124BC3F8482AFFF707
:1058B00060BA264B984212D10E4A616FD2F8F83086
:1058C000256F23F0435323F47C1301392B4343EA20
:1058D0000143C2F8F8304FF40053FFF765BA1C4B90
:1058E000984202BF4022034BC3F8482AFFF75EBA32
:1058F0002010030700800256201001072014030720
:10590000201401072018030720180107300003079F
:105910003000010730040307300401073008030793
:1059200030080107300C0307300C01073010030763
:105930003010010730140307301401073018030733
:1059400030180107301C0307301C0107340003071F
:1059500034000107204B984212D1204A616FD2F8DF
:10596000F830256F23F0435323F47C1301392B4384
:1059700043EA0143C2F8F8304FF40053FFF731BA5D
:10598000174B984202BF4022144BC3F8482AFFF736
:105990002ABA144B984202BF4022104BC3F8482A3F
:1059A000FFF73EBAFEF798FAFFF745BA0E4B98425A
:1059B00002BF4022094BC3F8482AFFF757BAFEF747
:1059C0008BFAFFF75EBAFEF787FAFFF769BAFEF7C0
:1059D00083FAFFF774BA00BF34040307008002564D
:1059E00034040107140C01031414010337B51E4CD1
:1059F0006368D90506D5D4F888305A000FD4002042
:105A000003B030BDD4F880301B01F8D5D4F8800045
:105A100000F0E04003B0BDE83040FEF717BBD4F81B
:105A2000800000F0E040FEF711FB0028E7D0D4F83A
:105A3000803013F07C7FC3F30551E0D0D4F8802090
:105A4000D4F88430D4F88850D4F88840C5F3C265BF
:105A5000C4F302640194009523F07F43C2F30B2248
:105A6000FEF72AFBCCE700BF0080025637B51E4C7C
:105A70006368990506D5D4F898305A000FD40020F1
:105A800003B030BDD4F890301B01F8D5D4F89000A5
:105A900000F0E04003B0BDE83040FEF7D7BAD4F8DC
:105AA000900000F0E040FEF7D1FA0028E7D0D4F8EB
:105AB000903013F07C7FC3F30551E0D0D4F89020F0
:105AC000D4F89430D4F89850D4F89840C5F3C2650F
:105AD000C4F302640194009523F07F43C2F30B22C8
:105AE000FEF7EAFACCE700BF0080025637B51E4C3D
:105AF0006368590506D5D4F8A8305A000FD40020A1
:105B000003B030BDD4F8A0301B01F8D5D4F8A00004
:105B100000F0E04003B0BDE83040FEF797BAD4F89B
:105B2000A00000F0E040FEF791FA0028E7D0D4F89A
:105B3000A03013F07C7FC3F30551E0D0D4F8A0204F
:105B4000D4F8A430D4F8A850D4F8A840C5F3C2655E
:105B5000C4F302640194009523F07F43C2F30B2247
:105B6000FEF7AAFACCE700BF0080025637B51E4CFC
:105B70006368190506D5D4F8B8305A000FD4002050
:105B800003B030BDD4F8B0301B01F8D5D4F8B00064
:105B900000F0E04003B0BDE83040FEF757BAD4F85B
:105BA000B00000F0E040FEF751FA0028E7D0D4F84A
:105BB000B03013F07C7FC3F30551E0D0D4F8B020AF
:105BC000D4F8B430D4F8B850D4F8B840C5F3C265AE
:105BD000C4F302640194009523F07F43C2F30B22C7
:105BE000FEF76AFACCE700BF008002563E4B10B5C4
:105BF000D3F8482252066BD5D3F85C2102F0070295
:105C0000013A062A05D8DFE802F00F15481B323E9C
:105C10005400FEF781F900285AD0334B33489B6C6F
:105C2000C3F3C113D84054E0FEF77EF900284FD0EB
:105C30002F484EE0FEF768F9002849D02D4848E08B
:105C4000D3F84022D40643D5D3F8D400D3F8D430C7
:105C5000C0F30740441C03F04053B3F1005F3CD055
:105C600033D8BBBBFFF7C2FEB0FBF4F031E0D3F892
:105C7000402290052CD5D3F8E800D3F8E830C0F3E3
:105C80000740441CE7E7FEF7C7F908B3FEF7CCF975
:105C9000154B0446D3F8FC30DDE7D3F8402251031E
:105CA00016D5D3F80C01D3F80C31C0F30740441CCF
:105CB000D1E7D3F8402212030AD5D3F81001D3F864
:105CC0001031C0F30740441CC5E7B3F1405F07D073
:105CD000002010BDFFF7CAFEC6E7FFF707FFC3E7C6
:105CE000FFF744FFC0E700BF008002560090D003DA
:105CF00000093D00006CDC0238B52B4DD5F864314D
:105D000003F00703062B35D8DFE803F0040D112854
:105D1000453C4B00FEF7D2F8FEF790F96B6A03F0B2
:105D20000703D84027E0BDE83840FFF75FBFFEF724
:105D30002BF9F8B1FEF730F90446D5F8DC3003F062
:105D40004053B3F1005F17D011D813B9FFF74EFEDF
:105D500001E0FFF78BFEB0FBF4F00CE0FEF726F954
:105D600040B1FEF72BF9D5F8E0300446E7E7B3F190
:105D7000405F04D0002038BDFFF7B8FEEBE7FFF727
:105D8000F5FEE8E7FEF7C8F80028F3D0AB6C07484B
:105D9000C3F3C113C5E7FEF7C7F80028EAD00448EB
:105DA000E9E70448E7E700BF008002560090D0030F
:105DB00000093D000080BB0010B5FEF7D7F8364B58
:105DC000984228D01BD8A3F58033984213D00BD823
:105DD00020F48062A3F580339A424AD003F5006331
:105DE000984246D0002010BD2C4B984203D003F5BA
:105DF00080639842F6D1BDE81040FFF7F7BE284B0C
:105E0000984228D020D8A3F57C43984203D003F5CC
:105E100080639842E6D1234BD3F8400210F004008F
:105E2000E1D0D3F8CC00D3F8CC30C0F30740441C09
:105E300003F04053B3F1005F2AD020D82BBBFFF70B
:105E4000D5FDB0FBF4F0CEE7174B984203D003F535
:105E500080639842C6D1134BD3F8400210F008007B
:105E6000C1D0D3F8D000D3F8D030C0F30740441CE1
:105E7000DEE7FEF723F8BDE81040FEF7DFB8B3F128
:105E8000405FAFD1FFF772FEDBE7FFF7EFFDD8E72A
:105E9000FFF72CFED5E700BF140002031404010332
:105EA00014000303008002561404030310B5FEF728
:105EB0005DF82B4B984221D015D8A3F5803398423A
:105EC0000DD009D8A3F5803398422DD003F5006397
:105ED000984229D0002010BD224B9842FAD1BDE84B
:105EE0001040FFF783BE204B984223D003F5006398
:105EF00098421FD0A3F580339842EBD1FEF78CF87F
:105F00000028E7D0FEF790F8184B0446D3F8FC3091
:105F100003F04053B3F1005F1FD015D8D3B9FFF79A
:105F200065FDB0FBF4F0D6E7FDF7EEFF0028D1D019
:105F30000F48D0E7FDF7E8FF0028CBD0FDF7DCFFE6
:105F40000028F5D10B48C6E7B3F1405FC2D1FFF797
:105F50000DFEE6E7FFF78AFDE3E7FFF7C7FDE0E7A1
:105F6000140C020314140103140C030300800256E2
:105F700000366E01006CDC0208B5FDF7F7FF104B30
:105F8000984219D005D8A3F5006398420FD000209D
:105F900008BD0C4B20F400609842F8D1FDF7B4FF27
:105FA0000028F4D0FDF7A8FF40B90748F0E70748FC
:105FB000BDE80840FFF77ABF0548F9E70548E7E77D
:105FC0001418000114100101006CDC02140C000311
:105FD0001414000300366E0110B5FDF7C7FF6D4BBA
:105FE000984239D051D8A3F50033984200F0B180DF
:105FF00013D8A3F6FC73984200F0AB800BD8A3F241
:106000000443984200F0A58003F58063984200F0B5
:10601000AA80002010BD604BF8E7604B98420CD07E
:106020000FD8A3F6FC73984207D08EBF5C4B20F4C8
:106030008060A3F204439842EBD1BDE81040FFF723
:10604000D5BD584B984207D08EBF574B20F4806087
:10605000A3F204439842DCD1FDF7BAFF0028D8D060
:10606000FDF7BEFF0446514BD3F8E43003F0405334
:10607000B3F1005F00F08A807ED8002B40F083806F
:10608000FFF7B4FCB0FBF4F0C4E7494B984242D0B0
:1060900030D8A3F58033984228D01CD8A3F57B4391
:1060A000FC3B984206D010D820F48060A3F2044351
:1060B0009842AED1FDF79EFF0028AAD0FDF7A2FFBF
:1060C0003A4B0446D3F8F830D0E73A4B9842F1D037
:1060D00003F54063ECE7384B984207D08EBF374B4F
:1060E00020F00400A3F58063984292D1FDF724FFCD
:1060F000C0038FE7324B984220D013D8A3F57843E2
:10610000984208D08EBF2F4B20F00400A3F5806387
:1061100098427FF47EAFFDF707FF00283FF479AF88
:10612000294877E7294B984208D08EBF284B20F0AA
:106130000400A3F5806398427FF46BAFFDF7ECFE9B
:1061400000283FF466AF194B22489B6CC3F3C11380
:1061500007E0FDF7B3FEFDF771FF144B5B6AC3F375
:106160000213D84056E7FDF7A9FEFDF767FF0F4B76
:106170005B6A03F00703F4E7B3F1405F7FF449AFD4
:10618000FFF7F4FC7EE7FFF771FC7BE7FFF7AEFC5F
:1061900078E700BF30140207300800073014010709
:1061A0003008010734040207300802070080025655
:1061B00030000507300803073008040730140407CF
:1061C000300006073014050700093D0030080607B7
:1061D000301406070090D00310B5FDF7C7FE764BCC
:1061E00098423ED059D8A3F50033984200F0C380BE
:1061F00014D8724B984200F0C880013B98420BD9EA
:1062000020F4006203F6FD739A4200F0B480A3F517
:106210008063984200F0AF80002010BD684B984228
:106220000DD012D8A3F54063984208D00BD8A3F63E
:10623000FC73984203D003F6FC339842ECD1BDE8DE
:106240001040FFF7D3BC5F4BF7E75F4B984208D095
:1062500021D8A3F6FC73984203D003F6FC3398428E
:10626000DAD1FDF7B5FE0028D6D0FDF7B9FE044619
:10627000564BD3F8E43003F04053B3F1005F00F025
:10628000978000F28B80002B40F08F80FFF7AEFBF1
:10629000B0FBF4F0C1E74E4BE1E74E4B984247D0DC
:1062A00033D8A3F58033984229D01CD8A3F5704386
:1062B000043B984208D012D8A3F6FC73984203D04E
:1062C00003F6FC339842A7D1FDF794FE0028A3D033
:1062D000FDF798FE3D4B0446D3F8F830CBE73E4B34
:1062E00020F48060EEE73D4B984208D00BD8A3F530
:1062F0004063984203D003F5806398428CD1FDF748
:106300001BFEC00389E7364BF7E7364B984225D092
:1063100017D8A3F56843043B984209D00FD8A3F5DA
:106320004063984204D003F5806398427FF474AFD1
:10633000FDF7FAFD00283FF46FAF2B486DE72B4BBC
:10634000F3E72B4B984209D013D8A3F5406398424A
:1063500004D003F5806398427FF45EAFFDF7DCFD67
:1063600000283FF459AF194B22489B6CC3F3C1136B
:1063700009E0214BEFE7FDF7A1FDFDF75FFE134BB1
:106380005B6A03F00703D84047E7FDF797FDFDF789
:1063900055FE0E4B5B6AC3F30213F4E7B3F1405FA3
:1063A0007FF43AAFFFF7E2FB72E7FFF75FFB6FE7BF
:1063B000FFF79CFB6CE700BF301C020734000007AE
:1063C000301C010730180107301002070080025608
:1063D0003018020734000507301803073018040787
:1063E000301C04073400060700093D00301C050777
:1063F000301806070090D003301C060710B5FDF7D3
:10640000B5FD894B984255D065D8A3F53C339842E9
:1064100000F0CA801ED8A3F54063984200F0BA800D
:106420000AD8A3F5006398420BD003F58063984225
:1064300000F0B080002010BD7C4B20F480609842BA
:10644000F8D1FDF73BFDFDF7F9FD794B5B6AC3F32E
:106450000213A7E0774B984200F0AF801DD8A3F558
:10646000784398420AD00DD8A3F50063984205D02E
:1064700020F40060A3F580639842DBD1BDE81040B2
:10648000FFF7B4BB6C4B9842F8D003F56C439842CD
:1064900000F09380A3F57043EEE7684B984209D073
:1064A00013D8A3F50063984200F0878003F580635A
:1064B0009842BFD1FDF78CFD0028BBD0FDF790FDC1
:1064C0005B4B0446D3F8E43082E05D4B984274D0D5
:1064D00003F56C43ECE75B4B984243D030D8A3F50F
:1064E000FA339842E6D008D820F48062A3F500631E
:1064F0009A4279D0A3F58063DAE7534B98420DD0E6
:1065000014D8A3F50063984208D00DD8A3F5006312
:10651000984203D003F5806398428BD1FDF704FDC8
:10652000002887D0494886E7494BF5E7494B984210
:1065300018D003F58063984214D0A3F57043EBE7BD
:10654000454B984269D01ED8A3F54063984218D0B5
:1065500020F4806311D8414A934203D0404B9842C3
:106560007FF468AFFDF7D8FC00283FF463AF304BF1
:106570003C489B6CC3F3C11314E03B4A93427FF445
:1065800059AF3A4857E73A4B984246D003F58063F3
:106590009842F4E7FDF792FCFDF750FD244B5B6A4F
:1065A00003F00703D84046E7FDF788FCFDF746FDFA
:1065B0001F4B5B6AC3F30233F4E7FDF7F7FC0028D7
:1065C0003FF438AFFDF7FAFC0446194BD3F8E0303E
:1065D00003F04053B3F1005F1CD011D8BBB9FFF7F3
:1065E00005FAB0FBF4F026E7FDF704FD00283FF4C0
:1065F00021AFFDF707FD0E4B0446D3F8F830E7E76F
:10660000B3F1405F7FF416AFFFF7B0FAE9E7FFF7A9
:106610002DFAE6E7FFF76AFAE3E7FDF775FC0028D5
:106620003FF408AF134806E72008030720100007CF
:1066300000800256200802072018010720140207D4
:1066400020180207200C05072014040700093D004C
:106650002010040720040507201006072010050756
:10666000201805070090D003200806070080BB0013
:1066700020140607006CDC0210B5FDF777FC494BCF
:1066800098424AD039D8A3F50033984221D015D882
:10669000A3F5803398420DD009D8A3F580339842F2
:1066A0004ED003F5806398424AD0002010BD3E4B87
:1066B0009842FAD1BDE81040FFF798BA3B4B984298
:1066C0004DD003F58063984249D0A3F580339842BA
:1066D000EBD1FDF759FC0028E7D0FDF75DFC04463F
:1066E000334BD3F8DC3003F04053B3F1005F47D0B5
:1066F00040D87BBBFFF77AF92EE02E4B98421DD095
:1067000011D8A3F5803398423DD003F580639842B9
:1067100039D0A3F580339842C7D1FDF705FC002896
:10672000C3D02548C2E7254B984236D003F5806395
:10673000984232D0A3F580339842B6D12048B5E7CD
:10674000FDF7BCFBFDF77AFC194B5B6AC3F3021340
:10675000D840ABE7FFF78AF9B0FBF4F0A6E7FDF706
:1067600025FC0028A1D0FDF729FC114B0446D3F8E5
:10677000E030B8E7B3F1405F97D1FFF7F7F9EBE707
:10678000FFF7B4F9E8E7FDF7C7FB00288DD0084B09
:106790000C489B6CC3F3C113DAE7BDE81040FFF768
:1067A000ABBA00BF18140407181801071814030720
:1067B000008002561814060700093D001814070748
:1067C0000080BB000090D00310B5FDF7CFFB3D4B20
:1067D000984260D030D8A3F5FE33984257D00DD8F8
:1067E000A3F58033984248D003F57C4398424ED0BD
:1067F000A3F58033984240D0002010BD324B20F4E6
:1068000080609842F8D1314BD3F840229205F3D5FD
:10681000D3F8E800D3F8E830C0F30740441C03F095
:106820004053B3F1005F4AD040D8002B44D1FFF76A
:10683000DDF8B0FBF4F0E0E7254B984208D00DD826
:10684000A3F58033984226D003F57C439842D3D1F8
:10685000FDF76AFB0028CFD01E48CEE71E4B20F480
:1068600080609842C8D1FDF757FB0028C4D0174B71
:106870001A489B6CC3F3C11307E0FDF71FFBFDF73C
:10688000DDFB124B5B6A03F00703D840B5E7BDE8B8
:106890001040FFF7ABB9FDF7BFFB0028ACD0FDF708
:1068A000C3FB0A4B0446D3F8FC30B8E7B3F1405FB2
:1068B000A2D1FFF75BF9BCE7FFF7D8F8B9E7FFF71C
:1068C00015F9B6E70C1003070C10020700800256FA
:1068D0000C14040700093D000C1005070090D003BC
:1068E00010B5FDF743FB2D4B98421DD013D8A3F5EF
:1068F000803398420BD007D820F48060A3F5803312
:1069000098422AD0002010BD254B9842FAD1BDE80C
:106910001040FFF76BB9234B20F480629A4222D0DB
:10692000A3F57C439842EDD11F4BD3F8400210F001
:106930000800E8D0D3F8D000D3F8D030C0F3074037
:10694000441C03F04053B3F1005F23D019D8F3B9CE
:10695000FFF74CF8B0FBF4F0D5E7FDF7AFFABDE870
:106960001040FDF76BBB104BD3F8400210F0100045
:10697000C9D0D3F8D400D3F8D430C0F30740441CB6
:10698000DFE7B3F1405FBDD1FFF7F0F8E2E7FFF7D3
:106990006DF8DFE7FFF7AAF8DCE700BF1C00020391
:1069A0001C0401031C0003030080025610B5FDF710
:1069B000DDFA504B984200F085804BD8A3F5FC33AC
:1069C00098421AD01DD8A3F57C43984208D020F4F1
:1069D00080630FD8484A934202D0484B98424AD12C
:1069E000FDF76CFAFDF72AFB454B5B6A03F00703E2
:1069F000D84041E0434A93423DD1BDE81040FFF703
:106A0000F5B8414B984208D020D8A3F57843984276
:106A1000F3D003F5744398422DD1394BD3F840227B
:106A2000920528D5D3F8E800D3F8E830C0F3074042
:106A3000441C03F04053B3F1005F57D04DD8002BF6
:106A400051D1FEF7D3FFB0FBF4F015E02F4B20F44B
:106A50008060E0E72E4B984214D019D8A3F57C4310
:106A600098422FD009D8A3F5006398422AD003F5A5
:106A70008063984226D0002010BD264B20F4806011
:106A80009842F8D1FDF750FA0028F4D02248F3E7F5
:106A9000224B984208D011D8A3F578439842F1D000
:106AA00003F574439842E6D1FDF736FA0028E2D0A8
:106AB000134B1B489B6CC3F3C11399E7194B20F48C
:106AC0008060EFE7FDF7A8FA0028D4D0FDF7ACFA14
:106AD0000B4B0446D3F8FC30ABE7B3F1405FCAD1AF
:106AE000FFF744F8AFE7FEF7C1FFACE7FEF7FEFFA4
:106AF000A9E700BF0C0003070C0000070C08000703
:106B0000008002560C0001070C0402070C08020763
:106B10000C0804070C00040700093D000C040507DD
:106B20000090D0030C08050710B5FDF71FFA614B64
:106B300098423AD050D8A3F5FE33984200F0A48092
:106B400013D8A3F54063984200F09480013B98422B
:106B500009D903F20143984200F0968003F580635F
:106B6000984200F09180002010BD534B984215D000
:106B700008D820F48062A3F500639A420ED0A3F5F2
:106B80007043EDE74D4B98420FD00BD8A3F57443FB
:106B9000984203D003F580639842E4D1BDE81040E9
:106BA000FFF724B8464B9842DDD1FDF735FA0028AF
:106BB000D9D0FDF739FA434B0446D3F8FC3003F043
:106BC0004053B3F1005F72D067D8002B6CD1FEF751
:106BD0000DFFB0FBF4F0C7E73B4B984231D021D812
:106BE000A3F57C4398420FD012D8A3F500639842D6
:106BF0000AD006D8A3F574439842D6D003F5806333
:106C0000D1E7324B9842AED1FDF796F9C003ABE71E
:106C10002F4B9842F8D003F57043984211D0A3F55A
:106C20007443EFE72B4B984215D01BD8A3F5744360
:106C3000984206D00CD820F48060A3F500639842F7
:106C400091D1204B5B68DB078DD54FF4FA408BE781
:106C5000214B984287D1FDF731F91A4B5B6AC3F398
:106C600001630FE01D4B20F480629A42F3D003F5DC
:106C70000063EEE7FDF722F9FDF7E0F9114B5B6ADF
:106C800003F00703D8406FE7FDF718F9FDF7D6F9D1
:106C90000C4B5B6AC3F30233F4E7B3F1405F7FF45C
:106CA00062AFFEF763FF94E7FEF7E0FE91E7FEF7C1
:106CB0001DFF8EE72C1002072C1001072C0802077D
:106CC0002C0C0207008002562C0C04072C0C030726
:106CD0002C1803072C0C05072C0805072C1005079A
:106CE00038B500F160430B4300F04484BF4B984239
:106CF00071F1000380F0E680A0F580330B4300F0D3
:106D00005B83B0F1011F71F100036AD2A0F500733B
:106D10000B4300F0B98240F20123984271F1000365
:106D200024D2092871F1000315D250EA01031BD0C7
:106D3000013841F1FF31082871F1000114D2072810
:106D400012D8DFE810F0A6010F0211008502110031
:106D5000110011003502A0F110030B4300F0428234
:106D60002038084300F06882002019E2A0F50053A3
:106D70000B4300F01D8342F20103984271F10003BE
:106D800024D2A0F500630B4300F0DF82A0F580530E
:106D90000B4300F00883A0F580600843E4D1944DD4
:106DA000D5F84C3103F00303022B00F0C182032B12
:106DB00000F05682012B00F04B82FDF77FF8FDF7C3
:106DC0003DF96B6A03F00703D840E9E1A0F5804381
:106DD0000B4300F0EF82A0F500400843C4D1854882
:106DE000E2E2A0F500030B4300F0F682824B9842EA
:106DF00071F1000324D2A0F580130B4300F0E88268
:106E00007E4B984271F100030FD2A0F580230B4313
:106E100000F0D782A0F500230B4300F0D782A0F545
:106E200000300843A0D17648C7E2A0F500130B4319
:106E300000F0D082A0F58000084395D17148C1E2EE
:106E400000F17C430B4300F04A836F4B984271F191
:106E5000000328D200F17F430B4300F0FF8200F1D2
:106E60007E40084380D1624DD5F8543103F4E023CD
:106E7000B3F5802F00F0958100F21683B3F5003F43
:106E800000F01C8340F2E181B3F5403F7FF46CAF2A
:106E9000FDF78CF800283FF467AFFDF78FF8D5F8C1
:106EA000E030044691E100F178430B4300F0418368
:106EB00000F1704008437FF457AF5448BDE83840B4
:106EC000FFF7DABB00234FF48052914208BF98428B
:106ED00000F06C8383428A415FD31022914208BF45
:106EE000984200F0568383428A4129D3022291427C
:106EF00008BF984200F0468383428A4114D39942E6
:106F000008BFB0F1004F00F03783012908BF984255
:106F100000F0348300F1404008437FF425AF3C4843
:106F2000BDE83840FFF7DCBC042908BF984200F0F8
:106F30002E83082908BF98427FF416AF354822E314
:106F40004FF40072914208BF984200F02B838342B5
:106F50008A4111D3402908BF984200F01C83B1F543
:106F6000807F08BF984200F01883202908BF0028BE
:106F70007FF4FAAE284806E3B1F5806F08BF984267
:106F800000F01283B1F5006F08BF98427FF4ECAEB9
:106F90002248BDE83840FFF71FB94FF40022914264
:106FA00008BF984200F00C8383428A414BD34FF4D0
:106FB0008032914208BF984200F0FE8283428A41AB
:106FC00030D3B1F5804F08BF984200F0F182B1F59F
:106FD000004F08BF984200F0ED82B1F5005F08BF96
:106FE00000287FF4C1AE0E48D8E200BF01000020A7
:106FF000008002560C0C0007010080000100100008
:107000000C1400072C1800070100000418140007D6
:107010001C000003200C000720140007300C0007A0
:1070200030140007B1F5003F08BF984200F0C68257
:10703000B1F5802F08BF98427FF496AEB448BDE802
:107040003840FEF733BF4FF48002914208BF9842A8
:1070500000F0BD8283428A410DD3B1F5801F08BF85
:10706000984200F0B282B1F5001F08BF98427FF449
:107070007BAEA848A5E2B1F5000F08BF984200F02A
:10708000AB82B1F1807F08BF98427FF46DAEA24819
:107090009EE2A24DD5F8443103F07003402B53D04B
:1070A00014D8202B25D005D803BBFCF707FFFCF72D
:1070B000C5FF02E0302B34D00020984BD3F8443188
:1070C000C3F307230133B0FBF3F069E0602B47D033
:1070D000702B3FD0502BEFD1FCF71EFF0028EBD0D8
:1070E000AB6C8F48C3F3C113D840E6E7FEF77EFDD3
:1070F000E3E7FCF749FF0028DED0FCF74DFF04462C
:10710000D5F8DC3003F04053B3F1005F19D012D84A
:1071100013B9FEF76BFC01E0FEF7A8FCB0FBF4F03E
:10712000CBE7FCF743FF0028C6D0FCF747FFD5F8B4
:10713000E0300446E6E7B3F1405FBDD1FEF716FD4F
:10714000ECE7FEF7D3FCE9E7FCF7EEFE0028B3D04E
:107150007448B2E7FCF7B2FE6B6AC3F30163C3E79E
:107160007148AAE76D4DD5F8443103F00703013BA0
:10717000062B00F2F58001A252F823F05172107034
:10718000BD741070916E1070A37110701172107038
:10719000DD751070D3741070FEF768FCB0FBF4F06E
:1071A00038BDFCF7C1FE00283FF4DEAD5D48F7E7CF
:1071B0005A4BD3F8402295037FF5D6ADD3F808019A
:1071C000D3F80831C0F30740441C03F04053B3F137
:1071D000005F00F0AB8100F2A281002BDCD1FEF752
:1071E00005FCDBE74D4DD5F8443103F44013B3F50E
:1071F000001F14D008D85BBBFCF760FEFCF71EFF35
:107200006B6AC3F30243DFE5B3F5401F7FF4ACAD17
:10721000FCF782FE00283FF4A7ADAB6C33E1D5F854
:107220004032DC037FF5A0ADD5F80401D5F8043178
:10723000C0F30740441CC8E7384AD2F8483103F489
:107240004053B3F5005F12D006D8002B00F08880C1
:10725000BDE83840FEF7CABCB3F5405F7FF484ADAB
:10726000FCF752FE00283FF47FAD304898E7D2F893
:10727000403218057FF578ADD2F8F000D2F8F03042
:10728000C0F30740441CA0E7244AD2F8483103F079
:107290000303022B10D0032B34D0012B09D0FCF7B1
:1072A0000DFEFCF7CBFE1D4BD3F84831C3F303139F
:1072B00008E7FEF79BFCF6E7D2F84032D90416D572
:1072C000D2F8F400D2F8F430C0F3074003F0405392
:1072D000B3F1005F00F101040ED005D84BB9FEF701
:1072E00085FBB0FBF4F0DEE7B3F1405F07D0002090
:1072F000D9E7FEF7BBFBF4E7FEF7F8FBF1E7FEF793
:1073000035FCEEE7FCF700FE0028F0D00748CAE79E
:10731000140C000314180001140800030080025626
:107320000090D00300093D000080BB00006CDC022F
:10733000D5F840325B037FF517ADD5F80C01D5F8D1
:107340000C31C0F30740441C3FE7A54BD3F84C2158
:1073500002F03002202A19D008D8002A7FF478AF32
:10736000FCF7ACFDBDE83840FCF768BE302A7FF47E
:10737000FBACD3F8402214077FF5F6ACD3F8D0006D
:10738000D3F8D030C0F30740441C1EE7D3F84022A6
:1073900055077FF5E9ACD3F8CC00D3F8CC30C0F377
:1073A0000740441C11E78F48BDE83840FFF7FEBA9C
:1073B0008D48F9E78D48F7E78D48BDE83840FFF77D
:1073C00003BA8C48BDE83840FFF7AEBB8A48F9E7FE
:1073D0008A48F7E78A48F5E7814AD2F8783103F41A
:1073E000E063B3F5407F2ED012D8B3F5807F3FF431
:1073F0002FAFB3F5007F1AD0002B7FF4B5ACFCF7AC
:107400005DFDFCF71BFE764B5B6AC3F30233DBE4E6
:10741000B3F5A06F3FF4C5AEB3F5C06F2CD0B3F594
:10742000806F7FF4A1ACFCF787FDC003B8E6FCF7E2
:10743000CFFD00283FF498ACFCF7D2FD684B044622
:10744000D3F8E430C1E6FCF7D5FD00283FF48CAC5E
:10745000FCF7D8FDD2F8F8300446B6E6604DD5F812
:10746000503103F04073B3F1007F10D07FF6C3AE0C
:10747000B3F1407F7FF478ACFCF74EFD00283FF479
:1074800073AC574B9B6C5F48C3F3C1139CE4D5F8B6
:10749000403218047FF568ACD5F80001D5F800310A
:1074A000C0F30740441C90E6B3F5C02F00F096806F
:1074B000B3F5E02F0DD0B3F5A02FA7E6FCF764FDE0
:1074C00000283FF451ACFCF767FDD5F8DC300446EA
:1074D0007BE6FCF7F3FC6B6AC3F3016374E4404A98
:1074E000D2F85C3103F03003202B0BD07FF6ADAE29
:1074F000302B7FF439ACFCF70FFD00283FF434AC9F
:10750000936CC0E7D2F8403219037FF52DACD2F866
:107510001001D2F81031C0F30740441C55E6B3F116
:10752000405F7FF421ACFEF721FB37E6FEF7DEFA81
:1075300034E62B4AD2F85C3103F44073B3F5007F94
:1075400005D0B3F5407F09D0B3F5807F69E7536874
:10755000DB077FF509AC4FF4FA4021E6FCF7D4FCD9
:1075600000283FF401ACD2F85C312748C3F305335F
:107570000133A8E52548A1E42548D1E4BDE8384019
:10758000FEF7BABB2348BDE83840FEF737BF2248B4
:10759000F9E72248F7E72248F5E72248BDE83840F6
:1075A000FEF71ABD2048F9E72048F7E72048F0E445
:1075B0002048EEE42048ECE42048EAE42048EDE7E7
:1075C0002048BDE83840FEF7D7BC1F4837E51F48C4
:1075D000BDE83840FEF7F0BB1D48F9E71D48DFE580
:1075E000008002560C0000070C0400070C0800077E
:1075F0000C1000072C0800072C0C00072C100007AB
:107600002C1400070090D003006CDC02181800074F
:107610001C040003200400072008000720100007B6
:10762000201800073000000730040007300800076A
:107630003010000730180007301C00073400000726
:107640003404000714100001141400031400000394
:10765000140400030080BB000B6893FAA3F3B3FA91
:1076600083F2800000F1A84000F51030D0F8103C03
:10767000496823F45C7343EA012343EA0213C0F828
:10768000103C704737B50124030F9B0003F1A8435A
:1076900003F510331A6900F01F000192019A84402B
:1076A00022EA04020192019D01F0010282402A4374
:1076B0000192019AC1F340011A611A6B8140019253
:1076C000019A22EA04020192019A11430191019A5E
:1076D0001A6303B030BD0129416C0CBF092301239B
:1076E0000829426805D122F00201012908BF43F0B0
:1076F0001003023A012A94BF43F0600043F00400F3
:107700007047000041F658320D4B01461B6810B51A
:10771000B3FBF2F304689B002268013322F4803249
:107720002260013B07D10320D1F8943043F040039D
:10773000C1F8943010BD206810F48030F1D1F9E721
:107740000C000034F8B5044610B901252846F8BDF0
:1077500090F83830012B09D10268964B9A42F4D147
:107760004368012BF1D1436C002BEED194F891309A
:1077700003F0FF0223B9204684F8902004F002F9B8
:107780002046FFF7BFFF05460028DED1022384F81C
:107790009130E368012B00F0EB80981E4342434197
:1077A0005B01A768022F00F0E780032F00F0E28062
:1077B000791E4F424F41BF0222687E4EB24203D033
:1077C0007D498A4240F0DB807C490B60236A002BB4
:1077D00037D0B24203D0784B9A4240F0D2804FF07B
:1077E00080500021FFF77CFA2368754A934202D04B
:1077F0002032934204D14FF000500021FFF770FA7D
:10780000A369626CB3F5002FD4F820C040F0C080AB
:10781000042A00F0B880082A00F0B780636D0A21BE
:107820000CFB03F34143B1FBF3F00A21B0FBF1F38E
:1078300001FB1300092853EA1393042A08BF5B08CD
:1078400063626368216D33F0020240F0AF8001395A
:1078500018BF012122685B48D2F800C049020CEA37
:1078600000001060606CD2F800C00343A06CB2420C
:1078700043EA0003E06C43EA0003E06A43EA0003E2
:10788000606943EA0003A06943EA0003A06A43EA8F
:107890000003206943EA0003606A43EA0C0343EAF9
:1078A000005343EA070343EA010313605368206B64
:1078B00023F4604323F00F035360E369516843EA04
:1078C0000003606B43EA000343EA010353609168DD
:1078D0003D4BE06D03EA01039360636E916843EAF8
:1078E0000003206E43EA000343EA0103616D01F1E6
:1078F000FF3143EA0103A16D01F1FF3143EA0123A6
:107900009360D36823F47D6323F00F034FEA0343AE
:107910004FEA1343D360D168D4E91A3043EA000335
:1079200043EA0103616F43EA0143216F01F1FF3133
:1079300043EA0123D36012D1204B5A6C22F001029A
:107940005A6494F83820012A09D1E26B511E226C46
:1079500042EA01125A645A6C42F001025A6400234E
:107960000122C4F8943084F8903084F89120EDE638
:10797000102316E743F001034FF400671CE7134997
:1079800023E7002030E7402349E74FF4807346E7C0
:10799000A36A0A21B3F1806F14BF012302230CFBF9
:1079A00003F348431B02B0FBF3F03EE74A1E51428B
:1079B00051414FE7045800522458005200580052D9
:1079C000045C005210C005F00080F8FF005C00521B
:1079D00070B590F890300446012B4CD0012680F809
:1079E0009060FFF78FFE2368051E1A6818BF0125F7
:1079F00092032FD51A6822F400321A6094F891305D
:107A0000122B11D1D4F8800070B1F9F737F858B1C2
:107A1000D4F880309B6D202B1FBF3546D4F89430AE
:107A200043F08003C4F8943094F89130222B11D1A4
:107A3000D4F8840070B1F9F721F858B1D4F8843043
:107A40009B6D202B1FBF0125D4F8943043F0800399
:107A5000C4F8943000214FF0FF32236819619A6115
:107A60005A6842F008025A60012384F8901084F8A2
:107A70009130284670BD0225FBE7000038B5154659
:107A800004460A46002954D0002D52D090F8913077
:107A9000012BD9B255D190F89030012B51D0002351
:107AA00080F890102221C0F89430826780F89110FD
:107AB000A0F87C502449A0F87E50D0F8840041669C
:107AC000224901662249C0E91A13A16C2B464029BC
:107AD00028D1216B01B16B00016D09062CD5416FD6
:107AE00021B309688B6023681C33C1E90332F9F7BD
:107AF000FBFC0546D0B901462046FFF7ECFD2368A4
:107B00001A6902431A611A6842F400321A601A684C
:107B1000D2035EBF1A6842F480321A60002384F8F0
:107B2000903007E08029D6D9AB00D5E7002384F850
:107B300090300125284638BD21681C31F8F762FFD6
:107B4000D7E70225F6E700BF8B7B1070557B1070DE
:107B5000957B107038B5036DC46D812B11D0002159
:107B6000256820462B6823F400332B60A4F87E1090
:107B7000FFF7B1FD2B6923EA00032B61012384F891
:107B80009130204602F052FE38BD08B5C06D02F0BB
:107B900007FE08BD10B5C46DD4F89430226843F0D8
:107BA0008003C4F894301368204623F40033136034
:107BB000FFF7A8FD012384F8913000232046A4F8A4
:107BC0007E3002F079FE10BD70B590F89130044619
:107BD000002B5CD0036859691A690E071D6806D529
:107BE000160704D5BDE87040D0F88C301847C80798
:107BF0000FD512F001000CD001229A6194F8913057
:107C0000222B18BF0220D4F894300343C4F89430D8
:107C10003AE08E0709D5900707D502229A61D4F879
:107C20008830A3B3BDE8704018478E0630D5900663
:107C30002ED520229A61D4F8943043F00403C4F87E
:107C40009430AB031DD5D4F8800068B1274BC366D0
:107C5000F8F75EFF40B1D4F89430204643F080033B
:107C6000C4F8943002F028FED4F8840078B11F4B99
:107C7000C366F8F74DFF50B1D4F8943043F0800359
:107C8000C4E72046FFF7A4FE204602F015FE70BDB3
:107C90004E0608D5500606D540229A61D4F8943095
:107CA00043F00803CBE74E0716D5500714D504223E
:107CB0009A61D4F8942015F4003542F02002C4F8FB
:107CC0009420C0D14FF0FF321D619A610123A4F8C6
:107CD0007E5084F89130D7E7C906D8D5D206D6D5DC
:107CE00010229A61D4F8943013438FE7F17C10701E
:107CF00038B5C46D25682B6823F400332B6000234E
:107D00002B614FF0FF33AB61D4F89430202B06D0B9
:107D10002046FFF7F7FC6B6843F008036B60012314
:107D200084F8913000232046A4F87E3002F0C4FD90
:107D300038BD90F891007047D0F89400704700006B
:107D400008B501224FF480610548F9F79BFFBDE8B3
:107D5000084001224FF480610248F9F793BF00BF49
:107D6000001802560010025640B1C36833B10369CF
:107D7000002B0CBF6FF00100002070476FF0010076
:107D8000704720B1426912B109B18068104770474D
:107D900070B5C1EB0114051985F8203085F8213044
:107DA0000B4BEA7703EBC101082200239DF810601A
:107DB000223485F8226020449E4294BF0024CC5C8B
:107DC000013A00F8014F03F10103F5D170BD00BF86
:107DD0006AC9107037B50824002205461146FF23F2
:107DE0000094FFF7D5FF22462846FF230121009487
:107DF000FFF7CEFF2846FF23002202210094FFF761
:107E0000C7FFFF232246032128460094FFF7C0FF47
:107E100003B030BD003A18BF0122003918BF01215C
:107E2000000100F0300040EAC20040EA810040F06A
:107E30000100704770B50D46A0B199B14B688BB188
:107E40008B687BB113060DD4002602704670468005
:107E50008680867100F108040FCD0FC430462B6870
:107E6000236070BD6FF00100FBE7000088B1094B93
:107E7000094A0360032303714BF6803383600823B0
:107E800003730123C0E904234FF4007383610023CB
:107E90000377704700FFFF080080BB0010B5044661
:107EA000E8B1E2B103291AD81046C1EB011121440F
:107EB000FFF7DCFFCB7F037091F82030437091F81F
:107EC0002130837091F82230C370A37A0371636804
:107ED0008360E37A0373A3690361002010BD6FF030
:107EE0000100FBE770B50446FFF73EFF0D46024672
:107EF00038B90B46E6682178A068B04700B96570CC
:107F000070BD6FF00100FBE770B50446FFF72CFF72
:107F100040B9E5681346AC460A46A0682178BDE83A
:107F2000704060476FF0010070BD38B50546FFF73F
:107F30001BFF70B9012228461146FFF7E5FF0446F2
:107F400028B90A212846FFF71CFF6C70AC70204648
:107F500038BD6FF00104FAE770B50446FFF704FF7F
:107F600048B942B125691346AC460A46A068217853
:107F7000BDE8704060476FF0010070BD13B500218F
:107F800004468DF80710FFF7ADFF28B901460DF143
:107F900007022046FFF7E0FF02B010BD2DE9F743CE
:107FA000984600230D46164604468DF8073088B3E0
:107FB0000427017142718371324629462046FFF73A
:107FC000A3FF814648B1E07001212046FFF7D9FEAA
:107FD000013FF1D194F9039004E0B8F1000F05D10D
:107FE0000023E370484603B0BDE8F083012120463A
:107FF000FFF7C7FE294620460DF10702FFF7ACFF49
:108000009DF80730A3710028DDD1B342E8D06FF0AE
:108010000300D8E76FF00109E4E7002373B51546C4
:108020000DF1070204460E468DF80730FFF794FF66
:108030009DF807302671657118B9AB4218BF6FF013
:108040000300A371E07002B070BD2DE9F047054652
:108050000E4617464FF0040800212846FFF742FF5E
:10806000044640B1E87002212846FFF78AFEB8F1C5
:108070000108F1D16CE0B27D717D3079FFF7CAFE65
:108080003B46024607212846FFF788FF04460028A2
:10809000E9D13B4608212846327DFFF77FFF0446A1
:1080A0000028E0D102463B4609212846FFF776FF2B
:1080B00004460028D7D196F800A00AF107033F2B09
:1080C00049D881465AFA89F209F10B013B46284604
:1080D000D2B2C9B2FFF762FF04460028C3D109F14A
:1080E0000109B9F1080FEDD102212846FFF749FE39
:1080F000B27D717D3079FFF78DFE0721024628465B
:10810000FFF78BFF04460028ADD149462846327D53
:10811000FFF783FF04460028A5D10246092128461F
:10812000FFF77BFF044600289DD18146327809F194
:108130000B0152FA89F22846D2B2C9B2FFF76DFF9D
:10814000044600288FD109F10109B9F1080FEDD1DA
:108150002046BDE8F0876FF0010484E72DE9F8437D
:108160000546FFF701FE0F460146002840F0238137
:10817000002F00F020813B79032B00F21C81FB7D56
:10818000032B00F218817B7E032B00F214813B7DD0
:108190001F2B00F210813B7807333F2B00F20B813D
:1081A0002846FE7E97F81C90FFF79CFE04460028A8
:1081B00040F0E6802846FFF7B8FE0446002840F06D
:1081C000DF8001462846FFF78DFE0446002840F078
:1081D000D780003E18BF012681223346022128465F
:1081E000FFF7DCFE0446002840F0CA800A2128463A
:1081F000FFF7C7FD324639462846FFF726FF0446FB
:10820000002840F0BD80FA7D334602F003021F21B2
:10821000284642F04002FFF7C1FE0446002840F025
:10822000AF803346202128463A7EFFF7B7FE04464A
:10823000002840F0A5800246334621212846FFF75A
:10824000ADFE0446002840F09B80334641222221A7
:108250002846FFF7A3FE0446002840F091803346ED
:10826000412223212846FFF799FE0446002840F0CA
:1082700087803346412224212846FFF78FFE04469B
:1082800000287DD13346412225212846FFF786FE6E
:108290000446002874D1334645222B212846FFF797
:1082A0007DFE044600286BD1334667222C212846E8
:1082B000FFF774FE0446002862D14FF03C083346B5
:1082C000402241462846FFF769FE0446002857D160
:1082D00008F105085FFA88F8B8F1640FEFD133466A
:1082E0006B2128467A7EFFF759FE0446002847D1C5
:1082F000024633466C212846FFF750FE044600280C
:108300003ED10246334613212846FFF747FE044676
:10831000B0BB0246334614212846FFF73FFE044611
:1083200070BB0246334616212846FFF737FE044647
:1083300030BB3346732128467A78FFF72FFE044678
:10834000F0B9334674212846BA78FFF727FE044671
:10835000B0B9B9F1000F16D1BB7E002B14BF4FF09E
:10836000E0084FF060083346424675212846FFF783
:1083700015FE044620B9B9F1000F07D00123AB70F8
:108380002046BDE8F8834FF00008ECE7B8F1000F95
:10839000F4D00A212846FFF7F4FC21462846FFF7CF
:1083A000A1FD30B9324639462846FFF74EFE002877
:1083B000E4D00446E4E76FF00104E1E703289ABF44
:1083C000014B185C0020704766C9107010B5044658
:1083D00010462CB131B1FFF7F1FF28B14C434443B3
:1083E000204610BD0C46FBE70446F9E773B50C4682
:1083F00081B300234FF0040EC1E90133C1E9033317
:10840000C1E9053301F123024EF001E01946012BC9
:1084100094BF00260126DDB202F8075C4C3502F855
:10842000066C02F8055C02F8041C02F8031C02F852
:10843000021C02F8011C1160516001330F320FF071
:108440001BC02070062805D8DFE800F0081D527A0E
:10845000A2B2C2006FF0010002B070BD4BF68033D3
:1084600063604FF4807323811023E37240F2DC5386
:10847000DFF894E1C4E903E343F2B06320466361AB
:10848000FFF7A8FC2CE05A4BDFF880C163604FF483
:10849000007323810823E37241F270730425C4E959
:1084A00003C3002249F64043114663612046F0238E
:1084B0000095FFF76DFCF0232A4601212046009528
:1084C000FFF766FCF0230022022120460095FFF70B
:1084D0005FFCF02300952A4603212046FFF758FC55
:1084E0000022E17A6068FFF771FFA0611046B3E7F0
:1084F0003F4B404E63604FF4007323810823E372C7
:1085000042F6E06303250022C4E9036347F23053D7
:10851000114663612046E0230095FFF739FCE02314
:108520002A46012120460095FFF732FCE023002275
:10853000022120460095FFF72BFCE0230095CAE7B7
:108540002B4B46F2A81563604FF400732381082378
:10855000E37203F54123E360274B0022C4E904538F
:1085600002251146C02320460095FFF711FCC023C9
:108570002A46012120460095FFF70AFCC02300226D
:10858000294620460095FFF703FCC0230095A2E78B
:108590004BF6803363604FF4807323811023E372C2
:1085A0004FF4FA631548C4E903034FF4FA5365E73F
:1085B0004BF6803363604FF4807323811023E372A2
:1085C0004FF448730E49C4E903134FF47A6355E737
:1085D0004BF6803363604FF4807323811023E37282
:1085E0004FF4FA63074AC4E9032342F2107345E7E4
:1085F00000EE02000C101C008038010020207000EA
:10860000202078002020380020206000101030004A
:108610000A46034640B1406930B1198B21B1B2FA24
:1086200082F25209F9F72EBB704730B5044687B085
:108630001422002101A803F0CBFC002C5DD060685F
:1086400000285AD02189002957D0E368002B54D044
:10865000238A002B51D00122F9F714FB0122218A31
:10866000E068F9F70FFB01251123CDE9023500235E
:1086700004932389606801A90193F9F769F9238AB2
:10868000E06801A90193F9F763F92A46218AE068B5
:10869000F9F7F8FA2A4621896068F9F7F3FA2846CB
:1086A000F8F7BEF80925002221896068F9F7EAFA8F
:1086B0000120F8F7B5F8012221896068F9F7E2FA9C
:1086C0000120F8F7ADF8013DEDD12A46218AE06896
:1086D000F9F7D8FA0120F8F7A3F801222189606898
:1086E000F9F7D0FA0120F8F79BF8E0680122218A17
:1086F000F9F7C8FA0120F8F793F807B030BD08463B
:10870000F8F78EB838B50446B8B10568ADB1036A5C
:10871000013303622846F9F777FC2046FFF785FF0F
:108720002846F9F71CFC00212846FAF755FB284695
:10873000BDE838400021FAF775BB38BD0F4A104B31
:1087400011781B68142282B059B10E49B3FBF1F3C2
:108750000D49534348684A68121A9342FBD802B045
:1087600070470A49B3FBF1F353430193019B5A1E2F
:108770000192002BF3D000BFF8E700BFE080003487
:108780000C00003440420F00001000E0404B4C0051
:1087900008B50A4601894068F9F774FABDE808404F
:1087A000FFF7CCBF08B50A46018AC068F9F76AFA34
:1087B000BDE80840FFF7C2BF10B504460121FFF72E
:1087C000F1FF20460121FFF7E3FF20460021FFF7DC
:1087D000E9FF2046BDE810400021FFF7D9BF10B5E2
:1087E00004460021FFF7DEFF20460121FFF7D0FFFE
:1087F0002046BDE810400121FFF7D4BF70B5044604
:108800000D460826E9092046FFF7CCFF0121204646
:10881000FFF7BEFF00212046FFF7BAFF6D00013EC3
:10882000EDB2EFD120460121FFF7BCFF2046012128
:10883000FFF7AEFFFFF782FF218AE068F9F71CFA25
:10884000054631462046FFF7A3FF6B1E58425841AC
:1088500070BD70B5044690B1C569002D08BF642590
:10886000F7F7D8FF06462068FAF7B1FA202808D1B2
:108870002068FAF7AFFA003818BF012070BD6425F0
:10888000EEE7F7F7C7FF801BA84201D230BFEAE747
:108890000320F3E72DE9FF47174604468DF80F3014
:1088A000002800F08180DBB280F82E30002380F8B1
:1088B0002F3090F8303080F82C1080F82D20002BCD
:1088C0004AD04FF005084D00EDB2EFF3108972B6B3
:1088D000BFF34F8FBFF36F8F20469DF80F60FFF7F8
:1088E0006BFF29462046FFF789FF88B12046FFF736
:1088F00076FF6FF00206BFF34F8FBFF36F8F89F3E0
:108900001088B6B9C4E90966002004B0BDE8F08754
:1089100039462046FFF772FF0028E7D1314620464E
:10892000FFF76CFF06460028E0D12046FFF757FF0F
:10893000E1E7236A204601332362FFF776FE052034
:10894000F7F76EFFB8F10108BFD10122A023C4E9F7
:1089500009236FF00200D8E703682BB34FF0050836
:108960004FF001094D000DF10F0ACDE900A90123D7
:108970003A4629462068F9F761FB064618B92046B1
:10898000FFF767FF064620686662FAF723FAA062DF
:10899000002EB9D00520F7F743FF2046FFF7B2FEBF
:1089A000B8F10108E1D1D4E76FF00100ADE72DE99E
:1089B000F04F91469846044685B0002800F0B980F3
:1089C000002B00F0B6804FF48073C38590F83030F0
:1089D00080F82C1080F82D20002B00F082804FF0C2
:1089E000050A4D00EDB245F001030393EFF3108B40
:1089F00072B6BFF34F8FBFF36F8F2046FFF7DCFED9
:108A000029462046FFF7FAFEA0B12046FFF7E7FE11
:108A10006FF00206BFF34F8FBFF36F8F8BF3108899
:108A2000002E49D198F80030C4E9096684F82E3048
:108A3000002053E049462046FFF7E0FE0028E4D13D
:108A40002046FFF7B9FE20460399FFF7D7FE0746F9
:108A50000028DAD101212046FFF7A4FE08260121D3
:108A60002046FFF795FEFFF769FE218AE068F9F7D7
:108A700003F97F0001284FF000012046FFB208BF34
:108A800047F00107FFF784FE013EE8D120460121AF
:108A9000FFF788FE20460121FFF77AFE3146204687
:108AA000FFF776FE20460121FFF77CFE204688F87E
:108AB0000070FFF794FEADE7236A2046013323627E
:108AC000FFF7B3FD0520F7F7ABFEBAF1010A8DD130
:108AD0000122A123C4E909236FF0020005B0BDE81B
:108AE000F08F03682BB305274FF0010A4D00CDE945
:108AF000008A01234A4629462068F9F7F7FA064614
:108B000018B92046FFF7A5FE064620686662FAF708
:108B100061F9A06226B998F8003084F82E3087E712
:108B20000520F7F77DFE2046FFF7ECFD013FDED183
:108B3000D2E76FF00100D1E770B50C46054686B06C
:108B400000285DD0002952D00123142281F8303052
:108B500001A8002103F03CFA6368002B47D0238969
:108B6000002B44D0E368002B41D0238A002B3ED059
:108B7000206808B1F9F748FA012221896068F9F7FD
:108B800081F80122218AE068F9F77CF8112201239B
:108B90000026CDE902232389606801A90193049688
:108BA000F8F7D6FE238AE06801A90193F8F7D0FE12
:108BB000174AD2F8FC3043F08073C2F8FC30154BF2
:108BC0005E601A6842F001021A600096009A1F2A3D
:108BD00018D95B68104A003B18BF012301212046C9
:108BE0001370FFF7D5FD01212046FFF7DBFD0B4B8E
:108BF0002C606B600A4BAB600A4BEB600A4B2B613D
:108C000006B070BD00BF009A01320092DEE700BFDF
:108C100000ED00E0001000E0E08000349588107066
:108C2000AF891070FF8610701186107070B50D46F8
:108C3000044668B390F83030DBB1EFF3108672B6BB
:108C4000BFF34F8FBFF36F8FFFF7B6FD690001F0E1
:108C5000FE012046FFF7D2FD05462046FFF7BFFD87
:108C6000BFF34F8FBFF36F8F86F310886DB900206D
:108C700070BD006860B10122E3699140002B08BF1C
:108C80006423F9F785FA0028F1D06FF00200EFE7CE
:108C90006FF00100ECE770B5044615460E4609B1C9
:108CA00000230B700DB100232B70ACB14EB1606886
:108CB00038B1218929B1F8F7DFFF421E50425041F7
:108CC00030704DB1E06838B1218A29B1F8F7D4FF8E
:108CD000431E58425841287070BD10B5E4B00021C1
:108CE00004464FF4C872684603F072F94FF0807280
:108CF0000023CDE900234FF000734693FCF776FE86
:108D0000B0FBF4F021906846FBF702FA64B010BDA6
:108D1000054B1A899988187610B910460A460146FB
:108D200059839A83704700BFEC8000342DE9F743E4
:108D3000DFF8F8900646B9F81A000F461C46BDF851
:108D4000288000286BD0B9F81C10002967D0D9F80A
:108D50000430002B63D0D9F80850002D5FD0964224
:108D60005DD8A7425BD8B04259D9B94257D9904291
:108D70009CBF00F1FF3082B2A1429CBF01F1FF31E4
:108D80008CB299F8181039B9691E89B2881A891BF2
:108D900022463E468CB287B2964240D8A7423ED881
:108DA00093423CD9A5423AD94FF44031951B1D4816
:108DB000013B5B1B4160C360F8F70CF840F2031203
:108DC000C8F34513534340F20F22D9F8040021336E
:108DD00000FB076008F01F0656434FEAD82802FB45
:108DE00008F817369B09B60908F1170846EA032662
:108DF0004FEA9818E41B0C4A46EA0846013402EB95
:108E0000400246F07F4100946B1C0648F8F71FF8BB
:108E10003221044803B0BDE8F043F8F732B803B09C
:108E2000BDE8F0834889003400000090EC800034F5
:108E30000D4B10B55C8B844214D99C8B8C4211D99C
:108E40001C7E24B99C68013C241A0846A1B25C68C7
:108E5000A04207D29B6899423EBF01FB0400034B2E
:108E600023F8102010BD00BFEC80003400000090FB
:108E7000094B07B55A8B62B19B8B53B10749013B34
:108E800008600021013A00909BB2084692B2FFF7B9
:108E90004DFF03B000BD00BFEC800034080000347B
:108EA0002DE9F04397B03422002109A803F090F88F
:108EB00001237D4D1022002105A82B6003F088F8C6
:108EC0006A467A4B03F10806144618685968083355
:108ED00003C4B3422246F7D118689B880426A380B6
:108EE00001234FF4806720604FF40074704804A998
:108EF00006930496F8F72CFD6E4804A90497F8F73A
:108F000027FD04A96C480494F8F722FD6420F7F7C4
:108F100087FC21466848F8F7AFFE394604466548A5
:108F2000F8F7AAFE003818BF0120003C18BF012442
:108F3000314644EA40045E48F8F79EFE002840F0BF
:108F40009380E4B2022704230E26CDE904374FF0C4
:108F5000000803234FF48069554804A9CDE906832E
:108F60000896F8F7F5FC534804A90896CDF8109038
:108F7000F8F7EEFC4FF400734F4804A904930896E9
:108F8000F8F7E6FC16AB03EB440434F8582C4B4BD3
:108F900047F216041A804FF41672494E494B4A495B
:108FA000C6E90223494B4A4AC6E90413494B9F20AC
:108FB0001C801323C2E9053716232F60C2E907037B
:108FC00040F29F4740F26E2340F23F5CC2E90973D2
:108FD00040F27A231046C2E90BC3C2F810803480F5
:108FE000C6F80490FAF716FA3948FAF7B9F944F2D4
:108FF0004232338893423ED13748FFF76EFE042752
:10900000FF210024B3687268CDE90D7105264FF485
:109010008061CDE90A24CDE91016CDE9124209A9F3
:1090200022462B480C93149309940F94ADF85440A6
:109030008DF85640FAF720FA224628492448FAF7D4
:1090400054FA2046FFF764FE03234FF6FF702B60AF
:10905000FFF70EFF0122082115482F60F8F712FED6
:109060002E6017B0BDE8F08344F00404072C7FF4B1
:1090700068AF062466E747F28402934201D118489C
:10908000BBE7A34201D11748B7E747F21802934262
:10909000B5D044F284329342F1D041F218029342A7
:1090A000ADD11148A9E700BFE480003428C9107091
:1090B000000002560004025600180256EA800034EE
:1090C000EC800034140003008C001400A0000C009D
:1090D0004C880034E880003440548900000000903F
:1090E00055A0FC01005A620240A5AE022DE9F04FE6
:1090F0001546A5EB000885B0B8F1000F04468B4675
:10910000BDF83820A3EB01091EDC1FD0A0EB050839
:109110004FF0FF300190B9F1000F1ADC1BD0A1EB2A
:1091200003094FF0FF330025C845C246B8BFCA4601
:109130002F462E460AF1010102910298A9B28142FE
:109140000BDD05B0BDE8F08F0120E3E7CDF804802A
:10915000E1E70123E7E74B46E5E71FFA8BF1A0B211
:109160000393FFF765FE4644B245B8BF01994F44EB
:10917000039BBCBFA6EB0A066418BA45BCBFA7EBAD
:109180000A079B440135D8E72DE9F3411C46064602
:109190000D461746BDF820800B46CDF80080FFF73E
:1091A000A5FF2346324629463046CDF80080FFF71A
:1091B0009DFF23463A4621463046CDF80080FFF712
:1091C00095FF23463A4629463846CDF8208002B01E
:1091D000BDE8F041FFF78ABF2DE9F04F1D4615F0BD
:1091E000070618BF012685B09DF8383006EBD50676
:1091F0000293BDF83C30A2F1200403936B0816FBE8
:1092000003F6182D83460F46F6B2E4B242D006D8D4
:109210000C2D0AD0102D39D005B0BDE8F08F202DCF
:10922000FAD1234B03EBC41402E0224B05FB0434B8
:10923000BA46A319DFF88C900193019B9C42EBD0B6
:109240000AF1080814F8016B1FFA88F8330626D5CE
:10925000039A51465846FFF7EBFDB9F81C200AF176
:1092600001011FFA81FA73005245DEB2D4D9AAEB8C
:109270000702AA4219D1B9F81A300BF101001FFAFE
:1092800080FB5B45C8D9B846C246D6E70A4B03EB1C
:109290000414CDE72422094B02FB0434C8E7029BE7
:1092A000002BDAD1064B1A88D3E7C245CED1EBE7C3
:1092B0008AC91070560C1170660611700AF9107088
:1092C00008000034EC8000342DE9F04F85B00C46E6
:1092D00019460F9B05469DF83890BDF8408013B3A2
:1092E000B9F1000F1FD01B48468BAE421BD9878BAC
:1092F000A74218D92A4492B22144954289B202D891
:10930000964228BF16468C4202D88F4228BF0F468D
:10931000284603F1FF3A4FEA590B1AF8012FA2F140
:1093200020035E2B02D905B0BDE8F08FB04222BF0A
:109330004C44A4B22846BC42F5D2002321460093F7
:10934000CDF804804B460390FFF746FF039858443E
:1093500080B2E2E7EC800034D0B5ADF50A7D98220A
:109360000021684602F034FE4FF4C872002126A89E
:1093700002F02EFEFCF77AFB244B984237D00023F4
:109380000222CDE9112300920522082060211392C8
:1093900016920122CDE903036846CDE91431CDE9E7
:1093A000172305930A931F93FAF7C0FA48BB184B8B
:1093B0004FF080516F934FF080561423002726A85A
:1093C000CDE92667CDE93413FAF7A2FE0446C0B909
:1093D000FCF74CFB0D4B984207D130463946FDF760
:1093E0007FFC0C4C031B5C425C41E0B20AE04FF096
:1093F00080500021FDF774FC064B9842BFD101203C
:1094000000E000200DF50A7DD0BD00BF0000A60ED3
:10941000181402070080BB000F4880F30A880F4829
:10942000854602F053FC0E480E490F4A002302E025
:10943000D458C4500433C4188C42F9D30B4A0C4C92
:10944000002301E013600432A242FBD302F0CEFD00
:1094500001F064FAFEE7000000F81F340000203439
:10946000000000346000003498161170C080003491
:109470000C8B0034FEE700002DE9F0411D46114B36
:1094800080460F46164618461A22002102F0A0FD1B
:10949000BDF81830A0F10A042382079B40F80A8C1B
:1094A0006361BDF8203040F8067C2383099B20F8D7
:1094B000026CE361012384F82030C0F80250BDE85B
:1094C000F08100BF5E810034F8B51B4C074694F86C
:1094D00020300E461546002B2DD02A220021174899
:1094E00002F076FD154A23680A3A136063685360F8
:1094F00023891381E368D360238A138263695361EC
:10950000238B1383E3690E4CD36120461146FFF78A
:1095100013FB87B1236973B1012120689847304656
:10952000F7F77EF920682369002198472846BDE8AF
:10953000F840F7F775B9F8BD54810034168100344E
:109540004081003400487047408100340048704733
:109550000C8100342DE9F74F9DF830709946B846DC
:109560000023042F88BFA7F10208044692468DF815
:1095700006308DF8073088BF5FFA88F818B90020E8
:1095800003B0BDE8F08F0029F9D0002AF7D0B9F177
:10959000000FF4D0002FF2D0002606600F70A34613
:1095A0004C2529461D48FFF741FB20B99BF80030A8
:1095B00001338BF800300135EDB2502D0BF1010B6A
:1095C000EFD101200136F7F72BF9B742E7D813485E
:1095D0000DF107020DF10601FFF75DFB4FF0040EE0
:1095E00001204EF001E09DF806209DF807308AF832
:1095F0000020013C89F8003014F8011F414534BFB8
:10960000002000F001000FF009C8002AB7D0002B9D
:109610000CBF002000F00100B2E700BF0C81003455
:109620000530C0B205289ABF024B53F8200002480B
:10963000704700BF0C161170CA1011702DE9F04F61
:10964000E1B0EFF3108A72B600234FF0100E20AD98
:109650006E46E846A9461A464EF001E03D483E49AE
:109660003E4F40AC50F823C046F804CB51F823C01D
:1096700045F804CB57F823C040F8232044F804CB26
:1096800041F8232047F8232001330FF015C80022AA
:109690004FF0100E14464EF001E0304D0DF1400C2D
:1096A00030AF50AE02F1100350F823B001324CF845
:1096B00004BB51F823B047F804BB55F823B040F879
:1096C000234046F804BB41F8234045F823400FF0FF
:1096D00017C81AF0010F00D162B6002447F6FF7ACE
:1096E0004FF6FF7BDFF87CC0DFF87CE0002510261A
:1096F000A101270140AB585890B97B192CF81300F1
:109700002EF81300013E05F1010501F10401F1D12C
:10971000631C022B4FF00104E8D161B0BDE8F08F6B
:1097200059F801300E4A93FBF0F39342B8BF134649
:1097300058F801205345B2FBF0F2A8BF53465A45F2
:1097400028BF5A46781992B21BB22CF810202EF876
:109750001030D7E740830034C082003440820034A8
:109760000080FFFF00820034C0810034E8B100F0C7
:109770006003602B1BD000F04403442B19D000F091
:109780004803482B17D0020617D4830617D40107C5
:1097900017D4420717D4C30717D4810717D4C206BA
:1097A00017D4430617D40D4870470D4870470D482D
:1097B00070470D4870470D4870470D4870470D4879
:1097C00070470D4870470D4870470D4870470D4869
:1097D00070470D4870470D48704700BFCA101170A0
:1097E000CE101170D3101170DA101170E1101170D9
:1097F000E8101170EC101170F0101170F810117069
:10980000F410117002111170FC101170D71011704A
:109810002DE9F04F0446B3B00DF148080D46164649
:109820000021402240461F4602F0D2FB4022002188
:1098300022A802F0CDFB2022002102A802F0C8FBE2
:10984000202200210AA802F0C3FB002C77D0002EB2
:1098500075D0002F73D03C9B002B70D03D9B002B0C
:109860006DD06B1E0F2B6AD84FF4805E00224EF035
:1098700001E0B2FBF5F305FB132332A901EB8300F2
:1098800034F9129050F8801C34F812C0494440F862
:10989000801C32A901EB430333F8C01C23F8A0CC91
:1098A000013123F8C01C01320FF01DC800204FF415
:1098B000805CB0FBF5F305FB130332A901EB430118
:1098C00031F8C0EC34F9102071469B00BEF1000F56
:1098D00006D003F1C801694451F8801C91FBFEF1E8
:1098E000C833521A6B44002A53F8401CB8BF524286
:1098F0000A44BCF1010C43F8402C00F10100D8D11E
:1099000000204FF0FF3904464FF0100C3C9A6100E4
:10991000A54206EB000E07EB000A0244019111D8A4
:1099200000233C9A33503B5013503D9A22F8143098
:10993000BCF1010C04F1010400F10400E6D133B0E4
:10994000BDE8F08F56F800B022AB6FEA0B0B53F86E
:10995000241058F824308B4589BFDEF800B0CEF8CB
:1099600000905944CEF80010DAF800101944CAF8F3
:109970000010D2F800E002AB6FEA0E0E33F81410BC
:109980000AAB8E4589BFD2F800E0C2F8009071445E
:10999000116033F814203D9B61005A52C8E7000063
:1099A000014B1960704700BF788100341FB5402318
:1099B0006422CDE90232102305494FF48042CDE9FB
:1099C0000031044B1946FFF757FD05B000BD00BF3D
:1099D00000080256000C025610B51548FEF7A9F90A
:1099E00001280CD14FF4005212491148FEF746F8F5
:1099F000114B83F85E00C8B90220F6F711FF0F4C37
:109A00002046FEF796F9012810D14FF40052204667
:109A10000B49FEF733F8084B83F85F0030B960223A
:109A200023689A611A6922F060021A6110BD00BFB2
:109A3000B487003460400034F48300341C87003461
:109A4000600000342DE9F04F4FF47A709BB0924DD6
:109A5000F6F7E6FE74220021904802F0B9FA95F874
:109A600070300A226421002B67D10120FFF72CFD02
:109A700001235822002104A885F87C3002F0A8FABE
:109A800080220021864802F0A3FA74220021834834
:109A900002F09EFA0421FF2241F001E07F4B5A7050
:109AA0009A70DA701D330FF007C04FF0100E0024CB
:109AB0004EF001E07B4F7C4E7C487D497D4A4FF063
:109AC00000087D4B47F8248046F8248040F8248025
:109AD00021F8148022F8148023F8148001340FF048
:109AE00013C04FF0100E44464EF001E008F1100C88
:109AF00047F82C4008F1010846F82C4040F82C406B
:109B000021F81C4022F81C4023F81C400FF013C021
:109B1000002004A92C70FEF769FC85F85D4085F8EB
:109B20005C0060B1F6F776FE2866F6F773FE634BCD
:109B3000FA3818601BB0BDE8F08F002096E7582275
:109B40005F4804A902F080FA95F87030002B52D0DB
:109B500085F8783095F87130EA6E85F87930B5F887
:109B600072306A67A5F87A3000264FF01C0A4FF071
:109B70000109DFF82CB1534C04AF534BBA7F0AFBF9
:109B800006380392FFF7DEFC039A01464046FEF7D3
:109B900051F9404604F8069CFEF7F0F95A4604F8DD
:109BA000050C314604A8FEF779F900282ED004F8F8
:109BB000040C0136042E07F10F070BF1200B04F102
:109BC0001D04DAD1F6F726FE0024AB6E28660133B9
:109BD000AB666C66F6F71EFE3C4B18603C4B1A6891
:109BE0003C4B1A603C4B1A683C4B1A603C4B1C6067
:109BF0003C4B1C6099E73C4BCDF800805A1ED91EA7
:109C0000D81FFFF7A7FC85F87900ADE78BF81C009B
:109C1000594640468BF81590FEF7A0FA804604F8A6
:109C2000040C0028C5D119220146A01E02F0D0F96B
:109C30004FF0080E22464EF001E09BF8000000EBCA
:109C4000080102F8011F08F101080FF009C09BF894
:109C50001A20002A14BFE022602262759BF81720A8
:109C600002F0030242F0400262729BF81820A272D6
:109C70004122E27222736273A2734522E273672269
:109C800022749BF8012062749BF80220A2740022C7
:109C900004F8032C8DE700BFF4830034748400348F
:109CA000E884003440830034C082003440820034B1
:109CB00000820034C0810034808100347C81003413
:109CC000F88300347A84003468850034D08300340B
:109CD000EC830034CC830034E0830034C883003448
:109CE000C4830034C08300346F840034F8B5F6F7C1
:109CF00091FD134B93F87C3003B312490A68821A22
:109D0000B2F57A7F1AD34FF47A7C0F4B0F4D1E6851
:109D10000F4B104F1C682B680860F31A0CFB03F301
:109D2000B3FBF2F33B600C4F2E603B683C60E31AE0
:109D30000CFB03F3B3FBF2F3084A1360F8BD00BF5A
:109D4000F4830034D0830034EC830034CC830034BB
:109D5000E0830034C4830034C8830034C0830034FB
:109D60002DE9F04FDDB0F6F755FDCA4A1368C31A66
:109D7000F92B40F222821060FFF760FCFFF7E6FB50
:109D800005460020FFF774F840F2FF730293C24BC0
:109D90004FF4127201931823122108200093FFF749
:109DA00093FA4FF6E0730293BC4BBD4C01930C2326
:109DB0004FF41272009334210820FFF785FA2378BC
:109DC000002B00F05881012B00F05781B54B102774
:109DD0004FF6FF78E2693CAE0392E27B802102926B
:109DE000A26830460192B04A40F2FF7A0092AF4A30
:109DF00002F0B8F83B464FF4127244210820CDE936
:109E000001680097FFF760FAA94B94F95C001A68A3
:109E1000FFF706FCA36E8021039394F85D30009257
:109E2000CDE90103A34BA44A1B88304602F09AF8FF
:109E30003B464FF412725A210820CDE90168009781
:109E4000FFF742FA94F85F308021009394F85E3077
:109E50009A4A304602F086F83B4600970C274FF4AA
:109E600012726E210820CDE90168FFF72DFAA26871
:109E7000E37B8021534303F580535B0B0193904BAD
:109E8000904A1B68304600938F4BDFF874821B6842
:109E900002F068F83B464FF41272822108200097C6
:109EA000CDE9016AFFF710FAFBF7E0FD00218146DA
:109EB0004FF08050FCF714FFD8F8003080211B6869
:109EC000824AC3F3C0430293D8F82430CDE900039B
:109ED0004B46304602F046F83B464FF4127296214C
:109EE00008200097CDE9016AFFF7EEF9D8F80030B5
:109EF0008021D3F800B0D3F80890D3F80C80744ACE
:109F0000CDE900985B46304602F02CF83B464FF412
:109F10001272AA2108200097CDE9016AFFF7D4F94F
:109F20004FEA1843C8F3032803935FFA89F908F14D
:109F30000103029309F101030193CBF3055380213F
:109F4000644A00933046CBF3C04302F00BF83B4623
:109F50004FF41272BA2108200097CDE9016AFFF789
:109F6000B3F9A36880215C4A9B01304601F0FAFFF7
:109F70003B464FF41272CA2108200097CDE9016ACE
:109F8000FFF7A2F994F8712094F8703094F86C10EF
:109F900094F86D0094F86E7094F86FC094F872E0C5
:109FA00094F87380002A6AD04C4ACDE903CECDE9FB
:109FB0000582CDE901074A4A00913046802101F02F
:109FC000D1FF94F871304FF41272002B0CBF4FF494
:109FD00078434FF4FC63CDE901630C23DA210820B8
:109FE0000093FFF771F994F8792094F8783094F899
:109FF000741094F8750094F8767094F877C094F81B
:10A000007AE094F87B80002A3BD0344ACDE905827F
:10A01000CDE903CECDE90107324A009130468021D7
:10A0200001F0A0FF94F879304FF41272002B0CBFAE
:10A030004FF478434FF4FC63CDE901630C23EA212C
:10A0400000930820FFF740F900210423264A1078E6
:10A050004F1C20B192F90200002840F0BF80013B64
:10A06000394602F11D02F2D13046204901F0E4FFE9
:10A070004FF4FC63CDE01E4BA9E61E4BA7E61E4A3B
:10A0800093E71D4AC2E71D4BD3E04A460CE100218D
:10A090004AE100BF7C810034341111704E111170FF
:10A0A000F48300341B111170AE1111708611117000
:10A0B00078810034EC800034B2111170DC11117021
:10A0C000C0830034EC111170C4830034111211707C
:10A0D00038121170591211708A12117023111170F7
:10A0E000B9121170BA121170748400340C15117009
:10A0F000061111700F111170261111702D111170B0
:10A10000B48700344FF4784A20E10027BCE2169A65
:10A1100092F902200AB12A4ABCE2169A92F9032067
:10A120000AB1284AB6E24FB9274A20211EA801F0F9
:10A1300019FF002648F2304A1597B3E29BF8211028
:10A14000012911D89BF82320179802440F2A0BD815
:10A1500002EB01121D4931F81260B6B2B6F5806FFC
:10A1600004D24FF6E07A1EB9194ADEE74FF4FC6AD2
:10A1700000221B21174830F822E000EB820CB64584
:10A1800009D8BCF9022000922021134A1EA801F030
:10A19000E9FE159786E2013902F10102EBD16FF079
:10A1A0005902F0E74FF47841A2E20122BCE24FF4F9
:10A1B000FC63C2E240F2FF73BFE20020DCE200BFBA
:10A1C000B2141170BC141170C514117000820034E7
:10A1D000D014117024161170DB1411701D22C14BA4
:10A1E00002FB013292F90200FFF71AFA1C23BE4A61
:10A1F00003FB01229379802103935379029313790E
:10A20000BA4ACDE900033B46304601F0ABFE4FF6BB
:10A21000E073CDE901630C234FF412720093FA212D
:10A220000820FFF751F895F83030002B3FF42BAFA2
:10A23000AF4B95F82F10A86A00290CBF5721522167
:10A240002A6A0690686ADFF8FC82059095F82E006D
:10A25000049095F82D00039095F82C000092CDE91C
:10A260000110A44A8021304601F07CFE0C2540F20A
:10A27000FF734FF412724FF485710820CDE901632A
:10A2800000952B46FFF720F84FF6E07302939A4BA8
:10A290004FF41272CDE900534FF48F712B46082012
:10A2A000FFF712F800228F4D00200821170107F553
:10A2B0009777BBB298F823E0159305F1060C1CF8CC
:10A2C000019F0EEB0003DBB299457FF4E0AE01394C
:10A2D00000F10100F3D1EB7B402B7FF4D8AE297C59
:10A2E00000297FF4D4AE6B7C412B1DD1AB7C412B7C
:10A2F0001AD1EB7C412B17D12B7D412B14D16B7DD7
:10A30000452B11D1AB7D672B0ED198F82400EB7D46
:10A31000834209D1287E984206D1E97E01F060018E
:10A32000A1F1600359425941287895F902B095F995
:10A33000037000283FF4E6AE5BEA07007FF4E2AE6C
:10A34000002914BF4FF4FC6A4FF4784A95F90100D4
:10A35000FFF766F901465846FFF762F9834638462B
:10A36000FFF75EF92B7E02F101091393EB7D4C326E
:10A370001293AB7D08F10F0811936B7D1D3510937F
:10A3800015F8093C0F9315F80A3C0E9315F80B3C91
:10A390000D9315F80C3C0C9315F80D3C0B9315F828
:10A3A0000E3C0A9315F8183C099315F8193C0893CC
:10A3B00015F8173C079315F8023C069315F80F3C67
:10A3C000059315F8163CCDE9011BCDE90303802167
:10A3D0004B4600923046494A01F0C4FD0C234FF42D
:10A3E00012720820CDE9016A15990093FEF76CFFFF
:10A3F000B9F1040F7FF449AE414B424FD3F80080CE
:10A40000414BD3F80090414BD3F800A03868FFF7D8
:10A41000ADF905463E48D7F800B0F6F753FC0746BD
:10A420003C48FDF786FC222896BF3B4B3B4B53F83C
:10A430002030CDE9025BCDE90473CDE9009A4346B3
:10A4400080213046364A01F08DFD4FF6FF73CDE98D
:10A4500001630C234FF412724FF4BB710820009378
:10A46000FEF732FF2F4B304FD3F800802F4BD3F83D
:10A4700000902F4BD3F800A03868FFF777F9054616
:10A480002C48D7F800B0F6F71DFC07462A48FDF720
:10A4900050FC222896BF204B204B53F820308021BF
:10A4A000CDE9047330464346CDE9025B234ACDE94A
:10A4B000009A0C2501F056FD4FF6FF7340F2FF772E
:10A4C000CDE901634FF412722B464FF4C37108209B
:10A4D0000095FEF7F9FE1A4A1388118A108C128E25
:10A4E00032E000BF7484003468850034E6141170D3
:10A4F0002A111170E6121170171311704A1311709E
:10A50000F0830034D8830034EC830034E8830034D3
:10A51000FC850034B487003480151170301111703F
:10A52000BC131170E4830034D4830034E08300341E
:10A53000DC8300348C8600341C870034EC131170EB
:10A54000C0810034F483003409B200B212B2CDE904
:10A550000102009130468021894A1BB201F002FDC0
:10A560002B46CDE901674FF412724FF4CD710820EC
:10A570000095FEF7A9FE4CF218630293814B4FF44D
:10A580001272CDE900534FF4D5712B460820FEF727
:10A590009BFE5822002126A801F01AFD26A90020C2
:10A5A000FDF724FF784B4FF41272019310234FF400
:10A5B000DF71082002970093FEF786FE4FF6E073E6
:10A5C0000293724B2822CDE900534FF4EB712B46D6
:10A5D0000820FEF779FE382500261EAF01363346E7
:10A5E00020216B4A384601F0BDFC4FF6E073CDE9FF
:10A5F00001730C23284680224FF4EB710093FEF781
:10A6000063FE8435042EADB2E8D14FF4F4784FF0F8
:10A6100000091EADCDF85C9009F101094B462021DF
:10A6200028465C4A01F09EFC4CF21863CDE90153C8
:10A630000C238025A3462822009341460820FEF7DC
:10A6400043FE179B179A25FA03F3DBB21C9326AB44
:10A6500013441893504B169308F101039BB21B93BC
:10A66000A5F148039BB29BF8262017991993189BD4
:10A67000914293F82330BFF448AD9BF825701C9AA3
:10A680001740003F18BF0127169A1278002A7FF45E
:10A690003EAD424A00264FF4784A20211EA801F020
:10A6A00061FC15961EAB01930C2344224146CDF864
:10A6B00008A000931998FEF707FE691C89B219914A
:10A6C00008F1020189B21A9105F12F0189B21D9199
:10A6D000159905F1300208F10B0308F10A0A92B24C
:10A6E0009BB21FFA8AFA00293FF45CAD4CF2186164
:10A6F000284600911B99FEF747FDDDE9190100236B
:10A700001D9A00935346FEF711FBF7B1159BE3B179
:10A71000DEB1302202FB06F3B3F5006FFFF445AD66
:10A72000B3F5C43F00D2DA0AB6F5806FBFF43FAD8F
:10A73000FF2E7FF63FAD4FF6E073DDE919012A44A5
:10A74000009392B25346FEF7F1FA189B84350F330B
:10A750001893169BADB21D33B5F5247F0BF10F0B8B
:10A7600016937FF47DAF08F11608B9F1080F1FFAB0
:10A7700088F87FF44EAF01205DB0BDE8F08F00BFD8
:10A780001C14117046141170761411709C14117001
:10A790009F141170A414117074840034A9141170E2
:10A7A00007B50368124A934210D1124A124913683E
:10A7B000124801331360124B124A0193124B00935B
:10A7C000C97B124BFFF724F803B000BD104A934237
:10A7D000FAD1104A084913680F48013313600F4B30
:10A7E0000F4A01930F4B0093C97B0F4BEAE700BF61
:10A7F00004580052F0830034F48300346040003485
:10A80000808100344083003440820034C0820034B0
:10A8100024580052E483003460000034A0810034E6
:10A8200080830034808200340083003407B50368DD
:10A83000124A934210D1124A124913681248013346
:10A840001360124B124A0193124B0093C97B124BB7
:10A85000FEF7DEFF03B000BD104A9342FAD1104A62
:10A86000084913680F48013313600F4B0F4A0193D7
:10A870000F4B0093C97B0F4BEAE700BF045800520F
:10A88000EC830034F4830034606000348081003451
:10A890004083003440820034C08200342458005287
:10A8A000E083003460200034A081003480830034D1
:10A8B000808200340083003408B50C4A0368934258
:10A8C00008D10B4A136801331360FDF735FA094BC1
:10A8D000186008BD084A9342FBD1084A1368013347
:10A8E0001360FDF729FA064BF2E700BF0458005247
:10A8F000E8830034D883003424580052DC830034C9
:10A90000D4830034044B82B0C3F85C0AD3F85C32C1
:10A910000193019B02B07047008002562DE98048E8
:10A9200093B0EFF31084002105AD10222846ADF856
:10A93000101001F04DFB72B6F6F742F844F20743EF
:10A9400004A8ADF81030F6F755F840F20173ADF8F1
:10A95000143007238DF81630684B28460693684B51
:10A960000793684B0893F6F73FF80420F6F716F8BC
:10A9700084F31088644B5A6912F4003211D1BFF38A
:10A980004F8FBFF36F8FC3F85022BFF34F8FBFF3CA
:10A990006F8F5A6942F400325A61BFF34F8FBFF391
:10A9A0006F8F594A536913F4803328D1C2F8843029
:10A9B000BFF34F8F43F6E074D2F88030C3F3C90081
:10A9C000C3F34E335B0100F1010E01464EF001E08E
:10A9D00003EA040747EA8176C2F8606201390FF0A2
:10A9E00007C8203B13F1200FEDD1BFF34F8F536900
:10A9F00043F480335361BFF34F8FBFF36F8FF5F78D
:10AA0000EBFE414C01F0AEF9404BA360BFF34F8F1A
:10AA1000BFF36F8F0F20F5F7B9FE08B172B6FEE7EE
:10AA2000F5F710FF62B63A4BA2681A604FF0E023C8
:10AA3000384A196911605A69374B1A60EFF310826E
:10AA4000364BDFF8ECB01A600223CBF80030344B01
:10AA500004260FCB4FF0013C85E80F0028464FF449
:10AA6000806E00234EF001E050F8047B0CFB03F1F4
:10AA70009A0002F110427940116001330FF00BC0CF
:10AA8000BFF34F8F4FF0800E4FF010434EF001E0B8
:10AA9000C4F8703220330FF005C8BFF34F8FBFF3F7
:10AAA0006F8FBFF34F8FBFF36F8F00234FF480671B
:10AAB00050F8048C0CFB03F2990001F11041D1F81D
:10AAC00000E082EA0802724510D0164B1960164B5E
:10AAD0001A60164BC3F800E00023DFF858A0CAF84C
:10AAE0000030DAF800303BBB72B6FEE7013F03F1FD
:10AAF0000103DFD1013EB2D10123EEE76000003453
:10AB0000BF8000340101010300ED00E0000410707B
:10AB1000E4850034E0850034DC850034D8850034D9
:10AB200038C91070F0850034EC850034E8850034B5
:10AB3000F8850034F485003414220021284601F001
:10AB400047FA4FF48030FFF7DDFE0420FFF7DAFE0E
:10AB50001020FFF7D7FE0820FFF7D4FE8020FFF774
:10AB6000D1FE0220FFF7CEFE4FF40040FFF7CAFEF1
:10AB70004FF48040FFF7C6FE4020FFF7C3FE2020C1
:10AB8000FFF7C0FE0120FFF7BDFE4FF40050FFF7B6
:10AB9000B9FE002244F20231C748F7F773F80022E9
:10ABA0004021C648F7F76EF801224FF48061C24891
:10ABB000F7F768F800228021C148F7F763F8002210
:10ABC0000121C048F7F75EF800228021BE48F7F760
:10ABD00059F800220221BD48F7F754F8002201215C
:10ABE000BB48F7F74FF800221821BA48F7F74AF8A0
:10ABF00001224FF48061B8480024F7F743F87F231F
:10AC00002946B148CDE905340794F6F7A1FE4FF483
:10AC100072532946A948CDE905340794F6F798FE02
:10AC20004BF285032946A448CDE905340794F6F78D
:10AC30008FFE43F60A432946A2480126CDE9053492
:10AC40000794F6F785FE44F2023329469A48CDE987
:10AC50000536CDE90744F6F77BFE402302274FF483
:10AC6000806829469548CDE90536CDE90744F6F7D1
:10AC70006FFE29469048CDE90774CDE90586F6F7C1
:10AC800067FE4FF492734FF0800929468C48CDE956
:10AC900005340794F6F75CFE29468948CDE9059608
:10ACA000CDE90744F6F754FE29468648CDE9074426
:10ACB000CDE90566F6F74CFE0A2329468748CDE91B
:10ACC00005340794F6F744FE29467F48CDE90596FA
:10ACD000CDE90744F6F73CFE29467C48CDE9074418
:10ACE000CDE90576F6F734FE4DF6DE0329467A48BF
:10ACF000CDE905340794F6F72BFE43F6AA4329461F
:10AD00007348CDE905340794F6F722FE4FF48253D9
:10AD100029467048CDE905340794F6F719FE4FF43B
:10AD2000845329466E48CDE905340794F6F710FEA2
:10AD300029466748CDE90744CDE90566F6F708FEE0
:10AD4000082329466348CDE90536CDE90764F6F7BF
:10AD5000FFFD29466048CDE90774CDE90586F6F781
:10AD6000F7FD102329465B48CDE90536CDE90744B8
:10AD7000F6F7EEFD1023DFF880912246C9F8503A2D
:10AD8000D9F85032052154200393039BF5F7A2FD17
:10AD90005420F5F7CFFD224605215520F5F79AFD01
:10ADA0005520F5F7C7FD4F4A4F4BD46013605464EC
:10ADB0004FF48033D464FF241046C2E9013797640E
:10ADC0001465F6F707F808B172B6FEE73146454854
:10ADD000F6F7D2F8014608B172B6FEE734220190C8
:10ADE000284601F0F5F8414B414A9F201A60132292
:10ADF000C3E90527162240F29F4CC3E9070240F23F
:10AE00006E2240F23F5EC3E909C240F27A22019904
:10AE10001846C3E90BE2C3E90111C3E9031199869E
:10AE200083F83610F8F79CFA304B024608B172B638
:10AE3000FEE74FF41671CDE9050807900420CDE92F
:10AE400008100520CDE90F81CDE90D0229461846ED
:10AE5000CDE90A42CDF83080ADF844208DF8462087
:10AE6000F8F70AFB08B172B6FEE7DFF89080214BD5
:10AE7000C8E90360C8F80030A3F17E53A3F57D2331
:10AE8000A3F64423C8E90130C8E90500C8E9070072
:10AE90004046F7F764F8014608B172B6FEE740464F
:10AEA000F7F79AFF014608B172B6FEE74046F7F79A
:10AEB000B9FF28B372B6FEE700100256000802562A
:10AEC000001C0256000C0256004002560038025682
:10AED00000140256000002560018025600040256E2
:10AEE0000034025648890034001002584C8800345F
:10AEF000001000580058005000800256F4880034BA
:10AF0000214B224A29461360214A803313604FF4B3
:10AF10000073C9F8583AD9F8583205970327092021
:10AF20000493049B0697FCF797FB29460820FCF73F
:10AF300093FB29460A20FCF78FFB29463846FCF78D
:10AF40008BFB39461348FCF79DFB39461248FCF74A
:10AF500099FB39461148FCF795FB39461048FCF738
:10AF600091FB20213046F8F7F3FA21460748F5F720
:10AF7000ABFE08B172B6FEE721460548F5F7A4FE20
:10AF800080B172B6FEE700BF50100250FC8500345D
:10AF90008C860034160000101D00002005000030D3
:10AFA0000700003040F201320121DC48F6F778FE5C
:10AFB00040F201320221D948F6F772FE40F2013226
:10AFC0000421D648F6F76CFE40F201320821D3483E
:10AFD000F6F766FE40F201321021D048F6F760FE27
:10AFE00040F201322021CD48F6F75AFE40F20132FC
:10AFF0004021CA48F6F754FE40F201324FF4807106
:10B00000C648F6F74DFE40F201324FF40071C348D6
:10B01000F6F746FE40F201324FF48061BF48F6F782
:10B020003FFE40F201324FF40061BC48F6F738FEB3
:10B0300040F201324FF48051B848F6F731FE40F249
:10B0400001320121B648F6F72BFE40F2013202210F
:10B05000B348F6F725FE40F201320821B048F6F772
:10B060001FFE40F201324021AD48F6F719FE40F2D2
:10B0700001328021AA48F6F713FE40F201324FF464
:10B080008061A748F6F70CFE40F201324FF40061F0
:10B09000A348F6F705FE40F201324FF48051A04874
:10B0A000F6F7FEFD40F201324FF400419C48F6F7FE
:10B0B000F7FD40F2013201219A48F6F7F1FD40F226
:10B0C000013208219748F6F7EBFD40F201321021DA
:10B0D0009448F6F7E5FD40F2013220219148F6F759
:10B0E000DFFD40F2013240218E48F6F7D9FD40F2F3
:10B0F000013280218B48F6F7D3FD40F201324FF444
:10B1000080618848F6F7CCFD40F201324FF40061CF
:10B110008448F6F7C5FD40F201324FF48051814872
:10B12000F6F7BEFD40F201324FF400517D48F6F7CC
:10B13000B7FD40F2013201217B48F6F7B1FD40F244
:10B14000013202217848F6F7ABFD40F201320421CA
:10B150007548F6F7A5FD40F2013208217248F6F76E
:10B160009FFD40F2013210216F48F6F799FD40F241
:10B1700001324FF480616C48F6F792FD40F20132E3
:10B180004FF400616848F6F78BFD40F201324FF44E
:10B1900080516548F6F784FD40F201324FF40051CA
:10B1A0006148F6F77DFD40F201324FF480415E4880
:10B1B000F6F776FD40F2013201215C48F6F770FDAA
:10B1C00040F2013202215948F6F76AFD40F201329D
:10B1D00004215648F6F764FD40F201320821534835
:10B1E000F6F75EFD40F2013210215048F6F758FDA7
:10B1F00040F2013220214D48F6F752FD40F2013273
:10B2000040214A48F6F74CFD40F201328021474880
:10B21000F6F746FD40F201324FF480714348F6F7ED
:10B220003FFD40F201324FF400714048F6F738FD1F
:10B2300040F201324FF480613C48F6F731FD40F2B4
:10B2400001324FF480513948F6F72AFD40F20132BD
:10B250004FF400513548F6F723FD40F201324FF428
:10B2600080413248F6F71CFD40F201324FF40041B4
:10B270002E48F6F715FD40F2013201212C48F6F771
:10B280000FFD40F2013202212948F6F709FD40F294
:10B29000013208212648F6F703FD40F20132202151
:10B2A0002348F6F7FDFC40F2013280212048F6F7F2
:10B2B000F7FC40F201324FF480711D48F6F7F0FCC4
:10B2C00040F201324FF400711948F6F7E9FC40F200
:10B2D00001324FF480611648F6F7E2FC40F2013289
:10B2E0004FF400611248F6F7DBFC40F201324FF4F4
:10B2F00080510F48F6F7D4FC40F201324FF4005170
:10B300000B48F6F7CDFC40F2013201210948F6F76F
:10B31000C7FC40F2013202210EE000BF00000256DD
:10B320000004025600080256000C02560010025695
:10B330000014025600180256C448F6F7B1FC40F259
:10B3400001320421C148F6F7ABFC40F2013208217A
:10B35000BE48F6F7A5FC40F201321021BB48F6F7D3
:10B360009FFC40F201324021B848F6F799FC40F2C8
:10B3700001328021B548F6F793FC40F201324FF4D8
:10B380000071B248F6F78CFC40F201324FF4806154
:10B39000AE48F6F785FC40F201324FF40061AB484D
:10B3A000F6F77EFC40F201324FF48051A748F6F7E1
:10B3B00077FC40F201324FF40051A448F6F770FCDC
:10B3C00040F201324FF48041A048F6F769FC40F2A8
:10B3D00001324FF400419D48F6F762FC40F2013221
:10B3E00004219B48F6F75CFC40F20132102198489A
:10B3F000F6F756FC40F2013220219548F6F750FC52
:10B4000040F2013280219248F6F74AFC40F20132C4
:10B410004FF480718E48F6F743FC40F201328021F0
:10B420008C48F6F73DFC40F201324FF480518948D8
:10B43000F6F736FC40F2013201218748F6F730FC7E
:10B4400040F2013202218448F6F72AFC40F2013230
:10B4500004218148F6F724FC40F2013210217E4895
:10B46000F6F71EFC40F2013220217B48F6F718FC6B
:10B4700040F2013201217948F6F712FC40F2013224
:10B4800002217648F6F70CFC40F2013204217348A1
:10B49000F6F706FC40F2013208217048F6F700FC8E
:10B4A00040F2013210216D48F6F7FAFB40F201320A
:10B4B00020216A48F6F7F4FB40F201324021674848
:10B4C000F6F7EEFB40F2013280216448F6F7E8FB24
:10B4D00040F2013201216248F6F7E2FB40F201320C
:10B4E00002215F48F6F7DCFB40F2013204215C48A0
:10B4F000F6F7D6FB40F2013208215948F6F7D0FBA7
:10B5000040F2013210215648F6F7CAFB40F20132F0
:10B5100020215348F6F7C4FB40F201324021504845
:10B52000F6F7BEFB40F2013280214D48F6F7B8FB3A
:10B5300003210620FCF7A6F803210A20FCF7A2F855
:10B5400003214848FCF79EF8FCF7FAFBDBF8000003
:10B55000DAF80010FEF724FA4348FEF727FAFDF761
:10B56000FBFE08B972B6FEE7404A414B0124136066
:10B570004FF0800A00231146C2E912A3536493607E
:10B580005361546014654FF400224FF48075C1E993
:10B5900006234FF400394BF680324FF480281027F1
:10B5A0004FF6FF760846C1E90333C1E90B33C1E921
:10B5B0001A3381F83830CB65C1E91554C1E91898C0
:10B5C0000A62CC630D640F674E67FCF7BBF8034655
:10B5D00008B172B6FEE72748274AC0E912A3026005
:10B5E000032242604FF00062C0E90533C0E90B332B
:10B5F000C0E90F45C0E91554C0E91739C0E91983FE
:10B60000C0E91B37436404658460C361C3600261A1
:10B61000436380F838304667FCF794F808B172B697
:10B62000FEE7FEF7D9F9FEF70DFAFDF739FCFEF754
:10B630005DFBFEF795FB20B14FF480610348F6F700
:10B6400026FB1420F5F7ECF8F1E700BF00180256CE
:10B65000001C02560034025600380256003C0256C6
:10B660000040025602000040F4880034B4870034E1
:10B67000045800521C8700342458005272B6FEE76A
:10B68000C0B26DED81CF11B140B1012809D09FEC5E
:10B69000100A9FE80F90FDEC81CF7447024B1960B0
:10B6A000F5E7024BFBE700BFB4890034B0890034F2
:10B6B000044B82B0C3F85C0AD3F85C320193019B5F
:10B6C00002B070470080025608B5F7F791FF0121DC
:10B6D0000846F7F75DFFF7F793FF01210220F7F720
:10B6E00057FFF7F795FF00210320F7F751FFF7F712
:10B6F00097FFBDE8084000210420F7F749BF00008C
:10B700000268074B82B09A4207D10222054BC3F868
:10B71000602AD3F860320193019B02B0704700BFEA
:10B72000001002580080025610B50446EAB01422F8
:10B73000002101A800F04CFC4FF4C872002106A8BB
:10B7400000F046FC22681B4B9A4231D100234FF493
:10B750000052CDE90623184B06A84193F8F7D8FC10
:10B7600008B1FFF78BFF0820FFF7A2FF44F2100299
:10B7700012230121CDE901230323CDE9031304237F
:10B780000E480DEB03010593F6F7E2F84FF4800243
:10B790000B4B6620C3F8642AD3F864226B460092F0
:10B7A000002211461B68F5F795F86620F5F7C2F8F8
:10B7B0006AB010BD005800500C040107000C02567E
:10B7C0000080025608B502680B4B9A4212D14FF422
:10B7D00080020A4B1021C3F864220948F6F79CF94D
:10B7E00007484FF48041F6F797F9BDE80840662016
:10B7F000F5F7AEB808BD00BF0058005000900256E3
:10B80000000C0256F0B50446EBB01422002101A84A
:10B8100000F0DEFB4FF4C872002106A800F0D8FB50
:10B820002268384B9A426BD100234FF08072CDE9E9
:10B8300006234FF000734C931E2306A82793F8F7B6
:10B8400067FC08B1FFF71AFF02242F4B2046C3F80C
:10B850007C4AD3F87C226B4600921B68FFF728FFD6
:10B860008020FFF725FF2020FFF722FF0120FFF7B0
:10B870001FFF4020FFF71CFF002603250E2749F677
:10B880001043224801A9CDE90134CDE903650597AC
:10B89000F6F75EF810231E4801A9CDE90134CDE981
:10B8A00003650597F6F754F84FF44073194801A95A
:10B8B000CDE90134CDE903650597F6F749F848F677
:10B8C0002773154801A9CDE90134CDE90365059732
:10B8D000F6F73EF80123CDE901340A230F4801A908
:10B8E0000593CDE90365F6F733F84FF408530B4899
:10B8F00001A9CDE90134CDE903650597F6F728F8EC
:10B900006BB0F0BD001000580080025600040256D3
:10B91000001C02560014025600000256001802567F
:10B9200008B50268104B9A421DD102220F4B49F60E
:10B930001041C3F87C220E48F6F7EEF810210D48AE
:10B94000F6F7EAF84FF440710B48F6F7E5F848F6D9
:10B9500027710A48F6F7E0F8BDE8084042F20121F5
:10B960000748F6F7D9B808BD0010005800900256F5
:10B9700000040256001C0256001402560000025633
:10B980000018025670B50546ADF5087D4FF4C87233
:10B99000002124A800F01CFB2A68954B9A4240F035
:10B9A000908000234FF08052CDE92423914B4FF03B
:10B9B00080546D93142324A8CDE93243F8F7A8FBF3
:10B9C00008B1FFF75BFE8C4C2668CEB94FF400122D
:10B9D0008A4B0521C3F86C2AD3F86C226B4600927F
:10B9E000942032461B68F4F775FF9420F4F7A2FF09
:10B9F000952032460521F4F76DFF9520F4F79AFF64
:10BA000023684FF0C10C0133236002230024CDE9E9
:10BA100002C30323CDE904430623794802A9069310
:10BA2000F5F796FF5B234FF0210E4FF40022CDE98E
:10BA300007E30123CDE90C23CDE910334C23442146
:10BA4000199388234FF48032CDE9221307A86D495A
:10BA5000CDE90944CDE91244CDE915440B940E9289
:10BA600014941894F5F796FD08B1FFF707FE00212E
:10BA7000644A6548F5F746FE08B1FFF7FFFD6248E6
:10BA8000F5F7B4FE08B1FFF7F9FD604C604B4FF4D9
:10BA9000400623600023C4E90E63C4E91033812308
:10BAA0002046A364F5F750FB08B1FFF7E7FD5649C0
:10BAB0005648F5F7D3FE08B1FFF7E0FDC5F884401E
:10BAC000E5652A68534B9A4240F08E8000234FF080
:10BAD0008052CDE92423474B4FF080516D931423BE
:10BAE00024A8CDE93213F8F713FB08B1FFF7C6FD20
:10BAF000414C2668C6B94FF40012404B0521C3F8EB
:10BB00006C2AD3F86C22942001923246019BF4F700
:10BB1000E1FE9420F4F70EFF952032460521F4F75C
:10BB2000D9FE9520F4F706FF23680820013323602F
:10BB300002230024CDE902030323CDE904430623B5
:10BB4000354802A906932126F5F702FF5C234FF43E
:10BB5000002CCDE907630123CDE90CC3CDE91033F7
:10BB60004C234FF480324FF0440E199388232B4915
:10BB700007A8CDE90944CDE91244CDE91544CDE942
:10BB800022E30B940E9214941894F5F703FD08B178
:10BB9000FFF774FD0021214A2148F5F7B3FD08B1F4
:10BBA000FFF76CFD1E48F5F721FE08B1FFF766FDB3
:10BBB0001C4C1D4B4FF4400123600023C4E90E13BD
:10BBC000C4E9103381232046A364F5F7BDFA08B118
:10BBD000FFF754FD12491348F5F740FE08B1FFF78F
:10BBE0004DFDC5F88440E5650DF5087D70BD00BFCD
:10BBF0000458005218140207B88900340080025615
:10BC0000000402566080003474860034FC850034E1
:10BC10005010025024580052001002568480003404
:10BC2000048700348C860034D0100250FEE7FEE713
:10BC3000FEE7FEE7FEE7FEE770477047704700004B
:10BC4000024A136801331360F4F7D8BDBC8900348D
:10BC50000148F4F772BF00BFFC8500340148F4F7D7
:10BC60006CBF00BF8C8600340148F6F719BB00BFDB
:10BC7000F48800340148FBF7A7BF00BFB487003445
:10BC80000148FBF7A1BF00BF1C87003470470000CC
:10BC90000A4A0346106810B508B9094810600949F6
:10BCA000094C0344091B8B4206D900F099F90C2377
:10BCB00003604FF0FF3010BD1360FCE7C089003413
:10BCC000108B003400002034000800001E491F4A79
:10BCD000D1F88C3010B543F44063C1F88C30536B0D
:10BCE00023F0E05343F0805353630022184BC3F812
:10BCF0008022C3F88422C3F88822C3F88C22C3F8B8
:10BD00009022C3F89422C3F898220122114B8B6031
:10BD1000114BC3F8782AD3F878028C680F4803F5E2
:10BD2000805304610069C3F87822D1F888300C4A46
:10BD300043F47003C1F88830D2F8883043F47003BC
:10BD4000C2F8883010BD00BF00ED00E000EF00E059
:10BD500000E100E0000410700080025600800056F0
:10BD600000ED02E06E4BF0B51A6A02F44012B2F533
:10BD7000001F00F0B98006D862B99A6C694BC2F313
:10BD8000C112D34003E0B2F5401F09D00023664A38
:10BD90001360F0BD5B6C9F0500F1A880634BF6E774
:10BDA000D3F8C42002F04052B2F1805F29D0B2F142
:10BDB000005F35D0002A42D1D3F880100E0101F087
:10BDC000E04000F19A80D3F88440D3F88820C1F392
:10BDD0000B2524F07F440746B7F1005FC2F3C2662B
:10BDE000C1F30550C2F302624ED000F28180002FF1
:10BDF0003AD000274A4B5B6C9B0554BF4B4B4C4BD6
:10BE000038E0D3F890100D0101F0E04075D4D3F87C
:10BE10009440C1F30B25D3F8982024F07F44DAE74F
:10BE2000D3F8A0100C0101F0E04066D4D3F8A44090
:10BE3000C1F30B25D3F8A82024F07F44CBE7D3F837
:10BE4000B0100A0101F0E04057D4D3F8B440C1F378
:10BE50000B25D3F8B82024F07F44BCE70246064601
:10BE6000044605464FF000672D4B996C2D4BC1F3EE
:10BE7000C111CB404FB12A4AD2F8C420C2F30742C5
:10BE80000132B3FBF2F382E72A4B07EE104AB8EE19
:10BE9000C76A07EE105A07EE903ADFED276AB8EE50
:10BEA000C77AF8EEE77AA6EE267A67EE877A07EE8B
:10BEB000100AB8EEC77AC7EE876A07EE906AB8EE46
:10BEC000E77A07EE902AF8EEE77A27EE277AC6EEB1
:10BED000877AFCEEE77A17EE903ACCE70023D4E7B6
:10BEE000144BC8E70023C6E7124B50E7104B4EE750
:10BEF000B7F1405FF2D1114BC7E7B0F1005FEFD06F
:10BF000009D80028AAD000224FF000671646144630
:10BF1000154610466EE7B0F1405FE3D1074BAAE744
:10BF2000008002560090D0030C00003400093D0050
:10BF30000024F400006CDC02000080330080BB00B1
:10BF40006DED81CF00B5FFF70DFF054B5DF804EBFC
:10BF500018689FEC100A9FE80E90FDEC81CF7447A3
:10BF60000C0000340CB4194B30B50C1E9DB01D688C
:10BF700008DA8B234FF0FF302B601DB0BDE8304056
:10BF800002B070474FF402730290069002A9ADF818
:10BF900014304FF00003209A28461B9314BF04F17D
:10BFA000FF332346049307934FF6FF73ADF8163023
:10BFB00021AB019300F0AEF9431CBCBF8B232B6077
:10BFC000002CDAD0029B00221A70D6E71000003451
:10BFD00002440346934200D1704703F8011BF9E77E
:10BFE000014B1868704700BF1000003470B50D4B4E
:10BFF00000260D4D5B1B9C10A64209D10B4D00F095
:10C0000087FC0B4B00265B1B9C10A64205D170BD24
:10C0100055F8043B01369847EEE755F8043B0136E6
:10C020009847F2E7901611709016117090161170E3
:10C030009416117070477047034611F8012B03F8EE
:10C04000012B002AF9D170470A44431E914200D1C6
:10C05000704710B511F8014B914203F8014FF9D127
:10C0600010BD000038B50546002941D051F8043C08
:10C070000C1F002BB8BFE41800F0E0F81D4A13684D
:10C0800033B9636014602846BDE8384000F0DCB87E
:10C09000A34208D9206821188B4201BF19685B6848
:10C0A00009182160EDE71A465B680BB1A342FAD983
:10C0B00011685018A0420BD120680144501811603B
:10C0C0008342E0D118685B68084453601060DAE787
:10C0D00002D90C232B60D6E7206821188B4202BFBF
:10C0E00019685B680918636008BF21605460CAE77B
:10C0F00038BD00BF088B003470B50F4E0C460546A6
:10C10000316811B900F0B0FB30602146284600F0DC
:10C11000ABFB431C03D14FF0FF34204670BDC41C61
:10C1200024F00304A042F8D0211A284600F09CFB1A
:10C130000130F2D1EFE700BF048B00342DE9F84362
:10C14000CD1C064625F0030508350C2D38BF0C25FF
:10C15000002D01DBA94204D90C2333600020BDE887
:10C16000F883DFF8D48000F069F8D8F800301C4676
:10C1700044BB29463046FFF7BFFF431C044658D155
:10C18000D8F800402746002F43D1002C4BD023681D
:10C190003946304604EB030900F066FB814542D185
:10C1A000216830466D1A2946FFF7A6FF01303AD0C4
:10C1B00023682B442360D8F800305A6862BBC8F863
:10C1C00000700FE02268521B20D40B2A17D9611986
:10C1D000A342256018BF5960636808BFC8F8001003
:10C1E00062514B60304600F02FF804F10B00231D24
:10C1F00020F00700C21A1CBF1B1AA350AFE76268E9
:10C20000A3420CBFC8F800205A60EBE723466468DD
:10C21000AEE73C467F68B6E71A465B68A342FBD1AF
:10C2200000235360DEE70C233046336000F00CF847
:10C2300094E70560D6E700BF088B00340148FFF79C
:10C24000F9BE00BF008B00340148FFF7F4BE00BF09
:10C25000008B00342DE9F0471F468E6882460C465D
:10C26000BE429046334653D8B1F90C0010F4906F9B
:10C270002BD065692368096905EB4505A3EB010926
:10C2800005EBD5757B1C6D104B442A46AB4284BF31
:10C290001D462A46430527D511465046FFF74EFF57
:10C2A000064658B34A462169FFF7CEFEA38923F418
:10C2B000906343F08003A38126614E4465613B4651
:10C2C000A5EB090526603E46A5601F463A46414655
:10C2D000206800F0AFFAA36800209B1BA3602368CE
:10C2E0003B442360BDE8F087504600F0DBFA064689
:10C2F0000028E1D121695046FFF7B4FE0C234FF02E
:10C30000FF30CAF80030A38943F04003A381E9E776
:10C310003E46DBE72DE9F0471F468B899CB0064679
:10C320001B060D46144610D50B6973B94021FFF763
:10C3300005FF2860286130B90C2333604FF0FF30CF
:10C340001CB0BDE8F08740236B61002303974FF0DA
:10C350000108674F099320238DF8293030238DF889
:10C360002A302346994613F8012B0AB1252AF9D120
:10C37000B9EB040A0BD05346224629463046FFF754
:10C3800069FF013000F0A480099A5244099299F89B
:10C390000030002B00F09C8000234FF0FF3209F1A9
:10C3A0000109049307938DF853301A93CDE90523BF
:10C3B0004C4605224E4814F8011B00F065FA049B18
:10C3C000D0B9D80644BF20228DF85320190744BFA6
:10C3D0002B228DF8532099F800202A2A13D0079A8F
:10C3E0004C4600204FF00A0C214611F8013B303B2F
:10C3F000092B49D968B913E0C01BA14608FA00F01F
:10C4000018430490D4E7039A111D1268002A03917F
:10C4100001DB079204E0524243F0020307920493C7
:10C4200023782E2B0AD163782A2B32D1039B023436
:10C430001A1D1B6843EAE37303920593DFF8C0906B
:10C4400003222178484600F01FFA38B1A0EB09001A
:10C450004022049B013482401343049314F8011BCF
:10C46000062224488DF8281000F00EFA002835D056
:10C47000214818BB039B073323F0070308330393BA
:10C48000099B034409936CE70CFB02320C46012024
:10C49000AAE7002301344FF00A0C19460593204601
:10C4A00010F8012B303A092A03D9002BC6D0059188
:10C4B000C4E70CFB012104460123F0E703AB2A4645
:10C4C00004A9304600930D4BAFF30080421CD7D136
:10C4D000AB895B063FF532AF099831E703AB2A46DB
:10C4E00004A930460093054B00F07EF8EEE700BF4C
:10C4F0004A151170541511700000000055C21070DB
:10C50000501511702DE9F047164698468A6807467F
:10C510000B690C46DDF820909342B8BF1346336098
:10C5200091F843200AB1013333602368990642BF72
:10C53000336802333360256815F0060506D104F12F
:10C54000190AE36832689B1AAB422BDC94F843303B
:10C550002268003B18BF0123920630D404F1430245
:10C5600041463846C847013023D023681A3454F86E
:10C570000A2C03F00603042B0ABF54F80E5C0025B6
:10C5800033684FF0000608BFED1A54F8123C08BF9C
:10C5900025EAE5759342C4BF9B1AED18B5421AD13E
:10C5A000002008E00123524641463846C847013082
:10C5B00003D14FF0FF30BDE8F0870135C1E7E11846
:10C5C0005A1C30200233224481F8430094F845106D
:10C5D00082F84310C2E70123224641463846C84745
:10C5E0000130E6D00136D9E72DE9F0430D7E85B064
:10C5F00090460746782D0C4699460C9E01F1430261
:10C6000007D8622D0AD8002D00F0D780582D00F0F1
:10C61000BC8004F1420684F842503BE0A5F163037C
:10C62000152BF6D801A151F823F000BF85C6107074
:10C6300099C6107013C6107013C6107013C6107010
:10C6400013C6107099C6107013C6107013C6107000
:10C6500013C6107013C61070A1C71070C3C6107037
:10C6600053C7107013C6107013C61070C3C7107074
:10C6700013C61070C3C6107013C6107013C61070A6
:10C680005BC7107033681A1D1B68326004F14206E4
:10C6900084F842300123A1E033682068191D31601D
:10C6A000060601D51D6803E04506FBD5B3F9005029
:10C6B000002D03DA2D236D4284F843305B480A23B2
:10C6C00011E021683368080653F8045B02D4490678
:10C6D00048BFADB23360237E54486F2B5CD1082332
:10C6E000002184F843106668002EA66005DB2168EF
:10C6F0002E4321F00401216050D01646B5FBF3F122
:10C7000003FB115C10F80CC006F801CDAC460D46D9
:10C710006345F3D9082B0BD12368DB0708D52369C0
:10C7200061689942DEBF302306F8013C06F1FF360E
:10C73000921B2261434603AA21463846CDF8009059
:10C74000FFF7E0FE01304ED14FF0FF3005B0BDE8FD
:10C75000F083236843F0200323607825344823685E
:10C7600084F8455013F0800F316851F8045B03D111
:10C7700013F0400F18BFADB23160D90744BF43F08A
:10C78000200323601DB11023AAE72848E7E72368A8
:10C7900023F020032360F6E70A23A1E71646B9E752
:10C7A00033682568181D616930602E061B6801D545
:10C7B000196002E06806FBD5198000231646236144
:10C7C000B8E7336800211A1D32601E68626830467F
:10C7D00000F05AF808B1801B606063682361002391
:10C7E00084F84330A6E72369324641463846C847B5
:10C7F0000130A9D023689B0713D4E068039B9842BB
:10C80000B8BF1846A2E70123324641463846C8471A
:10C81000013099D00135E36803995B1AAB42F2DC31
:10C82000EBE7002504F11906F5E700BF5B15117071
:10C830006C151170884210B501EB020402D98442D4
:10C84000234607D8431EA14207D011F8012B03F855
:10C85000012FF8E70244824200D110BD13F8011DF8
:10C8600002F8011DF7E7000038B50023054D044626
:10C8700008462B60FFF70CFA431C02D12B6803B16A
:10C88000236038BDFC8A0034C9B20346024410B5A7
:10C890009342184601D1002003E0047801338C4212
:10C8A000F6D110BD2DE9F041074614460D4621B9D9
:10C8B0001146BDE8F041FFF741BC2AB92546FFF714
:10C8C000D1FB2846BDE8F08100F01AF88442064604
:10C8D00002D8B4EB500FF4D821463846FFF72EFCAF
:10C8E000804608B94546ECE7B4422246294628BFAF
:10C8F0003246FFF7A9FB29463846FFF7B3FBF1E7BD
:10C9000051F8043C181F002BBCBF0B58C0187047CF
:10C91000F8B500BFF8BC08BC9E467047F8B500BF2C
:10C92000F8BC08BC9E46704742438470167018706D
:10C9300084431810FFFF000000000000FFFFFFFF0E
:10C94000A5A5A5A55A5A5A5A05040000000A0800D0
:10C95000000005040804080F0C000408010400048A
:10C96000080202010102101418200102090A111222
:10C97000131403040B0C1D1E1F2005060D0E191A9F
:10C980001B1C07080F1015161718000000000000E8
:10C990000000000000000000000000000000000097
:10C9A0000000000000000000000000000000000087
:10C9B0000000000000000000000000000000000077
:10C9C0000000000000000000000000000000000067
:10C9D0000000000000000000000000000000000057
:10C9E0000000000000000000000000000000000047
:10C9F0000000000000000000000000000000000037
:10CA00000000000000000000000000000000000026
:10CA10000000000000000000000000000000000016
:10CA2000000007F000C007FFE1E007F001E00000B0
:10CA300000C0000000000000000000000000000036
:10CA400000000000000000000000000000000000E6
:10CA500000000000000000000000000000000000D6
:10CA600000000000000000000000000000000000C6
:10CA700000000000000000000000000000000000B6
:10CA800000000000000000000000000000000000A6
:10CA900000000020000001C00000078000001F000F
:10CAA00000001E0000001C20000001C000000780E4
:10CAB00000001F0000001E0000001C00000000001D
:10CAC0000000000000000000000000000000000066
:10CAD0000000000000000000000000000000000056
:10CAE0000000000000000000000000000000000046
:10CAF0000000000000000000000000000000000036
:10CB0000000000000000000000000000000000180D
:10CB10000C0000180C0000180FE0001FFC0003F8C8
:10CB20000C0000180C0000180C0000180C00001875
:10CB30000C0000180FE0001FFC0003F80C000018A8
:10CB40000C0000180C0000000000000000000000B5
:10CB500000000000000000000000000000000000D5
:10CB600000000000000000000000000000000000C5
:10CB700000000000000000000000000000000000B5
:10CB800000000000000000000000000000000000A5
:10CB9000000000000780007807C000FC0640010E7E
:10CBA000002003070020020380200FFFFFFC02018A
:10CBB000C0200200E0600130704001F03F8000F0D2
:10CBC0001F00000000000000000000000000000046
:10CBD0000000000000000000000000000000000055
:10CBE0000000000000000000000000000000000045
:10CBF0000000000000000000000000000000000035
:10CC00000000000000000000000000FE000001FF26
:10CC100000000301800002008060030181C001FF69
:10CC2000070000FE18000000E0000003BF00000C39
:10CC3000FFC00071806001C100200301806000001E
:10CC4000FFC000003F0000000000000000000000E6
:10CC500000000000000000000000000000000000D4
:10CC600000000000000000000000000000000000C4
:10CC700000000000000000000000000000000000B4
:10CC80000000000000000000000000001F00000085
:10CC90007FC000FCC0C001FF80600303E0200202EF
:10CCA000782002061E2003FC074001F003800001EB
:10CCB00003C000011C600001E02000010020000111
:10CCC00000400000018000000000000000000000A3
:10CCD0000000000000000000000000000000000054
:10CCE0000000000000000000000000000000000044
:10CCF0000000000000000000000000000000000034
:10CD00000000000000000000000000000000002003
:10CD100000001C6000001C4000001F8000000F008D
:10CD20000000000000000000000000000000000003
:10CD300000000000000000000000000000000000F3
:10CD400000000000000000000000000000000000E3
:10CD500000000000000000000000000000000000D3
:10CD600000000000000000000000000000000000C3
:10CD700000000000000000000000000000000000B3
:10CD800000000000000000000000000000000000A3
:10CD90000000000000000000000000000000000093
:10CDA0000000000000000007F800003FFF000078CE
:10CDB00007C001C000E003000030040000080800C4
:10CDC000000410000002000000000000000000004D
:10CDD0000000000000000000000000000000000053
:10CDE0000000000000000000000000000000000043
:10CDF0000000000000000000000000000000000033
:10CE00000000000000000000000000000000100012
:10CE1000000208000004040000080300003001C004
:10CE200000E0007807C0003FFF000007F8000000A6
:10CE300000000000000000000000000000000000F2
:10CE400000000000000000000000000000000000E2
:10CE500000000000000000000000000000000000D2
:10CE600000000000000000000000000000000000C2
:10CE700000000000000000000000000000000000B2
:10CE800000000000000000000000000000000000A2
:10CE90000000000C1800000E3800000E38000006DC
:10CEA0003000000360000061438000FFFF800061EC
:10CEB00043000003600000063000000E3800000E42
:10CEC0003800000C18000000000000000000000006
:10CED0000000000000000000000000000000000052
:10CEE0000000000000000000000000000000000042
:10CEF0000000000000000000000000000000000032
:10CF00000000000000000000000000000000000021
:10CF10000000000080000000800000008000000091
:10CF200080000000800000008000007FFF00000003
:10CF300080000000800000008000000080000000F1
:10CF400080000000800000000000000000000000E1
:10CF500000000000000000000000000000000000D1
:10CF600000000000000000000000000000000000C1
:10CF700000000000000000000000000000000000B1
:10CF800000000000000000000000000000000000A1
:10CF90000001000000E3000000E2000000FC0000CF
:10CFA0000078000000000000000000000000000009
:10CFB0000000000000000000000000000000000071
:10CFC0000000000000000000000000000000000061
:10CFD0000000000000000000000000000000000051
:10CFE0000000000000000000000000000000000041
:10CFF0000000000000000000000000000000000031
:10D000000000000000000000000000000000000020
:10D010008000000080000000800000008000000010
:10D020008000000080000000800000008000000000
:10D0300080000000800000008000000080000000F0
:10D0400080000000800000000000000000000000E0
:10D0500000000000000000000000000000000000D0
:10D0600000000000000000000000000000000000C0
:10D0700000000000000000000000000000000000B0
:10D0800000000000000000000000000000000000A0
:10D090000000000000C0000001E0000001E000000E
:10D0A00000C00000000000000000000000000000C0
:10D0B0000000000000000000000000000000000070
:10D0C0000000000000000000000000000000000060
:10D0D0000000000000000000000000000000000050
:10D0E0000000000000000000000000000000000040
:10D0F0000000000000000000000000000000000030
:10D10000000000000000000000000000000000001F
:10D11000000C00000038000000E000000380000068
:10D120000E00000038000000E00000038000000E48
:10D1300000000038000000E00000038000000E0046
:10D1400000001800000000000000000000000000C7
:10D1500000000000000000000000000000000000CF
:10D1600000000000000000000000000000000000BF
:10D1700000000000000000000000000000000000AF
:10D18000000000000000000000000000000000009F
:10D190000000000FF800007FFF0000F00780018012
:10D1A00000C0030000600200002002000020020016
:10D1B000002003000060018000C000E00380007FC9
:10D1C000FF00000FF8000000000000000000000059
:10D1D000000000000000000000000000000000004F
:10D1E000000000000000000000000000000000003F
:10D1F000000000000000000000000000000000002F
:10D20000000000000000000000000000000000001E
:10D21000000000000000008000200080002000804E
:10D2200000200080006001FFFFE003FFFFE000003E
:10D23000006000000020000000200000002000002E
:10D2400000000000000000000000000000000000DE
:10D2500000000000000000000000000000000000CE
:10D2600000000000000000000000000000000000BE
:10D2700000000000000000000000000000000000AE
:10D28000000000000000000000000000000000009E
:10D290000000007800E000980160010002600200D8
:10D2A00004600200086002001060020020600200BA
:10D2B0004060030080600183006001FE00E0007CAC
:10D2C00007800000000000000000000000000000D7
:10D2D000000000000000000000000000000000004E
:10D2E000000000000000000000000000000000003E
:10D2F000000000000000000000000000000000002E
:10D30000000000000000000000000000000000001D
:10D31000000000F0078001F007C00100004002009B
:10D32000002002010020020100200201002003036E
:10D3300080200186804001FCC0C000787F80000012
:10D340001E000000000000000000000000000000BF
:10D3500000000000000000000000000000000000CD
:10D3600000000000000000000000000000000000BD
:10D3700000000000000000000000000000000000AD
:10D38000000000000000000000000000000000009D
:10D390000800000038000000480000018800000676
:10D3A0000800000C0810003008100040081001FFB1
:10D3B000FFF003FFFFF003FFFFF000000810000084
:10D3C000081000000810000000000000000000002D
:10D3D000000000000000000000000000000000004D
:10D3E000000000000000000000000000000000003D
:10D3F000000000000000000000000000000000002D
:10D40000000000000000000000000000000000001C
:10D41000000000000780001F864003E10020030297
:10D420000020030400200304002003040020030460
:10D43000002003060040030301C00301FF80030036
:10D440007E0000000000000000000000000000005E
:10D4500000000000000000000000000000000000CC
:10D4600000000000000000000000000000000000BC
:10D4700000000000000000000000000000000000AC
:10D48000000000000000000000000000000000009C
:10D4900000000007FC00003FFF000070C380008117
:10D4A00080C001010060030200200202002002028D
:10D4B0000020020200200203004001C180C000C021
:10D4C000FF8000007E00000000000000000000005F
:10D4D000000000000000000000000000000000004C
:10D4E000000000000000000000000000000000003C
:10D4F000000000000000000000000000000000002C
:10D50000000000000000000000000000000000001B
:10D51000000000F0000003C00000038000000300D2
:10D520000000030007E003003FE00301C000030622
:10D5300000000318000003600000038000000300E7
:10D5400000000000000000000000000000000000DB
:10D5500000000000000000000000000000000000CB
:10D5600000000000000000000000000000000000BB
:10D5700000000000000000000000000000000000AB
:10D58000000000000000000000000000000000009B
:10D590001F0000783F8000FC60C0018EC040030780
:10D5A000802002030020020180200201802002016D
:10D5B000C0200301E040018670C000FC3F8000787D
:10D5C0001F0000000000000000000000000000003C
:10D5D000000000000000000000000000000000004B
:10D5E000000000000000000000000000000000003B
:10D5F000000000000000000000000000000000002B
:10D600000000000000000000000000000000003FDB
:10D61000000000FF81C001C0C1C001006020020005
:10D6200020200200202002002020020020600200B2
:10D6300040C00100C18000C18F00007FFE00001FBC
:10D64000F0000000000000000000000000000000EA
:10D6500000000000000000000000000000000000CA
:10D6600000000000000000000000000000000000BA
:10D6700000000000000000000000000000000000AA
:10D68000000000000000000000000000000000009A
:10D69000000000000000000000000000000000008A
:10D6A0000000000300C0000781E0000781E00003E4
:10D6B00000C00000000000000000000000000000AA
:10D6C000000000000000000000000000000000005A
:10D6D000000000000000000000000000000000004A
:10D6E000000000000000000000000000000000003A
:10D6F000000000000000000000000000000000002A
:10D700000000000000000000000000000000000019
:10D710000000000000000000000000000000000009
:10D72000000000060066000600780000000000000F
:10D7300000000000000000000000000000000000E9
:10D7400000000000000000000000000000000000D9
:10D7500000000000000000000000000000000000C9
:10D7600000000000000000000000000000000000B9
:10D7700000000000000000000000000000000000A9
:10D780000000000000000000000000000000000099
:10D790000000000080000001C000000360000006DF
:10D7A0003000000C180000180C000030060000606B
:10D7B000030000C0018001000040020000200400BE
:10D7C0000010000000000000000000000000000049
:10D7D0000000000000000000000000000000000049
:10D7E0000000000000000000000000000000000039
:10D7F0000000000000000000000000000000000029
:10D800000000000000000000000000000000000414
:10D8100010000004100000041000000410000004B8
:10D8200010000004100000041000000410000004A8
:10D830001000000410000004100000041000000498
:10D8400010000004100000000000000000000000B4
:10D8500000000000000000000000000000000000C8
:10D8600000000000000000000000000000000000B8
:10D8700000000000000000000000000000000000A8
:10D880000000000000000000000000000000000098
:10D89000000004000010020000200100004000C051
:10D8A0000180006003000030060000180C00000C2E
:10D8B000180000063000000360000001C0000000F6
:10D8C00080000000000000000000000000000000D8
:10D8D0000000000000000000000000000000000048
:10D8E0000000000000000000000000000000000038
:10D8F0000000000000000000000000000000000028
:10D900000000000000000000000000000000000017
:10D9100000000078000001F800000238000002005A
:10D920000000040000C0040079E0040081E004016C
:10D9300000C004030000020200000306000001FC16
:10D94000000000F8000000000000000000000000DF
:10D9500000000000000000000000000000000000C7
:10D9600000000000000000000000000000000000B7
:10D9700000000000000000000000000000000000A7
:10D980000000000000000000000000000000000F88
:10D99000F800003FFE000070078000C000C00101D9
:10D9A000F8400307FC20021E042002300820022059
:10D9B0003020023FFC20013F044001800CC000E009
:10D9C0003180001FC20000000000000000000000C5
:10D9D0000000000000000000000000000000000047
:10D9E0000000000000000000000000000000000037
:10D9F0000000000000000000000000000000000027
:10DA000000000000000000000000000000200000F6
:10DA10000060000003E000003E200003E020003E24
:10DA2000200003E020000380200007FC2000003FCE
:10DA3000E0000003FE2000003FE0000001E00000E5
:10DA40000020000000200000000000000000000096
:10DA500000000000000000000000000000000000C6
:10DA600000000000000000000000000000000000B6
:10DA700000000000000000000000000000000000A6
:10DA80000000000000000000000000000000020094
:10DA900000200200002003FFFFE003FFFFE002017F
:10DAA00000200201002002010020020100200201EA
:10DAB0000020030300200186806001FCC0C000F844
:10DAC0007F8000001F000000000000000000000038
:10DAD0000000000000000000000000000000000046
:10DAE0000000000000000000000000000000000036
:10DAF0000000000000000000000000000000000026
:10DB0000000000000000000000000000000000070E
:10DB1000F800003FFF000070078000C000C0010057
:10DB2000004003000020020000200200002002004C
:10DB300000200200002001000040018000C003C05E
:10DB4000018000300600000000000000000000001E
:10DB500000000000000000000000000000000000C5
:10DB600000000000000000000000000000000000B5
:10DB700000000000000000000000000000000000A5
:10DB80000000000000000000000000000000020093
:10DB900000200200002003FFFFE003FFFFE002007F
:10DBA00000200200002002000020020000200300EC
:10DBB000006001000040018000C000F00780007F8D
:10DBC000FE00000FF8000000000000000000000050
:10DBD0000000000000000000000000000000000045
:10DBE0000000000000000000000000000000000035
:10DBF0000000000000000000000000000000000025
:10DC00000000000000000000000000000000020012
:10DC100000200200002003FFFFE003FFFFE00201FD
:10DC20000020020100200201002002010020020168
:10DC3000002002038020020FE0200300006003C0E8
:10DC400000E0006003000000000000000000000091
:10DC500000000000000000000000000000000000C4
:10DC600000000000000000000000000000000000B4
:10DC700000000000000000000000000000000000A4
:10DC80000000000000000000000000000000020092
:10DC900000200200002003FFFFE003FFFFE002017D
:10DCA0000020020100200201000002010000020128
:10DCB00000000201000002038000030FE0000300E7
:10DCC000000003C000000060000000000000000031
:10DCD0000000000000000000000000000000000044
:10DCE0000000000000000000000000000000000034
:10DCF0000000000000000000000000000000000024
:10DD0000000000000000000000000000000000070C
:10DD1000F800003FFE000070078001C001C0010054
:10DD2000004003000020020000200200002002004A
:10DD30000020010020200100204003C03F8000306F
:10DD40003F800000200000002000000000000000D4
:10DD500000000000000000000000000000000000C3
:10DD600000000000000000000000000000000000B3
:10DD700000000000000000000000000000000000A3
:10DD8000000000000000000000000200002002006F
:10DD9000002003FFFFE003FFFFE0020080200200FD
:10DDA0008020000080000000800000008000020051
:10DDB00080200200802003FFFFE003FFFFE002005D
:10DDC0000020020000200000000000000000000011
:10DDD0000000000000000000000000000000000043
:10DDE0000000000000000000000000000000000033
:10DDF0000000000000000000000000000000000023
:10DE00000000000000000000000000000000000012
:10DE100000000000000002000020020000200200BC
:10DE200000200200002003FFFFE003FFFFE00200EC
:10DE3000002002000020020000200200002000005C
:10DE400000000000000000000000000000000000D2
:10DE500000000000000000000000000000000000C2
:10DE600000000000000000000000000000000000B2
:10DE700000000000000000000000000000000000A2
:10DE80000000000000000000000000000000000092
:10DE9000000E0000000F0000000F00000001020053
:10DEA000000102000001020000030200000603FF5F
:10DEB000FFFC03FFFFF80200000002000000020068
:10DEC0000000020000000000000000000000000050
:10DED0000000000000000000000000000000000042
:10DEE0000000000000000000000000000000000032
:10DEF0000000000000000000000000000000000022
:10DF0000000000000000000000000000000002000F
:10DF100000200200002003FFFFE003FFFFE00200FB
:10DF2000C0200201002000078000000FE000003048
:10DF3000F80002603E2003800F20030003E002008F
:10DF400000E00200002000000020000000000000AF
:10DF500000000000000000000000000000000000C1
:10DF600000000000000000000000000000000000B1
:10DF700000000000000000000000000000000000A1
:10DF8000000000000000000000000000000002008F
:10DF900000200200002003FFFFE003FFFFE002007B
:10DFA00000200200002000000020000000200000EF
:10DFB00000200000002000000020000000600000A1
:10DFC00000E000000300000000000000000000006E
:10DFD0000000000000000000000000000000000041
:10DFE0000000000000000000000000000000000031
:10DFF0000000000000000000000000000000000021
:10E0000000000000000000000000020000200200EC
:10E01000002003FFFFE003E0002003FF0020001FBB
:10E02000F0000001FF8000000FE000001E00000370
:10E03000E000003E002003E0002003FFFFE003FFBC
:10E04000FFE00200002002000020000000000000AD
:10E0500000000000000000000000000000000000C0
:10E0600000000000000000000000000000000000B0
:10E0700000000000000000000000000000000000A0
:10E08000000000000000000000000200002002006C
:10E09000002003FFFFE00380002003F0002000FCCD
:10E0A0000000001F00000007C0000001F000000099
:10E0B0007C0002001F80020007E003FFFFE0020077
:10E0C000000002000000000000000000000000004E
:10E0D0000000000000000000000000000000000040
:10E0E0000000000000000000000000000000000030
:10E0F0000000000000000000000000000000000020
:10E100000000000000000000000000000000000F00
:10E11000F800003FFE0000F00780018000C0010011
:10E120000040020000200200002002000020020047
:10E13000002001000040018000C000F00380003F8B
:10E14000FE00000FF80000000000000000000000CA
:10E1500000000000000000000000000000000000BF
:10E1600000000000000000000000000000000000AF
:10E17000000000000000000000000000000000009F
:10E18000000000000000000000000000000002008D
:10E1900000200200002003FFFFE003FFFFE0020079
:10E1A0008020020080200200800002008000020027
:10E1B000800002008000030180000183000000FE57
:10E1C0000000007C000000000000000000000000D3
:10E1D000000000000000000000000000000000003F
:10E1E000000000000000000000000000000000002F
:10E1F000000000000000000000000000000000001F
:10E200000000000000000000000000000000000FFF
:10E21000F800007FFF0000F00380018001C00100D2
:10E220000640020004200200042002000620020032
:10E2300003E0010000F80180005C00E0038C003F77
:10E24000FF0C000FFC1800000000000000000000A0
:10E2500000000000000000000000000000000000BE
:10E2600000000000000000000000000000000000AE
:10E27000000000000000000000000000000000009E
:10E28000000000000000000000000000000002008C
:10E2900000200200002003FFFFE003FFFFE0020177
:10E2A000002002010020020180000201E0000201C2
:10E2B000FC0003033F80018607E001FC00E000F85A
:10E2C000002000000020000000000000000000000E
:10E2D000000000000000000000000000000000003E
:10E2E000000000000000000000000000000000002E
:10E2F000000000000000000000000000000000001E
:10E30000000000000000000000000000000000000D
:10E3100000000078060000FE01E0018600C0030353
:10E32000004002030020020180200201802002013F
:10E33000C0200200C0200100E060018070C003E046
:10E340003F8000001F0000000000000000000000EF
:10E3500000000000000000000000000000000000BD
:10E3600000000000000000000000000000000000AD
:10E37000000000000000000000000000000000009D
:10E38000000000000000000000000000000000602D
:10E3900000000380000003000000020000000200F3
:10E3A00000200200002003FFFFE003FFFFE0020067
:10E3B0000020020000200200000002000000038094
:10E3C000000000E00000000000000000000000006D
:10E3D000000000000000000000000000000000003D
:10E3E000000000000000000000000000000000002D
:10E3F000000000000000000000000000000000001D
:10E400000000000000000000000002000000020008
:10E41000000003FFFF0003FFFFC0020000400200F6
:10E42000006000000020000000200000002000002C
:10E430000020020000400200008003FFFF000200F5
:10E4400000000200000000000000000000000000CA
:10E4500000000000000000000000000000000000BC
:10E4600000000000000000000000000000000000AC
:10E47000000000000000000000000000000000009C
:10E48000000000000000000000000000000002008A
:10E4900000000200000003C0000003FC0000023F77
:10E4A000C0000003F80000007F80000007E00000CB
:10E4B0000780000078000203C000023C000003C097
:10E4C0000000020000000200000000000000000048
:10E4D000000000000000000000000000000000003C
:10E4E000000000000000000000000000000000002C
:10E4F000000000000000000000000000000000001C
:10E50000000000000000000000000200000003C046
:10E51000000003FF8000023FFE0002007FE00000D9
:10E520000F000200F00003EF000003FF8000020F65
:10E53000FE0000003FE000001F000207E00003F8BB
:10E5400000000300000002000000000000000000C6
:10E5500000000000000000000000000000000000BB
:10E5600000000000000000000000000000000000AB
:10E57000000000000000000000000000000000009B
:10E580000000000000000000000000000000020089
:10E59000002002000020038000E003F0032002FCC2
:10E5A0000C20021F30000007C0000007F000021816
:10E5B0007C0002601F20038003E0020000E00200F4
:10E5C000002000000020000000000000000000000B
:10E5D000000000000000000000000000000000003B
:10E5E000000000000000000000000000000000002B
:10E5F000000000000000000000000000000000001B
:10E600000000000000000000000000000000020008
:10E6100000000300000003C0000003F80000023EF9
:10E620000020020FC0200001FFE000007FE0000397
:10E630008020021C00200270000003800000020005
:10E6400000000200000000000000000000000000C8
:10E6500000000000000000000000000000000000BA
:10E6600000000000000000000000000000000000AA
:10E67000000000000000000000000000000000009A
:10E68000000000000000000000000000000000008A
:10E690000020006000E0038003E003000FA0020000
:10E6A0003E200200F8200203E020020F8020023EFC
:10E6B00000200278002003E00060038000E00200F8
:10E6C0000300000000000000000000000000000047
:10E6D000000000000000000000000000000000003A
:10E6E000000000000000000000000000000000002A
:10E6F000000000000000000000000000000000001A
:10E700000000000000000000000000000000000009
:10E7100000000000000000000000000000000000F9
:10E7200000001FFFFFFC1000000410000004100098
:10E730000004100000041000000410000004100089
:10E7400000040000000000000000000000000000C5
:10E7500000000000000000000000000000000000B9
:10E7600000000000000000000000000000000000A9
:10E770000000000000000000000000000000000099
:10E780000000000000000000000000000000000089
:10E790000000000000000700000003C00000007837
:10E7A0000000001E00000003C0000000F000000098
:10E7B0001E0000000780000000F00000003C000088
:10E7C0000006000000000000000000000000000043
:10E7D0000000000000000000000000000000000039
:10E7E0000000000000000000000000000000000029
:10E7F0000000000000000000000000000000000019
:10E800000000000000000000000000000000000008
:10E8100000001000000410000004100000041000AC
:10E8200000041000000410000004100000041FFF8A
:10E83000FFFC0000000000000000000000000000DD
:10E8400000000000000000000000000000000000C8
:10E8500000000000000000000000000000000000B8
:10E8600000000000000000000000000000000000A8
:10E870000000000000000000000000000000000098
:10E880000000000000000000000000000000000088
:10E890000000000000000000000002000000040072
:10E8A0000000080000001800000010000000180020
:10E8B000000018000000040000000200000000003A
:10E8C0000000000000000000000000000000000048
:10E8D0000000000000000000000000000000000038
:10E8E0000000000000000000000000000000000028
:10E8F0000000000000000000000000000000000018
:10E900000000000000000000000000000001000006
:10E9100000010000000100000001000000010000F3
:10E9200000010000000100000001000000010000E3
:10E9300000010000000100000001000000010000D3
:10E9400000010000000100000001000000000000C4
:10E9500000000000000000000000000000000000B7
:10E9600000000000000000000000000000000000A7
:10E970000000000000000000000000000000000097
:10E980000000000000000000000000000000000087
:10E990000000000000001000000010000000100047
:10E9A0000000180000000800000004000000000043
:10E9B0000000000000000000000000000000000057
:10E9C0000000000000000000000000000000000047
:10E9D0000000000000000000000000000000000037
:10E9E0000000000000000000000000000000000027
:10E9F0000000000000000000000000000000000017
:10EA00000000000000000000000000000000000006
:10EA1000038000018FC000038C60000618200004F2
:10EA200010200004102000042020000420400006D4
:10EA300020400003FFC00001FFE0000000200000B4
:10EA40000020000000C000000000000000000000E6
:10EA500000000000000000000000000000000000B6
:10EA600000000000000000000000000000000000A6
:10EA70000000000000000000000000000000000096
:10EA80000000000000000000000000000000020084
:10EA900000000200000003FFFFE007FFFFC00001CD
:10EAA00080C000020060000200200004002000047A
:10EAB00000200004002000060040000300C0000108
:10EAC000FF800000FE0000000000000000000000C9
:10EAD0000000000000000000000000000000000036
:10EAE0000000000000000000000000000000000026
:10EAF0000000000000000000000000000000000016
:10EB00000000000000000000000000000000000005
:10EB1000000000007E000001FF80000381C00002B1
:10EB20000040000600200004002000040020000433
:10EB30000020000600200003C0400001C08000004B
:10EB400003000000000000000000000000000000C2
:10EB500000000000000000000000000000000000B5
:10EB600000000000000000000000000000000000A5
:10EB70000000000000000000000000000000000095
:10EB80000000000000000000000000000000000085
:10EB9000000000007E000001FF80000380C000062E
:10EBA0000060000400200004002000040020020493
:10EBB00000400202008003FFFFE007FFFFC00000EB
:10EBC00000400000004000000000000000000000C5
:10EBD0000000000000000000000000000000000035
:10EBE0000000000000000000000000000000000025
:10EBF0000000000000000000000000000000000015
:10EC00000000000000000000000000000000000004
:10EC1000000000007E000001FF80000311C0000220
:10EC200010400004106000041020000410200004B4
:10EC3000102000061020000310400001F0C000006A
:10EC40007100000000000000000000000000000053
:10EC500000000000000000000000000000000000B4
:10EC600000000000000000000000000000000000A4
:10EC70000000000000000000000000000000000094
:10EC80000000000000000000000000000000000084
:10EC90000000000400000004002000040020000424
:10ECA0000020007FFFE001FFFFE0010400200304DB
:10ECB00000200204002002040020020400000200E0
:10ECC000000001C0000001C00000000000000000C2
:10ECD0000000000000000000000000000000000034
:10ECE0000000000000000000000000000000000024
:10ECF0000000000000000000000000000000000014
:10ED00000000000000000000000000000000000003
:10ED100000000000001C0000E33E0003FFC20002F0
:10ED20000CC3000404C1000404C1000404C10004B5
:10ED300004C100060CC10003F8C30005F062000620
:10ED4000007E0006003C0000000000000000000003
:10ED500000000000000000000000000000000000B3
:10ED600000000000000000000000000000000000A3
:10ED70000000000000000000000000000000000093
:10ED80000000000000000000000000000000020081
:10ED900000200200002003FFFFE007FFFFE000016A
:10EDA0000020000200200006000000040000000413
:10EDB000000000040020000600200003FFE0000126
:10EDC000FFE0000000200000002000000000000024
:10EDD0000000000000000000000000000000000033
:10EDE0000000000000000000000000000000000023
:10EDF0000000000000000000000000000000000013
:10EE00000000000000000000000000000000000002
:10EE100000000000000000040020000400200004A6
:10EE20000020000400200387FFE0038FFFE0038041
:10EE30000020000000200000002000000020000052
:10EE400000000000000000000000000000000000C2
:10EE500000000000000000000000000000000000B2
:10EE600000000000000000000000000000000000A2
:10EE70000000000000000000000000000000000092
:10EE80000000000000000000000000000000000082
:10EE90000000000000000000000600000007000065
:10EEA0000001000000010004000100040001000452
:10EEB0000003000400060387FFFC038FFFF80380B4
:10EEC0000000000000000000000000000000000042
:10EED0000000000000000000000000000000000032
:10EEE0000000000000000000000000000000000022
:10EEF0000000000000000000000000000000000012
:10EF000000000000000000000000000000000200FF
:10EF100000200200002003FFFFE007FFFFE00000E9
:10EF2000082000001020000030000000FC00000558
:10EF30008E00000707A0000601E0000400E00004C6
:10EF40000020000000200000000000000000000081
:10EF500000000000000000000000000000000000B1
:10EF600000000000000000000000000000000000A1
:10EF70000000000000000000000000000000000091
:10EF80000000000000000000000000000000000081
:10EF9000000000000000020000200200002002002B
:10EFA00000200200002003FFFFE007FFFFE0000059
:10EFB00000200000002000000020000000200000D1
:10EFC0000000000000000000000000000000000041
:10EFD0000000000000000000000000000000000031
:10EFE0000000000000000000000000000000000021
:10EFF0000000000000000000000000000000000011
:10F0000000000000000000000000000000000004FC
:10F0100000200007FFE0000FFFE0000200200004D6
:10F020000000000400200007FFE00003FFE00002F2
:10F03000002000040000000400200007FFE000039F
:10F04000FFE00000002000000000000000000000C1
:10F0500000000000000000000000000000000000B0
:10F0600000000000000000000000000000000000A0
:10F070000000000000000000000000000000000090
:10F08000000000000000000000000000000000047C
:10F090000020000400200007FFE0000FFFE0000157
:10F0A0000020000200200002000000040000000414
:10F0B000000000040020000600200003FFE0000123
:10F0C000FFE0000000200000002000000000000021
:10F0D0000000000000000000000000000000000030
:10F0E0000000000000000000000000000000000020
:10F0F0000000000000000000000000000000000010
:10F1000000000000000000000000000000000000FF
:10F11000000000007E000000FF80000381C00002AC
:10F12000004000060020000400200004002000042D
:10F1300000200006002000020040000381C0000102
:10F14000FF8000007E0000000000000000000000C2
:10F1500000000000000000000000000000000000AF
:10F16000000000000000000000000000000000009F
:10F17000000000000000000000000000000000008F
:10F18000000000000000000000000000000000047B
:10F190000001000400010007FFFF000FFFFF000156
:10F1A00000C100020041000400200004002000040F
:10F1B00000200004002000060040000301C0000100
:10F1C000FF8000007E000000000000000000000042
:10F1D000000000000000000000000000000000002F
:10F1E000000000000000000000000000000000001F
:10F1F000000000000000000000000000000000000F
:10F2000000000000000000000000000000000000FE
:10F21000000000007E000001FF80000380C00002AB
:10F22000006000040020000400200004002000040E
:10F23000002000020041000300C10003FFFF00079F
:10F24000FFFF0000000100000001000000000000BE
:10F2500000000000000000000000000000000000AE
:10F26000000000000000000000000000000000009E
:10F27000000000000000000000000000000000008E
:10F28000000000000000000000000000000000047A
:10F290000020000400200004002000040020000FD3
:10F2A000FFE0000FFFE00000C0200001002000028E
:10F2B00000200006002000040000000400000007F9
:10F2C000000000030000000000000000000000003B
:10F2D000000000000000000000000000000000002E
:10F2E000000000000000000000000000000000001E
:10F2F000000000000000000000000000000000000E
:10F3000000000000000000000000000000000000FD
:10F310000000000003E00001C0E00003E040000640
:10F3200030200004302000041820000418200004BD
:10F33000182000040C2000020C60000307C0000726
:10F3400083800000000000000000000000000000BA
:10F3500000000000000000000000000000000000AD
:10F36000000000000000000000000000000000009D
:10F37000000000000000000000000000000000008D
:10F38000000000000000000000000000000000007D
:10F390000000000400000004000000040000000C55
:10F3A0000000001FFF8000FFFFC000040060000499
:10F3B00000200004002000040020000400400000A1
:10F3C00001800000000000000000000000000000BC
:10F3D000000000000000000000000000000000002D
:10F3E000000000000000000000000000000000001D
:10F3F000000000000000000000000000000000000D
:10F4000000000000000000000000000000000004F8
:10F410000000000400000007FF80000FFFC0000094
:10F42000006000000020000000200000002000001C
:10F43000002000040040000400800007FFE0000FEF
:10F44000FFC000000040000000400000000000007D
:10F4500000000000000000000000000000000000AC
:10F46000000000000000000000000000000000009C
:10F47000000000000000000000000000000000008C
:10F480000000000000000000000000000000000478
:10F49000000000040000000780000007F0000004E6
:10F4A000FE0000041FC0000003E000000380000015
:10F4B0001C0000046000000780000006000000043B
:10F4C000000000000000000000000000000000003C
:10F4D000000000000000000000000000000000002C
:10F4E000000000000000000000000000000000001C
:10F4F000000000000000000000000000000000000C
:10F5000000000000000000000000000400000006F1
:10F5100000000007C0000007FC0000043F8000005E
:10F5200003E000040F800006F0000007F000000771
:10F53000FF8000040FE00000038000043C0000078F
:10F54000C0000006000000040000000000000000F1
:10F5500000000000000000000000000000000000AB
:10F56000000000000000000000000000000000009B
:10F57000000000000000000000000000000000008B
:10F58000000000000000000000000000000000007B
:10F5900000200004002000040060000700E00007D5
:10F5A00083200007E6000004F80000003C0000048F
:10F5B0005E20000587A0000601E000040060000452
:10F5C00000200000002000000000000000000000FB
:10F5D000000000000000000000000000000000002B
:10F5E000000000000000000000000000000000001B
:10F5F000000000000000000000000000000000000B
:10F6000000000000000000000000000000000004F6
:10F61000000000040003000700030007E0010004ED
:10F62000F80100041F02000007FC000000E00000D9
:10F630000700000438000007C000000600000004B6
:10F6400000000004000000000000000000000000B6
:10F6500000000000000000000000000000000000AA
:10F66000000000000000000000000000000000009A
:10F67000000000000000000000000000000000008A
:10F68000000000000000000000000000000000007A
:10F69000000000078060000600E0000403E00004B2
:10F6A00007A000040E2000043C2000047020000588
:10F6B000E0200007802000070060000400E0000058
:10F6C00003800000000000000000000000000000B7
:10F6D000000000000000000000000000000000002A
:10F6E000000000000000000000000000000000001A
:10F6F000000000000000000000000000000000000A
:10F7000000000000000000000000000000000000F9
:10F7100000000000000000000000000000000000E9
:10F7200000000000000000008000000080000001D8
:10F73000400007FE3FF8080000041000000210001F
:10F7400000020000000000000000000000000000B7
:10F7500000000000000000000000000000000000A9
:10F760000000000000000000000000000000000099
:10F770000000000000000000000000000000000089
:10F780000000000000000000000000000000000079
:10F790000000000000000000000000000000000069
:10F7A00000000000000000000000FFFFFFFF00005D
:10F7B0000000000000000000000000000000000049
:10F7C0000000000000000000000000000000000039
:10F7D0000000000000000000000000000000000029
:10F7E0000000000000000000000000000000000019
:10F7F0000000000000000000000000000000000009
:10F8000000000000000000000000000000000000F8
:10F81000000010000002100000020800000407FEB3
:10F820003FF8000140000000800000008000000060
:10F8300000000000000000000000000000000000C8
:10F8400000000000000000000000000000000000B8
:10F8500000000000000000000000000000000000A8
:10F860000000000000000000000000000000000098
:10F870000000000000000000000000000000000088
:10F880000000000000000000000000000000180060
:10F890000000300000004000000040000000400078
:10F8A00000002000000030000000080000000400FC
:10F8B00000000200000002000000020000000C0036
:10F8C0000000180000000000000000000000000020
:10F8D0000000000000000000000000000000000028
:10F8E0000000000000000000000000000000000018
:10F8F0000000000000000000000000000000000008
:10F9000000000000000000000000000000000000F7
:10F9100000000000000000000000000000000000E7
:10F9200000000000000000000000000000000000D7
:10F93000000000000000000000000000000F803800
:10F940000FFE380F803800000000000000000000AB
:10F9500000000000000000000100000600000C0094
:10F96000003800003100000600000C0000380000E4
:10F970003000000000000000000061800067F80710
:10F98000F980006180006180006180006180006713
:10F99000F807F9800061800000000000000000000E
:10F9A00001C0E003E0F00630080418081FFFFE0461
:10F9B0000E080787F00381E000000000000001F05E
:10F9C00000060C00040408060C7001F9C0000E00CB
:10F9D000003BE000EC18070808040C180003E000E6
:10F9E00000000001E00007F003F818041C080417E9
:10F9F0000807E1D003C0E00023B0003C0800200865
:10FA00000000100000000000000100003100003282
:10FA100000001C00000000000000000000000000CA
:10FA200000000000000000000000000000000000D6
:10FA3000000000000000000000007F0001FFC00780
:10FA400080F00C00181000042000020000000000EC
:10FA5000002000021000040C00180780F001FFC015
:10FA6000007F000000000000000000000000000017
:10FA70000000000000004200006600006600003C3C
:10FA80000000180003FFC0001800003C00006600E2
:10FA900000660000420000000000080000080000AE
:10FAA000080000080000080001FFC000080000086E
:10FAB000000008000008000008000000000000012D
:10FAC00000003100003200001C00000000000000B7
:10FAD0000000000000000000000000000000000026
:10FAE00000000800000800000800000800000800EE
:10FAF00000080000080000080000080000080000DE
:10FB00000000000000000000000038000038000085
:10FB100038000000000000000000000000000000AD
:10FB200000000000000000000000000600001C00B3
:10FB30000070000180000E0000380000C0000700C7
:10FB4000001C0000300000000000000000007F806A
:10FB500001FFE00380700600180400080400080696
:10FB6000001803807001FFE0007F800000000000AB
:10FB70000000000001000801000801000803FFF870
:10FB800007FFF8000008000008000008000000005F
:10FB9000000000000001C03802C0580400980401B1
:10FBA00018040218040418061C1803F81801E0F8D9
:10FBB00000000000000000000001C0E003C0F004ED
:10FBC000000804080804080806180803F41801E7E8
:10FBD000F00001E000000000000000000000030051
:10FBE000000D0000110000610000810803010807FA
:10FBF000FFF80FFFF80001080001080000000000F6
:10FC0000000000E007FCD0060808061008061008EF
:10FC1000061008061838060FF00607C0000000009E
:10FC20000000000000003F8001FFE0038430020874
:10FC300018041008041008041008071810030FF027
:10FC40000007C000000000000000000003C0000723
:10FC500000000600000600F80607F806180006E097
:10FC60000007000006000000000000000001E1E0C5
:10FC700003F7F0063410041808041808040C0804EC
:10FC80000C0806161803F3F001C1E00000000000A4
:10FC90000000F80003FC30030638040208040208E0
:10FCA0000402080404100308F001FFC0007F0000F4
:10FCB0000000000000000000000000000000000044
:10FCC000000070380070380070380000000000003C
:10FCD0000000000000000000000000000000000024
:10FCE000000000000000301A00301C00000000007E
:10FCF0000000000000000000000000000000000004
:10FD00000008000014000022000041000080800173
:10FD1000004002002004001008000800000000005D
:10FD2000000021000021000021000021000021002E
:10FD3000002100002100002100002100002100001E
:10FD4000000000000000000008000804001002008D
:10FD500020010040008080004100002200001400CB
:10FD600000080000000000000003C00004C0000400
:10FD70000000080038080F380808380810000C3058
:10FD80000007E00003C000000000000000003F800A
:10FD900000FFE0038070020F1006708804C0880422
:10FDA0008308047F8802C09003012000FE40000009
:10FDB000080000180001F8003E0801C20007020018
:10FDC00007E20000FE00001FC80001F80000380034
:10FDD000000804000807FFF807FFF80408080408F3
:10FDE0000804080804080806180803F41801E7F0D6
:10FDF0000001E0000000000000003F8001FFE00380
:10FE000080700200180400080400080400080400C0
:10FE1000100600200780C000000004000807FFF85B
:10FE200007FFF80400080400080400080400180292
:10FE3000001003807001FFE0007F800000000400DC
:10FE40000807FFF807FFF804080804080804080872
:10FE5000040808043E0804000806001801006000B9
:10FE6000000004000807FFF807FFF804080804086A
:10FE700000040800040800043E000600000600001C
:10FE8000018000000000000000003F8001FFE0034F
:10FE90008070060018040008040208040208020327
:10FEA000F00783F000020000020004000807FFF8DA
:10FEB00007FFF80408080008000008000008000018
:10FEC000080004080807FFF807FFF804000800000E
:10FED0000000000004000804000804000807FFF800
:10FEE00007FFF804000804000804000800000000F0
:10FEF00000000000000000060000070000010400F0
:10FF00000104000104000307FFFE07FFFC040000DA
:10FF100004000004000004000807FFF807FFF804CD
:10FF20000C08001800003E0004C7800503C8060046
:10FF3000F804003804001800000804000807FFF85F
:10FF400007FFF8040008000008000008000008008F
:10FF50000008000008000018000060000000040015
:10FF60000807FFF807800807FC00007FC00003F8BF
:10FF70000007C000780007800807FFF807FFF804B3
:10FF8000000804000807FFF807000803C00000E0AD
:10FF900000003800001E000007000001C00400F04F
:10FFA00007FFF8040000000000007F8001FFE0036D
:10FFB00080700600180400080400080600180300FA
:10FFC0003001FFE0007F8000000004000807FFF818
:10FFD00007FFF804040804040004040004040004F7
:10FFE0000400060C0003F80001F00000000000000F
:10FFF00000007F8001FFE003807006008804008815
:02000004701179
:100000000400C806003C03003E01FFE6007F8400B8
:10001000000004000807FFF807FFF80408080408B8
:1000200000040C00040F00040BC00610F003F038AD
:1000300001E00800000800000001E0F803F03006CD
:100040003010041808041808040C08040C080206F0
:10005000180207F00781E0000000018000060000A0
:1000600004000004000004000807FFF807FFF8047C
:1000700000080400000400000600000180000400E5
:100080000007FFE007FFF004001800000800000868
:1000900000000800000800000804001007FFE0044A
:1000A000000004000006000007E00007FE00041F37
:1000B000E00001F80000380001E0043E0007C00045
:1000C00006000004000004000007E00007FFC00471
:1000D0001FF80007C007F80007FF80043FF800077B
:1000E000C004F8000700000400000000000400083D
:1000F00006001807C07805F1C8003E00001F800404
:1001000063E80780F80600180400080000000400F7
:100110000006000007800007E008047C08001FF8C4
:100120000007F800180804E00807000006000004B3
:1001300000000000000100080600380400F8040375
:10014000E8040F08047C0805F00807C00807001839
:10015000040060000000000000000000000000003B
:1001600000000000003FFFFE2000022000022000EF
:100170000220000220000200000000000000000039
:1001800008000007000000C0000038000006000062
:1001900001C000003000000E00000100000000005F
:1001A00000000000200002200002200002200002C7
:1001B0002000023FFFFE00000000000000000000E1
:1001C0000000000000000000000000080000100017
:1001D0000030000020000030000010000008000087
:1001E000000000000000000001000001000001000C
:1001F00000010000010000010000010000010000FA
:1002000001000001000001000001000000000000EA
:10021000000000200000200000100000100000007E
:1002200000000000000000000000000000000000CE
:10023000000000F00019F8001B1800220800260832
:10024000002408002410003FF8001FF800000800F8
:10025000001800000004000007FFF80FFFF000186E
:1002600018001008002008002008003018001FF0B7
:10027000000FC00000000000000007C0001FF000D9
:100280001830002008002008002008003C08001C4E
:10029000100000600000000000000000000007C027
:1002A000001FF00038180020080020080020080473
:1002B000101007FFF80FFFF0000010000000000012
:1002C000000000000007C0001FF0001230002218DC
:1002D000002208002208003208001E10000E200034
:1002E000000000000000200000200800200801FF9E
:1002F000F803FFF80620080420080420080720005F
:1003000003000000000000000000000E000E6E0060
:100310001FF30031B10020B10020B1003191001F66
:1003200013002E1E00200E00300000000004000804
:1003300007FFF80FFFF80010080020000020000061
:100340002008003FF8001FF800000800000000002F
:1003500000000000002008002008002008063FF8E8
:10036000063FF80000080000080000080000000038
:100370000000000000000000000003000003002057
:1003800001002001002003063FFE063FFC000000A4
:1003900000000000000000000004000807FFF80F44
:1003A000FFF8000188000300002FC00038F800208B
:1003B00038002008000008000000000000000000D5
:1003C00004000804000804000807FFF80FFFF80005
:1003D00000080000080000080000000000000020E5
:1003E00008003FF8003FF8001008002000003FF828
:1003F000003FF8001008002000003FF8003FF80020
:100400000008000000002008003FF8003FF800103E
:1004100008001000002000002008003FF8001FF82E
:100420000000080000000000000007C0000FF000FE
:10043000183000300800200800200800300800189C
:1004400030000FF00007C000000000000000200195
:10045000003FFF003FFF00101100200900200800AE
:100460002008003038001FF0000FC000000000001E
:10047000000007C0001FF000381800200800200806
:10048000002009001011001FFF003FFF00000100C5
:100490000000002008002008002008003FF8003F6E
:1004A000F8000808001008002008002000003000B4
:1004B000003000000000000000000000000C780088
:1004C0001E1800330800230800210800218800219D
:1004D000980030F0003860000000000000002000AC
:1004E00000200000200000FFF003FFF800200800BB
:1004F000200800200800003000000000000000007C
:1005000000002000003FF0007FF800001800000805
:10051000000008002010003FF8007FF000001000ED
:100520000000000000002000003000003C00003F00
:10053000800023F0000078000070002380003C0061
:10054000003000002000002000003C00003FE000E0
:1005500023F80000E0002700003E00003FE00021FB
:10056000F80001E0003E000020000000000020082C
:10057000002008003838003E680027800003C800CB
:100580002CF8003838002018002008000000000077
:1005900000002000003003003C01003F830023ECFA
:1005A000000070002380003C0000200000200000BC
:1005B0000000000000000000003808002038002083
:1005C000F80023E8002F88003E08003808002018B3
:1005D00000007000000000000000000000000000AB
:1005E00000000000000008000014001FF7FC3000AD
:1005F00006200002000000000000000000000000D3
:10060000000000000000000000000000FFFFFF00ED
:1006100000000000000000000000000000000000DA
:10062000000000002000023000061FF7FC0014004C
:1006300000080000000000000000000000000000B2
:1006400000000000001800006000004000004000B2
:10065000002000001000000800000400000400005A
:100660000C0000100000000000000000000000006E
:100670000000000000000000000000001FCC000C83
:1006800000000000000000000800300060000800CA
:10069000300060000000022003FC1E20022003FC4A
:1006A0001E200220000000000E1811043FFF1084DD
:1006B0000C78000000000F0010840F3800C007788D
:1006C00018840078000000780F8410C411240E985C
:1006D00000E40084000808006800700000000000CA
:1006E00000000000000000000000000007E01818F3
:1006F000200440020000000040022004181807E017
:100700000000000000000240024001800FF0018064
:100710000240024000000080008000800FF800804E
:100720000080008000000001000D000E00000000AD
:1007300000000000000000000080008000800080B9
:100740000080008000800000000C000C0000000011
:10075000000000000000000000060018006001809A
:10076000060018002000000007F00808100410041C
:10077000080807F000000000080408041FFC00043B
:1007800000040000000000000E0C1014102410449F
:1007900011840E0C000000000C1810041104110448
:1007A00012880C700000000000E0032004240824DC
:1007B0001FFC0024000000001F9810841104110485
:1007C000108810700000000007F008881104110460
:1007D00018880070000000001C00100010FC1300BE
:1007E0001C001000000000000E381144108410841A
:1007F00011440E38000000000700088C104410441B
:10080000088807F00000000000000000030C030C43
:1008100000000000000000000000000101060000D0
:1008200000000000000000000080014002200410D1
:1008300008081004000002200220022002200220EA
:10084000022002200000000010040808041002200A
:1008500001400080000000000E001200100C106C1F
:1008600010800F00000003E00C1813E4142417C4D8
:10087000082807D000000004003C03C41C400740C7
:1008800000E4001C000410041FFC110411041104F6
:100890000E880070000003E00C181004100410040F
:1008A00010081C10000010041FFC10041004100499
:1008B000080807F0000010041FFC1104110417C4FD
:1008C00010040818000010041FFC1104110017C0C8
:1008D00010000800000003E00C181004100410447D
:1008E0001C780040000010041FFC10840080008071
:1008F00010841FFC10040000100410041FFC1004DE
:1009000010040000000000030001100110011FFE90
:1009100010001000000010041FFC11040380146478
:10092000181C1004000010041FFC10040004000434
:100930000004000C000010041FFC1F0000FC1F003E
:100940001FFC1004000010041FFC0C04030000E056
:1009500010181FFC100007F0080810041004100401
:10096000080807F0000010041FFC1084108010809D
:1009700010800F00000007F0081810241024101C2D
:10098000080A07F2000010041FFC1104110011C036
:1009900011300E0C000400000E1C11041084108491
:1009A00010441C3800001800100010041FFC100434
:1009B00010001800000010001FF8100400040004CC
:1009C00010041FF8100010001E0011E0001C007041
:1009D00013801C0010001FC0103C00E01F0000E04E
:1009E000103C1FC000001004180C163401C001C0D8
:1009F0001634180C100410001C00130400FC13041F
:100A00001C00100000000804101C10641084130463
:100A10001C04101800000000000000007FFE4002CF
:100A2000400240020000000030000C000380006023
:100A3000001C0003000000004002400240027FFE54
:100A40000000000000000000000020004000400006
:100A50004000200000000001000100010001000131
:100A600000010001000100004000400020000000E3
:100A7000000000000000000000980124014401442F
:100A8000014400FC000410001FFC00880104010464
:100A9000008800700000000000700088010401045C
:100AA00001040088000000000070008801040104B7
:100AB00011081FFC0004000000F801440144014437
:100AC000014400C800000000010401040FFC1104EF
:100AD000110411001800000000D601290129012984
:100AE00001C90106000010041FFC00840100010080
:100AF000010400FC000400000104190419FC0004B6
:100B000000040000000000000003000101011901C1
:100B100019FE0000000010041FFC0024004001B476
:100B2000010C010400000000100410041FFC00046C
:100B3000000400000000010401FC0104010001FCAC
:100B40000104010000FC010401FC0084010001001B
:100B5000010400FC0004000000F801040104010489
:100B6000010400F80000010101FF008501040104F7
:100B7000008800700000000000700088010401047B
:100B8000010501FF00010104010401FC00840104CE
:100B9000010001800000000000CC01240124012498
:100BA00001240198000000000100010007F8010481
:100BB000010400000000010001F80004000400042A
:100BC000010801FC0004010001800170000C00100C
:100BD00001600180010001F0010C003001C0003013
:100BE000010C01F0010000000104018C007401708F
:100BF000018C01040000010101810171000E001847
:100C000001600180010000000184010C01340144F5
:100C10000184010C00000000000000000000010041
:100C20003EFC400240020000000000000000FFFF08
:100C30000000000000000000400240023EFC0100F5
:100C40000000000000000000600080008000400004
:100C50004000200020000000000000000000000014
:100C60000000000000003F40000000000000000005
:100C70003000400030004000000009000BC03D0083
:100C80000BC03D00090018C024407FE022403180A5
:100C90000000180024C01B000D803240018003803A
:100CA0001C4027401C8007400040100060000000EE
:100CB0000000000000000000000000001F80204035
:100CC00040200000402020401F800000000009005C
:100CD00006001F80060009000000040004003F8099
:100CE000040004000000001000600000000000008C
:100CF00000000400040004000400040000000000E0
:100D000000400000000000000000002001C00600BC
:100D10003800400000001F802040204020401F80FD
:100D20000000000010403FC000400000000018C05C
:100D300021402240244018400000108020402440E0
:100D400024401B80000002000D0011003FC0014044
:100D500000003C80244024402440238000001F8069
:100D6000244024403440038000003000200027C08D
:100D70003800200000001B802440244024401B80B9
:100D800000001C0022C0224022401F800000000002
:100D900000000840000000000000000000000460A7
:100DA000000000000000000004000A001100208084
:100DB0004040090009000900090009000000000086
:100DC0004040208011000A00040018002000234049
:100DD0002400180000001F802040274029401F40A9
:100DE0000000004007C039000F0001C00040204053
:100DF0003FC0244024401B8000001F802040204032
:100E000020403080000020403FC0204020401F8014
:100E1000000020403FC024402E4030C00000204051
:100E20003FC024402E00300000000F001080204002
:100E300022403380020020403FC0040004003FC035
:100E40002040204020403FC0204020400000006063
:100E5000202020203FC02000200020403FC0244010
:100E60000B0030C0204020403FC0204000400040E8
:100E700000C03FC03C0003C03C003FC00000204019
:100E80003FC00C4023003FC020001F802040204076
:100E900020401F80000020403FC024402400180054
:100EA00000001F802140214020E01FA000002040C2
:100EB0003FC02440260019C0004018C024402440F0
:100EC000224031800000300020403FC020403000F0
:100ED000000020003F80004000403F8020002000B4
:100EE0003E0001C0070038002000380007C03C0069
:100EF00007C038000000204039C0060039C020403B
:100F000000002000384007C038402000000030407A
:100F100021C02640384020C00000000000007FE0D3
:100F2000402040200000000070000C0003800040C2
:100F300000000000402040207FE000000000000092
:100F400020004000200000000000001000100010F1
:100F50000010001000100000000040000000000021
:100F60000000000002800540054003C00040200052
:100F70003FC00440044003800000000003800440A0
:100F800004400640000000000380044024403FC0AD
:100F900000400000038005400540034000000000C1
:100FA00004401FC0244024402000000002E00550FF
:100FB00005500650042020403FC00440040003C0F8
:100FC00000400000044027C0004000000000001066
:100FD0000010041027E00000000020403FC0014046
:100FE000070004C00440204020403FC000400040B3
:100FF000000007C0040007C0040003C00000044054
:1010000007C00440040003C0004000000380044007
:10101000044003800000041007F0045004400380E3
:101020000000000003800440045007F0001004405A
:1010300007C0024004000400000000000640054014
:10104000054004C00000000004001F800440004070
:101050000000040007800040044007C00040040076
:10106000070004C0018006000400060001C007005C
:1010700001C006000000044006C0010006C0044094
:1010800000000410071004E00180060004000000C6
:10109000044005C0064004400000000000000400B9
:1010A0007BE040200000000000000000FFF0000096
:1010B0000000000040207BE0040000000000400031
:1010C00080004000200020004000455252004E4F5A
:1010D0004E450057434B2B544F004146532B544F22
:1010E000004C46532B544F00444D410057434B0096
:1010F0004C4653004F56520041465300434E524413
:10110000590055445200333243482034384B004391
:101110004F52453136203139324B00554E4B4E4FF0
:10112000574E004F4B004241440053570048570070
:10113000554E4B004E45434353204E3634372050D6
:10114000434D4433313830204445425547005344E1
:101150004F555420656467652066697865643A2058
:1011600042434C4B5F504F4C3D31205341495F52FD
:10117000583D524953494E4720467320756E636867
:10118000616E676564004D6F64653A257320417533
:10119000746F3A25732046733A256C7520536C6F33
:1011A000743A25752042434C4B3A256C75004F46E6
:1011B00046004C43443A253034582052414D3A259C
:1011C0006C75204366673A2573205341493A256C74
:1011D000642052654366673A256C7500444D412092
:1011E000413A256C6420423A256C64005261746572
:1011F0002066756C6C2F7320413A256C7520423A3D
:10120000256C752065787065637465643A256C7526
:1012100000504C4C323A256C7520534149636C6B3D
:101220003A256C75204D6469763A256C75204E4FD1
:101230004449563A256C7500534149412063723147
:101240003A2530386C582066723A2530386C582070
:10125000736C3A2530386C5800444543206E6F64F7
:1012600069763A256C75206D636B3A256C7520663E
:10127000726C3A256C7520736C6F74733A256C75BB
:1012800020656E3A2530346C580050444D434C4B29
:10129000206578703A256C75487A202061637469FE
:1012A0007665206366672C207077722061667465AE
:1012B0007220636C6F636B730045414444522F2569
:1012C000752034433A25752034443A257520344539
:1012D0003A25752034463A2575204255533A2575EE
:1012E0002575202573004932433A257320726563C2
:1012F0003A256C7520256320253032583A25303246
:10130000582076616C3A2530325820683A256C7541
:1013100020653A256C58004465762041647220505F
:101320002043205320534C205057522041534920F2
:1013300044302F44312050442050492047504F73AF
:1013400020474920454E2F414F0055256C752025DB
:1013500030325820252D327320252D327320252D33
:10136000327320253032582D253032582050253008
:1013700032582041253032582044253032582F250C
:1013800030325820504425303258205049253032D0
:1013900058204725303258253032582530325825CC
:1013A000303258204749253032582F2530325820C6
:1013B00045253032582F4F253032580053414920AF
:1013C0004120683D256C7520663D256C7520653D86
:1013D000256C75206C6173743D2573283078256CFD
:1013E000582920643D256C5820257300534149201D
:1013F0004220683D256C7520663D256C7520653D55
:10140000256C75206C6173743D2573283078256CCC
:10141000582920643D256C582025730041432072D3
:10142000656D6F7665732044432E20444320413020
:101430003A25642041383A25642042303A25642018
:1014400042383A25640045787065637465643A20D3
:1014500055312D5534204F4B3B2072617720686504
:1014600078206368616E67657320776974682069A6
:101470006E7075742E004D494320414320644246EE
:1014800053202B206261723A2055312D5534206152
:101490006C6C206368616E6E656C73004348005528
:1014A000256C750043256C75004D2530327520493B
:1014B0004F004D2530327520434647004D253032D0
:1014C00075205354004D25303275202D2D2D2D00C3
:1014D0004D25303275202D2D6442004D253032755A
:1014E0002025646442004661696C2055256C752096
:1014F0002573207265673A253032582077723A2575
:101500003032582072643A25303258004661696C96
:10151000206E6F6E6500524553455400524541445C
:1015200059004255535900425553595F545800428F
:101530005553595F52580054494D454F5554005624
:1015400045524946590041524700232D302B200077
:10155000686C4C006566674546470030313233346D
:10156000353637383941424344454600303132330D
:1015700034353637383961626364656600000000CF
:10158000161511701C151170221511703011117083
:101590003011117030111170301111703011117043
:1015A0003011117030111170301111703011117033
:1015B0003011117030111170301111703011117023
:1015C0003011117030111170271511703011117018
:1015D0003011117030111170301111703011117003
:1015E00030111170301111703011117030111170F3
:1015F00030111170301111703011117030111170E3
:1016000030111170301111702F15117037151170C4
:101610003F151170AF14117046151170CA1011707A
:1016200023111170BC7F0000E371FFFF8265FEFF94
:101630007A5AFDFFA550FCFFE147FBFF1240FAFF7D
:10164000E532F8FF6F28F6FF2020F4FF8619F2FF3D
:101650004814F0FF1D10EEFFCD0CECFF1408E8FF5E
:101660001905E4FF0C04E2FF0702DCFF0401D6FFCA
:101670008200D0FF4100CAFF2100C4FF1000BEFF5E
:101680000800B8FF0400B2FF0200ACFF0100A6FF93
:10169000710710704D07107001000000100000006D
:1016A000FFFF00000090D003140000340000000091
:1016B000C48900342C8A0034948A0034000000006D
:1016C000000000000000000000000000000000001A
:1016D000000000000000000000000000000000000A
:1016E00000000000000000000000000000000000FA
:1016F00000000000000000000000000000000000EA
:101700007FE97FE9FAF71CBC7FE97FE9F9F7B8BF09
:1017100000000000000000000000000000000000C9
:040000057010040073
:00000001FF
